NAID,TEXT_Prompt1_Trial1,CER_Prompt1_Trial1_vHuman,Time_Prompt1_Trial1,TEXT_Prompt1_Trial2,CER_Prompt1_Trial2_vHuman,Time_Prompt1_Trial2,TEXT_Prompt1_Trial3,CER_Prompt1_Trial3_vHuman,Time_Prompt1_Trial3,TEXT_Prompt2_Trial1,CER_Prompt2_Trial1_vHuman,Time_Prompt2_Trial1,TEXT_Prompt2_Trial2,CER_Prompt2_Trial2_vHuman,Time_Prompt2_Trial2,TEXT_Prompt2_Trial3,CER_Prompt2_Trial3_vHuman,Time_Prompt2_Trial3,TEXT_Prompt3_Trial1,CER_Prompt3_Trial1_vHuman,Time_Prompt3_Trial1,TEXT_Prompt3_Trial2,CER_Prompt3_Trial2_vHuman,Time_Prompt3_Trial2,TEXT_Prompt3_Trial3,CER_Prompt3_Trial3_vHuman,Time_Prompt3_Trial3
28992015,This case contains 25 photos and 3 negatives.,0.36619718309859156,0.88,This case contains 2 photos and 3 negatives.,0.38028169014084506,0.88,This case contains 25 photos and 3 negatives.,0.36619718309859156,0.43,This case contains 2 photos and 3 negatives.,0.38028169014084506,1.89,This case contains 2 photos and 3 negatives.,0.38028169014084506,0.57,This case contains 2 photos and 3 negatives.,0.38028169014084506,1.18,This case contains 25% photos and 3 negatives.,0.36619718309859156,0.57,"This case contains 2, 5% > photos and 3, negatives.",0.30985915492957744,0.53,This case contains 2.5% > photos and 3 negatives.,0.352112676056338,0.55
28973130,"UNCLASSIFIED  
AF FORM 112-PART II  
(CLASSIFICATION)  
APPROVED 1 JUNE 1948  
AIR INTELLIGENCE INFORMATION REPORT  

FROM  
REPORT NO.  
PART TWO  
Det 4, 106th AISS  
AISS-UFCB-387-57  

PAGE  
5  
OF  
8  
PAGES  

SECTION I  

I went outside the Weather Station about 1550 PST to observe the thunderstorm to the northeast. This thunderstorm was estimated to be approximately 10 miles to the northeast. While watching for lightning and trying to determine the direction of movement of the storm, several very fast moving objects were seen at the west edge of the storm. They were moving very rapidly back and forth much like a mock-dog fight. They changed directions instantaneously and appeared much larger momentarily during their turns. They stayed in view over a minute and I finally lost sight of them in the storm. Visibility was excellent during the entire period.  

Lewis F. Baker AO 490014  
Major, USAF  

A CERTIFIED TRUE COPY  
RICHARD ADE HOLM  
NO. W-1, USAF  

NOTE: THIS DOCUMENT CONTAINS INFORMATION AFFECTING THE NATIONAL DEFENSE OF THE UNITED STATES WITHIN THE MEANING OF THE ESPIONAGE ACT. 50 U.S.C. 31 AND 32 AS AMENDED. ITS TRANSMISSION OR THE REVELATION OF ITS CONTENTS IN ANY MANNER TO AN UNAUTHORIZED PERSON IS PROHIBITED BY LAW. IT MAY NOT BE REPRODUCED IN WHOLE OR IN PART, BY OTHER THAN UNITED STATES AIR FORCE AGENCIES, EXCEPT BY PERMISSION OF THE DIRECTOR OF INTELLIGENCE USAF.  

UNCLASSIFIED  
(CLASSIFICATION)  

18-58570-1  
*  
PRINTING  
OFFICE",0.03761969904240766,5.75,"UNCLASSIFIED  
AF FORM 112-PART II  
(CLASSIFICATION)  
APPROVED 1 JUNE 1948  
AIR INTELLIGENCE INFORMATION REPORT  
FROM  
REPORT NO.  
PART TWO  
Det 4, 106th AISS  
AISS-UFCB-387-57  
PAGE  
5  
OF  
8  
PAGES  
SECTION I

I went outside the Weather Station about 1550 PST to  
observe the thunderstorm to the northeast. This thunderstorm  
was estimated to be approximately 10 miles to the northeast.  
While watching for lightning and trying to determine the  
direction of movement of the storm, several very fast moving  
objects were seen at the west edge of the storm. They were  
moving very rapidly back and forth much like a mock-dog fight.  
They changed directions instantaneously and appeared much larger  
momentarily during their turns. They stayed in view over  
a minute and I finally lost sight of them in the storm. Visibility  
was excellent during the entire period.

Lewis F. Baker AO 490014  
Major, USAF  
A CERTIFIED TRUE COPY  
RICHARD R. HOLM  
WO, W-1, USAF  
NOTE: THIS DOCUMENT CONTAINS INFORMATION AFFECTING THE NATIONAL DEFENSE OF THE UNITED STATES WITHIN THE MEANING OF THE ESPIONAGE ACT. 50 U.S.C.  
31 AND 32 AS AMENDED. ITS TRANSMISSION OR THE REVELATION OF ITS CONTENTS IN ANY MANNER TO AN UNAUTHORIZED PERSON IS PROHIBITED BY LAW.  
IT MAY NOT BE REPRODUCED IN WHOLE OR IN PART, BY OTHER THAN UNITED STATES AIR FORCE AGENCIES, EXCEPT BY PERMISSION OF THE DIRECTOR OF  
INTELLIGENCE USAF.  
UNCLASSIFIED  
(CLASSIFICATION)  
18-58570-1  
*  
PRINTING  
OFFICE",0.03625170998632011,6.14,"UNCLASSIFIED  
AF FORM 112-PART II  
(CLASSIFICATION)  
APPROVED 1 JUNE 1948  
AIR INTELLIGENCE INFORMATION REPORT  

FROM  
REPORT NO.  
PART TWO  
Det 4, 106th AISS  
AISS-UFCB-387-57  
PAGE  
5  
OF  
8  
PAGES  

SECTION I  
I went outside the Weather Station about 1550 PST to  
observe the thunderstorm to the northeast. This thunderstorm  
was estimated to be approximately 10 miles to the northeast.  
While watching for lightning and trying to determine the  
direction of movement of the storm, several very fast moving  
objects were seen at the west edge of the storm. They were  
moving very rapidly back and forth much like a mock-dog fight.  
They changed directions instantaneously and appeared much larger  
momentarily during their turns. They stayed in view over a  
minute and I finally lost sight of them in the storm. Visibility  
was excellent during the entire period.  

Lewis F. Baker AO 490014  
Major, USAF  

A CERTIFIED TRUE COPY  
RICHARD A. HOLM  
WO, W-1, USAF  

NOTE: THIS DOCUMENT CONTAINS INFORMATION AFFECTING THE NATIONAL DEFENSE OF THE UNITED STATES WITHIN THE MEANING OF THE ESPIONAGE ACT. 50 U.S.C.  
31 AND 32 AS AMENDED. ITS TRANSMISSION OR THE REVELATION OF ITS CONTENTS IN ANY MANNER TO AN UNAUTHORIZED PERSON IS PROHIBITED BY LAW.  
IT MAY NOT BE REPRODUCED IN WHOLE OR IN PART, BY OTHER THAN UNITED STATES AIR FORCE AGENCIES, EXCEPT BY PERMISSION OF THE DIRECTOR OF  
INTELLIGENCE USAF.  

UNCLASSIFIED  
(CLASSIFICATION)  
18-58570-1  
*  
PRINTING  
OFFICE",0.03556771545827633,5.08,"UNCLASSIFIED  
AF FORM 112-PART II  
(CLASSIFICATION)  
APPROVED 1 JUNE 1948  
AIR INTELLIGENCE INFORMATION REPORT  

FROM  
REPORT NO.  
PART TWO  
Det 4, 106th AISS  
AISS-UFCB-387-57  

PAGE  
5  
OF  
8  
PAGES  

SECTION I went outside the Weather Station about 1550 PST to observe the thunderstorm to the northeast. This thunderstorm was estimated to be approximately 10 miles to the northeast. While watching for lightning and trying to determine the direction of movement of the storm, several very fast moving objects were seen at the west edge of the storm. They were moving very rapidly back and forth much like a mock-dog fight. They changed directions instantaneously and appeared much larger momentarily during their turns. They stayed in view over a minute and I finally lost sight of them in the storm. Visibility was excellent during the entire period.  

Lewis F. Baker AO 490014  
Major, USAF  

A CERTIFIED TRUE COPY  
RICHARD C. HOLM  
NO, W-1, USAF  

NOTE: THIS DOCUMENT CONTAINS INFORMATION AFFECTING THE NATIONAL DEFENSE OF THE UNITED STATES WITHIN THE MEANING OF THE ESPIONAGE ACT. 50 U.S. 31 AND 32 AS AMENDED. ITS TRANSMISSION OR THE REVELATION OF ITS CONTENTS IN ANY MANNER TO AN UNAUTHORIZED PERSON IS PROHIBITED BY LAW. IT MAY NOT BE REPRODUCED IN WHOLE OR IN PART, BY OTHER THAN UNITED STATES AIR FORCE AGENCIES, EXCEPT BY PERMISSION OF THE DIRECTOR OF INTELLIGENCE USAF.  

UNCLASSIFIED  
(CLASSIFICATION)  

18-58570-1  
*  
PRINTING  
OFFICE",0.038303693570451436,7.92,"UNCLASSIFIED  
AF FORM 112-PART II  
(CLASSIFICATION)  
APPROVED 1 JUNE 1948  
AIR INTELLIGENCE INFORMATION REPORT  
FROM  
REPORT NO.  
PART TWO  
Det 4, 106th AISS  
AISS-UFCB-387-57  
PAGE  
5  
OF  
8  
PAGES  

SECTION I  
I went outside the Weather Station about 1550 PST to observe the thunderstorm to the northeast. This thunderstorm was estimated to be approximately 10 miles to the northeast. While watching for lightning and trying to determine the direction of movement of the storm, several very fast moving objects were seen at the west edge of the storm. They were moving very rapidly back and forth much like a mock-dog fight. They changed directions instantaneously and appeared much larger momentarily during their turns. They stayed in view over a minute and I finally lost sight of them in the storm. Visibility was excellent during the entire period.

Lewis F. Baker AO 490014  
Major, USAF  
A CERTIFIED TRUE COPY  
RICHARD A. HOLM  
NO, W-1, USAF  
NOTE: THIS DOCUMENT CONTAINS INFORMATION AFFECTING THE NATIONAL DEFENSE OF THE UNITED STATES WITHIN THE MEANING OF THE ESPIONAGE ACT, 50 U.S.C. 31 AND 32 AS AMENDED. ITS TRANSMISSION OR THE REVELATION OF ITS CONTENTS IN ANY MANNER TO AN UNAUTHORIZED PERSON IS PROHIBITED BY LAW. IT MAY NOT BE REPRODUCED IN WHOLE OR IN PART, BY OTHER THAN UNITED STATES AIR FORCE AGENCIES, EXCEPT BY PERMISSION OF THE DIRECTOR OF INTELLIGENCE, USAF.  
UNCLASSIFIED  
(CLASSIFICATION)  
18-58570-1  
*  
PRINTING  
OFFICE",0.03761969904240766,10.64,"UNCLASSIFIED  
AF FORM 112-PART II  
(CLASSIFICATION)  
APPROVED 1 JUNE 1948  
AIR INTELLIGENCE INFORMATION REPORT  

FROM  
REPORT NO.  
PART TWO  
Det 4, 106th AISS  
AISS-UFCB-387-57  

PAGE  
5  
OF  
8  
PAGES  

SECTION I  

I went outside the Weather Station about 1550 PST to observe the thunderstorm to the northeast. This thunderstorm was estimated to be approximately 10 miles to the northeast. While watching for lightning and trying to determine the direction of movement of the storm, several very fast moving objects were seen at the west edge of the storm. They were moving very rapidly back and forth much like a mock-dog fight. They changed directions instantaneously and appeared much larger momentarily during their turns. They stayed in view over a minute and I finally lost sight of them in the storm. Visibility was excellent during the entire period.  

Lewis F. Baker AO 490014  
Major, USAF  

A CERTIFIED TRUE COPY  
RICHARD R. HOLM  
WO, W-1, USAF  

NOTE: THIS DOCUMENT CONTAINS INFORMATION AFFECTING THE NATIONAL DEFENSE OF THE UNITED STATES WITHIN THE MEANING OF THE ESPIONAGE ACT. 50 U.S.C. 31 AND 32 AS AMENDED. ITS TRANSMISSION OR THE REVELATION OF ITS CONTENTS IN ANY MANNER TO AN UNAUTHORIZED PERSON IS PROHIBITED BY LAW. IT MAY NOT BE REPRODUCED IN WHOLE OR IN PART, BY OTHER THAN UNITED STATES AIR FORCE AGENCIES, EXCEPT BY PERMISSION OF THE DIRECTOR OF INTELLIGENCE USAF.  

UNCLASSIFIED  
(CLASSIFICATION)  

18--58570-1  

*  
PRINTING  
OFFICE",0.03625170998632011,8.11,"UNCLASSIFIED  
AF FORM 112-PART II  
(CLASSIFICATION)  
APPROVED 1 JUNE 1948  
AIR INTELLIGENCE INFORMATION REPORT  

FROM  
REPORT NO.  
PART TWO  

Det 4, 106th AISS  
AISS-UFCB-387-57  

PAGE  
5  
OF  
8  
PAGES  

S-T--1-0--N-T  

I went outside the Weather Station about 1550 PST to observe the thunderstorm to the northeast. This thunderstorm was estimated to be approximately 10 miles to the northeast. While watching for lightning and trying to determine the direction of movement of the storm, several very fast moving objects were seen at the west edge of the storm. They were moving very rapidly back and forth much like a mock-dog fight. They changed directions instantaneously and appeared much larger momentarily during their turns. They stayed in view over a minute and I finally lost sight of them in the storm. Visibility was excellent during the entire period.

Lewis F. Baker AO 490014  
Major, USAF  

A CERTIFIED TRUE COPY  
RICHARD W. HOLM  
NO, W-1, USAF  

NOTE: THIS DOCUMENT CONTAINS INFORMATION AFFECTING THE NATIONAL DEFENSE OF THE UNITED STATES WITHIN THE MEANING OF THE ESPIONAGE ACT. 50 U.S. 31 AND 32 AS AMENDED. ITS TRANSMISSION OR THE REVELATION OF ITS CONTENTS IN ANY MANNER TO AN UNAUTHORIZED PERSON IS PROHIBITED BY LAW. IT MAY NOT BE REPRODUCED IN WHOLE OR IN PART, BY OTHER THAN UNITED STATES AIR FORCE AGENCIES, EXCEPT BY PERMISSION OF THE DIRECTOR OF INTELLIGENCE USAF.

UNCLASSIFIED  
(CLASSIFICATION)  

18--58570-1  
*  
PRINTING  
OFFICE",0.03419972640218878,3.17,"UNCLASSIFIED  
AF FORM 112-PART II  
(CLASSIFICATION)  
APPROVED 1 JUNE 1948  
AIR INTELLIGENCE INFORMATION REPORT  
FROM  
REPORT NO.  
PART TWO  
Det 4, 106th AISS  
AISS-UFCB-387-57  
PAGE  
5  
OF  
8  
PAGES  

S-T--1-0--N-T  

I went outside the Weather Station about 1550 PST to observe the thunderstorm to the northeast. This thunderstorm was estimated to be approximately 10 miles to the northeast. While watching for lightning and trying to determine the direction of movement of the storm, several very fast moving objects were seen at the west edge of the storm. They were moving very rapidly back and forth much like a mock-dog fight. They changed directions instantaneously and appeared much larger momentarily during their turns. They stayed in view over a minute and I finally lost sight of them in the storm. Visibility was excellent during the entire period.

Lewis F. Baker AO 490014  
Major, USAF  

A CERTIFIED TRUE COPY  
RICHARD ade HOLM  
NO, W-1, USAF  

NOTE: THIS DOCUMENT CONTAINS INFORMATION AFFECTING THE NATIONAL DEFENSE OF THE UNITED STATES WITHIN THE MEANING OF THE ESPIONAGE ACT. 50 U.S. 31 AND 32 AS AMENDED. ITS TRANSMISSION OR THE REVELATION OF ITS CONTENTS IN ANY MANNER TO AN UNAUTHORIZED PERSON IS PROHIBITED BY LAW. IT MAY NOT BE REPRODUCED IN WHOLE OR IN PART, BY OTHER THAN UNITED STATES AIR FORCE AGENCIES, EXCEPT BY PERMISSION OF THE DIRECTOR OF INTELLIGENCE USAF.

UNCLASSIFIED  
(CLASSIFICATION)  
18--58570-1  
*  
PRINTING  
OFFICE",0.03419972640218878,3.53,"UNCLASSIFIED  
AF FORM 112-PART II  
(CLASSIFICATION)  
APPROVED 1 JUNE 1948  
AIR INTELLIGENCE INFORMATION REPORT  

FROM  
REPORT NO.  
PART TWO  
Det 4, 106th AISS  
AISS-UFCB-387-57  
PAGE  
5  
OF  
8  
PAGES  

S-T--1-0--N-T  

I went outside the Weather Station about 1550 PST to observe the thunderstorm to the northeast. This thunderstorm was estimated to be approximately 10 miles to the northeast. While watching for lightning and trying to determine the direction of movement of the storm, several very fast moving objects were seen at the west edge of the storm. They were moving very rapidly back and forth much like a mock-dog fight. They changed directions instantaneously and appeared much larger momentarily during their turns. They stayed in view over a minute and I finally lost sight of them in the storm. Visibility was excellent during the entire period.  

Lewis F. Baker AO 490014  
Major, USAF  

A CERTIFIED TRUE COPY  
RICHARD ade HOLM  
NO, W-1, USAF  

NOTE: THIS DOCUMENT CONTAINS INFORMATION AFFECTING THE NATIONAL DEFENSE OF THE UNITED STATES WITHIN THE MEANING OF THE ESPIONAGE ACT. 50 U.S. 31 AND 32 AS AMENDED. ITS TRANSMISSION OR THE REVELATION OF ITS CONTENTS IN ANY MANNER TO AN UNAUTHORIZED PERSON IS PROHIBITED BY LAW.  

IT MAY NOT BE REPRODUCED IN WHOLE OR IN PART, BY OTHER THAN UNITED STATES AIR FORCE AGENCIES, EXCEPT BY PERMISSION OF THE DIRECTOR OF INTELLIGENCE USAF.  

UNCLASSIFIED  
(CLASSIFICATION)  
18--58570-1  
*  
PRINTING  
OFFICE",0.03419972640218878,4.85
28997059,"the  
5875  
st  
= 0658-  
72721  
HENKSVILLE (CAR)  
4480  
Hanksville  
R  
20  
HANKSVILLE RADIO  
Mesa  
491  
.10  
-  
MOUNTRICTION  
150  
7151  
MJ  
11485  
R  
Egnar  
KJ  
LJ  
C  
38  
2.  
50  
10  
50  
10  
a  
40  
20  
30  
40  
50  
11320  
=  
8987  
-  
10650  
-  
Monticello  
9202  
o  
PK  
HITE PARKER  
7930  
50  
01445  
3549 35  
Dove  
Creek  
8150  
9059  
Blanding  
BLANDING  
5750-25  
YELLOW  
8920  
-  
30  
-  
1  
20  
Bluff  
6443  
MEXICAN HAT  
4250-25  
KH  
c  
OLJETO (PVI) MONUMENT VALLEY  
4838 11-36  
15155  
LH  
MH  
10388  
UTAH  
-  
37  
ARIZONA  
Mexican Water  
TES NOS PAS  
E  
a  
-  
7097  
50  
RASTORALP  
6633  
9420  
7900  
ROCK POINT MISSION  
Kayenta  
5100  
20  
KAYENTA  
5810-56  
40  
!  
KAIBITO  
is  
6070-26  
c  
ROUND ROCK  
COVE  
5400-3-33  
6050  
30  
9835  
l  
0  
-10  
-  
8075  
7035  
Tonalea  
20  
MANY FARMS  
-  
300-24  
-  
-  
7580  
TY  
CHINLE  
44  
10  
5500 50  
7580  
Chinle  
Moenkopi  
KG  
to  
G  
-  
11  
Let.  
36  
To Valle 115. VLE 20  
50  
30  
40  
10  
20  
30  
50  
14  
40  
50  
ALTITUDE CONVERSION SCALE  
Meters  
To Winslow 266 INW #  
10  
15  
20  
25  
30  
J  
&  
20  
Feet  
30  
40  
50  
60  
70  
80  
90  
100  
For conversions above 100 feet, add like number of ciphers to the figures on both sides of scale.  
I  
111°K  
110 L  
(Joins 405) 109 M  
410  
430  
440  
2401  
2501  
260  
270  
280  
290  
300  
310  
320  
330  
340  
350  
360  
370  
380  
390  
400  
420  
130  
140  
150  
160  
170  
180  
190  
200  
210  
220  
230  
150  
160  
170  
180  
190  
200  
210  
220  
230  
240  
250  
260  
270  
or  
st and Geodetic Survey  
herce  
The  
NOTE: It is requested that users of this chart indicate corrections and additions which come to their attention and notify  
""THE DIRECTOR, U.S. COAST AND GEODETIC SURVEY, WASHINGTON 25, D.C.""  
BASE NO 5R2  
Obstructions  
ROLLED AREAS  
stations. Limits of  
500 feet or higher above ground  
Under construction, position  
UC  
of the radials.  
Less than 500 feet above ground  
and elevation unverified",1.0,8.41,"the  
5875  
st = 0658-  
72721  
HENKSVILLE (CAR)  
4480  
Hanksville  
R  
20  
HANKSVILLE RADIO  
MaSai  
491  
.10  
-  
MOUNTRICTION  
150  
7151  
MJ  
11485  
R  
eian  
KJ  
LJ  
C  
38  
2.  
50  
10  
50  
10  
a  
40  
20  
30  
40  
50  
11320  
=  
8987  
-  
10650  
-  
Monticello  
9202  
o  
PK  
HITE PARKER  
7930  
50  
01445  
3549 35  
Dove  
Creek  
8150  
9059  
Blanding  
BLANDING  
5750-25  
YELLOW  
8920  
-  
30  
-  
1  
20  
Bluff  
6443  
MEXICAN HAT  
4250-25  
KH  
c  
OLJETO (PVI) MONUMENT VALLEY  
4838 11-36  
15155  
LH  
MH  
10388  
UTAH  
-  
37  
ARIZONA  
Mexican Water  
TES NOS PAS  
E  
a  
-  
7097  
50  
RASTORALP  
6633  
9420  
7900  
(ROCK POINT MISSION)  
Kayenta  
5100  
20  
KAYENTA  
5810--56  
40  
!  
KAIBITO  
is  
6070--26  
c  
ROUND ROCK  
COVE  
5400 -3-33  
6050  
30  
9835  
l  
0  
-10  
-  
8075  
7035  
Tonalea  
20  
MANY FARMS  
-  
300--24  
-  
-  
7580  
TY  
CHINLE  
44  
10  
5500 50  
7580  
Chinle  
Moenhopi  
KG  
to  
G  
-  
11  
Let.  
36  
To Valle 115. VLE 20  
50  
30  
40  
10  
20  
30  
50  
14  
40  
50  
ALTITUDE CONVERSION SCALE  
Meters  
To Winslow 266 INW #  
10  
15  
20  
25  
30  
J  
&  
20  
Feet  
30  
40  
50  
60  
70  
80  
90  
100  
For conversions above 100 feet, add like number of ciphers to the figures on both sides of scale.  
I  
111°K  
110 L  
(Joins 405) 109 M  
410  
430  
4:  
0  
2401  
2501  
260  
270  
280  
290  
300  
310  
320  
330  
340  
350  
360  
370  
380  
390  
400  
420  
130  
140  
150  
160  
170  
180  
190  
200  
210  
220  
230  
150  
160  
170  
180  
190  
200  
210  
220  
230  
240  
250  
260  
270  
or  
st and Geodetic Survey  
herce  
The  
NOTE: It is requested that users of this chart indicate corrections and additions which come to their attention and notify  
""THE DIRECTOR, U.S. COAST AND GEODETIC SURVEY, WASHINGTON 25, D.C.""  
BASE NO 5R2  
Obstructions  
ROLLED AREAS  
stations. Limits of  
500 feet or higher above ground  
Under construction, position  
UC  
of the radials.  
Less than 500 feet above ground  
and elevation unverified",1.0,7.78,"the  
5875  
st  
= 0658-  
72721  
HENKSVILLE (CAR)  
4480  
Hanksville  
R  
20  
HANKSVILLE RADIO  
MaSai  
491  
.10  
-  
MOUNTAIN  
150  
7151  
MJ  
11485  
R  
eian  
KJ  
LJ  
C  
38  
2.  
50  
10  
50  
10  
a  
40  
20  
30  
40  
50  
11320  
=  
8987  
-  
10650  
-  
Monticello  
9202  
o  
PK  
HITE PARKER  
7930  
50  
01445  
3549 35  
Dove  
Creek  
8150  
9059  
Blanding  
BLANDING  
5750-25  
YELLOW  
8920  
-  
30  
-  
1  
20  
Bluff  
6443  
MEXICAN HAT  
4250-25  
KH  
c  
OLJETO (PVI) MONUMENT VALLEY  
4838 11-36  
15155  
LH  
MH  
10388  
UTAH  
-  
37  
ARIZONA  
Mexican Water  
TES NOS PAS  
E  
a  
-  
7097  
50  
RASTORALP  
6633  
9420  
7900  
(ROCK POINT MISSION  
Kayenta  
5100  
20  
KAYENTA  
5810--56  
40  
!  
KAIBITO  
is  
070--26  
c  
ROUND ROCK  
COVE  
5400 -3-33  
6050  
30  
9835  
l  
0  
-10  
-  
8075  
7035  
Tonalea  
20  
MANY FARMS  
-  
300--24  
-  
-  
7580  
TY  
CHINLE  
44  
10  
5500 50  
7580  
Chinle  
Moenhopi  
KG  
to  
G  
-  
11  
Let.  
36  
To Valle 115. VLE 20  
50  
30  
40  
10  
20  
30  
50  
14  
40  
50  
ALTITUDE CONVERSION SCALE  
Meters  
To Winslow 266 INW #  
10  
15  
20  
25  
30  
J  
&  
20  
Feet  
30  
40  
50  
60  
70  
80  
90  
100  
For conversions above 100 feet, add like number of ciphers to the figures on both sides of scale.  
I  
111° K  
110 L  
(Joins 405) 109 M  
410  
430  
4:  
0  
2401  
2501  
260  
270  
280  
290  
300  
310  
320  
330  
340  
350  
360  
370  
380  
390  
400  
420  
130  
140  
150  
160  
170  
180  
190  
200  
210  
220  
230  
150  
160  
170  
180  
190  
200  
210  
220  
230  
240  
250  
260  
270  
or  
st and Geodetic Survey  
herce  
The  
NOTE: It is requested that users of this chart indicate corrections and additions  
which come to their attention and notify  
""THE DIRECTOR, U.S. COAST AND GEODETIC SURVEY, WASHINGTON 25, D.C.""  
BASE NO 5R2  
Obstructions  
ROLLED AREAS  
stations. Limits of  
500 feet or higher above ground  
Under construction, position  
UC  
of the radials.  
Less than 500 feet above ground  
and elevation unverified",1.0,7.27,"the  
HENKSVILLE (CAR)  
Hanksville  
HANKSVILLE RADIO  
MOUNTAIN  
Monticello  
WHITE CANYON  
Dove  
Creek  
Blanding  
BLANDING  
Bluff  
MEXICAN HAT  
OLJETO (PVI)  
MONUMENT VALLEY  
UTAH  
ARIZONA  
Mexican Water  
TES NOS PAS  
ROCK POINT MISSION  
Kayenta  
KAYENTA  
KAIBITO  
ROUND ROCK  
COVE  
Tonalea  
MANY FARMS  
CHINLE  
Chinle  
Moenkopi  
To Valle  
To Winslow  
ALTITUDE CONVERSION SCALE  
Meters  
Feet  
For conversions above 100 feet, add like number of ciphers to the figures on both sides of scale.  
(Joins 405)  
U.S. Coast and Geodetic Survey  

NOTE: It is requested that users of this chart indicate corrections and additions which come to their attention and notify  
""THE DIRECTOR, U.S. COAST AND GEODETIC SURVEY, WASHINGTON 25, D.C.""  
BASE NO 5R2  
Obstructions  

CONTROLLED AREAS  
stations. Limits of  
500 feet or higher above ground  
Under construction, position  
of the radials.  
Less than 500 feet above ground  
and elevation unverified",1.0,6.76,"the  
5875  
st  
= 0658-  
72721  
HENKSVILLE (CAR)  
4480  
Hanksville  
R  
20  
HANKSVILLE RADIO  
Mesa  
491  
.  
.10  
-  
MOUNTAIN  
150  
7151  
MJ  
11485  
R  
main  
KJ  
LJ  
C  
38  
2.  
50  
10  
50  
10  
a  
40  
20  
30  
40  
50  
11320  
=  
8987  
-  
10650  
-  
Monticello  
9202  
o  
PK  
WHITE CANYON  
7930  
50  
01445  
3549 35  
Dove  
Creek  
8150  
9059  
Blanding  
BLANDING  
5750-25  
YELLOW  
8920  
-  
30  
-  
1  
20  
Bluff  
6443  
MEXICAN HAT  
4250-25  
KH  
c  
OLJETO (PVI) MONUMENT VALLEY  
483811-36  
15155  
LH  
MH  
10388  
UTAH  
-  
37  
ARIZONA  
Mexican Water  
TEEC NOS POS  
E  
a  
-  
7097  
50  
PASTORALE  
6633  
9420  
7900  
(ROCK POINT MISSION)  
Kayenta  
5100  
20  
KAYENTA  
5810--56  
40  
!  
KAIBITO  
is  
6070--26  
c  
ROUND ROCK  
COVE  
5400 -3-33  
6050  
30  
9835  
l  
0  
-10  
-  
8075  
.7035  
Tonalea  
20  
MANY FARMS  
-  
300--24  
-  
-  
7580  
TY  
CHINLE  
44  
10  
5500 50  
7580  
Chinle  
Moenave  
KG  
to  
G  
-  
11  
Jet.  
36  
To Valle 115. VLE 20  
50  
30  
40  
10  
20  
30  
50  
14  
40  
50  
ALTITUDE CONVERSION SCALE  
Meters  
To Winslow 266 INW  
10  
15  
20  
25  
30  
J  
&  
20  
Feet  
30  
40  
50  
60  
70  
80  
90  
100  
For conversions above 100 feet, add like number of ciphers to the figures on both sides of scale.  
I  
111°K  
110 L  
(Joins 405) 109 M  
410  
430  
440  
240  
250  
260  
270  
280  
290  
300  
310  
320  
330  
340  
350  
360  
370  
380  
390  
400  
420  
130  
140  
150  
160  
170  
180  
190  
200  
210  
220  
230  
150  
160  
170  
180  
190  
200  
210  
220  
230  
240  
250  
260  
270  
or  
st and Geodetic Survey  
hence  
The  
NOTE: It is requested that users of this chart indicate corrections and additions which come to their attention and notify  
""THE DIRECTOR, U.S. COAST AND GEODETIC SURVEY, WASHINGTON 25, D.C.""  
BASE NO 5R2  
Obstructions  
ROLLED AREAS  
stations. Limits of  
500 feet or higher above ground  
Under construction, position  
UC  
of the radials.  
Less than 500 feet above ground and elevation unverified",1.0,11.17,"the  
5875  
st  
= 0658-  
72721  
HENKSVILLE (CAR)  
4480  
Hanksville  
R  
20  
HANKSVILLE RADIO  
Mesa  
491  
.10  
-  
MOUNTAIN  
150  
7151  
MJ  
11485  
R  
Egnar  
KJ  
LJ  
C  
38  
2.  
50  
10  
50  
10  
a  
40  
20  
30  
40  
50  
11320  
=  
8987  
-  
10650  
-  
Monticello  
9202  
o  
PK  
WHITE CANYON  
7930  
50  
01445  
3549 35  
Dove  
Creek  
8150  
9059  
Blanding  
BLANDING  
5750-25  
YELLOW  
8920  
-  
30  
-  
1  
20  
Bluff  
6443  
MEXICAN HAT  
4250-25  
KH  
c  
OLJATO (PVI) MONUMENT VALLEY  
4838 11-36  
15155  
LH  
MH  
10388  
UTAH  
-  
37  
ARIZONA  
Mexican Water  
TEEC NOS POS  
E  
a  
-  
7097  
50  
PASTORALE  
6633  
9420  
7900  
(ROCK POINT MISSION  
Kayenta  
5100  
20  
KAYENTA  
5810-56  
40  
!  
KAIBITO  
is  
6070-26  
c  
ROUND ROCK  
.COVE  
5400-3-33  
6050  
30  
9835  
l  
0  
-10  
-  
8075  
7035  
Tonalea  
20  
MANY FARMS  
-  
300-24  
-  
-  
7580  
TY  
CHINLE  
44  
10  
5500 50  
7580  
Chinle  
Moenkopi  
KG  
to  
G  
-  
11  
Let.  
36  
To Valle 115. VLE 20  
50  
30  
40  
10  
20  
30  
50  
14  
40  
50  
ALTITUDE CONVERSION SCALE  
Meters  
To Winslow 266 INW #  
10  
15  
20  
25  
30  
J  
&  
20  
Feet  
30  
40  
50  
60  
70  
80  
90  
100  
For conversions above 100 feet, add like number of ciphers to the figures on both sides of scale.  
I  
111°K  
110 L  
(Joins 405) 109 M  
410  
430  
440  
2401  
2501  
260  
270  
280  
290  
300  
310  
320  
330  
340  
350  
360  
370  
380  
390  
400  
420  
130  
140  
150  
160  
170  
180  
190  
200  
210  
220  
230  
150  
160  
170  
180  
190  
200  
210  
220  
230  
240  
250  
260  
270  
or  
st and Geodetic Survey  
herce  
The  
NOTE: It is requested that users of this chart indicate corrections and additions which come to their attention and notify  
""THE DIRECTOR, U.S. COAST AND GEODETIC SURVEY, WASHINGTON 25, D.C.""  
BASE NO 5R2  
Obstructions  
ROLLED AREAS  
stations. Limits of  
500 feet or higher above ground  
Under construction, position  
UC  
of the radials.  
Less than 500 feet above ground  
and elevation unverified",1.0,13.1,"the  
5875  
st  
= 0658-  
72721  
HENKSVILLE (CAR)  
4480  
Hanksville  
R  
20  
HANHSVULE RADIO  
MaSai  
491  
.10  
-  
MOUNTRICTION  
150  
7151  
MJ  
11485  
R  
eian  
KJ  
LJ  
C  
38  
2.  
50  
10  
50  
10  
a  
40  
20  
30  
40  
50  
11320  
=  
8987  
-  
10650  
-  
Monticelio  
9202  
o  
PK  
HITE PARKER  
7930  
50  
01445  
3549 35  
Dove  
Creek  
8150  
9059  
Blanding  
BLANDING  
5750-25  
YÉLLOW  
8920  
-  
30  
-  
1  
20  
Bluff  
6443  
MEXICAN HAT  
4250-25  
KH  
c  
OLJETO (Pvi) MONUMENT VALLEY  
483811-36  
15155  
LH  
MH  
10388  
UTAH  
-  
37  
ARIZONA  
Mexican nater  
TES NOS PAS  
E  
a  
-  
7097  
50  
RASTORALP  
66333  
9420  
7900  
(ROCK POINT MISSION  
Kayenta  
5100  
20  
KAYENTA  
5810--56  
40  
!  
KAIBITO  
is  
070--26  
c  
ROUND ROCK  
.COVE  
5400 -3-33  
60s0  
30  
9835  
l  
0  
-10  
-  
8075  
.7035  
Tonalea  
20  
MANY FARMS  
-  
300--24  
-  
-  
7580  
TY  
CHINLE  
44  
10  
5500 50  
7580  
Chinie  
Moenhopi  
KG  
to  
G  
-  
11  
Let.  
36  
To Valle 115. VLE 20  
50  
30  
40  
10  
20  
30  
50  
14  
40  
50  
ALTITUDE CONVERSION SCALE  
Meters  
To Winslogg 266 INW #  
10  
15  
20  
25  
30  
J  
&  
20  
Feet  
30  
40  
50  
60  
70  
80  
90  
100  
For conversions above 100 feet, add like number of ciphers to the figures on both sides of scale.  
I  
111°K  
110 L  
(Joins 405) 109 M  
410  
430  
4:  
0  
2401  
2501  
260  
270  
280  
290  
300  
310  
320,  
330  
340)  
350  
360  
370  
380  
390  
400  
420  
130  
140  
150  
160  
170  
180  
190  
200  
210  
220  
230  
150  
160  
170)  
1801  
1901  
200  
210  
2201  
230  
240  
2501  
260  
270  
or  
st and Geodetic Survey  
herce  
The  
NOTE: It is requested that users of this chart indicate corrections and additions  
which come to their attention and notify  
""THE DIRECTOR, U.S. COAST AND GEODETIC SURVEY, WASHINGTON 25, D.C.""  
BASE NO 5R2  
Obstructions  
OLLED AREAS  
stations. Limits of  
500 feet or higher above ground  
Under construction, position  
UC  
of the radials.  
Less than 500 feet above ground  
and elevation unverified",1.0,5.26,"the  
5875  
st  
= 0658-  
72721  
HENKSVILLE (CAR)  
4480  
Hanksville  
R  
20  
HANHSVULE RADIO  
MaSai  
491  
.  
.10  
-  
MOUNTRICTION  
150  
7151  
MJ  
11485  
R  
eian  
KJ  
LJ  
C  
38  
2.  
50  
10  
50  
10  
a  
40  
20  
30  
40  
50  
11320  
=  
8987  
-  
10650  
-  
Monticello  
9202  
o  
PK  
HITE PARKER  
7930  
50  
01445  
3549 35  
Dove  
Creek  
8150  
9059  
Blanding  
BLANDING  
5750-25  
YELLOW  
8920  
-  
30  
-  
1  
20  
Bluff  
6443  
MEXICAN HAT  
4250-25  
KH  
c  
OLJETO (Pvi) MONUMENT VALLEY  
483811-36  
15155  
LH  
MH  
10388  
UTAH  
-  
37  
ARIZONA  
Mexican Water  
TES NOS PAS  
E  
a  
-  
7097  
50  
RASTORALP  
66333  
9420  
7900  
(ROCK POINT MISSION  
Kayenta  
5100  
20  
KAYENTA  
5810--56  
40  
!  
KAIBITO  
is  
070--26  
c  
ROUND ROCK  
.COVE  
5400 -3-33  
60s0  
30  
9835  
l  
0  
-10  
-  
8075  
.7035  
Tonalea  
20  
MANY FARMS  
-  
300--24  
-  
-  
7580  
TY  
CHINLE  
44  
10  
5500 50  
7580  
Chinle  
Moenhopi  
KG  
to  
G  
-  
11  
Let.  
36  
To Valle 115. VLE 20  
50  
30  
40  
10  
20  
30  
50  
14  
40  
50  
ALTITUDE CONVERSION SCALE  
Meters  
To Winslow 266 INW #  
10  
15  
20  
25  
30  
J  
&  
20  
Feet  
30  
40  
50  
60  
70  
80  
90  
100  
For conversions above 100 feet, add like number of ciphers to the figures on both sides of scale.  
I  
111°K  
110 L  
(Joins 405) 109 M  
410  
430  
4:  
0  
2401  
2501  
260  
270  
280  
290  
300  
310  
320,  
330  
340)  
350  
360  
370  
380  
390  
400  
420  
130  
140  
150  
160  
170  
180  
190  
200  
210  
220  
230  
150  
160  
170)  
1801  
1901  
200  
210  
2201  
230  
240  
2501  
260  
270  
or  
st and Geodetic Survey  
herce  
The  
NOTE: It is requested that users of this chart indicate corrections and additions which come to their attention and notify  
""THE DIRECTOR, U.S. COAST AND GEODETIC SURVEY, WASHINGTON 25, D.C.""  
BASE NO 5R2  
Obstructions  
OLLED AREAS  
stations. Limits of  
500 feet or higher above ground  
Under construction, position  
UC  
of the radials.  
Less than 500 feet above ground  
and elevation unverified",1.0,8.95,"the
5875
st
= 0658-
72721
HENKSVILLE (CAR)
4480
Hanksville
R
20
HANKSVILLE RADIO
MaSai
491
.
.10
-
MOUNTRICTION
150
7151
MJ
11485
R
eian
KJ
LJ
C
38
2.
50
10
50
10
a
40
20
30
40
50
11320
=
8987
-
10650
-
Monticello
9202
o
PK
WHITE PARKER
7930
50
01445
3549 35
Dove
Creek
8150
9059
Blanding
BLANDING
5750-25
YELLOW
8920
-
30
-
1
20
Bluff
6443
MEXICAN HAT
4250-25
KH
c
OLJETO (Pvi) MONUMENT VALLEY
483811-36
15155
LH
MH
10388
UTAH
-
37
ARIZONA
Mexican water
TES NOS PAS
E
a
-
7097
50
RASTORALP
66333
9420
7900
(ROCK POINT MISSION
Kayenta
5100
20
KAYENTA
5810--56
40
!
KAIBITO
is
070--26
c
ROUND ROCK
.COVE
5400 -3-33
6050
30
9835
l
0
-10
-
8075
.7035
Tonalea
20
MANY FARMS
-
300--24
-
-
7580
TY
CHINLE
44
10
5500 50
7580
Chinle
Moenhopi
KG
to
G
-
11
Let.
36
To Valle 115. VLE 20
50
30
40
10
20
30
50
14
40
50
ALTITUDE CONVERSION SCALE
Meters
To Winslow 266 INW #
10
15
20
25
30
J
&
20
Feet
30
40
50
60
70
80
90
100
For conversions above 100 feet, add like number of ciphers to the figures on both sides of scale.
I
111°K
110 L
(Joins 405) 109 M
410
430
4:
0
2401
2501
260
270
280
290
300
310
320,
330
340)
350
360
370
380
390
400
420
130
140
150
160
170
180
190
200
210
220
230
150
160
170)
1801
1901
200
210
2201
230
240
2501
260
270
or
st and Geodetic Survey
herce
The
NOTE: It is requested that users of this chart indicate corrections and additions
which come to their attention and notify
""THE DIRECTOR, U.S. COAST AND GEODETIC SURVEY, WASHINGTON 25, D.C.""
BASE NO 5R2
Obstructions
OLLED AREAS
stations. Limits of
500 feet or higher above ground
Under construction, position
UC
of the radials.
Less than 500 feet above ground
and elevation unverified",1.0,6.57
28982089,"PAGE TWO RJEDSJ 3  
(8) NONE  
(9) BRIGHT FLASH  

3. (1) FLASH IN SKY  
(2) DIRECTLY OVERHEAD  
(3) 90 DEGREE ANGLE  
(4) PASSED DIRECTLY OVERHEAD  
(5) TO THE NORTH FAST  
(6) 2 OR 3 SECONDS  

C. (1) GROUND VISUAL  
(2) NONE  
(3) NONE  

D. (1) 1 MAR. 1959 2355Z  
(2) NIGHT  

E. (1) RELATRE TO MITCHEL AFB NY  

F. (1) FELLAIRE NY.  
(2) NONE  

G. (1) CLEAR CALM  
(2) 272/10 260/15 253/25 272/40 210/90 250/15  
(3) CLEAR  
(4) 10 MI  

PAGE THREE RJEDSJ 3  
(5) CLEAR",0.05504587155963303,2.13,"PAGE TWO RJEDSJ 3  
(8) NONE  
(9) BRIGHT FLASH  

3. (1) FLASH IN SKY  
(2) DIRECTLY OVERHEAD  
(3) 90 DEGREE ANGLE  
(4) PASSED DIRECTLY OVERHEAD  
(5) TO THE NORTH FAST  
(6) 2 OR 3 SECONDS  

C. (1) GROUND VISUAL  
(2) NONE  
(3) NONE  

D. (1) 1 MAR. 1959 2355Z  
(2) NIGHT  

E. (1) RELATIVITY IS MITCHEL AFB NY  

F. (1) D  
(2) NONE  

G. (1) CLEAR CALM  
(2) 272/10 260/15 253/25 272/40 210/90 250/15  
(3) CLEAR  
(4) 10 MI  

PAGE THREE RJEDSJ 3  
(5) CLEAR",0.06880733944954129,2.67,"PAGE TWO RJEDSJ 3  
(8) NONE  
(9) BRIGHT FLASH  

3. (1) FLASH IN SKY  
(2) DIRECTLY OVERHEAD  
(3) 90 DEGREE ANGLE  
(4) PASSED DIRECTLY OVERHEAD  
(5) TO THE NORTH FAST  
(6) 2 OR 3 SECONDS  

C. (1) GROUND VISUAL  
(2) NONE  
(3) NONE  

D. (1) 1 MAR. 1959 2355Z  
(2) NIGHT  

in (1)  
*RELATIVE TO MITCHEL AFB NY  

F. (1) LOCATION  
IS  
FELLAIRE NY.  
(2) NONE  

G. (1) CLEAR CALM  
(2) 272/10 260/15 253/25 272/40 210/90 250/15  
(3) CLEAR  
(4) 10 MI  

PAGE THREE RJEDSJ 3  
(5) CLEAR",0.09111617312072894,7.55,"PAGE TWO RJEDSJ 3  
(8) NONE  
(9) BRIGHT FLASH  

3. (1) FLASH IN SKY  
(2) DIRECTLY OVERHEAD  
(3) 90 DEGREE ANGLE  
(4) PASSED DIRECTLY OVERHEAD  
(5) TO THE NORTH FAST  
(6) 2 OR 3 SECONDS  

C. (1) GROUND VISUAL  
(2) NONE  
(3) NONE  

D. (1) 1 MAR. 1959 2355Z  
(2) NIGHT  

E. (1) RELATIVE TO MITCHEL AFB NY  
F. (1) LOCATION: BELLAIRE NY  
(2) NONE  

G. (1) CLEAR CALM  
(2) 272/10 260/15 253/25 272/40 210/90 250/15  
(3) CLEAR  
(4) 10 MI  

PAGE THREE RJEDSJ 3  
(5) CLEAR",0.08256880733944955,6.48,"PAGE TWO

(8) NONE  
(9) BRIGHT FLASH  

3. (1) FLASH IN SKY  
(2) DIRECTLY OVERHEAD  
(3) 90 DEGREE ANGLE  
(4) PASSED DIRECTLY OVERHEAD  
(5) TO THE NORTH FAST  
(6) 2 OR 3 SECONDS  

C. (1) GROUND VISUAL  
(2) NONE  
(3) NONE  

D. (1) 1 MAR. 1959 2355Z  
(2) NIGHT  

E. (1) RELATED TYPE IS MITCHEL AFB NY  

F. (1) LOCATION  
(2) BELLAIRE NY.  
(3) NONE  

G. (1) CLEAR CALM  
(2) 272/10 260/15 253/25 272/40 210/90 250/15  
(3) CLEAR  
(4) 10 MI  

PAGE THREE  

(5) CLEAR",0.12614678899082568,3.37,"PAGE TWO RJEDSJ 3  
(8) NONE  
(9) BRIGHT FLASH  

3. (1) FLASH IN SKY  
(2) DIRECTLY OVERHEAD  
(3) 90 DEGREE ANGLE  
(4) PASSED DIRECTLY OVERHEAD  
(5) TO THE NORTH FAST  
(6) 2 OR 3 SECONDS  

C. (1) GROUND VISUAL  
(2) NONE  
(3) NONE  

D. (1) 1 MAR. 1959 2355Z  
(2) NIGHT  

E. (1) RELATIVELY NEAR MITCHEL AFS NY  

F. (1) FELL AIRE NY.  
(2) NONE  

G. (1) CLEAR CALM  
(2) 272/10 260/15 253/25 272/40 210/90 250/15  
(3) CLEAR  
(4) 10 MI  

PAGE THREE RJEDSJ 3  
(5) CLEAR",0.05504587155963303,4.21,"PAGE TWO RJEDSJ 3

(8) NONE  
(9) BRIGHT FLASH

3. (1) FLASH IN SKY  
(2) DIRECTLY OVERHEAD  
(3) 90 DEGREE ANGLE  
(4) PASSED DIRECTLY OVERHEAD  
(5) TO THE NORTH FAST  
(6) 2 OR 3 SECONDS

C. (1) GROUND VISUAL  
(2) NONE  
(3) NONE

D. (1) 1, MAR. 1959 2355Z  
(2) NIGHT

in (1) ELEVATION 90°  
MITCHEL AFB NY

F. (1) LOCATION  
FELLAIRE NY.  
(2) NONE

G. (1) CLEAR CALM  
(2) 272/10 260/15 253/25 272/40 210/90 250/15  
(3) CLEAR  
(4) 10 MI

PAGE THREE RJEDSJ 3

(5) CLEAR",0.0821917808219178,2.96,"PAGE TWO RJEDSJ 3

(8) NONE  
(9) BRIGHT FLASH

3. (1) FLASH IN SKY  
(2) DIRECTLY OVERHEAD  
(3) 90 DEGREE ANGLE  
(4) PASSED DIRECTLY OVERHEAD  
(5) TO THE NORTH FAST  
(6) 2 OR 3 SECONDS  

C. (1) GROUND VISUAL  
(2) NONE  
(3) NONE

D. (1) 1, MAR. 1959 2355Z  
(2) NIGHT  

in (1) RELATIVE TO MITCHEL AFB NY

F. (1) FELLAIRE NY.  
(2) NONE

G. (1) CLEAR CALM  
(2) 272/10 260/15 253/25 272/40 210/90 250/15  
(3) CLEAR  
(4) 10 MI  

PAGE THREE RJEDSJ 3

(5) CLEAR",0.06192660550458716,2.86,"PAGE TWO RJEDSJ 3

(8) NONE  
(9) BRIGHT FLASH  

3. (1) FLASH IN SKY  
(2) DIRECTLY OVERHEAD  
(3) 90 DEGREE ANGLE  
(4) PASSED DIRECTLY OVERHEAD  
(5) TO THE NORTH FAST  
(6) 2 OR 3 SECONDS  

C. (1) GROUND VISUAL  
(2) NONE  
(3) NONE  

D. (1) 1, MAR. 1959 2355Z  
(2) NIGHT  

in (1) RELATIVE TO MITCHEL AFB NY  

F. (1) LOCATION  
is  
FELLAIRE NY.  
(2) NONE  

G. (1) CLEAR CALM  
(2) 272/10 260/15 253/25 272/40 210/90 250/15  
(3) CLEAR  
(4) 10 MI  

PAGE THREE RJEDSJ 3

(5) CLEAR",0.08656036446469248,3.08
28974641,"Act Info  
Comdr  
HE4  
V/C  
2110057 II 32  
Z1XI  
SpAsst  
3  
Sect  
Safety  
D/P&A  
D/P  
D/A  
ASID  
CADJ  
AK145/15  
IG  
HPB261030MAA213ALA086LCE053  
Prot  
PP RJAPAD RJHPHM RJEDEN RJKDAG  
ZDK  
D  
OIS  
LCA041  
Surg  
PP RJAPAD RJHPHM RJEDEN RJKDAG  
Chap  
DE RJMALC 196  
SJA  
P 130828Z  
D/O  
FM COMDR THIRTEENTH AF  
04  
TO RJHPHM/CINCPACAF  
D/M  
RJAPAD/COMDR FIFTH AF  
ACSI  
RJKDAG/COMDR ALASKAN AIR COM ELMENDORF AFB  
D/C  
RJEDEN/COMDR AIRDEF COMD ENT AFB  
BT  
Stat  
@  
OK  
UNCLASSIFIED FROM 13100 08448 PD UNOB PD THIS MESSAGE IN  
OS!  
TWELVE PARTS PD PART ONE PD DESCRIPTION ALPHA SHAPE ROUND AS  
VIEWED FROM IMMEDIATELY BELOW PR BRAVO SIZE APPROXIMATELY  
ADV-COPY  
CADJ-TOR  
CADJ-NUMBER  
SUSPENSE  
INCOMING MESSAGE FORM  
FEAF FORM 162 1 January 1957  
A24158  
H",0.0456490727532097,2.96,"Act Info  
Comdr  
HQ  
V/C  
2110057 II 32  
ZXI  
SpAsst  
3  
Sect  
Safety  
D/P&A  
D/P  
D/A  
ASID  
CADJ  
AK145/15  
IG  
HPB261030MAA213ALA086LCE053  
Prot  
PP RJAPAD RJHPHM RJEDEN RJKDAG  
ZDK  
D  
OIS  
LCA041  
Surg  
PP RJAPAD RJHPHM RJEDEN RJKDAG  
Chap  
DE RJMALC 196  
SJA  
P 130828Z  
D/O  
FM COMDR THIRTEENTH AF  
04  
TO RJHPHM/CINCPACAF  
D/M  
RJAPAD/COMDR FIFTH AF  
ACSI  
RJKDAG/COMDR ALASKAN AIR COM ELMENDORF AFB  
D/C  
RJEDEN/COMDR AIRDEF COMD ENT AFB  
BT  
Stat  
@  
OK  
UNCLASSIFIED FROM 13100 08448 PD UNODIR PD THIS MESSAGE IN  
OSI  
TWELVE PARTS PD PART ONE PD DESCRIPTION ALPHA SHAPE ROUND AS  
VIEWED FROM IMMEDIATELY BELOW PR BRAVO SIZE APPROXIMATELY  
ADV-COPY  
CADJ-TOR  
CADJ-NUMBER  
SUSPENSE  
INCOMING MESSAGE FORM  
FEAF FORM 162 1 January 1957  
A24158  
H",0.04992867332382311,2.76,"Act Info  
Comdr  
HE4  
V/C  
2110057 II 32  
Z1XI  
SpAsst  
3  
Sect  
Safety  
D/P&A  
D/P  
D/A  
ASID  
CADJ  
AK145/15  
IG  
HPB261030MAA213ALA086LCE053  
Prot  
PP RJAPAD RJHPHM RJEDEN RJKDAG  
ZDK  
D  
OIS  
LCA041  
Surg  
PP RJAPAD RJHPHM RJEDEN RJKDAG  
Chap  
DE RJMALC 196  
SJA  
P 130828Z  
D/O  
FM COMDR THIRTEENTH AF  
04  
TO RJHPHM/CINCPACAF  
D/M  
RJAPAD/COMDR FIFTH AF  
ACSI  
RJKDAG/COMDR ALASKAN AIR COM ELMENDORF AFB  
D/C  
RJEDEN/COMDR AIRDEF COMD ENT AFB  
BT  
Stat  
@  
OK  
UNCLASSIFIED FROM 13100 08448 PD UNOB PD THIS MESSAGE IN  
OS!  
TWELVE PARTS PD PART ONE PD DESCRIPTION ALPHA SHAPE ROUND AS  
VIEWED FROM IMMEDIATELY BELOW PR BRAVO SIZE APPROXIMATELY  
ADV-COPY  
CADJ-TOR  
CADJ-NUMBER  
SUSPENSE  
INCOMING MESSAGE FORM  
FEAF FORM 162 1 January 1957  
A24158  
H",0.0456490727532097,2.66,"Act Info  
Comdr  
HQ  
V/C  
2110057 II 32  
Z1XI  
SpAsst  
3  
Sect  
Safety  
D/P&A  
D/P  
D/A  
ASID  
CADJ  
AK145/15  
IG  
HPB261030MAA213ALA086LCE053  
Prot  
PP RJAPAD RJHPHM RJEDEN RJKDAG  
ZDK  
D  
OIS  
LCA041  
Surg  
PP RJAPAD RJHPHM RJEDEN RJKDAG  
Chap  
DE RJMALC 196  
SJA  
P 130828Z  
D/O  
FM COMDR THIRTEENTH AF  
04  
TO RJHPHM/CINCPACAF  
D/M  
RJAPAD/COMDR FIFTH AF  
ACSI  
RJKDAG/COMDR ALASKAN AIR COM ELMENDORF AFB  
D/C  
RJEDEN/COMDR AIRDEF COMD ENT AFB  
BT  
Stat  
@  
OK  
UNCLASSIFIED FROM 13100 08448 PD UNCLAS PD THIS MESSAGE IN  
OS!  
TWELVE PARTS PD PART ONE PD DESCRIPTION ALPHA SHAPE ROUND AS  
VIEWED FROM IMMEDIATELY BELOW PR BRAVO SIZE APPROXIMATELY  
ADV-COPY  
CADJ-TOR  
CADJ-NUMBER  
SUSPENSE  
INCOMING MESSAGE FORM  
FEAF FORM 162 1 January 1957  
A24158  
H",0.05413105413105413,5.84,"Act Info  
Comdr  
HQ  
V/C  
2110057 II 32  
Z1XI  
SpAsst  
3  
Sect  
Safety  
D/P&A  
D/P  
D/A  
ASID  
CADJ  
AK145/15  
IG  
HPB261030MAA213ALA086LCE053  
Prot  
PP RJAPAD RJHPHM RJEDEN RJKDAG  
ZDK  
D  
OIS  
LCA041  
Surg  
PP RJAPAD RJHPHM RJEDEN RJKDAG  
Chap  
DE RJMALC 196  
SJA  
P 130828Z  
D/O  
FM COMDR THIRTEENTH AF  
04  
TO RJHPHM/CINCPACAF  
D/M  
RJAPAD/COMDR FIFTH AF  
ACSI  
RJKDAG/COMDR ALASKAN AIR COM ELMENDORF AFB  
D/C  
RJEDEN/COMDR AIRDEF COMD ENT AFB  
BT  
Stat  
@  
OK  
UNCLASSIFIED FROM 13100 08448 PD UNOB PD THIS MESSAGE IN  
OS!  
TWELVE PARTS PD PART ONE PD DESCRIPTION ALPHA SHAPE ROUND AS  
VIEWED FROM IMMEDIATELY BELOW PR BRAVO SIZE APPROXIMATELY  
ADV-COPY  
CADJ-TOR  
CADJ-NUMBER  
SUSPENSE  
INCOMING MESSAGE FORM  
FEAF FORM 162 1 January 1957  
A24158",0.045845272206303724,4.61,"Act Info  
Commander  
V/C  
2110057 II 32  
Z1XI  
Special Assistant  
3  
Section  
Safety  
D/P&A  
D/P  
D/A  
ASID  
CADJ  
AK145/15  
IG  
HPB261030MAA213ALA086LCE053  
Protocol  
PP RJAPAD RJHPHM RJEDEN RJKDAG  
ZDK  
D  
OIS  
LCA041  
Surgery  
PP RJAPAD RJHPHM RJEDEN RJKDAG  
Chaplain  
DE RJMALC 196  
SJA  
P 130828Z  
D/O  
FM COMOR THIRTEENTH AF  
04  
TO RJHPHM/CINCPACAF  
D/M  
RJAPAD/COMDR FIFTH AF  
ACSI  
RJKDAG/COMDR ALASKAN AIR COMMAND ELMENDORF AFB  
D/C  
RJEDEN/COMDR AIR DEFENSE COMMAND ENT AFB  
BT  
Status  
@  
OK  
UNCLASSIFIED FROM 13100 08448 PD UNOB PD THIS MESSAGE IN  
OSI  
TWELVE PARTS PD PART ONE PD DESCRIPTION ALPHA SHAPE ROUND AS  
VIEWED FROM IMMEDIATELY BELOW PR BRAVO SIZE APPROXIMATELY  
ADV-COPY  
CADJ-TOR  
CADJ-NUMBER  
SUSPENSE  
INCOMING MESSAGE FORM  
FEAF FORM 162 1 January 1957  
A24158  
H",0.10135135135135136,5.73,"Act Info
Comdr
HE4
V/C
2110057 II 32
Z1XI
SpAsst
3
Sect
Safety
D/P&A
D/P
D/A
ASID
CADJ
AK145/15
IG
HPB261030MAA213ALA086LCE053
Prot
PP RJAPAD RJHPHM RJEDEN RJKDAG
ZDK
D
OIS
LCA041
Surg
PP RJAPAD RJHPHM RJEDEN RJKDAG
Chap
DE RJMALC 196
SJA
P 130828Z
D/O
FM COMOR THIRTEENTH AF
04
TO RJHPHM/CINCPACAF
D/M
RJAPAD/COMDR FIFTH AF
ACSI
RJKDAG/COMDR ALASKAN AIR COM ELMENDORF AFB
D/C
RJEDEN/COMDR AIRDEF COMD ENT AFB
BT
Stat
@
OK
UNCLASSIFIED FROM 13100 08448 PD UNOB PD THIS MESSAGE IN
OS!
TWELVE PARTS PD PART ONE PD DESCRIPTION ALPHA SHAPE ROUND AS
VIEWED FROM IMMEDIATELY BELOW PR BRAVO SIZE APPROXIMATELY
ADV-COPY
CADJ-TOR
CADJ-NUMBER
SUSPENSE
INCOMING MESSAGE FORM
FEAF FORM 162 1 January 1957
A24158
H",0.047075606276747506,3.59,"Act Info  
Comdr  
HE4  
V/C  
2110057 II 32  
Z1XI  
SpAsst  
3  
Sect  
Safety  
D/P&A  
D/P  
D/A  
ASID  
CADJ  
AK145/15  
IG  
HPB261030MAA213ALA086LCE053  
Prot  
PP RJAPAD RJHPHM RJEDEN RJKDAG  
ZDK  
D  
OIS  
LCA041  
Surg  
PP RJAPAD RJHPHM RJEDEN RJKDAG  
Chap  
DE RJMALC 196  
SJA  
P 130828Z  
D/O  
FM COMOR THIRTEENTH AF  
04  
TO RJHPHM/CINCPACAF  
D/M  
RJAPAD/COMDR FIFTH AF  
ACSI  
RJKDAG/COMDR ALASKAN AIR COM ELMENDORF AFB  
D/C  
RJEDEN/COMDR AIRDEF COMD ENT AFB  
BT  
Stat  
@  
OK  
UNCLASSIFIED FROM 13100 08448 PD UNOB PD THIS MESSAGE IN  
OS!  
TWLEVE PARTS PD PART ONE PD DESCRIPTION ALPHA SMAPE ROUND AS  
VIEWED FROM IMMEDIATELY BELOW PR BRAVO SIZE APPROXIMATELY  
ADV-COPY  
CADJ-TOR  
CADJ-NUMBER  
SUSPENSE  
INCOMING MESSAGEFORM  
FEAF FORM 162 1 January 1957  
A24158  
H",0.05,2.86,"Act Info  
Comdr  
HE4  
V/C  
2110057 II 32  
Z1XI  
SpAsst  
3  
Sect  
Safety  
D/P&A  
D/P  
D/A  
ASID  
CADJ  
AK145/15  
IG  
HPB261030MAA213ALA086LCE053  
Prot  
PP RJAPAD RJHPHM RJEDEN RJKDAG  
ZDK  
D  
OIS  
LCA041  
Surg  
PP RJAPAD RJHPHM RJEDEN RJKDAG  
Chap  
DE RJMALC 196  
SJA  
P 130828Z  
D/O  
FM COMOR THIRTEENTH AF  
04  
TO RJHPHM/CINCPACAF  
D/M  
RJAPAD/COMDR FIFTH AF  
ACSI  
RJKDAG/COMDR ALASKAN AIR COM ELMENDORF AFB  
D/C  
RJEDEN/COMDR AIRDEF COMD ENT AFB  
BT  
Stat  
@  
OK  
UNCLASSIFIED FROM 13100 08448 PD UNOB PD THIS MESSAGE IN  
OS!  
TWLEVE PARTS PD PART ONE PD DESCRIPTION ALPHA SMAPE ROUND AS  
VIEWED FROM IMMEDIATELY BELOW PR BRAVO SIZE APPROXIMATELY  
ADV-COPY  
CADJ-TOR  
CADJ-NUMBER  
SUSPENSE  
INCOMING MESSAGEFORM  
FEAF FORM 162 1 January 1957  
A24158  
H",0.05,2.15
28989706,"HEADQUARTERS  
819TH AIR DIVISION  
UNITED STATES AIR FORCE  
DYESS AIR FORCE BASE, TEXAS  

REPLY TO  
ATTN OF:  
BC  

SUBJECT:  
Unidentified Flying Object  

1 OCT  

TO: Commander  
Air Technical Intelligence Center  
Wright-Patterson Air Force Base, Ohio  

Enclosed is a letter received by this base on 17 Oct 1960 for your information.  

FOR the COMMANDER:  

1 Incl  
Annex  
a/s  

IRVING B. BERK  
USAF  
Director of Administrative Services",0.04866180048661801,2.76,"HEADQUARTERS  
819TH AIR DIVISION  
UNITED STATES AIR FORCE  
DYESS AIR FORCE BASE, TEXAS  

REPLY TO  
ATTN OF:  
BC  

SUBJECT:  
Unidentified Flying Object  

1 OCT  

TO: Commander  
Air Technical Intelligence Center  
Wright-Patterson Air Force Base, Ohio  

Enclosed is a letter received by this base on 17 Oct 1960 for your information.  

FOR the COMMANDER:  

1 Incl  
Annex  
a/s  

IRVING B. BERK  
USAF  
Director of Administrative Services",0.04866180048661801,3.51,"HEADQUARTERS  
819TH AIR DIVISION  
UNITED STATES AIR FORCE  
DYESS AIR FORCE BASE, TEXAS  

REPLY TO  
ATTN OF:  
BC  

SUBJECT:  
Unidentified Flying Object  

1 OCT  

TO: Commander  
Air Technical Intelligence Center  
Wright-Patterson Air Force Base, Ohio  

Enclosed is a letter received by this base on 17 Oct 1960 for your information.  

FOR the COMMANDER:  
1 Incl  
Annex  
a/s  

IRVING B. BERK  
USAF  
Director of Administrative Services",0.04866180048661801,2.22,"HEADQUARTERS  
819TH AIR DIVISION  
UNITED STATES AIR FORCE  
DYESS AIR FORCE BASE, TEXAS  

REPLY TO  
ATTN OF:  
BC  

SUBJECT:  
Unidentified Flying Object  

1 OCT  

TO: Commander  
Air Technical Intelligence Center  
Wright-Patterson Air Force Base, Ohio  

Enclosed is a letter received by this base on 17 Oct 1960 for  
your information.  

FOR the COMMANDER:  

1 Incl  
Annex  
a/s  

IRVING B. BERK  
USAF  
Director of Administrative Services",0.04866180048661801,2.05,"HEADQUARTERS  
819TH AIR DIVISION  
UNITED STATES AIR FORCE  
DYESS AIR FORCE BASE, TEXAS  

REPLY TO  
ATTN OF:  
BC  

SUBJECT:  
Unidentified Flying Object  

1 OCT  

TO: Commander  
Air Technical Intelligence Center  
Wright-Patterson Air Force Base, Ohio  

Inclosed is a letter received by this base on 17 Oct 1960 for your information.  

FOR the COMMANDER:  
1 Incl  
Annex  
a/s  

IRVING B. BERK  
USAF  
Director of Administrative Services",0.046228710462287104,2.4,"HEADQUARTERS  
819TH AIR DIVISION  
UNITED STATES AIR FORCE  
DYESS AIR FORCE BASE, TEXAS  

REPLY TO  
ATTN OF:  
BC  

SUBJECT:  
Unidentified Flying Object  

1 OCT  

TO: Commander  
Air Technical Intelligence Center  
Wright-Patterson Air Force Base, Ohio  

Enclosed is a letter received by this base on 17 Oct 1960 for your information.  

FOR the COMMANDER:  

1 Incl  
Ann Brenth  
a/s  

IRVING B. BERK  
USAF  
Director of Administrative Services",0.06082725060827251,2.22,"HEADQUARTERS  
819TH AIR DIVISION  
UNITED STATES AIR FORCE  
DYESS AIR FORCE BASE, TEXAS  

REPLY TO  
ATTN OF:  
BC  

SUBJECT:  
Unidentified Flying Object  

1 OCT  

TO: Commander  
Air Technical Intelligence Center  
Wright-Patterson Air Force Base, Ohio  

Inclosed is a letter received by this base on 17 Oct 1960 for your information.  

FOR the COMMANDER:  
1 Incl  
Ann Brenh  
a/s  

IRVING B. BERK  
USAF  
Director of Administrative Services",0.05596107055961071,1.46,"HEADQUARTERS  
819TH AIR DIVISION  
UNITED STATES AIR FORCE  
DYESS AIR FORCE BASE, TEXAS  

REPLY TO  
ATTN OF:  
BC  

SUBJECT:  
Unidentified Flying Object  

1 OCT  

TO: Commander  
Air Technical Intelligence Center  
Wright-Patterson Air Force Base, Ohio  

Inclosed is a letter received by this base on 17 Oct 1960 for your information.  

FOR the COMMANDER:  

1 Incl  
Ann Brenh  
a/s  

IRVING B. BERK  
USAF  
Director of Administrative Services",0.05596107055961071,1.53,"HEADQUARTERS  
819TH AIR DIVISION  
UNITED STATES AIR FORCE  
DYESS AIR FORCE BASE, TEXAS  

REPLY TO  
ATTN OF:  
BC  

SUBJECT:  
Unidentified Flying Object  
1 OCT  

TO: Commander  
Air Technical Intelligence Center  
Wright-Patterson Air Force Base, Ohio  

Inclosed is a letter received by this base on 17 Oct 1960 for your information.  

FOR the COMMANDER:  
1 Incl  
Ann Brenh  
a/s  

IRVING B. BERK  
USAF  
Director of Administrative Services",0.05596107055961071,1.84
28993832,"PROJECT 10073 RECORD CARD  
1. DATE  
3 Aug 61  
2. LOCATION  
2621N 12650E (FAREAST)  
3. DATE-TIME GROUP  
Local 2015  
GMT 031115Z  
4. TYPE OF OBSERVATION  
Ground-Visual  
Ground-Radar  
Air-Visual  
Air-Intercept Radar  
5. PHOTOS  
Yes  
No  
6. SOURCE  
Military  
Other  
7. NUMBER OF OBJECTS  
Prob.  
8. COURSE  
NE  
9. LENGTH OF OBSERVATION  
17 min  
10. BRIEF SUMMARY OF SIGHTING  
Silver white object observed 40° elev, 280° az. Disappearing over horizon at 050° after straight flight path in sight 17 min. Multiple sightings.  
11. COMMENTS  
Description, duration, and flight path of object is characteristic of satellite Echo I. A check indicates that Echo I was in position reported by witnesses. It is therefore concluded that object observed was probably Echo I.  

ATIC FORM 329 (REV 25 SEP 52)",0.2698924731182796,4.79,"PROJECT 10073 RECORD CARD  
1. DATE  
3 Aug 61  

2. LOCATION  
2621N 12650E (FAREAST)  

3. DATE-TIME GROUP  
Local 2015  
GMT 031115Z  

4. TYPE OF OBSERVATION  
Ground-Visual  
Ground-Radar  
Air-Visual  
Air-Intercept Radar  

5. PHOTOS  
Yes  
No  

6. SOURCE  
Military  
Other  

7. LENGTH OF OBSERVATION  
17 min  

8. NUMBER OF OBJECTS  
Insufficient Data for Evaluation  

9. COURSE  
NE  

10. BRIEF SUMMARY OF SIGHTING  
Silver white object observed 40° elev, 280° az. Disappearing over horizon at 050° after straight flight path in sight 17 min. Multiple sightings.  

11. COMMENTS  
Description, duration, and flight path of object is characteristic of satellite Echo I. A check indicates that Echo I was in position reported by witnesses. It is therefore concluded that object observed was probably Echo I.  

12. CONCLUSIONS  
Was Balloon  
Probably Balloon  
Possibly Balloon  
Was Aircraft  
Probably Aircraft  
Possibly Aircraft  
Was Astronomical  
Probably Astronomical  
Possibly Astronomical",0.16666666666666666,4.1,"PROJECT 10073 RECORD CARD  
1. DATE  
3 Aug 61  
2. LOCATION  
2621N 12650E (FAREAST)  
3. DATE-TIME GROUP  
Local 2015  
GMT 031115Z  
4. TYPE OF OBSERVATION  
Ground-Visual  
Ground-Radar  
Air-Visual  
Air-Intercept Radar  
5. PHOTOS  
Yes  
No  
6. SOURCE  
Military  
Other  
7. LENGTH OF OBSERVATION  
17 min  
8. NUMBER OF OBJECTS  
Insufficient Data for Evaluation  
9. COURSE  
NE  
10. BRIEF SUMMARY OF SIGHTING  
Silver white object observed 40° elev, 280° az. Disappearing over horizon at 050° after straight flight path in sight 17 min. Multiple sightings.  
11. COMMENTS  
Description, duration, and flight path of object is characteristic of satellite Echo I. A check indicates that Echo I was in position reported by witnesses. It is therefore concluded that object observed was probably Echo I.  
12. CONCLUSIONS  
Was Balloon  
Probably Balloon  
Possibly Balloon  
Was Aircraft  
Probably Aircraft  
Possibly Aircraft  
Was Astronomical  
Probably Astronomical  
Possibly Astronomical  
ATIC FORM 329 (REV 25 SEP 52)",0.13897596656217345,5.73,"PROJECT 10073 RECORD CARD  
1. DATE  
3 Aug 61  

2. LOCATION  
2621N 12650E (FAREAST)  

12. CONCLUSIONS  
Probably Balloon  

3. DATE-TIME GROUP  
Local 2015  
GMT 031115Z  

4. TYPE OF OBSERVATION  
Ground-Visual  

5. PHOTOS  
Yes  

6. SOURCE  
Military  

7. NUMBER OF OBJECTS  
1  

8. LENGTH OF OBSERVATION  
17 min  

9. COURSE  
NE  

10. BRIEF SUMMARY OF SIGHTING  
Silver white object observed 40° elev, 280° az. Disappearing over horizon at 050° after straight flight path in sight 17 min. Multiple sightings.  

11. COMMENTS  
Description, duration, and flight path of object is characteristic of satellite Echo I. A check indicates that Echo I was in position reported by witnesses. It is therefore concluded that object observed was probably Echo I.  

ATIC FORM 329 (REV 25 SEP 52)",0.33548387096774196,3.69,"PROJECT 10073 RECORD CARD

1. DATE  
3 Aug 61  

2. LOCATION  
2621N 12650E (FAREAST)  

12. CONCLUSIONS  
Probably Balloon  

3. DATE-TIME GROUP  
Local 2015  
GMT 031115Z  

4. TYPE OF OBSERVATION  
Ground-Visual  

5. PHOTOS  
Yes  

6. SOURCE  
Military  

8. NUMBER OF OBJECTS  
Other  

9. COURSE  
NE  

7. LENGTH OF OBSERVATION  
17 min  

10. BRIEF SUMMARY OF SIGHTING  
Silver white object observed 40° elev, 280° az. Disappearing over horizon at 050° after straight flight path in sight 17 min. Multiple sightings.  

11. COMMENTS  
Description, duration, and flight path of object is characteristic of satellite Echo I. A check indicates that Echo I was in position reported by witnesses. It is therefore concluded that object observed was probably Echo I.  

ATIC FORM 329 (REV 25 SEP 52)",0.35053763440860214,6.45,"PROJECT 10073 RECORD CARD  
1. DATE  
3 Aug 61  

2. LOCATION  
2621N 12650E (FAREAST)  

3. DATE-TIME GROUP  
Local 2015  
GMT 031157  

4. TYPE OF OBSERVATION  
Ground-Visual  
Air-Visual  

5. PHOTOS  
Yes  

6. SOURCE  
Military  

7. NUMBER OF OBJECTS  
Insufficient Data for Evaluation  

8. LENGTH OF OBSERVATION  
17 min  

9. COURSE  
NE  

10. BRIEF SUMMARY OF SIGHTING  
Silver white object observed 40° elev, 280° az. Disappearing over horizon at 050° after straight flight path in sight 17 min. Multiple sightings.  

11. COMMENTS  
Description, duration, and flight path of object is characteristic of satellite Echo I. A check indicates that Echo I was in position reported by witnesses. It is therefore concluded that object observed was probably Echo I.  

12. CONCLUSIONS  
Probably Balloon  
Possibly Balloon  
Was Aircraft  
Probably Aircraft  
Possibly Aircraft  
Was Astronomical  
Probably Astronomical  
Possibly Astronomical  

ATIC FORM 329 (REV 25 SEP 52)",0.21397849462365592,12.29,"PROJECT 10073 RECORD CARD

1. DATE  
   3 Aug 61

2. LOCATION  
   2621N 12650E (FAREAST)

3. DATE-TIME GROUP  
   Local 2015  
   GMT 0311157

4. TYPE OF OBSERVATION  
   Ground-Visual  
   Ground-Radar  
   Air-Visual  
   Air-Intercept Radar  

5. PHOTOS  
   Yes  
   No  

6. SOURCE  
   Military  
   Other  

7. LENGTH OF OBSERVATION  
   17 min

8. NUMBER OF OBJECTS  
   Unknown

9. COURSE  
   NE

10. BRIEF SUMMARY OF SIGHTING  
    Silver white object observed 40° elev, 280° az. Disappearing over horizon at 050° after straight flight path in sight 17 min. Multiple sightings.

11. COMMENTS  
    Description, duration, and flight path of object is characteristic of satellite Echo I. A check indicates that Echo I was in position reported by witnesses. It is therefore concluded that object observed was probably Echo I.

12. CONCLUSIONS  
    Was Balloon  
    Probably Balloon  
    Possibly Balloon  
    Was Aircraft  
    Probably Aircraft  
    Possibly Aircraft  
    Was Astronomical  
    Probably Astronomical  
    Possibly Astronomical  
    Insufficient Data for Evaluation  
    ʘEchoʘ

ATIC FORM 329 (REV 25 SEP 52)",0.09690721649484536,4.4,"PROJECT 10073 RECORD CARD

1. DATE  
3 Aug 61

2. LOCATION  
2621N 12650E (FAREAST)

3. DATE-TIME GROUP  
Local 2015  
GMT 0311157

4. TYPE OF OBSERVATION  
Ground-Visual  
Ground-Radar  
Air-Visual  
Air-Intercept Radar

5. PHOTOS  
Yes  
No

6. SOURCE  
ʘMilitaryʘ  
Other

s. NUMBER OF OBJECTS  
Insufficient Data for Evaluation  
Unknown  
Prob

7. LENGTH OF OBSERVATION  
17 min

9. COURSE  
NE

10. BRIEF SUMMARY OF SIGHTING  
Silver white object observed 40° elev, 280° az. Disappearing over horizon at 050° after straight flight path in sight 17 min. Multiple sightings.

11. COMMENTS  
Description, duration, and flight path of object is characteristic of satellite Echo I. A check indicates that Echo I was in position reported by witnesses. It is therefore concluded that object observed was probably Echo I.

12. CONCLUSIONS  
Was Balloon  
Probably Balloon  
Possibly Balloon  
Was Aircraft  
Probably Aircraft  
Possibly Aircraft  
Was Astronomical  
Probably Astronomical  
Possibly Astronomical

ATIC FORM 329 (REV 25 SEP 52)",0.1731958762886598,3.53,"PROJECT 10073 RECORD CARD

1. DATE  
3 Aug 61

2. LOCATION  
2621N 12650E (FAREAST)

3. DATE-TIME GROUP  
Local 2015  
GMT 031115Z

4. TYPE OF OBSERVATION  
Ground-Visual  
Ground-Radar  
Air-Visual  
Air-Intercept Radar  

5. PHOTOS  
Yes  ʘNoʘ

6. SOURCE  
ʘMilitaryʘ  
Other  

7. LENGTH OF OBSERVATION  
17 min

8. NUMBER OF OBJECTS  
Insufficient Data for Evaluation

9. COURSE  
NE

10. BRIEF SUMMARY OF SIGHTING  
Silver white object observed 40° elev, 280° az. Disappearing over horizon at 050° after straight flight path in sight 17 min. Multiple sightings.

11. COMMENTS  
Description, duration, and flight path of object is characteristic of satellite Echo I. A check indicates that Echo I was in position reported by witnesses. It is therefore concluded that object observed was probably Echo I.

12. CONCLUSIONS  
Was Balloon  
Probably Balloon  
Possibly Balloon  
Was Aircraft  
Probably Aircraft  
Possibly Aircraft  
Was Astronomical  
Probably Astronomical  
Possibly Astronomical  
Prob Echo  

ATIC FORM 329 (REV 25 SEP 52)",0.13960703205791106,4.25
29000943,"PROJECT 10073 RECORD  
1. DATE - TIME GROUP  
Summer 1963  
2. LOCATION  
Middletown, New York  
3. SOURCE  
Civilian  
4. NUMBER OF OBJECTS  
8 - 10  
5. LENGTH OF OBSERVATION  
About 1 Minute  
6. TYPE OF OBSERVATION  
Ground-Visual  
7. COURSE  
Maneuvered  
8. PHOTOS  
No  
9. PHYSICAL EVIDENCE  
No  
10. CONCLUSION  
UNIDENTIFIED  

BRIEF SUMMARY AND ANALYSIS  
8 - 10 lights moving at random formed into a circle and then flew away. Brighter than stars. Darting in all directions for 30 seconds, flying in a circle for 30 seconds, then disappeared to North in a few seconds. Report made two years after sighting.  

Report received two years after observation. Too old to warrant additional investigation. No apparent solution.  

FORM  
FTD SEP 63 0-329 (TDE)  
Previous editions of this form may be used.",0.2511261261261261,9.59,"PROJECT 10073 RECORD  
1. DATE - TIME - GROUP  
Summer 1963  
2. LOCATION  
Middletown, New York  
3. SOURCE  
Civilian  
4. NUMBER OF OBJECTS  
8 - 10  
5. LENGTH OF OBSERVATION  
About 1 Minute  
6. TYPE OF OBSERVATION  
Ground-Visual  
7. COURSE  
Maneuvered  
8. PHOTOS  
No  
9. PHYSICAL EVIDENCE  
No  
10. CONCLUSION  
UNIDENTIFIED  
11. BRIEF SUMMARY AND ANALYSIS  
Report received two years after observation. Too old to warrant additional investigation. No apparent solution.  
8 - 10 lights moving at random formed into a circle and then flew away. Brighter than stars. Darting in all directions for 30 seconds, flying in a circle for 30 seconds, then disappeared to North in a few seconds. Report made two years after sighting.  

FORM  
FTD SEP 63 0-329 (TDE)  
Previous editions of this form may be used.",0.21509009009009009,4.33,"PROJECT 10073 RECORD  
1. DATE - TIME GROUP  
Summer 1963  
2. LOCATION  
Middletown, New York  
3. SOURCE  
Civilian  
4. NUMBER OF OBJECTS  
8 - 10  
5. LENGTH OF OBSERVATION  
About 1 Minute  
6. TYPE OF OBSERVATION  
Ground-Visual  
7. COURSE  
Maneuvered  
8. PHOTOS  
No  
9. PHYSICAL EVIDENCE  
No  
10. CONCLUSION  
UNIDENTIFIED  

BRIEF SUMMARY AND ANALYSIS  
8 - 10 lights moving at random formed into a circle and then flew away. Brighter than stars. Darting in all directions for 30 seconds, flying in a circle for 30 seconds, then disappeared to North in a few seconds. Report made two years after sighting.  

Report received two years after observation. Too old to warrant additional investigation. No apparent solution.  

FORM  
FTD SEP 63 0-329 (TDE)  
Previous editions of this form may be used.",0.2511261261261261,5.22,"PROJECT 10073 RECORD  
1. DATE - TIME GROUP  
Summer 1963  

2. LOCATION  
Middletown, New York  

3. SOURCE  
Civilian  

4. NUMBER OF OBJECTS  
8 - 10  

5. LENGTH OF OBSERVATION  
About 1 Minute  

6. TYPE OF OBSERVATION  
Ground-Visual  

7. COURSE  
Maneuvered  

8. PHOTOS  
No  

9. PHYSICAL EVIDENCE  
No  

10. CONCLUSION  
UNIDENTIFIED  

11. BRIEF SUMMARY AND ANALYSIS  
8 - 10 lights moving at random formed into a circle and then flew away. Brighter than stars. Darting in all directions for 30 seconds, flying in a circle for 30 seconds, then disappeared to North in a few seconds. Report made two years after sighting. Report received two years after observation. Too old to warrant additional investigation. No apparent solution.  

FORM  
FTD SEP 63 0-329 (TDE)  
Previous editions of this form may be used.",0.24662162162162163,5.22,"PROJECT 10073 RECORD

1. DATE - TIME GROUP  
Summer 1963

2. LOCATION  
Middletown, New York

3. SOURCE  
Civilian

4. NUMBER OF OBJECTS  
8 - 10

5. LENGTH OF OBSERVATION  
About 1 Minute

6. TYPE OF OBSERVATION  
Ground-Visual

7. COURSE  
Maneuvered

8. PHOTOS  
No

9. PHYSICAL EVIDENCE  
No

10. CONCLUSION  
UNIDENTIFIED

11. BRIEF SUMMARY AND ANALYSIS  
8 - 10 lights moving at random formed into a circle and then flew away. Brighter than stars. Darting in all directions for 30 seconds, flying in a circle for 30 seconds, then disappeared to North in a few seconds. Report made two years after sighting. Report received two years after observation. Too old to warrant additional investigation. No apparent solution.",0.3063063063063063,4.4,"PROJECT 10073 RECORD  
1. DATE - TIME GROUP  
Summer 1963  

2. LOCATION  
Middletown, New York  

3. SOURCE  
Civilian  

4. NUMBER OF OBJECTS  
8 - 10  

5. LENGTH OF OBSERVATION  
About 1 Minute  

6. TYPE OF OBSERVATION  
Ground-Visual  

7. COURSE  
Maneuvered  

8. PHOTOS  
No  

9. PHYSICAL EVIDENCE  
No  

10. CONCLUSION  
UNIDENTIFIED  

11. BRIEF SUMMARY AND ANALYSIS  
Report received two years after observation. Too old to warrant additional investigation. No apparent solution.  
8 - 10 lights moving at random formed into a circle and then flew away. Brighter than stars. Darting in all directions for 30 seconds, flying in a circle for 30 seconds, then disappeared to North in a few seconds. Report made two years after sighting.  

FORM  
FTD SEP 63 0-329 (TDE)  
Previous editions of this form may be used.",0.21283783783783783,4.92,"PROJECT 10073 RECORD

1. DATE - TIME .GROUP  
Summer 1963

2. LOCATION  
Middletown, New York

3. SOURCE  
Civilian

4. NUMBER OF OBJECTS  
8 - 10

5. LENGTH OF OBSERVATION  
About 1 Minute

6. TYPE OF OBSERVATION  
Ground-Visual

7. COURSE  
Manuvered

8. PHOTOS  
Yes  ʘNoʘ

9. PHYSICAL EVIDENCE  
Yes  ʘNoʘ

10. CONCLUSION  
UNIDENTIFIED

11. BRIEF SUMMARY AND ANALYSIS  
8 - 10 lights moving at random formed into a circle and then flew away. Brighter than stars. Darting in all directions for 30 seconds, flying in a circle for 30 seconds, then disappeared to North in a few seconds. Report made two years after sighting. Report received two years after observation. Too old to warrant additional investigation. No apparent solution.

FORM  
FTD SEP 63 0-329 (TDE)  
Previous editions of this form may be used.",0.24211711711711711,4.09,"PROJECT 10073 RECORD

1. DATE - TIME
Summer 1963

2. LOCATION
Middletown, New York

3. SOURCE
Civilian

4. NUMBER OF OBJECTS
8 - 10

5. LENGTH OF OBSERVATION
About 1 Minute

6. TYPE OF OBSERVATION
Ground-Visual

7. COURSE
Manuvered

8. PHOTOS
Yes  ʘNoʘ

9. PHYSICAL EVIDENCE
Yes  ʘNoʘ

10. CONCLUSION
UNIDENTIFIED

11. BRIEF SUMMARY AND ANALYSIS
8 - 10 lights moving at random formed into a circle and then flew away. Brighter than stars. Darting in all directions for 30 seconds, flying in a circle for 30 seconds, then disappeared to North in a few seconds. Report made two years after sighting. Report received two years after observation. Too old to warrant additional investigation. No apparent solution.

FORM
FTD SEP 63 0-329 (TDE)

Previous editions of this form may be used.",0.24774774774774774,8.91,"PROJECT 10073 RECORD

1. DATE - TIME .GROUP  
Summer 1963

2. LOCATION  
Middletown, New York

3. SOURCE  
Civilian

4. NUMBER OF OBJECTS  
8 - 10

5. LENGTH OF OBSERVATION  
About 1 Minute

6. TYPE OF OBSERVATION  
Ground-Visual

7. COURSE  
Manuvered

8. PHOTOS  
Yes  ʘNoʘ

9. PHYSICAL EVIDENCE  
Yes  ʘNoʘ

10. CONCLUSION  
UNIDENTIFIED

11. BRIEF SUMMARY AND ANALYSIS  
8 - 10 lights moving at random formed into a circle and then flew away. Brighter than stars. Darting in all directions for 30 seconds, flying in a circle for 30 seconds, then disappeared to North in a few seconds. Report made two years after sighting. Report received two years after observation. Too old to warrant additional investigation. No apparent solution.

FORM  
FTD SEP 63 0-329 (TDE)  
Previous editions of this form may be used.",0.24211711711711711,2.56
28921378,"[1949]  
1 - 31 AUGUST/SIGHTINGS  

DATE  
LOCATION  
OBSERVER  
EVALUATION  

501 Aug  
Fresno, California (CARDS MISSING)  

502  
1  
Columbus, Ohio  
1. Other (CONTRAIL)  
2. Astro (STARS/PLANETS)  

503  
2  
44.15N - 132.57W (California)  
PHOTOS  
Other (CLOUDS/CONTRAILS)  

504  
2  
Port O'Connor  
Astro (VENUS)  

505  
2  
San Francisco, California  
Other (KITES)  

506 5  
LaPorte, Pennsylvania  
Multiple (PHOTOS)  
Other (HOAX)  
(PHYSICAL SPECIMEN)  

507  
6  
Long Island, New York  
BALLOON  

508  
7  
New Orleans, Louisiana  
BALLOON  

509  
7  
Tampico, Mexico  
Astro (METEOR)  

510 8  
Death Valley, California  
Other (HOAX)  
(PHYSICAL SPECIMEN)  

511  
8  
Medford, Oregon  
Multiple  
Other (BALLS OF THISTLE)  

512  
8  
Manitou Springs, Colorado  
BALLOON  

513  
8  
Biloxi, Hattiesburg, Mississippi  
Astro (METEOR)  

514  
9  
Hebgen Lake, Montana  
Other (ASTRADOME FROM C-47)  

515  
10  
Camp Hood, Texas  
Multiple  
Astro (METEOR)  

516 10  
Hindsville, Arkansas  
AIRCRAFT  

-12  
West-Newport-Beach, California  
Hood NOT investigated  
INSUFFICIENT DATA  

517 13  
New Orleans, Louisiana  
CASE of  
Other (CAST ALUMINUM PHOTOS)  
ALLOY OF ORDINARY  
(PHYSICAL SPECIMEN)  
COMMERCIAL QUALITY  

518  
14-21 Nogales, Arizona  
Multiple  
1. Other (REFLECTION OF AIRPORT BEACON ON CLOUDS)  
2. Astro (METEORS)  

519  
15  
Dallas, Texas  
AIRCRAFT  

520  
15  
Seattle, Washington  
AIRCRAFT  

521  
15  
Greenville, South Carolina  
BALLOON  

522  
17  
Glen Burnie, Maryland  
(PHOTOS)  
Other (HOAX)  

523  
18  
Weimar, California  
Other (BIRDS)  

524  
19  
Wisconsin  
AIRCRAFT  

525  
19  
Langley AFB, Virginia  
INSUFFICIENT DATA  

526  
20  
Llano, Texas  
Astro (MOON)  

527  
20  
Denver, Colorado  
AIRCRAFT  

528  
22  
Seattle, Washington  
AIRCRAFT  

529  
23  
Misawa AB, Japan  
AIRCRAFT  

530  
25  
McDonald, Ohio  
Other (PAPER IN WIND)  

531  
26  
Davis-Monthan AFB, Arizona  
AIRCRAFT  

532 28  
Hansville, Washington  
BALLOON  

533  
31  
Houston, Texas  
Astro (METEOR)  

534  
31  
Sacramento, California  
Astro (METEOR)  

535  
Aug-Sep Oak Park (STATE UNKNOWN)  
INSUFFICIENT DATA  

ADDITIONAL REPORTED SIGHTINGS (NOT CASES)  

DATE  
LOCATION  
SOURCES  
OBSERVER  

536  
20  
Las Cruces, New Mexico  
1 - 31 AUG",0.04871794871794872,8.81,"[1949]  
1 - 31 AUGUST/SIGHTINGS  

DATE  
LOCATION  
OBSERVER  
EVALUATION  

501 Aug  
Fresno, California (CARDS MISSING)  

502  
1  
Columbus, Ohio  
1. Other (CONTRAIL)  
2. Astro (STARS/PLANETS)  

503  
2  
44.15N - 132.57W (California)  
PHOTOS  
Other (CLOUDS/CONTRAILS)  

504  
2  
Port O'Connor  
Astro (VENUS)  

505  
2  
San Francisco, California  
Other (KITES)  

506  
5  
LaPorte, Pennsylvania  
Multiple (PHOTOS)  
Other (HOAX)  
(PHYSICAL SPECIMEN)  

507  
6  
Long Island, New York  
BALLOON  

508  
7  
New Orleans, Louisiana  
BALLOON  

509  
7  
Tampico, Mexico  
Astro (METEOR)  

510  
8  
Death Valley, California  
Other (HOAX)  
(PHYSICAL SPECIMEN)  

511  
8  
Medford, Oregon  
Multiple  
Other (BALLS OF THISTLE)  

512  
8  
Manitou Springs, Colorado  
BALLOON  

513  
8  
Biloxi, Hattiesburg, Mississippi  
Astro (METEOR)  

514  
9  
Hebgen Lake, Montana  
Other (ASTRADOME FROM C-47)  

515  
10  
Camp Hood, Texas  
Multiple  
Astro (METEOR)  

516  
10  
Hindsville, Arkansas  
AIRCRAFT  

517  
12  
Newport Beach, California  
Not investigated  
INSUFFICIENT DATA  

518  
13  
New Orleans, Louisiana  
CASE of  
Other (CAST ALUMINUM ALLOY OF ORDINARY COMMERCIAL QUALITY)  
(PHYSICAL SPECIMEN)  

519  
14-21  
Nogales, Arizona  
Multiple  
1. Other (REFLECTION OF AIRPORT BEACON ON CLOUDS)  
2. Astro (METEORS)  

520  
15  
Dallas, Texas  
AIRCRAFT  

521  
15  
Seattle, Washington  
AIRCRAFT  

522  
15  
Greenville, South Carolina  
BALLOON  

523  
17  
Glen Burnie, Maryland  
(PHOTOS)  
Other (HOAX)  

524  
18  
Weimar, California  
Other (BIRDS)  

525  
19  
Wisconsin  
AIRCRAFT  

526  
19  
Langley AFB, Virginia  
INSUFFICIENT DATA  

527  
20  
Llano, Texas  
Astro (MOON)  

528  
20  
Denver, Colorado  
AIRCRAFT  

529  
22  
Seattle, Washington  
AIRCRAFT  

530  
23  
Misawa AB, Japan  
AIRCRAFT  

531  
25  
McDonald, Ohio  
Other (PAPER IN WIND)  

532  
26  
Davis-Monthan AFB, Arizona  
AIRCRAFT  

533  
28  
Hansville, Washington  
BALLOON  

534  
31  
Houston, Texas  
Astro (METEOR)  

535  
31  
Sacramento, California  
Astro (METEOR)  

536  
Aug-Sep  
Oak Park (STATE UNKNOWN)  
INSUFFICIENT DATA  

ADDITIONAL REPORTED SIGHTINGS (NOT CASES)  

DATE  
LOCATION  
SOURCES  
OBSERVER  

537  
20  
Las Cruces, New Mexico  
1 - 31 AUG",0.0506198347107438,13.56,"[1949]  
1 - 31 AUGUST/SIGHTINGS  

DATE  
LOCATION  
OBSERVER  
EVALUATION  

501 Aug  
Fresno, California (CARDS MISSING)  

502  
1  
Columbus, Ohio  
1. Other (CONTRAIL)  
2. Astro (STARS/PLANETS)  

503  
2  
44.15N - 132.57W (California)  
PHOTOS)  
Other (CLOUDS/CONTRAILS)  

504  
2  
Port O'Connor  
Astro (VENUS)  

505  
2  
San Francisco, California  
Other (KITES)  

506  
5  
LaPorte, Pennsylvania  
Multiple (PHOTOS)  
Other (HOAX)  
(PHYSICAL SPECIMEN)  

507  
6  
Long Island, New York  
BALLOON  

508  
7  
New Orleans, Louisiana  
BALLOON  

509  
7  
Tampico, Mexico  
Astro (METEOR)  

510  
8  
Death Valley, California  
Other (HOAX)  
(PHYSICAL SPECIMEN)  

511  
8  
Medford, Oregon  
Multiple  
Other (BALLS OF THISTLE)  

512  
8  
Manitou Springs, Colorado  
BALLOON  

513  
8  
Biloxi, Hattiesburg, Mississippi  
Astro (METEOR)  

514  
9  
Hebgen Lake, Montana  
Other (ASTRADOME FROM C-47)  

515  
10  
Camp Hood, Texas  
Multiple  
Astro (METEOR)  

516  
10  
Hindsville, Arkansas  
AIRCRAFT  

-12  
Newport Beach, California  
(Not investigated)  
INSUFFICIENT DATA  

517  
13  
New Orleans, Louisiana  
CASE of  
Other (CAST ALUMINUM ALLOY OF ORDINARY COMMERCIAL QUALITY)  
(PHYSICAL SPECIMEN)  

518  
14-21  
Nogales, Arizona  
Multiple  
1. Other (REFLECTION OF AIRPORT BEACON ON CLOUDS)  
2. Astro (METEORS)  

519  
15  
Dallas, Texas  
AIRCRAFT  

520  
15  
Seattle, Washington  
AIRCRAFT  

521  
15  
Greenville, South Carolina  
BALLOON  

522  
17  
Glen Burnie, Maryland  
(PHOTOS)  
Other (HOAX)  

523  
18  
Weimar, California  
Other (BIRDS)  

524  
19  
Wisconsin  
AIRCRAFT  

525  
19  
Langley AFB, Virginia  
INSUFFICIENT DATA  

526  
20  
Llano, Texas  
Astro (MOON)  

527  
20  
Denver, Colorado  
AIRCRAFT  

528  
22  
Seattle, Washington  
AIRCRAFT  

529  
23  
Misawa AB, Japan  
AIRCRAFT  

530  
25  
McDonald, Ohio  
Other (PAPER IN WIND)  

531  
26  
Davis-Monthan AFB, Arizona  
AIRCRAFT  

532  
28  
Hansville, Washington  
BALLOON  

533  
31  
Houston, Texas  
Astro (METEOR)  

534  
31  
Sacramento, California  
Astro (METEOR)  

535  
Aug-Sep  
Oak Park (STATE UNKNOWN)  
INSUFFICIENT DATA  

ADDITIONAL REPORTED SIGHTINGS (NOT CASES)  

DATE  
LOCATION  
SOURCES  
OBSERVER  

536  
20  
Las Cruces, New Mexico  
1 - 31 AUG",0.03925619834710744,51.15,"[1949]  
1 - 31 AUGUST/SIGHTINGS

DATE  
LOCATION  
OBSERVER  
EVALUATION  

501 Aug 1  
Fresno, California  
(CARDS MISSING)  

502 Aug 1  
Columbus, Ohio  
1. Other (CONTRAIL)  
2. Astro (STARS/PLANETS)  

503 Aug 2  
44.15N - 132.57W (California)  
PHOTOS  
Other (CLOUDS/CONTRAILS)  

504 Aug 2  
Port O'Connor  
Astro (VENUS)  

505 Aug 2  
San Francisco, California  
Other (KITES)  

506 Aug 5  
LaPorte, Pennsylvania  
Multiple PHOTOS  
Other (HOAX)  
(PHYSICAL SPECIMEN)  

507 Aug 6  
Long Island, New York  
BALLOON  

508 Aug 7  
New Orleans, Louisiana  
BALLOON  

509 Aug 7  
Tampico, Mexico  
Astro (METEOR)  

510 Aug 8  
Death Valley, California  
Other (HOAX)  
(PHYSICAL SPECIMEN)  

511 Aug 8  
Medford, Oregon  
Multiple  
Other (BALLS OF THISTLE)  

512 Aug 8  
Manitou Springs, Colorado  
BALLOON  

513 Aug 8  
Biloxi, Hattiesburg, Mississippi  
Astro (METEOR)  

514 Aug 9  
Hebgen Lake, Montana  
Other (ASTRADOME FROM C-47)  

515 Aug 10  
Camp Hood, Texas  
Multiple  
Astro (METEOR)  

516 Aug 10  
Hindsville, Arkansas  
AIRCRAFT  

-12  
Newport Beach, California  
NOT investigated  
INSUFFICIENT DATA  

517 Aug 13  
New Orleans, Louisiana  
CASE of  
Other (CAST ALUMINUM ALLOY OF ORDINARY COMMERCIAL QUALITY)  
PHOTOS  
(PHYSICAL SPECIMEN)  

518 Aug 14-21  
Nogales, Arizona  
Multiple  
1. Other (REFLECTION OF AIRPORT BEACON ON CLOUDS)  
2. Astro (METEORS)  

519 Aug 15  
Dallas, Texas  
AIRCRAFT  

520 Aug 15  
Seattle, Washington  
AIRCRAFT  

521 Aug 15  
Greenville, South Carolina  
BALLOON  

522 Aug 17  
Glen Burnie, Maryland  
PHOTOS  
Other (HOAX)  

523 Aug 18  
Weimar, California  
Other (BIRDS)  

524 Aug 19  
Wisconsin  
AIRCRAFT  

525 Aug 19  
Langley AFB, Virginia  
INSUFFICIENT DATA  

526 Aug 20  
Llano, Texas  
Astro (MOON)  

527 Aug 20  
Denver, Colorado  
AIRCRAFT  

528 Aug 22  
Seattle, Washington  
AIRCRAFT  

529 Aug 23  
Misawa AB, Japan  
AIRCRAFT  

530 Aug 25  
McDonald, Ohio  
Other (PAPER IN WIND)  

531 Aug 26  
Davis-Monthan AFB, Arizona  
AIRCRAFT  

532 Aug 28  
Hansville, Washington  
BALLOON  

533 Aug 31  
Houston, Texas  
Astro (METEOR)  

534 Aug 31  
Sacramento, California  
Astro (METEOR)  

535 Aug-Sep  
Oak Park (STATE UNKNOWN)  
INSUFFICIENT DATA  

ADDITIONAL REPORTED SIGHTINGS (NOT CASES)

DATE  
LOCATION  
SOURCES  
OBSERVER  

536 Aug 20  
Las Cruces, New Mexico  
1 - 31 AUG",0.10655737704918032,16.78,"[1949]  
1 - 31 AUGUST/SIGHTINGS  

DATE  
LOCATION  
OBSERVER  
EVALUATION  

501 Aug  
Fresno, California (CARDS MISSING)  

502  
1  
Columbus, Ohio  
1. Other (CONTRAIL)  
2. Astro (STARS/PLANETS)  

503  
2  
44.15N - 132.57W (California)  
(PHOTOS)  
Other (CLOUDS/CONTRAILS)  

504  
2  
Port O'Connor  
Astro (VENUS)  

505  
2  
San Francisco, California  
Other (KITES)  

506  
5  
LaPorte, Pennsylvania  
Multiple (PHOTOS)  
Other (HOAX)  
(PHYSICAL SPECIMEN)  

507  
6  
Long Island, New York  
BALLOON  

508  
7  
New Orleans, Louisiana  
BALLOON  

509  
7  
Tampico, Mexico  
Astro (METEOR)  

510  
8  
Death Valley, California  
Other (HOAX)  
(PHYSICAL SPECIMEN)  

511  
8  
Medford, Oregon  
Multiple  
Other (BALLS OF THISTLE)  

512  
8  
Manitou Springs, Colorado  
BALLOON  

513  
8  
Biloxi, Hattiesburg, Mississippi  
Astro (METEOR)  

514  
9  
Hebgen Lake, Montana  
Other (ASTRADOME FROM C-47)  

515  
10  
Camp Hood, Texas  
Multiple  
Astro (METEOR)  

516  
10  
Hindsville, Arkansas  
AIRCRAFT  

517  
12  
Newport Beach, California  
NOT investigated  
INSUFFICIENT DATA  

518  
13  
New Orleans, Louisiana  
CASE of  
Other (CAST ALUMINUM ALLOY OF ORDINARY COMMERCIAL QUALITY)  
(PHYSICAL SPECIMEN)  

519  
14-21  
Nogales, Arizona  
Multiple  
1. Other (REFLECTION OF AIRPORT BEACON ON CLOUDS)  
2. Astro (METEORS)  

520  
15  
Dallas, Texas  
AIRCRAFT  

521  
15  
Seattle, Washington  
AIRCRAFT  

522  
15  
Greenville, South Carolina  
BALLOON  

523  
17  
Glen Burnie, Maryland  
(PHOTOS)  
Other (HOAX)  

524  
18  
Weimar, California  
Other (BIRDS)  

525  
19  
Wisconsin  
AIRCRAFT  

526  
19  
Langley AFB, Virginia  
INSUFFICIENT DATA  

527  
20  
Llano, Texas  
Astro (MOON)  

528  
20  
Denver, Colorado  
AIRCRAFT  

529  
22  
Seattle, Washington  
AIRCRAFT  

530  
23  
Misawa AB, Japan  
AIRCRAFT  

531  
25  
McDonald, Ohio  
Other (PAPER IN WIND)  

532  
26  
Davis-Monthan AFB, Arizona  
AIRCRAFT  

533  
28  
Hansville, Washington  
BALLOON  

534  
31  
Houston, Texas  
Astro (METEOR)  

535  
31  
Sacramento, California  
Astro (METEOR)  

536  
Aug-Sep  
Oak Park (STATE UNKNOWN)  
INSUFFICIENT DATA  

ADDITIONAL REPORTED SIGHTINGS (NOT CASES)  

DATE  
LOCATION  
SOURCES  
OBSERVER  

537  
20  
Las Cruces, New Mexico  
1 - 31 AUG",0.05056759545923633,10.95,"1 - 31 AUGUST/SIGHTINGS

DATE  
LOCATION  
OBSERVER  
EVALUATION  

501 Aug  
Fresno, California (CARDS MISSING)  

502  
1  
Columbus, Ohio  
1. Other (CONTRAIL)  
2. Astro (STARS/PLANETS)  

503  
2  
44.15N - 132.57W (California)  
PHOTOS)  
Other (CLOUDS/CONTRAILS)  

504  
2  
Port O'Connor  
Astro (VENUS)  

505  
2  
San Francisco, California  
Other (KITES)  

506  
5  
LaPorte, Pennsylvania  
Multiple (PHOTOS)  
Other (HOAX)  
(PHYSICAL SPECIMEN)  

507  
6  
Long Island, New York  
BALLOON  

508  
7  
New Orleans, Louisiana  
BALLOON  

509  
7  
Tampico, Mexico  
Astro (METEOR)  

510  
8  
Death Valley, California  
Other (HOAX)  
(PHYSICAL SPECIMEN)  

511  
8  
Medford, Oregon  
Multiple  
Other (BALLS OF THISTLE)  

512  
8  
Manitou Springs, Colorado  
BALLOON  

513  
8  
Biloxi, Hattiesburg, Mississippi  
Astro (METEOR)  

514  
9  
Hebgen Lake, Montana  
Other (ASTRADOME FROM C-47)  

515  
10  
Camp Hood, Texas  
Multiple  
Astro (METEOR)  

516  
10  
Hindsville, Arkansas  
AIRCRAFT  

517  
12  
Newport Beach, California  
Not investigated  
INSUFFICIENT DATA  

518  
13  
New Orleans, Louisiana  
CASE of  
Other (CAST ALUMINUM ALLOY OF ORDINARY COMMERCIAL QUALITY)  
(PHYSICAL SPECIMEN)  

519  
14-21  
Nogales, Arizona  
Multiple  
1. Other (REFLECTION OF AIRPORT BEACON ON CLOUDS)  
2. Astro (METEORS)  

520  
15  
Dallas, Texas  
AIRCRAFT  

521  
15  
Seattle, Washington  
AIRCRAFT  

522  
15  
Greenville, South Carolina  
BALLOON  

523  
17  
Glen Burnie, Maryland  
(PHOTOS)  
Other (HOAX)  

524  
18  
Weimar, California  
Other (BIRDS)  

525  
19  
Wisconsin  
AIRCRAFT  

526  
19  
Langley AFB, Virginia  
INSUFFICIENT DATA  

527  
20  
Llano, Texas  
Astro (MOON)  

528  
20  
Denver, Colorado  
AIRCRAFT  

529  
22  
Seattle, Washington  
AIRCRAFT  

530  
23  
Misawa AB, Japan  
AIRCRAFT  

531  
25  
McDonald, Ohio  
Other (PAPER IN WIND)  

532  
26  
Davis-Monthan AFB, Arizona  
AIRCRAFT  

533  
28  
Hansville, Washington  
BALLOON  

534  
31  
Houston, Texas  
Astro (METEOR)  

535  
31  
Sacramento, California  
Astro (METEOR)  

536  
Aug-Sep  
Oak Park (STATE UNKNOWN)  
INSUFFICIENT DATA  

ADDITIONAL REPORTED SIGHTINGS (NOT CASES)  

DATE  
LOCATION  
SOURCES  
OBSERVER  

537  
20  
Las Cruces, New Mexico",0.059771309771309775,17.16,"[1949]  
1 - 31 AUGUST/SIGHTINGS  

DATE  
LOCATION  
OBSERVER  
EVALUATION  

501 Aug  
Tresno, California (CARDS MISSING)  

502  
1  
Columbus, Ohio  
1. Other (CONTRAIL)  
2. Astro (STARS/PLANETS)  

503  
2  
44.15N - 132.57W (California)  
PHOTOS)  
Other (CLOUDS/CONTRAILS)  

504  
2  
Port O'Connor  
Astro (VENUS)  

505  
2  
San Francisco, California  
Other (KITES)  

506 5  
LaPorte, Pennsylvania  
Multiple (PHOTOS)  
Other (HOAX)  
(PHYSICAL SPECIMEN)  

507  
6  
Long Island, New York  
BALLOON  

508  
7  
New Orleans, Louisiana  
BALLOON  

509  
7  
Tampico, Mexico  
Astro (METEOR)  

510 8  
Death Valley, California  
Other (HOAX)  
(PHYSICAL SPECIMEN)  

511  
8  
Medford, Oregon  
Multiple  
Other (BALLS OF THISTLE)  

512  
Manitou Springs, Colorado  
BALLOON  

513  
8  
Biloxi, Hattiesburg, Mississippi  
Astro (METEOR)  

514  
9  
Hebgen Lake, Montana  
Other (ASTRADOME FROM C-47)  

515  
10  
Camp Hood, Texas  
Multiple  
Astro (METEOR)  

516 10  
Hindsville, Arkansas  
AIRCRAFT  

-12  
Newport Beach, California  
Hood NOT investigated  
INSUFFICIENT DATA  

517 13  
New Orleans, Louisiana  
CASE of  
Other (CAST ALUMINUM PHOTOS)  
ALLOY OF ORDINARY  
(PHYSICAL SPECIMEN)  
COMMERCIAL QUALITY  

518  
14-21 Nogales, Arizona  
Multiple  
1. Other (REFLECTION OF AIRPORT BEACON ON CLOUDS)  
2. Astro (METEORS)  

519  
15  
Dallas, Texas  
AIRCRAFT  

520  
15  
Seattle, Washington  
AIRCRAFT  

521  
15  
Greenville, South Carolina  
BALLOON  

522  
17  
Glen Burnie, Maryland  
(PHOTOS)  
Other (HOAX)  

523  
18  
Weimar, California  
Other (BIRDS)  

524  
19  
Wisconsin  
AIRCRAFT  

525  
19  
Langley AFB, Virginia  
INSUFFICIENT DATA  

526  
20  
Llano, Texas  
Astro (MOON)  

527  
20  
Denver, Colorado  
AIRCRAFT  

528  
22  
Seattle, Washington  
AIRCRAFT  

529  
23  
Misawa AB, Japan  
AIRCRAFT  

530  
25  
McDonald, Ohio  
Other (PAPER IN WIND)  

531  
26  
Davis-Monthan AFB, Arizona  
AIRCRAFT  

532 28  
Hansville, Washington  
BALLOON  

533  
31  
Houston, Texas  
Astro (METEOR)  

534  
31  
Sacramento, California  
Astro (METEOR)  

535  
Aug-Sep Oak Park (STATE UNKNOWN)  
INSUFFICIENT DATA  

ADDITIONAL REPORTED SIGHTINGS (NOT CASES)  

DATE  
LOCATION  
SOURCES  
OBSERVER  

536  
20  
Las Cruces, New Mexico  
1 - 31 AUG",0.04989711934156379,6.39,"[1949]  
1 - 31 AUGUST/SIGHTINGS  

DATE  
LOCATION  
OBSERVER  
EVALUATION  

501 Aug  
Tresno, California (CARDS MISSING)  

502  
1  
Columbus, Ohio  
1. Other (CONTRAIL)  
2. Astro (STARS/PLANETS)  

503  
2  
44.15N - 132.57W (California)  
PHOTOS)  
Other (CLOUDS/CONTRAILS)  

504  
2  
Port O'Connor  
Astro (VENUS)  

505  
2  
San Francisco, California  
Other (KITES)  

506 5  
LaPorte, Pennsylvania  
Multiple (PHOTOS)  
Other (HOAX)  
(PHYSICAL SPECIMEN)  

507  
6  
Long Island, New York  
BALLOON  

508  
7  
New Orleans, Louisiana  
BALLOON  

509  
7  
Tampico, Mexico  
Astro (METEOR)  

510 8  
Death Valley, California  
Other (HOAX)  
(PHYSICAL SPECIMEN)  

511  
8  
Medford, Oregon  
Multiple  
Other (BALLS OF THISTLE)  

512  
Manitou Springs, Colorado  
BALLOON  

513  
8  
Biloxi, Hattiesburg, Mississippi  
Astro (METEOR)  

514  
9  
Hebgen Lake, Montana  
Other (ASTRADOME FROM C-47)  

515  
10  
Camp Hood, Texas  
Multiple  
Astro (METEOR)  

516 10  
Hindsville, Arkansas  
AIRCRAFT  

-12  
Newport Beach, California  
NOT investigated  
INSUFFICIENT DATA  

517 13  
New Orleans, Louisiana  
CASE of  
Other (CAST ALUMINUM PHOTOS)  
ALLOY OF ORDINARY  
(PHYSICAL SPECIMEN)  
COMMERCIAL QUALITY  

518  
14-21 Nogales, Arizona  
Multiple  
1. Other (REFLECTION OF AIRPORT BEACON ON CLOUDS)  
2. Astro (METEORS)  

519  
15  
Dallas, Texas  
AIRCRAFT  

520  
15  
Seattle, Washington  
AIRCRAFT  

521  
15  
Greenville, South Carolina  
BALLOON  

522  
17  
Glen Burnie, Maryland  
(PHOTOS)  
Other (HOAX)  

523  
18  
Weimar, California  
Other (BIRDS)  

524  
19  
Wisconsin  
AIRCRAFT  

525  
19  
Langley AFB, Virginia  
INSUFFICIENT DATA  

526  
20  
Llano, Texas  
Astro (MOON)  

527  
20  
Denver, Colorado  
AIRCRAFT  

528  
22  
Seattle, Washington  
AIRCRAFT  

529  
23  
Misawa AB, Japan  
AIRCRAFT  

530  
25  
McDonald, Ohio  
Other (PAPER IN WIND)  

531  
26  
Davis-Monthan AFB, Arizona  
AIRCRAFT  

532 28  
Hansville, Washington  
BALLOON  

533  
31  
Houston, Texas  
Astro (METEOR)  

534  
31  
Sacramento, California  
Astro (METEOR)  

535  
Aug-Sep Oak Park (STATE UNKNOWN)  
INSUFFICIENT DATA  

ADDITIONAL REPORTED SIGHTINGS (NOT CASES)  

DATE  
LOCATION  
SOURCES  
OBSERVER  

536  
20  
Las Cruces, New Mexico  

1 - 31 AUG",0.04744713769984528,5.94,"[1949]  
1 - 31 AUGUST/SIGHTINGS  

DATE   Aug 1  
LOCATION   Columbus, Ohio  
OBSERVER   1. Other (CONTRAIL) 2. Astro (STARS/PLANETS)  

DATE   Aug 2  
LOCATION   44.15N - 132.57W (California)  
OBSERVER   PHOTOS Other (CLOUDS/CONTRAILS)  

DATE   Aug 2  
LOCATION   Port O'Connor  
OBSERVER   Astro (VENUS)  

DATE   Aug 2  
LOCATION   San Francisco, California  
OBSERVER   Other (KITES)  

DATE   Aug 5  
LOCATION   LaPorte, Pennsylvania  
OBSERVER   Multiple PHOTOS Other (HOAX) (PHYSICAL SPECIMEN)  

DATE   Aug 6  
LOCATION   Long Island, New York  
OBSERVER   BALLOON  

DATE   Aug 7  
LOCATION   New Orleans, Louisiana  
OBSERVER   BALLOON  

DATE   Aug 7  
LOCATION   Tampico, Mexico  
OBSERVER   Astro (METEOR)  

DATE   Aug 8  
LOCATION   Death Valley, California  
OBSERVER   Other (HOAX) (PHYSICAL SPECIMEN)  

DATE   Aug 8  
LOCATION   Medford, Oregon  
OBSERVER   Multiple Other (BALLS OF THISTLE)  

DATE   Aug 8  
LOCATION   Manitou Springs, Colorado  
OBSERVER   BALLOON  

DATE   Aug 8  
LOCATION   Biloxi, Hattiesburg, Mississippi  
OBSERVER   Astro (METEOR)  

DATE   Aug 9  
LOCATION   Hebgen Lake, Montana  
OBSERVER   Other (ASTRADOME FROM C-47)  

DATE   Aug 10  
LOCATION   Camp Hood, Texas  
OBSERVER   Multiple Astro (METEOR)  

DATE   Aug 10  
LOCATION   Hindsville, Arkansas  
OBSERVER   AIRCRAFT  

DATE   Aug 12  
LOCATION   Newport Beach, California  
OBSERVER   Hood NOT investigated INSUFFICIENT DATA  

DATE   Aug 13  
LOCATION   New Orleans, Louisiana  
OBSERVER   CASE of Other (CAST ALUMINUM PHOTOS) ALLOY OF ORDINARY (PHYSICAL SPECIMEN) COMMERCIAL QUALITY  

DATE   Aug 14-21  
LOCATION   Nogales, Arizona  
OBSERVER   Multiple 1. Other (REFLECTION OF AIRPORT BEACON ON CLOUDS) 2. Astro (METEORS)  

DATE   Aug 15  
LOCATION   Dallas, Texas  
OBSERVER   AIRCRAFT  

DATE   Aug 15  
LOCATION   Seattle, Washington  
OBSERVER   AIRCRAFT  

DATE   Aug 15  
LOCATION   Greenville, South Carolina  
OBSERVER   BALLOON  

DATE   Aug 17  
LOCATION   Glen Burnie, Maryland  
OBSERVER   PHOTOS Other (HOAX)  

DATE   Aug 18  
LOCATION   Weimar, California  
OBSERVER   Other (BIRDS)  

DATE   Aug 19  
LOCATION   Wisconsin  
OBSERVER   AIRCRAFT  

DATE   Aug 19  
LOCATION   Langley AFB, Virginia  
OBSERVER   INSUFFICIENT DATA  

DATE   Aug 20  
LOCATION   Llano, Texas  
OBSERVER   Astro (MOON)  

DATE   Aug 20  
LOCATION   Denver, Colorado  
OBSERVER   AIRCRAFT  

DATE   Aug 22  
LOCATION   Seattle, Washington  
OBSERVER   AIRCRAFT  

DATE   Aug 23  
LOCATION   Misawa AB, Japan  
OBSERVER   AIRCRAFT  

DATE   Aug 25  
LOCATION   McDonald, Ohio  
OBSERVER   Other (PAPER IN WIND)  

DATE   Aug 26  
LOCATION   Davis-Monthan AFB, Arizona  
OBSERVER   AIRCRAFT  

DATE   Aug 28  
LOCATION   Hansville, Washington  
OBSERVER   BALLOON  

DATE   Aug 31  
LOCATION   Houston, Texas  
OBSERVER   Astro (METEOR)  

DATE   Aug 31  
LOCATION   Sacramento, California  
OBSERVER   Astro (METEOR)  

DATE   Aug-Sep  
LOCATION   Oak Park (STATE UNKNOWN)  
OBSERVER   INSUFFICIENT DATA  

ADDITIONAL REPORTED SIGHTINGS (NOT CASES)  
DATE   Aug 20  
LOCATION   Las Cruces, New Mexico  
SOURCES   1 - 31 AUG",0.38773975178638587,7.25
28992946,"Page 2

8. IF you saw the object at NIGHT, what did you notice concerning the STARS and MOON?

8.1 STARS (Circle One):
a. None
b. A few
c. Many
d. Don't remember

8.2 MOON (Circle One):
a. Bright moonlight
b. Dull moonlight
c. No moonlight - pitch dark
d. Don't remember

9. The object appeared:
Dark with string of light in center
(Circle One):
a. As a light
b. Shiny
c. Dark
d. Don't remember

10. If it appeared as a light, was it brighter than the brightest stars?
Yes.

11. Did the object:
(Circle One for each question)
a. Appear to stand still at any time?
Yes
No
Don't Know

b. Suddenly speed up and rush away at any time?
Yes
No
Don't Know

c. Break up into parts or explode?
Yes
No
Don't Know

d. Give off smoke?
Yes
No
Don't Know

e. Change brightness?
Yes
No
Don't Know

f. Change shape?
Yes
No
Don't Know

g. Flash or flicker?
Yes
No
Don't Know

h. Disappear and reappear?
Yes
No
Don't Know

12. Did the object move behind something at any time, particularly a cloud?
(Circle One):
Yes
No
Don't Know

IF you answered YES, then tell what it moved behind:

13. Did the object move in front of something at any time, particularly a cloud?
(Circle One):
Yes
No
Don't Know

IF you answered YES, then tell what in front of:

14. Did the object appear: (Circle One):
a. Solid
b. Transparent
c. Vapor
d. Don't Know

15. Did you observe the object through any of the following?
a. Eyeglasses
Yes
No

b. Sunglasses
Yes
No

c. Windshield
Yes
No

d. Window glass
Yes
No

e. Binoculars
Yes
No

f. Telescope
Yes
No

g. Theodolite
Yes
No

h. Other Name:",0.1614294516327788,936.47,"Page 2

8. IF you saw the object at NIGHT, what did you notice concerning the STARS and MOON?
8.1 STARS (Circle One):
a. None
b. A few
c. Many
d. Don't remember

8.2 MOON (Circle One):
a. Bright moonlight
b. Dull moonlight
c. No moonlight - pitch dark
d. Don't remember

9. The object appeared:
(Circle One):
a. As a light
b. Shiny
c. Dark
d. Don't remember

10. If it appeared as a light, was it brighter than the brightest stars?
Yes

11. Did the object:
(Circle One for each question)
a. Appear to stand still at any time?
Yes
No
Don't Know

b. Suddenly speed up and rush away at any time?
Yes
No
Don't Know

c. Break up into parts or explode?
Yes
No
Don't Know

d. Give off smoke?
Yes
No
Don't Know

e. Change brightness?
Yes
No
Don't Know

f. Change shape?
Yes
No
Don't Know

g. Flash or flicker?
Yes
No
Don't Know

h. Disappear and reappear?
Yes
No
Don't Know

12. Did the object move behind something at any time, particularly a cloud?
(Circle One):
Yes
No
Don't Know

IF you answered YES, then tell what it moved behind: 

13. Did the object move in front of something at any time, particularly a cloud?
(Circle One):
Yes
No
Don't Know

IF you answered YES, then tell what in front of: 

14. Did the object appear: (Circle One):
a. Solid 
b. Transparent 
c. Vapor 
d. Don't Know

15. Did you observe the object through any of the following?
a. Eyeglasses
Yes
No

b. Sunglasses
Yes
No

c. Windshield
Yes
No

d. Window glass
Yes
No

e. Binoculars
Yes
No

f. Telescope
Yes
No

g. Theodolite
Yes
No

h. Other Name",0.1392483056069008,13.56,"Page 2

8. IF you saw the object at NIGHT, what did you notice concerning the STARS and MOON?

8.1 STARS (Circle One):
a. None  
b. A few  
c. Many  
d. Don't remember  

8.2 MOON (Circle One):
a. Bright moonlight  
b. Dull moonlight  
c. No moonlight - pitch dark  
d. Don't remember  

9. The object appeared:  
Dark with string of light in center  
(Circle One):  
a. As a light  
b. Shiny  
c. Dark  
d. Don't remember  

10. If it appeared as a light, was it brighter than the brightest stars?  
Yes.  

11. Did the object:  
(Circle One for each question)  

a. Appear to stand still at any time?  
Yes  
No  
Don't Know  

b. Suddenly speed up and rush away at any time?  
Yes  
No  
Don't Know  

c. Break up into parts or explode?  
Yes  
No  
Don't Know  

d. Give off smoke?  
Yes  
No  
Don't Know  

e. Change brightness?  
Yes  
No  
Don't Know  

f. Change shape?  
Yes  
No  
Don't Know  

g. Flash or flicker?  
Yes  
No  
Don't Know  

h. Disappear and reappear  
Yes  
No  
Don't Know  

12. Did the object move behind something at any time, particularly a cloud?  
(Circle One):  
Yes  
No  
Don't Know.  

IF you answered YES, then tell what it moved behind:  

13. Did the object move in front of something at any time, particularly a cloud?  
(Circle One):  
Yes  
No  
Don't Know.  

IF you answered YES, then tell what it moved in front of:  

14. Did the object appear: (Circle One):  
a. Solid  
b. Transparent  
c. Vapor  
d. Don't Know  

15. Did you observe the object through any of the following?  
a. Eyeglasses  
Yes  
No  

b. Sunglasses  
Yes  
No  

c. Windshield  
Yes  
No  

d. Window glass  
Yes  
No  

e. Binoculars  
Yes  
No  

f. Telescope  
Yes  
No  

g. Theodolite  
Yes  
No  

h. Other Name:",0.16635859519408502,9.53,"Page 2

8. IF you saw the object at NIGHT, what did you notice concerning the STARS and MOON?

8.1 STARS (Circle One):
a. None
b. A few
c. Many
d. Don't remember

8.2 MOON (Circle One):
a. Bright moonlight
b. Dull moonlight
c. No moonlight - pitch dark
d. Don't remember

9. The object appeared: (Circle One):
a. As a light
b. Shiny
c. Dark
d. Don't remember

10. If it appeared as a light, was it brighter than the brightest stars?
Yes.

11. Did the object: (Circle One for each question)
a. Appear to stand still at any time?
Yes
No
Don't Know

b. Suddenly speed up and rush away at any time?
Yes
No
Don't Know

c. Break up into parts or explode?
Yes
No
Don't Know

d. Give off smoke?
Yes
No
Don't Know

e. Change brightness?
Yes
No
Don't Know

f. Change shape?
Yes
No
Don't Know

g. Flash or flicker?
Yes
No
Don't Know

h. Disappear and reappear?
Yes
No
Don't Know

12. Did the object move behind something at any time, particularly a cloud? (Circle One):
Yes
No
Don't Know.

IF you answered YES, then tell what it moved behind:

13. Did the object move in front of something at any time, particularly a cloud? (Circle One):
Yes
No
Don't Know.

IF you answered YES, then tell what in front of:

14. Did the object appear: (Circle One):
a. Solid
b. Transparent
c. Vapor
d. Don't Know

15. Did you observe the object through any of the following?
a. Eyeglasses
Yes
No

b. Sun glasses
Yes
No

c. Windshield
Yes
No

d. Window glass
Yes
No

e. Binoculars
Yes
No

f. Telescope
Yes
No

g. Theodolite
Yes
No

h. Other Name:",0.13739987677141097,7.95,"Page 2

8. IF you saw the object at NIGHT, what did you notice concerning the STARS and MOON?
8.1 STARS (Circle One):
a. None
b. A few
c. Many
d. Don't remember

8.2 MOON (Circle One):
a. Bright moonlight
b. Dull moonlight
c. No moonlight - pitch dark
d. Don't remember

9. The object appeared: (Circle One):
a. As a light
b. Shiny
c. Dark
d. Don't remember

10. If it appeared as a light, was it brighter than the brightest stars?
Yes

11. Did the object: (Circle One for each question)
a. Appear to stand still at any time?
Yes
No
Don't Know

b. Suddenly speed up and rush away at any time?
Yes
No
Don't Know

c. Break up into parts or explode?
Yes
No
Don't Know

d. Give off smoke?
Yes
No
Don't Know

e. Change brightness?
Yes
No
Don't Know

f. Change shape?
Yes
No
Don't Know

g. Flash or flicker?
Yes
No
Don't Know

h. Disappear and reappear?
Yes
No
Don't Know

12. Did the object move behind something at any time, particularly a cloud? (Circle One):
Yes
No
Don't Know

IF you answered YES, then tell what it moved behind:

13. Did the object move in front of something at any time, particularly a cloud? (Circle One):
Yes
No
Don't Know

IF you answered YES, then tell what in front of:

14. Did the object appear: (Circle One):
a. Solid
b. Transparent
c. Vapor
d. Don't Know

15. Did you observe the object through any of the following?
a. Eyeglasses
Yes
No

b. Sunglasses
Yes
No

c. Windshield
Yes
No

d. Window glass
Yes
No

e. Binoculars
Yes
No

f. Telescope
Yes
No

g. Theodolite
Yes
No

h. Other Name",0.1392483056069008,7.7,"Page 2

8. IF you saw the object at NIGHT, what did you notice concerning the STARS and MOON?

8.1 STARS (Circle One):
a. None
b. A few
c. Many
d. Don't remember

8.2 MOON (Circle One):
a. Bright moonlight
b. Dull moonlight
c. No moonlight - pitch dark
d. Don't remember

9. The object appeared: (Circle One):
a. As a light
b. Shiny
c. Dark
d. Don't remember

10. If it appeared as a light, was it brighter than the brightest stars?
Yes.

11. Did the object: (Circle One for each question)
a. Appear to stand still at any time?
Yes
No
Don't Know

b. Suddenly speed up and rush away at any time?
Yes
No
Don't Know

c. Break up into parts or explode?
Yes
No
Don't Know

d. Give off smoke?
Yes
No
Don't Know

e. Change brightness?
Yes
No
Don't Know

f. Change shape?
Yes
No
Don't Know

g. Flash or flicker?
Yes
No
Don't Know

h. Disappear and reappear
Yes
No
Don't Know

12. Did the object move behind something at any time, particularly a cloud? (Circle One):
Yes
No
Don't Know.

IF you answered YES, then tell what it moved behind:

13. Did the object move in front of something at any time, particularly a cloud? (Circle One):
Yes
No
Don't Know.

IF you answered YES, then tell what in front of:

14. Did the object appear: (Circle One):
a. Solid
b. Transparent
c. Vapor
d. Don't Know

15. Did you observe the object through any of the following?
a. Eyeglasses
Yes
No

b. Sunglasses
Yes
No

c. Windshield
Yes
No

d. Window glass
Yes
No

e. Binoculars
Yes
No

f. Telescope
Yes
No

g. Theodolite
Yes
No

h. Other Name",0.13801601971657423,9.01,"Page 2

8. IF you saw the object at NIGHT, what did you notice concerning the STARS and MOON?

8.1 STARS (Circle One):  
a. None  
b. A few  
c. Many  
d. Don't remember  

8.2 MOON (Circle One):  
a. Bright moonlight  
b. Dull moonlight  
c. No moonlight - pitch dark  
d. Don't remember  

9. The object appeared:  
Dark with string ain in center  
(Circle One):  
a. As a light  
b. Shiny  
c. Dark  
d. Don't remember  

10. If it appeared as a light, was it brighter than the brightest stars?  
Yes.  

11. Did the object: (Circle One for each question)  
a. Appear to stand still at any time?  
Yes  
No  
ʘDon't Knowʘ  

b. Suddenly speed up and rush away at any time?  
Yes  
No  
Don't Know  

c. Break up into parts or explode?  
Yes  
(No)  
Don't Know  

d. Give off smoke?  
Yes  
No  
Don't Know  

e. Change brightness?  
Yes  
(No)  
Don't Know  

f. Change shape?  
Yes  
No  
Don't Know  

g. Flash or flicker?  
Yes  
No  
Don't Know  

h. Disappear and reappear  
(Yes)  
No  
Don't Know  

12. Did the object move behind something at any time, particularly a cloud? (Circle One):  
Yes  
No  
Don't Know.  

IF you answered YES, then tell what it moved behind: cells inale land wild; had list but thought they percolificate  

13. Did the object move in front of something at any time, particularly a cloud? (Circle One):  
Yes  
(No)  
Don't Know.  

IF you answered YES, then tell what in front of:  

14. Did the object appear: (Circle One):  
a. Solid  
b. Transparent  
c. Vapor  
d. Don't Know  

15. Did you observe the object through any of the following?  
a. Eyeglasses  
Yes  
No  

b. Sun glasses  
Yes  
(No)  

c. Windshield  
Yes  
No  

d. Window glass  
Yes  
(No)  

e. Binoculars  
Yes  
No  

f. Telescope  
Yes  
No  

g. Theodolite  
Yes  
No  

h. Other Name:",0.1447935921133703,7.68,"Page 2

8. IF you saw the object at NIGHT, what did you notice concerning the STARS and MOON?

8.1 STARS (Circle One):
a. None
b. A few
c. Many
d. Don't remember

8.2 MOON (Circle One):
a. Bright moonlight
b. Dull moonlight
c. No moonlight - pitch dark
d. Don't remember

9. The object appeared:
Dark with string in center
(Circle One):
a. As a light
b. Shiny
c. Dark
d. Don't remember

10. If it appeared as a light, was it brighter than the brightest stars?
yes.

11. Did the object:
(Circle One for each question)
a. Appear to stand still at any time?
(Yes ʘNoʘ Don't Know)
b. Suddenly speed up and rush away at any time?
Yes ʘNoʘ Don't Know
c. Break up into parts or explode?
Yes (ʘNoʘ) Don't Know
d. Give off smoke?
Yes ʘNoʘ Don't Know
e. Change brightness?
Yes (ʘNoʘ) Don't Know
f. Change shape?
Yes ʘNoʘ Don't Know
g. Flash or flicker?
Yes ʘNoʘ Don't Know
h. Disappear and reappear
(Yes ʘNoʘ Don't Know)

12. Did the object move behind something at any time, particularly a cloud?
(Circle One):
Yes ʘNoʘ Don't Know.
IF you answered YES, then tell what
it moved behind: cells inale land wild; had list but
thought they percolificate

13. Did the object move in front of something at any time, particularly a cloud?
(Circle One):
Yes (ʘNoʘ) Don't Know.
IF you answered YES, then tell what
in front of:

14. Did the object appear: (Circle One):
a. Solid b. Transparent c. Vapor d. Don't Know

15. Did you observe the object through any of the following?
a. Eyeglasses
Yes ʘNoʘ
b. Sun glasses
Yes ʘNoʘ
c. Windshield
Yes ʘNoʘ
d. Window glass
Yes (ʘNoʘ)
e. Binoculars
Yes ʘNoʘ
f. Telescope
Yes
g. Theodolite
Yes
h. Other Name:",0.1472581638940234,6125.27,"Page 2

8. IF you saw the object at NIGHT, what did you notice concerning the STARS and MOON?

8.1 STARS (Circle One):
a. None
b. A few
c. Many
d. Don't remember

8.2 MOON (Circle One):
a. Bright moonlight
b. Dull moonlight
c. No moonlight - pitch dark
d. Don't remember

9. The object appeared:
Dark with string light in center (Circle One):
a. As a light
b. Shiny
c. Dark
d. Don't remember

10. If it appeared as a light, was it brighter than the brightest stars?
Yes.

11. Did the object: (Circle One for each question)
a. Appear to stand still at any time?
Yes
ʘNoʘ
Don't Know

b. Suddenly speed up and rush away at any time?
Yes
No
ʘDon't Knowʘ

c. Break up into parts or explode?
Yes
ʘNoʘ
Don't Know

d. Give off smoke?
Yes
No
ʘDon't Knowʘ

e. Change brightness?
Yes
ʘNoʘ
Don't Know

f. Change shape?
Yes
No
ʘDon't Knowʘ

g. Flash or flicker?
Yes
No
ʘDon't Knowʘ

h. Disappear and reappear
ʘYesʘ
No
Don't Know

12. Did the object move behind something at any time, particularly a cloud? (Circle One):
Yes
No
ʘDon't Knowʘ
IF you answered YES, then tell what it moved behind: cells inale land wild; had list but thought they percolificate

13. Did the object move in front of something at any time, particularly a cloud? (Circle One):
Yes
ʘNoʘ
Don't Know
IF you answered YES, then tell what in front of:

14. Did the object appear: (Circle One):
a. Solid
b. Transparent
c. Vapor
d. Don't Know

15. Did you observe the object through any of the following?
a. Eyeglasses
Yes
ʘNoʘ

b. Sun glasses
Yes
ʘNoʘ

c. Windshield
Yes
ʘNoʘ

d. Window glass
Yes
ʘNoʘ

e. Binoculars
Yes
ʘNoʘ

f. Telescope
Yes

g. Theodolite
Yes

h. Other Name:",0.14602587800369685,18.52
28976636,"Venus Most Prominent  
Venus, the only planet now visible in the evening, is a brilliant object in the sky and will soon be joined by the brilliant Aldebaran, and last Orion's Leonids, ""shooting stars."" Although only Venus is visible in the evening, two other planets are in the southeast before sunrise. The first magnitude Capella figure stands in Auriga, not in Pegasus at all, but in the neighboring group of Andromeda. This constellation represents the Ethiopian princess who, according to mythology, was chained to a rock to be devoured by a sea monster, represented by the constellation of Cetus, the whale, in the south. Fortunately, she was rescued by the hero, Perseus, who is seen in the northeast. Andromeda's mother, Cassiopeia, is seen in the north, a group forming the letter M, above Polaris, the pole star. Alongside her is her husband, the king, Cepheus.  

Turning now toward the east, we can see what is generally considered to be the finest constellation in the sky making its debut for the season.  

Orion: Season's Finest  
This is Orion, the warrior, easily recognized because of the three stars in a row that form his belt. To the left is Betelgeuse, to the right is Rigel, both of the first magnitude, although being so low in the sky they do not appear as bright as they might.  

Jupiter is the object you see in the southeast before sunrise. It is close to the planet Venus, now in prominence, which exceeds the star brilliance about ten times. Farther east is Mars, using the planet Venus, now ahead of the sun in brightness, half that of Spica. Mercury and Venus are both too near the sun to be visible in November.  

Shower of ""Stars"" to Come  
November is the month bringing the year's famous shower of ""shooting stars,"" which appear from the 13th to the 16th. They are most numerous because then we are on the part of the earth in its annual motion across the sun, thus meeting them head-on. This is different from the evening hour when we are on the rearward part and see only those that catch up to us.  

On Nov. 18, it will be visible in the west after sunset, remaining longest time after sunset. Hours after that, it will start setting. Venus does not appear as bright because it is low in the sky.  

Bright Birds in the Sky  
Below Cygnus is another first magnitude star, Vega, in Lyra, the lyre. To the left is another bird, Aquila, with the star Altair. In the south, you can see the four stars that form the ""great square,"" part of the constellation of Pegasus, the winged horse. Although these are not among the brightest, their characteristic arrangement makes them a good starting place from which to find other groups. The horse, generally, is upside down in the sky, as the row of stars extending westward from the lower right corner of the square is his head. At the upper right, Alpheratz is also a part of the group.",0.6625882352941177,13.5,"Venus Most Prominent  
Venus, the only planet now visible in the evening, is a brilliant object in the sky and will soon be joined by the brilliant Aldebaran, and last Orion Leonids, ""shooting stars."" By JAMES STOKLEY

Although only Venus is in the evening, two other planets are visible in the southeast before sunrise. The brightest object you see in these evenings as darkness falls is Jupiter. It is close to the horizon, but its brilliance exceeds that of any star about ten times. Farther east is Mars, using the planet Venus, now ahead of the sun in brightness. Mercury and Saturn are both too near the sun to be visible in November.

Andromeda's mother, Cassiopeia, is seen in the north, a group forming the letter M above Polaris, the pole star. Alongside her is her husband, the king, Cepheus.

Turning now toward the east, we can see what is generally considered to be the finest constellation in the sky making its debut for the season.

Orion: Season's Finest  
This is Orion, the warrior, easily recognized because of the three stars in a row that form his belt. To the left is Betelgeuse, to the right is Rigel, both of the first magnitude, although being so low in the sky they do not appear as bright as they should.

November is the month bringing the year's famous shower of ""shooting stars,"" which appear from the 13th to the 16th. They are most numerous because then we are on the forward part of the earth in its annual motion across the sun. Thus, we meet them head-on. On Nov. 18 it will be different from the evening hour when we are on the rearward part, and see only those that catch up to us.

Bright Birds in the Sky  
Cygnus, the swan, is really part of the sky, with its crosspiece and the lower part of its neck, stretched forward. Its head is Albireo, a star of the third magnitude. Below Cygnus is another bright star, Vega, in Lyra, the lyre. To the left is another bird, Aquila, the eagle, with its star Altair.

In the south, you can see the four stars that form the ""great square,"" part of the constellation of Pegasus, the winged horse. Although these are not among the brightest stars, their characteristic arrangement makes them a good starting place from which to find other groups. The horse, generally, is upside down in the sky, as the row of stars extending westward from the lower right corner of the square is his head!

SYMBOLS FOR STARS IN ORDER OF BRIGHTNESS",0.6731764705882353,11.06,"Venus Most Prominent

Venus, the only planet now visible in the evening, is a brilliant object in the sky and will soon be joined by the brilliant Aldebaran, and last Orion Leonids, ""shooting stars."" By JAMES STOKLEY

Although only Venus is in the evening, two other planets, Jupiter and Mars, are visible in the southeast before sunrise. This constellation represents the Ethiopian princess who, according to mythology, was chained to a rock to be devoured by a sea monster, represented by the constellation of Cetus, the whale, in the south. Fortunately, she was rescued by the hero, Perseus, who is seen in the northeast. Andromeda's mother, Cassiopeia, is seen in the north, a group forming the letter M above Polaris, the pole star. Alongside her is her husband, the king, Cepheus.

Turning now toward the east, we can see what is generally considered to be the finest constellation in the sky making its debut for the season.

Orion: Season's Finest

This is Orion, the warrior, easily recognized because of the three stars in a row that form his belt. To the left is Betelgeuse, to the right is Rigel, both of the first magnitude, although being so low in the sky they do not appear as bright as they might.

November is the month bringing the year's famous shower of ""shooting stars,"" which appear from the 13th to the 16th. They are most numerous on Nov. 18 because then we are on the forward part of the earth in its annual motion across the sun. Thus, we meet them heading into the sun, hence remaining visible for the longest time after sunset. After that, it will start setting. Venus does not set for hours.

Bright Birds in the Sky

The accompanying maps of November 1957 show your own sky at 9 p.m. on November nights.

At the top of the map is Cygnus, the swan. Deneb, the word ""crosspiece"" and the lower part of his neck, stretched forward, his head is Albireo, a star of magnitude. Below Cygnus is another magnitude star, Vega, in Lyra, the lyre. To the left is another bird, Aquila, with the star Altair. In the south, you can see the four stars that form the ""great square,"" part of the constellation of Pegasus, the winged horse. Although these are not among the most brilliant stars, their characteristic arrangement makes them a good starting place from which to find other groups. The horse, generally, is upside down in the sky, as the row of stars extending westward from the lower right corner of the square is his head. At the upper right, Alpheratz, is the head of Andromeda.

SYMBOLS FOR STARS IN ORDER OF BRIGHTNESS",0.6731764705882353,13.37,"Venus Most Prominent  
Venus, the only planet now visible in the evening, is a brilliant object in the sky and will soon be joined by the brilliant Aldebaran, and the first magnitude Capella. Although only Venus is visible in the evening, two other planets, Jupiter and Mars, are visible in the southeast before sunrise. Jupiter is the object you see in the evening as darkness falls. It is close to the virgin. It exceeds the brilliance of any other star by about ten times. Farther east is Mars, using the planet Venus, now in prominence, which will surpass its brightness. Mercury is too near the sun to be visible in November.  

By JAMES STOKLEY  

Andromeda's mother, Cassiopeia, is seen in the north, a group forming the letter M above Polaris, the pole star. Alongside her is her husband, the king, Cepheus. Turning now toward the east, we can see what is generally considered to be the finest constellation in the sky making its debut for the season.  

Orion: Season's Finest  
This is Orion, the warrior, easily recognized because of the three stars in a row that form his belt. To the left is Betelgeuse, to the right is Rigel, both of the first magnitude, although being so low in the sky they do not appear as bright as they might.  

Shower of ""Stars"" to Come  
November is the month bringing the year's famous shower of ""shooting stars,"" which appear from the 13th to the 16th. They are most numerous on Nov. 18.  

Bright Birds in the Sky  
Below Cygnus is another magnitude star, Vega, in Lyra, the lyre. To the left is another bird, Aquila, with star Altair. In the south, you can see the four stars that form the ""great square,"" part of the constellation of Pegasus, the winged horse. Although these are not among the brightest, their characteristic arrangement makes them a good starting place from which to find other groups. The horse, generally, is upside down in the sky, as the row of stars extending westward from the lower right corner of the square is his head. At the upper right, Alpheratz, is in the neighboring group of Andromeda.  

SYMBOLS FOR STARS IN ORDER OF BRIGHTNESS",0.6656470588235294,11.92,"Venus Most Prominent  
Venus, the only planet now visible in the evening, is a brilliant object in the sky and will soon be joined by the brilliant Aldebaran, and the first magnitude Capella. Although only Venus is visible in the evening, two other planets can be seen in the southeast before sunrise. Jupiter is one of these objects you see in the morning sky. However, it exceeds the star's brilliance about ten times. Farther east is Mars, using the planet Venus, now at its brightest, as a reference. Mercury and Venus are both too near the sun to be visible in November.  

By JAMES STOKLEY  

Andromeda's mother, Cassiopeia, is seen in the north, a group forming the letter M above Polaris, the pole star. Alongside her is her husband, the king, Cepheus. Turning now toward the east, we can see what is generally considered to be the finest constellation in the sky making its debut for the season.  

Orion: Season's Finest  

This is Orion, the warrior, easily recognized because of the three stars in a row that form his belt. To the left is Betelgeuse, to the right is Rigel, both of the first magnitude, although being so low in the sky they do not appear as bright as they should.  

Shower of ""Stars"" to Come  

November is the month bringing the year's famous shower of ""shooting stars,"" which appear from the 13th to the 16th. They are most numerous because then we are on the front part of the earth in its annual motion across the sun. Thus, we meet them heading into the sun, hence remaining visible in the west the longest time after sunset. On Nov. 18 it will start setting.  

Bright Birds in the Sky  

Below Cygnus is another first magnitude star, Vega, in Lyra, the lyre. To the left is another bird, Aquila, with the star Altair. In the south, you can see the four stars that form the ""great square,"" part of the constellation of Pegasus, the winged horse. Although these are not among the brightest, their characteristic arrangement makes them a good starting place from which to find other groups. The horse, in reality, is upside down in the sky, as the row of stars extending westward from the lower right corner of the square is his head.  

SYMBOLS FOR STARS IN ORDER OF BRIGHTNESS",0.6814117647058824,17.29,"Venus Most Prominent

Venus, the only planet now visible in the evening, is a brilliant object in the sky and will soon be joined by the brilliant Aldebaran, and the first magnitude Capella. Although only Venus is visible in the evening, two other planets can be seen in the southeast before sunrise. The object you see in the east these evenings as darkness falls is Jupiter. It exceeds the brilliance of any other star by about ten times.

Farther east is Mars, using the planet Venus as a guide, now in prominence, which is half that of Spica. Mercury and Saturn are both too near the sun to be visible in November.

By JAMES STOKLEY

Andromeda's mother, Cassiopeia, is seen in the north, a group forming the letter M above Polaris, the pole star. Alongside her is her husband, the king, Cepheus.

Turning now toward the east, we can see what is generally considered to be the finest constellation in the sky making its debut for the season.

Orion: Season's Finest

This is Orion, the warrior, easily recognized because of the three stars in a row that form his belt. To the left is Betelgeuse, to the right is Rigel, both of the first magnitude, although being so low in the sky they do not appear as bright as they do later in the evening.

November is the month bringing the year's famous shower of ""shooting stars,"" which appear from the 13th to the 16th. They are most numerous on Nov. 18.

ANDROMEDA

The accompanying maps of November show the stars visible in the evening sky.

Bright Birds in the Sky

At the top of the map is Cygnus, the swan. Below Cygnus is another bright star, Vega, in Lyra, the lyre. To the left is another bird, Aquila, the eagle, with the star Altair.

In the south, you can see the four stars that form the ""great square,"" part of the constellation of Pegasus, the winged horse. Although these are not among the brightest stars, their characteristic arrangement makes them a good starting place from which to find other groups. The horse, generally, is upside down in the sky, as the row of stars extending westward from the lower right corner of the square is his head. The star at the upper right, Alpheratz, is in Andromeda.

SYMBOLS FOR STARS IN ORDER OF BRIGHTNESS",0.6677647058823529,7.69,"Venus Most Prominent

Venus, the only planet now visible in the evening, is a brilliant object in the sky and will soon be joined by the brilliant Aldebaran, and last Orion Leonids, ""shooting stars."" By JAMES STOKLEY

Although only Venus is in the evening, two other planets are visible southeast before sunrise. The first object you see in the evening is Jupiter, in the southeast, as darkness falls. However, it exceeds the brilliance of the star by about ten times.

Farther east is Mars, using the planet Venus, now ahead of the sun, its brightness half that of Spica. Mercury and Venus are both too near the sun to be visible in November.

Turning now toward the east, we can see what is generally considered to be the finest constellation in the sky making its debut for the season.

Orion: Season's Finest

This is Orion, the warrior, easily recognized because of the three stars in a row that form his belt. To the left is Betelgeuse, to the right is Rigel, both of the first magnitude, although being so low in the sky they do not appear as bright as they should.

Shower of ""Stars"" to Come

November is the month bringing the year's famous shower of ""shooting stars,"" which appear from the 13th to the 16th. They are most numerous because then we are on the forward part of the earth in its annual motion across the sun. Thus, we meet them heading into the sun. This is different from the evening hour when we are on the rearward part and see only those that catch up to us.

Bright Birds in the Sky

Below Cygnus is another bright magnitude star, Vega, in Lyra, the lyre. To the left is another bird, Aquila, with the star Altair. In the south, you can see the four stars that form the ""great square,"" part of the constellation of Pegasus, the winged horse. Although these are not among the brightest stars, their characteristic arrangement makes them a good starting place from which to find other groups. The horse, generally, is upside down in the sky, as the row of stars extending westward from the lower right corner of the square is his head; at the upper right, Alpheratz, is in Andromeda.

SYMBOLS FOR STARS IN ORDER OF BRIGHTNESS",0.6849411764705883,14.59,"Venus Most Prominent  
Venus, the only planet now visible in the evening, is a  
brilliant object in the sky and will soon be joined by the  
brilliant Aldebaran, and last Orion Leonids, ""shooting stars.""  
Although only Venus is  
in the evening, two other planets  
are visible before sunrise.  
By JAMES STOKLEY  
The brightest object you see in  
the southeast these evenings as darkness falls  
is Jupiter.  
However, it exceeds the  
planet Venus, now prominent, which  
you see in the early morning sky.  
Farther east is Mars, using  
its brightness ahead of the sun.  
Andromeda's mother, Cassiopeia, is seen  
in the north, a group forming the letter M.  
above Polaris, the pole star. Alongside her  
is her husband, the king, Cepheus.  
Turning now toward the east, we can see  
what is generally considered to be the finest  
constellation in the sky making its debut for  
the season.  
Orion: Season's Finest  
This is Orion, the warrior, easily recognized  
because of the three stars in a row  
that form his belt. To the left is Betel-  
geuse, to the right is Rigel, both of the first  
magnitude, although being so low in the  
sky they do not appear as bright as they  
might.  
Shower of ""Stars"" to Come  
November is the month bringing  
the year's famous shower of  
""shooting stars,"" which appear  
from the 13th to the 16th.  
They are most numerous  
because then we are the  
earth in its annual  
motion across the sun.  
On Nov. 18 it will  
be visible in the west  
long before the sky is dark.  
The planet Venus, now  
in prominence, will start  
setting. Venus does not  
appear as bright as it  
had been in the past.  
Bright Birds in the Sky  
Below Cygnus is another  
bright magnitude star, Vega, in Lyra, the lyre.  
To the left is another bird, Aquila,  
with the star Altair.  
In the south, you can see the four stars  
that form the ""great square,"" part of  
the constellation of Pegasus, the winged horse.  
Although these are not among the  
brightest, their characteristic arrangement  
makes them a good starting place from  
which to find other groups.  
The horse, in generality, is upside down in the sky, as the  
row of stars extending westward from the  
lower right corner of the square is his head!  
At the upper right, Alpheratz, is  
SYMBOLS FOR STARS IN ORDER OF BRIGHTNESS",0.6863529411764706,10.17,"Venus Most Prominent  
Venus, the only planet now visible in the evening, is a brilliant object in the sky and will soon be joined by the brilliant Aldebaran, and last Orion ""shooting stars."" Although only Venus is in the evening, two other planets are visible southeast before sunrise. These evenings as darkness falls, the brightest object you see is Jupiter. It is close to the horizon, but it exceeds the brilliance of any other star by about ten times. Farther east is Mars, using its prominence, which is half that of the planet Venus, now ahead of the sun. Mercury and Venus are both too near the sun to be visible in November. 

Shower of ""Stars"" to Come  
November is the month bringing the year's famous shower of ""shooting stars,"" which appear from the 13th to the 16th. They are most numerous because then we are on the front part of the earth in its annual motion across the sun. Thus, we meet them heading toward us. This is different from the evening hour when we are on the rearward part and see only those that catch up to us. On Nov. 18 it will be visible in the west long before the sky is dark. 

Orion: Season's Finest  
This is Orion, the warrior, easily recognized because of the three stars in a row that form his belt. To the left is Betelgeuse, to the right is Rigel, both of the first magnitude, although being so low in the sky they do not appear as bright as they should. 

Bright Birds in the Sky  
Below Cygnus is another first magnitude star, Vega, in Lyra, the lyre. To the left is another bird, Aquila, with the star Altair. In the south, you can see the four stars that form the ""great square,"" part of the constellation of Pegasus, the winged horse. Although these are not among the brightest stars, their characteristic arrangement makes them a good starting place from which to find other groups. The horse, generally, is upside down in the sky, as the row of stars extending westward from the lower right corner of the square is his head! 

SYMBOLS FOR STARS IN ORDER OF BRIGHTNESS",0.6708235294117647,7.63
29000999,"Standards  
Lambert Conformal Conic Projection  
Standard Parallels 33° and 45° Scale 1:1,000,000  
109M 14°E  
108N (Joins 362)  
CHINLE  
Chinle  
Chaco Canyon  
Tohatchi  
Fort Defiance  
Ganado  
WINDOW ROCK  
Crownpoint  
St Michaels  
Klagetoh  
Gallup  
Manuelito  
Thoreau  
Prewitt  
McGaffey  
Sanders  
Grants  
Chambers  
Zuni  
Navajo  
El Morro  
Zuni  
Pine Hill  
Fence Lake  
Hickman  
Trechado  
Concho  
Tres Lagunas  
Quemado  
Pie Town  
Vernon  
Springerville  
Eagar  
Spur Lake  
Horse Springs",1.0,4.94,"Standards  
Lambert Conformal Conic Projection  
Scale 1:1,000,000  
Standard Parallels 33° and 45°  
Chart Number 405  
109M 14°E  
EJ  
108N (Joins 362)  
CHINLE  
Chinle  
100 -  
MG  
6000  
6535  
Pueblo  
Chaco Canyon  
Tohatchi  
Ranch  
7256  
Fort Defiance  
Ganado  
WINDOW ROCK  
Crownpoint  
6809  
2000  
St Michaels  
BS  
KGAM  
8620  
1330  
McKINLEY COUNTY  
6467  
Wingate  
Klagetoh  
Gallup  
8851  
Manuelito  
Thoreau  
PREWITT  
McGaffey  
6900  
Prewitt  
Buildings  
9112  
Sanders  
9256  
Grants  
CHAMBERS  
5800  
Chambers  
MF  
20N1 RADIO  
115. ZUNI  
9089  
Navajo  
Ramah  
NF  
EL MORRO (CAA)  
Zuni  
Pinehill  
12  
60A  
522  
258°  
THT2  
EL MALPAIS  
GRANTS  
7540  
GREEN  
Ranch  
ZUNI RADIO  
8260  
GRANTS RADIO  
Ojo Caliente  
LAVA  
distantial magnetic disturbance  
has been reported at 4000 feet  
Fence Lake  
above ground elevation in this vicinity  
Hickman  
Trechado  
5700  
Concho  
Tres Lagunas  
Quemado  
Pie Town  
9560  
Vernon  
Mangas  
SPRENGERVILLE  
EAGAR  
Datil  
7025  
Springerville  
10244  
9094  
10210  
Eagar  
TNI  
34°  
Spur Lake  
9390  
Horse Springs",1.0,12.17,"Standards  
Lambert Conformal Conic Projection  
Standard Parallels 33° and 45° Scale 1:1,000,000  
(405)  
109° 14' E  
108° (Joins 362)  
CHINLE  
Chinle  
100  
6000  
6535  
Pueblo  
Chaco Canyon  
30  
40  
50  
10  
20  
50  
6643  
30  
40  
NAVAJO NATION  
8000  
Paraje  
Tohatchi  
50  
Ranch  
7256  
Ranch  
Fort Defiance  
Ganado  
WINDOW ROCK  
Crownpoint  
6809  
2000  
40  
fields  
St Michaels  
BS  
KGAM  
8620  
1330  
McKINLEY COUNTY  
6467  
Wingate  
Klagetoh  
Gallup  
30  
66  
8851  
Manuelito  
Thoreau  
PREWITT  
McGaffey  
6900  
Prewitt  
20  
30  
330  
Buildings  
9112  
200  
CONTINENTAL DIVIDE  
Sanders  
9256  
Grants  
CHAMBERS  
5800  
Chambers  
MF  
20N1 RADIO  
115. ZUNI  
9089  
Navajo  
Ramah  
NF  
EL MORRO (CAA)  
Zuni  
Printing  
12  
60A  
522  
258°  
THT2  
12  
4  
56  
EL  
853.53°  
OF  
TRU  
35°  
GREEN  
7540  
GREEN  
Ranch  
Ranch  
ZUNI RADIO  
8260  
353  
GRANT RADIO  
To  
Ojo Caliente  
LAVA  
186  
150  
180  
R  
N  
distantial magnetic disturbance  
has been reported at 4000 feet  
Fence Lake  
above ground elevation in this vicinity  
Hickman  
ST  
Trechado  
5700  
Concho  
Tres Lagunas  
Quemado  
20  
Pie Town  
9560  
60  
Vernon  
Mangas  
SPRENGERVILLE EAGER  
Datil  
7025  
Springerville  
10244  
9094  
10210  
Eagar  
ME  
NE  
TNI  
34°  
Spur Lake  
U  
9390  
20  
50  
10  
20  
30  
40  
50  
hours  
10955  
8920  
Horse Springs",1.0,10.42,"Standards  
Lambert Conformal Conic Projection  
See chart number.  
Standard Parallels 33° and 45° Scale 1:1,000,000  
(405)  
109M 14°E  
EJ  
108N (Joins 362)  
CHINLE  
Chinle  
100  
MG  
6000  
6535  
Pueblo  
Chaco Canyon  
30  
40  
50  
10  
20  
50  
6643  
30  
40  
NG  
-  
IN  
1.  
8000  
Par  
a  
Tohatchi  
50  
Ranch  
7256  
Ranch  
Fort Defiance  
Ganado  
WINDOW ROCK  
Crownpoint  
6809 52  
2000  
40  
fields  
St Michaels  
BS  
KGAM  
8  
8620  
1330  
6  
McKINLEY COUNTY  
a  
6467 L/M 50  
Wingate  
Klagetoh  
Gallup  
30  
66  
8851  
Manuelito  
Thoreau PREWITT  
McGaffey  
6900  
to  
Prewitt  
20  
30  
0  
330  
Buildings  
9112  
&  
200  
CORNTS  
Sanders  
9256  
Grants  
CHAMBERS  
5800  
26  
Chambers  
MF  
20N1 RADIO  
115. ZUNI  
9089  
Navajo  
Ramah  
NF  
EL  
MORRO (CAA)  
vs  
Zuni  
Pointing  
in  
12  
60A  
522  
258°  
#  
THT2  
12  
4  
56  
EL  
853.53°  
OF  
TRU  
IIII  
35°  
GREEN  
7540  
GREEN 4  
Ranch  
Ranch  
ZUNI RADIO  
8260  
Oo  
353  
GRANTS RADIO  
To  
Ojo Caliente  
da  
LAVA  
186  
150  
180  
R  
N  
m  
distantial magnetic disturbance  
has been reported at 4000 feet  
40  
Fence Lake  
above ground elevation in this vicinity  
m  
Hickman  
ST  
Trechado  
5700  
st lohas  
30  
Concho  
Tres Lagunas  
Quemado  
-20  
Pie Town  
9560  
60  
Vernon  
Mangas  
0  
SPRINGERVILLE EAGER  
10  
Datil  
7025 k 50  
Springerville  
10244  
9094  
10210  
Eagar  
ME  
0  
NE  
E  
it  
a  
TNI  
34°  
Osprey Lake  
U  
9390  
20  
50  
10  
20  
30  
40  
50  
ours  
a  
10955  
8920  
do  
Horse Springs",1.0,11.45,"Standards  
Lambert Conformal Conic Projection  
See chart number.  
Standard Parallels 33° and 45° Scale 1:1,000,000  
(405)  
109M 14°E  
EJ  
108N (Joins 362)  
CHINLE  
Chinle  
100 -  
MG  
6000  
6535  
Pueblo  
Chaco Canyon  
30  
40  
50  
10  
20  
50  
6643  
30  
40  
NG  
-  
IN  
1.  
8000  
Para  
Tohatchi  
50  
Ranch  
7256  
Ranch-  
Fort Defiance  
Ganado  
WINDOW ROCK  
Crownpoint  
68092-52  
2000  
40  
fields  
St Michaels  
BS  
KGAM  
8  
8620  
1330  
6  
McKINLEY COUNTY  
a  
6467-L/M 50  
Wingate  
Klagetoh  
Gallup  
30  
66  
8851  
Manuelito  
Thoreau PREWITT  
McGaffey  
6900  
to  
Prewitt  
20  
30  
0  
330  
Buildings  
9112  
&  
200  
CORNTS  
Sanders  
9256  
Grants  
CHAMBERS  
5800  
26  
Chambers  
MF  
20N1 RADIO  
115. ZUNI  
9089  
Navajo  
Ramah  
NF  
EL  
MORRO (CAA)  
vs  
-Zuni  
Printing  
in  
12  
60A  
522  
258°  
#  
THT2  
12  
4  
56  
EL  
853.53°  
OF  
TRU  
IIII  
35°  
GREEN  
7540  
GREEN 4  
Ranch  
Ranch  
ZUNI RADIO  
8260  
Oo  
353  
GRANT RADIO  
To  
Ojo Caliente  
da  
LAVA  
186  
150  
180  
R  
N  
distantial magnetic disturbance  
has been reported at 4000 feet  
40  
Fence Lake  
above ground elevation in this vicinity  
m  
Hickman  
ST  
Trechado  
5700-  
st lohas  
30  
Concho  
Tres Lagunas  
Quemado  
-20  
Pie Town  
9560  
60  
Vernon  
Mangas  
0  
SPRINGERVILLE EAGER  
10  
Datil  
7025 k 50  
Springerville  
10244  
9094  
10210  
Eagar  
ME  
0  
NE  
E  
it  
a  
TNI  
34°  
OSpur Lake  
U  
9390  
20  
50  
10  
20  
30  
40  
50  
ours  
a  
10955  
.8920  
do  
Horse Springs  
i",1.0,31.13,"Standards  
Lambert Conformal Conic Projection  
See chart number.  
Standard Parallels 33° and 45° Scale 1:1,000,000  
(405)  
109° 14'E  
EJ  
108°N (Joins 362)  
CHINLE  
Chinle  
100 -  
MG  
6000  
6535  
Pueblo  
Chaco Canyon  
30  
40  
50  
10  
20  
50  
6643  
30  
40  
NG  
-  
IN  
1.  
8000  
Par  
a  
Tohatchi  
50  
Ranch  
7256  
Ranch-  
Fort Defiance  
Ganado  
WINDOW ROCK  
Crownpoint  
68092-52  
2000  
40  
fields  
St Michaels  
BS  
KGAM  
8  
8620  
1330  
6  
McKINLEY COUNTY  
a  
6467-L/M 50  
Wingate  
Klagetoh  
Gallup  
30  
66  
8851  
Manuelito  
Thoreau PREWITT  
McGaffey  
6900  
to  
Prewitt  
20  
30  
0  
330  
Buildings  
9112  
&  
200  
CORNTS  
Sanders  
9256  
Grants  
CHAMBERS  
5800  
26  
Chambers  
MF  
20N1 RADIO  
115. ZUNI  
9089  
Navajo  
Ramah  
NF  
EL  
MORRO (CAA)  
vs  
-Zuni  
Pointing  
in  
12  
60A  
522  
258°  
#  
THT2  
12  
4  
56  
EL  
853.53°  
OF  
TRU  
IIII  
35°  
GREEN  
7540  
GREEN 4  
Ranch  
Ranch  
ZUNI RADIO  
8260  
Oo  
353  
GRAN RADIO  
To  
Ojo Caliente  
da  
LAVA  
186  
150  
180  
R  
N  
distantial magnetic disturbance  
has been reported at 4000 feet  
40  
Fence Lake  
above ground elevation in this vicinity  
m  
Hickman  
ST  
Trechado  
5700-  
st lohas  
30  
Concho  
Tres Lagunas  
Quemado  
-20  
Pie Town  
9560  
60  
Vernon  
Mangas  
0  
SPRENGERVILLE EAGER  
10  
Datil  
7025 k 50  
Springerville  
10244  
9094  
10210  
Eagar  
ME  
0  
NE  
E  
it  
a  
TNI  
34°  
OSpur Lake  
U  
9390  
20  
50  
10  
20  
30  
40  
50  
hours  
a  
10955  
.8920  
do  
Horse Springs  
i",1.0,14.33,"indards  
Lambert Conformal Conic Projection  
e chart number.  
Standard Parallels 33° and 45° Scale 1:1,000,000  
(405)  
109M 14°E  
EJ  
108N (Joins 362)  
CHINL  
Chinle  
100 -.  
MG  
6000  
6535  
Panch  
PChaco Canyon  
30  
40  
50  
10  
20  
50  
6643  
30  
40  
NG  
-  
IN  
1.  
8000  
Par  
a  
Tohatchi  
50  
Ranch  
7256  
Ranch-  
Fort-Défiance  
Ganadad  
WINDOW ROCK  
Crownpoint  
68092-52  
2000  
40  
fieidsa  
St Michaelst  
BS  
KGAM  
8  
8620  
1330  
6  
MeKINLEY COUNTY  
a  
6467-L/M 50  
Wingate  
Klagetohn  
Gallup  
30  
66  
8851  
Manuelito  
Thoreau PREWITT  
McGaffey  
6900  
to  
Prewitt  
20  
30  
0  
330  
Buildings  
9112  
&  
200  
CORNTS  
Sanders  
9256  
Grants  
CHAMBERS  
5800  
26  
Chambers  
MF  
20N1 RADIO  
115. ZUNI  
9089  
Navajo  
Ramahi  
NF  
EL  
MORRO (CAA)  
vs  
-Zuni  
Pinting  
in  
12  
60A  
522  
258°  
#  
THT2  
12  
4  
56  
EL  
853.53°  
OF  
TRU  
IIII  
35°  
GREEN  
7540  
GREEN 4  
Ranch  
Ranch  
ZURICRADIO  
8260  
Oo  
353  
GRAN RADIO  
To  
Ojo Caliente  
da  
LAVA  
186  
150  
180  
R  
N  
m  
distantial magnetic disturbance  
has been reported at 4000 feet  
40  
Fence LakeC  
abore ground elevation in this vicinity  
m  
Hickman  
ST  
Trechado  
5700-  
st lohas  
30  
Concho  
Tres Lagunasq  
Quemado  
-20  
Pie Town  
9560  
60  
Vernon  
Mangas  
0  
SPRENGÉRVILLE EAGER  
10  
Datil  
7025 k 50  
Springerville  
10244  
9094  
10210  
Eagar  
ME  
0  
NE  
E  
it  
a  
TNI  
34°  
OSpur Lake  
U  
9390  
20  
50  
10  
20  
30  
40  
50  
ours  
a  
10955  
.8920  
do  
Horse Springs  
i",1.0,4.88,"indards  
Lambert Conformal Conic Projection  
e chart number.  
Standard Parallels 33° and 45° Scale 1:1,000,000  
(405)  
109M 14°E  
EJ  
108N (Joins 362)  
CHINLE  
Chinle  
100 -.  
MG  
6000  
6535  
Panch  
PChaco Canyon  
30  
40  
50  
10  
20  
50  
6643  
30  
40  
NG  
-  
IN  
1.  
8000  
Par  
a  
Tohatchi  
50  
Ranch  
7256  
Ranch-  
Fort-Défiance  
Ganado  
WINDOW ROCK  
Crownpoint  
68092-52  
2000  
40  
fieidsa  
St Michaels  
BS  
KGAM  
8  
8620  
1330  
6  
McKINLEY COUNTY  
a  
6467-L/M 50  
Wingate  
Klagetoh  
Gallup  
30  
66  
8851  
Manuelito  
Thoreau PREWITT  
McGaffey  
6900  
to  
Prewitt  
20  
30  
0  
330  
Buildings  
9112  
&  
200  
CORNTS  
Sanders  
9256  
Grants  
CHAMBERS  
5800  
26  
Chambers  
MF  
20N1 RADIO  
115. ZUNI  
9089  
Navajo  
Ramah  
NF  
EL  
MORRO (CAA)  
vs  
-Zuni  
Pinting  
in  
12  
60A  
522  
258°  
#  
THT2  
12  
4  
56  
EL  
853.53°  
OF  
TRU  
IIII  
35°  
GREEN  
7540  
GREEN 4  
Ranch  
Ranch  
ZURICRADIO  
8260  
Oo  
353  
GRAN RADIO  
To  
Ojo Caliente  
da  
LAVA  
186  
150  
180  
R  
N  
m  
distantial magnetic disturbance  
has been reported at 4000 feet  
40  
Fence Lake  
C  
abore ground elevation in this vicinity  
m  
Hickman  
ST  
Trechado  
5700-  
st lohas  
30  
Concho  
Tres Lagunas  
Quemado  
-20  
Pie Town  
9560  
60  
Vernon  
Mangas  
0  
SPRENGÉRVILLE EAGER  
10  
Datil  
7025 k 50  
Springerville  
10244  
9094  
10210  
Eagar  
ME  
0  
NE  
E  
it  
a  
TNI  
34°  
OSpur Lake  
U  
9390  
20  
50  
10  
20  
30  
40  
50  
ours  
a  
10955  
.8920  
do  
Horse Springs  
i",1.0,4.95,"indards  
Lambert Conformal Conic Projection  
e chart number.  
Standard Parallels 33° and 45° Scale 1:1,000,000  
(405)  
109M 14°E  
EJ  
108N (Joins 362)  
CHINL  
Chinle  
100 -.  
MG  
6000  
6535  
Panch  
PChaco Canyon  
30  
40  
50  
10  
20  
50  
6643  
30  
40  
NG  
-  
IN  
1.  
8000  
Par  
a  
Tohatchi  
50  
Ranch  
7256  
Ranch-  
Fort-Défiance  
Ganadad  
WINDOW ROCK  
Crownpoint  
68092-52  
2000  
40  
fieidsa  
St Michaelst  
BS  
KGAM  
8  
8620  
1330  
6  
MeKINLEY COUNTY  
a  
6467-L/M 50  
Wingate  
Klagetohn  
Gallup  
30  
66  
8851  
Manuelito  
Thoreau PREWITI  
McGaffey  
6900  
to  
Prewitt  
20  
30  
0  
330  
Buildings  
9112  
&  
200  
CORNTS  
Sanders  
9256  
Grants  
CHAMBERS  
5800  
26  
Chambers  
MF  
20N1 RADIO  
115. ZUN  
9089  
Navajo  
Ramahi  
NF  
EL  
MORRO (CAA)  
vs  
-Zuni  
Pinting  
in  
12  
60A  
522  
258°  
#  
THT2  
12  
4  
56  
EL  
853.53°  
OF  
TRU  
IIII  
35°  
GREÉN  
7540  
GREEN 4  
Ranch  
Ranch  
ZURICRADIO  
8260  
Oo  
353  
GRAN RADIO  
To  
Ojo Caliente  
da  
LAVA  
186  
150  
180  
R  
N  
m  
distantial magnetic disturbance  
has been reported at 4000 feet  
40  
Fence LakeC  
abore ground elevation in this vicinity  
m  
Hickman  
ST  
Trechado  
5700-  
st lohas  
30  
Concho  
Tres Lagunasq  
Quemado  
-20  
Pie Town  
9560  
60  
Vernon  
Mangas  
0  
SPRENGÉRVILLE EAGER  
10  
Datif  
7025 k 50  
Springerville  
10244  
9094  
10210  
Eagar  
ME  
0  
NE  
E  
it  
a  
TNI  
34°  
OSpur Lake  
U  
9390  
20  
50  
10  
20  
30  
40  
50  
ours  
a  
10955  
.8920  
do  
Horse Springs  
i",1.0,6.96
28970953,"/COMDR 3ATH ADIV RAFS BELLEVILLE MICH  
P/COMDR WPAFE CHIC  
RJEPHQ/HEDUSAF WASHDC  
RJEPK /HEDEADF STEWART AFB NEWBURGH NY  
ATTN: AIR TECHNICAL INTELLIGENCE CENTER ATTN: DIRECTOR OF INTELLIGENCE  
ATTN: EADF-C/C.  
PURPOSE  
1. A. LONG AND NARROW  
B. 2 TIMES THE MOON  
C. ORANGE  
D. 3  
E. NEGATIVE  
F. NONE  
G. 2 1/2 DEGREES OF HAZE STREAK  
H. NONE  
I. NONE  
at 2030 75.  
2. A. AMATEUR ASTRONOMER WATCHING SKY  
B. HIGH ELEVATION AND NEGATIVE AZIMUTH  
C. HIGH  
D. SLOWLY MOVING WEST  
E. 2 DISAPPEARED SUDDENLY AND 1 DISAPPEARED SLOWLY  
F. (30 MINUTES)  
3. GROUND-VISUAL  
B. BINOCULARS,  
NEGATIVE DESCRIPTION  
C. N/A  
4. A. 14/0230Z  
02002 =0930  
B. NIGHT  
5. A. 11 FINDLAY STREET, TONAWANDA, NEW YORK  
S. A.  
TONAWANDA, NEW YORK, STRAND  
OPERATOR AT WESTERN ELECTRIC, FAIRLY RELIABLE.  
E. N/A  
7. A. CLEAR",0.05759162303664921,4.91,"/COMDR 5TH ADIV RAFS BELLEVILLE MICH  
P/COMDR WPAFB CHIC  
RJEPHQ/HEDUSAF WASHDC  
RJEPK/HEDEADF STEWART AFB NEWBURGH NY  
ATTN: AIR TECHNICAL INTELLIGENCE CENTER ATTN: DIRECTOR OF INTELLIGENCE  
ATTN: EADF-C/C.  
PURPOSE:  
1. A. LONG AND NARROW  
B. 2 TIMES THE MOON  
C. ORANGE  
D. 3  
E. NEGATIVE  
F. NONE  
G. 2 1/2 DEGREES OF HAZE STREAK  
H. NONE  
I. NONE  
at 2030 75.  
2. A. AMATEUR ASTRONOMER WATCHING SKY  
B. HIGH ELEVATION AND NEGATIVE AZIMUTH  
C. HIGH  
D. SLOWLY MOVING WEST  
E. 2 DISAPPEARED SUDDENLY AND 1 DISAPPEARED SLOWLY  
F. 30 MINUTES  
3. GROUND-VISUAL  
A. BINOCULARS,  
B. NEGATIVE DESCRIPTION  
C. N/A  
4. A. 14/02302  
B. 02002 = 0930  
C. NIGHT  
5. A. 11 FINDLAY STREET, TONAWANDA, NEW YORK  
B. TONAWANDA, NEW YORK,  
C. OPERATOR AT WESTERN ELECTRIC, FAIRLY RELIABLE.  
D. N/A  
7. A. CLEAR",0.07621550591327202,6.63,"/COMDR 3ATH ADIV RAFS BELLEVILLE MICH  
P/COMDR WPAFE CHIC  
RJEPHQ/HEDUSAF WASHDC  
RJEPK /HEDEADF STEWART AFB NEWBURGH NY  
ATTN: AIR TECHNICAL INTELLIGENCE CENTER ATTN: DIRECTOR OF INTELLIGENCE  
ATTN. EADF-C/C.  
PUPCE""  
1. A. LONG AND NARROW  
B. 2 TIMES THE MOON  
C. ORANGE  
D. 3  
E. NEGATIVE  
F. NONE  
G. 2 1/2 DEGREES OF HAZE STREAK  
H. NONE  
I. NONE  
2. A. AMATEUR ASTRONOMER WATCHING SKY  
B. HIGH ELEVATION AND NEGATIVE AZIMUTH  
C. HIGH  
D. SLOWLY MOVING WEST  
E. 2 DISAPPEARED SUDDENLY AND 1 DISAPPEARED SLOWLY  
F. 30 MINUTES  
3. GROUND-VISUAL  
A. BINOCULARS  
B. NEGATIVE DESCRIPTION  
C. N/A  
4. A. 14/02302  
B. 02002 =0930  
C. NIGHT  
5. A. 11 FINDLAY STREET, TONAWANDA, NEW YORK  
B. TONAWANDA, NEW YORK, STRAN  
C. OPERATOR AT WESTERN ELECTRIC, FAIRLY RELIABLE.  
D. N/A  
6. A. CLEAR",0.05533596837944664,4.02,"/COMDR 3ATH ADIV RAFS BELLEVILLE MICH  
P/COMDR WPAFB CHIC  
RJEPHQ/HEDUSAF WASHDC  
RJEPK /HEDEADF STEWART AFB NEWBURGH NY  
ATTN: AIR TECHNICAL INTELLIGENCE CENTER ATTN: DIRECTOR OF INTELLIGENCE  
ATTN: EADF-C/C.  
PURPOSE  
1. A. LONG AND NARROW  
B. 2 TIMES THE MOON  
C. ORANGE  
D. 0.3  
E. NEGATIVE  
F. NONE  
G. 2 1/2 DEGREES OF HAZE STREAK  
H. NONE  
I. NONE  
at 2030 75.  
2. A. AMATEUR ASTRONOMER WATCHING SKY  
B. HIGH ELEVATION AND NEGATIVE AZIMUTH  
C. HIGH  
D. SLOWLY MOVING WEST  
E. 2 DISAPPEARED SUDDENLY AND 1 DISAPPEARED SLOWLY  
F. 30 MINUTES  
3. GROUND-VISUAL  
A. BINOCULARS,  
B. NEGATIVE DESCRIPTION  
C. N/A  
4. A. 14/02302  
B. 02002 =0930  
5. A. NIGHT  
6. A. 11 FINDLAY STREET, TONAWANDA, NEW YORK  
B. TONAWANDA, NEW YORK, STRAN  
C. OPERATOR AT WESTERN ELECTRIC, FAIRLY RELIABLE.  
D. N/A  
7. A. CLEAR",0.07642487046632124,5.75,"/COMDR 3ATH ADIV RAFS BELLEVILLE MICH  
P/COMDR WPAFB CHIC  
RJEPHQ/HEDUSAF WASHDC  
RJEPK /HEDEADF STEWART AFB NEWBURGH NY  
ATTN: AIR TECHNICAL INTELLIGENCE CENTER ATTN: DIRECTOR OF INTELLIGENCE  
ATTN. EADF-C/C.  
PUPCE""  

1. A. LONG AND NARROW  
B. 2 TIMES THE MOON  
C. ORANGE  
D. 0.3  
E. NEGATIVE  
F. NONE  
G. 2 1/2 DEGREES OF HAZE STREAK  
H. NONE  
I. NONE  

2. A. AMATEUR ASTRONOMER WATCHING SKY  
B. HIGH ELEVATION AND NEGATIVE AZIMUTH  
C. HIGH  
D. SLOWLY MOVING WEST  
E. 2 DISAPPEARED SUDDENLY AND 1 DISAPPEARED SLOWLY  
F. (30 MINUTES)  

3. GROUND-VISUAL  
B. BINOCULARS, NEGATIVE DESCRIPTION  
C. N/A  

4. A. 14/02302  
B. 02002 = 0930  
B. NIGHT  

5. A. 11 FINDLAY STREET, TONAWANDA, NEW YORK  
B. TONAWANDA, NEW YORK, STRAN  
OPERATOR AT WESTERN ELECTRIC, FAIRLY RELIABLE.  
E. N/A  

7. A. CLEAR",0.05138339920948617,6.23,"/COMDR 34TH ADIV RAFS BELLEVILLE MICH  
P/COMDR WPAFB CHIC  
RJEPHQ/HEDUSAF WASHDC  
RJEPK/HEDEADF STEWART AFB NEWBURGH NY  
ATTN: AIR TECHNICAL INTELLIGENCE CENTER ATTN: DIRECTOR OF INTELLIGENCE  
ATTN: EADF-C/C.  
PURPOSE:  
1. A. LONG AND NARROW  
B. 2 TIMES THE MOON  
C. ORANGE  
D. 0.3  
E. NEGATIVE  
F. NONE  
G. 2 1/2 DEGREES OF HAZE STREAK  
H. NONE  
I. NONE  
at 2030 EST  
2. A. AMATEUR ASTRONOMER WATCHING SKY  
B. HIGH ELEVATION AND NEGATIVE AZIMUTH  
C. HIGH  
D. SLOWLY MOVING WEST  
E. 2 DISAPPEARED SUDDENLY AND 1 DISAPPEARED SLOWLY  
F. (30 MINUTES)  
3. GROUND-VISUAL  
A. BINOCULARS, NEGATIVE DESCRIPTION  
B. N/A  
4. A. 14/0230Z  
B. NIGHT  
5. A. 11 FINDLAY STREET, TONAWANDA, NEW YORK  
B. TONAWANDA, NEW YORK, STRANGE OPERATOR AT WESTERN ELECTRIC, FAIRLY RELIABLE.  
E. N/A  
7. A. CLEAR",0.08168642951251646,6.35,"/COMDR 3ATH ADIV RAFS BELLEVILLE MICH  
P/COMDR WPAFE CHIC  
RJEPHQ/HEDUSAF WASHDC  
RJEPK/HEDEADF STEWART AFE NEWBURGH NY  
ATTN: AIR TECHNICAL INTELLIGENCE CENTER ATTN: DIRECTOR OF INTELLIGENCE  
ATTN. EADF-C/C.  
PUPCE  

1. A. LONG AND NARROW  
   B. 2 TIMES THE MOON  
   C. ORANGE  
   D. NEGATIVE  
   E. NONE  
   F. 2 1/2 DEGREES OF HAZE STREAK  

2. A. AMATEUR ASTRONOMER WATCHING SKY  
   B. HIGH ELEVATION AND NEGATIVE AZIMUTH  
   C. HIGH  
   D. SLOWLY MOVING WEST  
   E. 2 DISAPPEARED SUDDENLY AND 1 DISAPPEARED SLOWLY  
   F. (30 MINUTES)  

3. GROUND-VISUAL  
   A. BINOCULARS, NEGATIVE DESCRIPTION  
   B. N/A  

4. A. 14/02302  
   B. 02002 =0930  
   C. NIGHT  

5. A. 11 FINDLAY STREET, TONAWANDA, NEW YORK  
   B. TONAWANDA, NEW YORK, STRAN  
   C. OPERATOR AT WESTERN ELECTRIC, FAIRLY RELIABLE.  
   D. N/A  

7. A. CLEAR",0.08432147562582346,3.79,"/COMDR 3ATH ADIV RAFS BELLEVILLE MICH  
P/COMDR WPAFE CHIC  
RJEPHQ/HEDUSAF WASHDC  
RJEPK/HEDEADF STEWART AFE NEWBURGH NY  
ATTN: AIR TECHNICAL INTELLIGENCE CENTER  
ATTN: DIRECTOR OF INTELLIGENCE  
ATTN. EADF-C/C.  
PUPCE

1. A. LONG AND NARROW  
B. 2 TIMES THE MOON  
C. ORANGE  
D. 0.3  
E. NEGATIVE  
F. NONE  
G. 2 1/2 DEGREES OF HAZE STREAK  
H. NONE  
I. NONE

2. A. AMATEUR ASTRONOMER WATCHING SKY  
B. HIGH ELEVATION AND NEGATIVE AZIMUTH  
C. HIGH  
D. SLOWLY MOVING WEST  
E. 2 DISAPPEARED SUDDENLY AND 1 DISAPPEARED SLOWLY  
F. (30 MINUTES)

3. GROUND-VISUAL  
A. BINOCULARS, NEGATIVE DESCRIPTION  
B. N/A

4. A. 14/02302  
B. 02002 =0930  
C. NIGHT

5. A. 11 FINDLAY STREET, TONAWANDA, NEW YORK  
B. TONAWANDA, NEW YORK, STRAN  
C. OPERATOR AT WESTERN ELECTRIC, FAIRLY RELIABLE.  
D. N/A

7. A. CLEAR",0.05665349143610013,4.03,"/COMDR 3ATH ADIV RAFS BELLEVILLE MICH  
P/COMDR WPAFE CHIC  
RJEPHQ/HEDUSAF WASHDC  
RJEPK/HEDEADF STEWART AFE NEWBURGH NY  
ATTN: AIR TECHNICAL INTELLIGENCE CENTER ATTN: DIRECTOR OF INTELLIGENCE  
ATTN. EADF-C/C.  
PUPCE  

1. A. LONG AND NARROW  
B. 2 TIMES THE MOON  
C. ORANGE  
D. NEGATIVE  
E. NONE  
F. 2 1/2 DEGREES OF HAZE STREAK  
G. NONE  
H. NONE  

2. A. AMATEUR ASTRONOMER WATCHING SKY  
B. HIGH ELEVATION AND NEGATIVE AZIMUTH  
C. HIGH  
D. SLOWLY MOVING WEST  
E. 2 DISAPPEARED SUDDENLY AND 1 DISAPPEARED SLOWLY  
F. (30 MINUTES)  

3. GROUND-VISUAL  
A. BINOCULARS, NEGATIVE DESCRIPTION  
B. N/A  

4. A. 14/02302  
B. 02002 =0930  
C. NIGHT  

5. A. 11 FINDLAY STREET, TONAWANDA, NEW YORK  
B. TONAWANDA, NEW YORK, STRAN  
C. OPERATOR AT WESTERN ELECTRIC, FAIRLY RELIABLE.  
D. N/A  

7. A. CLEAR",0.06587615283267458,69.33
28966961,"ACTION  
16 AUG 56 10 28  
FM COMDR 648TH AC&W SQ BENTON AFS BENTON PA  
TO RJEDEN/COMDR ADC ENT AFB COLORADO  
RJEDWP/COMDR AIR TECH INTEL CEN, WRIGHT PATTERSON AFB OHIO  
RJEPHQ/COMDR DIR OF INTEL HQ USAF WASH 25, D.C.  
RJEPNB/COMDR DET 3, 4632 AISS STEWART AFB, NY  
RJEPNE/COMDR FLT 3, 4622 AISS STEWART AFB, NY  
INFO RJEPNB/COMDR EADF STEWART AFB, NY  
BT  
UNCLAS ADCOM 49  

(1) DESCRIPTION  

(A) NO DESCRIPTION  

(B) OBJECTS WERE THE SIZE OF BIRDS  

(C) BLACK  

(D) 5  

(E) ALL IN ONE FLIGHT  

(F) NONE  

(G) NO SOUND  

(H) NOTHING  

(2) DESCRIPTION OF COURSE  

(A) WHILE TRACKING AIRCRAFT WITH BINOCULARS  

(B) UNKNOWN WHERE ANYTHING TIME?",0.3162901307966706,3.29,"ACTION  
16 AUG 56 10 28  
FM COMDR 648TH AC&W SQ BENTON AFS BENTON PA  
TO RJEDEN/COMDR ADC ENT AFB COLORADO  
RJEDWP/COMDR AIR TECH INTEL CEN, WRIGHT PATTERSON AFB OHIO  
RJEPHQ/COMDR DIR OF INTEL HQ USAF WASH 25, D.C.  
RJEPNB/COMDR DET 3, 4632 AISS STEWART AFB, NY  
RJEPNE/COMDR FLT 3, 4622 AISS STEWART AFB, NY  
INFO RJEPNB/COMDR EADF STEWART AFB, NY  
BT  
/UNCL/ ADCOM 49  

(1) DESCRIPTION  
(A) OBJECTS WERE THE SIZE OF BIRDS  
(B) BLACK  
(C) ALL IN ONE FLIGHT  
(D) NO SOUND  
(E) NOTHING  

(2) DESCRIPTION OF COURSE  
(A) WHILE TRACKING AIRCRAFT WITH BINOCULARS  
(B) UNKNOWN",0.3626634958382878,3.66,"ACTION  
16 AUG 56 10 28  
FROM COMDR 648TH AC&W SQ BENTON AFS BENTON PA  
TO RJEDEN/COMDR ADC ENT AFB COLORADO  
RJEDWP/COMDR AIR TECH INTEL CEN, WRIGHT PATTERSON AFB OHIO  
RJEPHQ/COMDR DIR OF INTEL HQ USAF WASH 25, D.C.  
RJEPNE/COMDR DET 3, 4632 AISS STEWART AFB, NY  
RJEPNE/COMDR FLT 3, 4622 AISS STEWART AFB, NY  
INFO RJEPNB/COMDR EADF STEWART AFB, NY  
BT  
/UNCL/ ADCOMM 49  

(1) DESCRIPTION  
(A) NO DESCRIPTION  
(B) OBJECTS WERE THE SIZE OF BIRDS  
(C) BLACK  
(D) 5  
(E) ALL IN ONE FLIGHT  
(F) NONE  
(G) NO SOUND  
(H) NOTHING  

(2) DESCRIPTION OF COURSE  
(A) WHILE TRACKING AIRCRAFT WITH BINOCULARS  
(B) UNKNOWN WHERE ANYTHING TIME?",0.31272294887039237,2.26,"ACTION  
TO:  
16 AUG 56 10 28

JEDWP H144 WPE103 YDB094 TYC388 TMA052 DGA005 DGG007

(1)  
PP RJEDEN RJEDWP RJEPHQ RJEPNB RJEPME RJEPNB  
DE RJEPDG 2G  
P 160115Z  

FROM: COMDR 648TH AC&W SQ BENTON AFS BENTON PA  
TO: RJEDEN/COMDR ADC ENT AFB COLORADO  
RJEDWP/COMDR AIR TECH INTEL CEN, WRIGHT PATTERSON AFB OHIO  
RJEPHO/COMDR DIR OF INTEL HQ USAF WASH 25, D.C.  
RJAPNB/COMDR DET 3, 4632 AISS STEWART AFB, NY  
RJEPNE/COMDR FLT 3, 4622 AISS STEWART AFB, NY  
INFO RJEPNB/COMDR EADF STEWART AFB, NY  

BT  
/UNCL/ ADCOMM 49  

(1) DESCRIPTION  

(A) NO DESCRIPTION  
(B) OBJECTS WERE THE SIZE OF BIRDS  
(C) BLACK  
(D) 5  
(E) ALL IN ONE FLIGHT  
(F) NONE  
(G) NO SOUND  
(H) NOTHING  

(2) DESCRIPTION OF COURSE  

(A) WHILE TRACKING AIRCRAFT WITH BINOCULARS  
(B) UNKNOWN",0.19143876337693222,5.83,"ACTION
16 AUG 56 10 28

JEDWP H144 WPE103 YDB094 TYC388 TMA052 DGA005 DGG007

PP RJEDEN RJEDWP RJEPHQ RJEPNB RJEPME RJEPNB
DE RJEPDG 2G
P 160115Z

FM COMDR 648TH AC&W SQ BENTON AFS BENTON PA
TO RJEDEN/COMDR ADC ENT AFB COLORADO
RJEDWP/COMDR AIR TECH INTEL CEN, WRIGHT-PATTERSON AFB OHIO
RJEPHQ/COMDR DIR OF INTEL HQ USAF WASH 25, D.C.
RJEPNB/COMDR DET 3, 4632 AISS STEWART AFB, NY
RJEPNE/COMDR FLT 3, 4622 AISS STEWART AFB, NY
INFO RJEPNB/COMDR EADF STEWART AFB, NY
BT
UNCL/ADCOMM 49

(1) DESCRIPTION
(A) NO DESCRIPTION
(B) OBJECTS WERE THE SIZE OF BIRDS
BLACK
(D) 5
BLUE SKY OF YEAR
A DARK DAY / THEN
(E) ALL IN ONE FLIGHT
(G) NONE
NO SOUND
(I) NOTHING

(2) DESCRIPTION OF COURSE
(A) WHILE TRACKING AIRCRAFT WITH BINOCULARS
(B) UNKNOWN WHERE ANYTHING TIME",0.14744351961950058,5.53,"ACTION  
16 AUG 56 10 28  
34th  
JEDWP H144 WPE103 YDB094 TYC388 TMA052 DGA005 DGG007  
(1)  
PP RJEDEN RJEDWP RJEPHQ RJEPNB RJEPME RJEPNB  
DE RJEPDG 2G  
P 160115Z  
FROM COMDR 648TH AC&W SQ BENTON AFS BENTON PA  
TO RJEDEN/COMDR ADC ENT AFB COLORADO  
RJEDWP/COMDR AIR TECH INTEL CEN, WRIGHT PATTERSON AFB OHIO  
RJEPHQ/COMDR DIR OF INTEL HQ USAF WASH 25, D.C.  
RJEPNB/COMDR DET 3, 4632 AISS STEWART AFB, NY  
RJEPME/COMDR FLT 3, 4622 AISS STEWART AFB, NY  
INFO RJEPNB/COMDR EADF STEWART AFB, NY  
BT  
/UNCL/ ADCOMM 49  
(1) DESCRIPTION  
(A) NO DESCRIPTION  
(B) OBJECTS WERE THE SIZE OF BIRDS  
(C) BLACK  
(D) 5  
(E) ALL IN ONE FLIGHT  
(G) NONE  
(H) NO SOUND  
(I) NOTHING  
(2) DESCRIPTION OF COURSE  
(A) WHILE TRACKING AIRCRAFT WITH BINOCULARS  
(B) UNKNOWN",0.18430439952437574,10.34,"RCTION  
s $4E4  
16 AUG 5 56 10 28  
34tha  
JEDWP H144 WPE103 YDB094 TYC388 TMA052 DGA005 DGG007  
(1)  
PP RJEDEN RJEDWP RJEPHQ RJEPNB RJEPME RJEPNB  
DE RJEPDG 2G  
P 160115Z  
atic  
FM COMDR 648TH AC&W SQ BENTON AFS BENTON PA  
TO RJEDEN/COMDR ADC ENT AFB COLORADO  
RJEDWP/COMDR AIR TECH INTEL CEN, WRIGHT PATTERSON AFB OHIO  
RJEPHO/COMDR DIR OF INTEL HQ USAF WASH 25, D. C.  
RJAPNB/COMDR DET 3, 4632 AISS STEWART AFB, NY  
RJEPNE/COMDR FLT 3, 4622 AISS STEWART AFB, NY  
INFO RJEPNB/COMDR EADF STEWART AFB, NY  
BT  
/UNCL/ ADCOMM 49, .  
(1) DESCRIPTION  
..  
(A) NO DESCRIPTION  
(B) OBJECTS WERE THE SIZE OF BIRDS  
(C) BLACK  
(D) 5  
(E) ALL IN ONE FLIGHT  
(F) NONE  
(G) NO SOUND  
(I) NOTHING  
(2) DESCRIPTION OF COURSE  
(A) WHILE TRACKING AIRCRAFT WITH BINOCULARS  
(B) UNKNOWN",0.1938168846611177,5.12,"RCTION  
s $4E4  
16 AUG 5 56 10 28  
34tha  
JEDWP H144 WPE103 YDB094 TYC388 TMA052DGA005DGG007  
(1)  
PP RJEDEN RJEDWP RJEPHQ RJEPNB RJEPME RJEPNB  
DE RJEPDG 2G  
P 160115Z  

FM COMDR 648TH AC&W SQ BENTON AFS BENTON PA  
TO RJEDEN/COMDR ADC ENT AFB COLORADO  
RJEDWP/COMDR AIR TECH INTEL CEN, WRIGHT PATTERSON AFB OHIO  
RJEPHO/COMDR DIR OF INTEL HQ USAF WASH 25, D. C.  
RJEPNB/COMDR DET 3, 4632 AISS STEWART AFB, NY  
RJEPNE/COMDR FLT 3, 4622 AISS STEWART AFB, NY  
INFO RJEPNB/COMDR EADF STEWART AFB, NY  
BT  
/UNCL/ ADCOMM 49, .  

(1) DESCRIPTION  
(A) NO DESCRIPTION  
(B) OBJECTS WERE THE SIZE OF BIRDS  
(C) BLACK  
(D) 5  
(E) ALL IN ONE FLIGHT  
(F) NO SOUND  
(G) NONE  
(H) NOTHING  

(2) DESCRIPTION OF COURSE  
(A) WHILE TRACKING AIRCRAFT WITH BINOCULARS  
(B) UNKNOWN",0.19500594530321047,3.69,"RCTION  
s $4E4  
16 AUG 5 56 10 28  
34tha  
JEDWP H144 WPE103 YDB094 TYC388 TMA052DGA005DGG007  
(1)  
PP RJEDEN RJEDWP RJEPHQ RJEPNB RJEPME RJEPNB  
DE RJEPDG 2G  
P 160115Z  
atic  
FM COMDR 648TH AC&W SQ BENTON AFS BENTON PA  
TO RJEDEN/COMDR ADC ENT AFB COLORADO  
RJEDWP/COMDR AIR TECH INTEL CEN, WRIGHT PATTERSON AFB OHIO  
RJEPHO/COMDR DIR OF INTEL HQ USAF WASH 25, D. C.  
RJEPNB/COMDR DET 3, 4632 AISS STEWART AFB, NY  
RJEPNE/COMDR FLT 3, 4622 AISS STEWART AFB, NY  
INFO RJEPNB/COMDR EADF STEWART AFB, NY  
BT  
/UNCL/ ADCOMM 49, .  
(1) DESCRIPTION  
(A) OBJECTS WHERE THE SIZE OF BIRDS  
(B) BLACK  
(D) 5  
(E) ALL IN ONE FLIGHT  
(G) NONE  
(I) NO SOUND  
(J) NOTHING  
(2) DESCRIPTION OF COURSE  
(A) WHILE TRACKING AIRCRAFT WITH BINOCULARS  
(B) UNKNOWN",0.21759809750297265,3.17
28988775,Please provide the text you would like me to correct.,1.0,0.71,"Please provide the text that needs correction, and I'll be happy to help fix any OCR errors.",1.0,1.12,"Please provide the text that needs to be corrected, and I'll help fix the OCR errors for you.",1.0,1.55,"Certainly, please provide the text that needs correction.",1.0,0.72,"Certainly, please provide the text that needs correction.",1.0,1.64,"Certainly, please provide the text that needs correction.",1.0,0.82,"DATE   Jun 12, 1947  
LOCATION   Chicago, IL

Visible? Yes  xʘNoʘ

EXPERI-ENCE   Witness reported seeing a disc-shaped object w/a metallic surface. 

ALPHANUMERIC CODE   A9X3B-47ZT

NOTES   The object moved erratically and disappeared after 5 minutes.",1.0,2.56,"```plaintext
DATE   Jun 12, 1947  LOCATION   Chicago, IL

Visible?  Yes  ʘNoʘ

EXPERI-ENCE  The witness reported seeing a bright light in the sky at approximately 8:45 PM. The object was moving in an erratic pattern and appeared to change colors.

DESCRIPTION  The object was described as circular, with a diameter of about 30 feet. It emitted a humming sound and left a trail of light as it moved.

DURATION  The sighting lasted for about 10 minutes before the object disappeared behind a cloud.

WEATHER CONDITIONS  Clear skies, no wind.

OTHER WITNESSES  None

REMARKS  The witness stated that the object did not resemble any known aircraft and moved in a manner inconsistent with conventional flight patterns.

REPORT FILED BY  John Doe

REPORT NUMBER  AB123-4567
```",1.0,4.51,"DATE   Jun 12, 1947  LOCATION Chicago, IL

Visible? Yes  xʘNoʘ

The UFO was observed at approximately 10:30 PM. The object appeared to be circular in shape with a bright glow around it. Witnesses reported that it moved erratically, changing direction swiftly and without sound. The experi-ence lasted for about 5 minutes before the object disappeared into the night sky.

Witnesses included local residents and a few visitors to the area. All described the event similarly, noting the unusual speed and maneuverability of the object. Some attempted to capture photos, but the images were inconclusive due to the object's rapid movements.

Further investigation is needed to determine the nature of the sighting. Local authorities have been notified, and any additional evidence or witness statements will be collected and reviewed.",1.0,4.72
28945497,"AF FORM 112-PART II  
APPROVED - JUNE 1948  
(CLASSIFICATION)  
AIR INTELLIGENCE INFORMATION REPORT  

FROM (Agency)  
REPORT NO.  
PAGE 1  
OF  
2  
PAGES  

1. Description  
a. Shape: Arrow-head  
b. Size: Objects appeared slightly larger than an F-86  
c. Color: Silver  
d. Number: Three in perfect formation  
e. Means of control: None apparent  
f. Trail or exhaust: None apparent  
g. Propulsion system: None apparent  
h. Exhaust: None apparent  
i. Speed: Very fast  
j. Sound: None  
k. Maneuvers: In bank and turn  
l. Manner of disappearance: Result of speed and distance  
m. Other pertinent features:  
The objects appeared to have a ridge along the top. Definite lines were observed, definitely not fuzzy. No experience as a result of objects crossing path of B-25. Observers believed objects crossed at a very slightly higher altitude than which the B-25 was flying.  

2. a. Time sighted: 1540 PST, 24 July 1952  
b. Length of time observed: 3 to 4 seconds  

3. Manner of observation: Visual from air with the naked eye. B-25 aircraft at 11,000 ft indicated altitude. Air speed 185 indicated, Boeing Aircraft No. 3360  

4. Location of observer during sighting: Along Green 3 Airways slightly east of Carson Sink, Nevada. Objects first appeared at one o'clock position relative to aircraft heading, passed to the left of aircraft in a continuous bank at approximately the same altitude of aircraft. Objects observed at a distance of between 400 and 800 yards.  

5. Information on observers: Lt. Col. John L. McGinn, USAF, 7369-A, Headquarters, USAF, Fighter Branch, Deputy of Operations. Home Address: 1176 N. Pocahontas, Arlington, Va. In the Air Force since 1940 and flying since that time. Senior Pilot. Age 34. Married.  

NOTE: THIS DOCUMENT CONTAINS INFORMATION AFFECTING THE NATIONAL DEFENSE OF THE UNITED STATES WITHIN THE MEANING OF THE ESPIONAGE ACT, 50 USC 31 AND 32. AS AMENDED. ITS TRANSMISSION OR THE REVELATION OF ITS CONTENTS IN ANY MANNER TO AN UNAUTHORIZED PERSON IS PROHIBITED BY LAW. IT MAY NOT BE REPRODUCED IN WHOLE OR IN PART, BY OTHER THAN UNITED STATES AIR FORCE AGENCIES, EXCEPT BY PERMISSION OF THE DIRECTOR OF INTELLIGENCE, USAF.  

(CLASSIFICATION)  
GOVERNMENT PRINTING OFFICE -",0.048343777976723366,9.48,"AF FORM 112-PART II  
APPROVED - JUNE 1948  
(CLASSIFICATION)  
AIR INTELLIGENCE INFORMATION REPORT  
FROM (Agency)  
REPORT NO.  
PAGE 1  
OF  
2  
PAGES  

1. Description  
a. Shape: Arrow-head  
b. Size: Objects appeared slightly larger than an F-86  
c. Color: Silver  
d. Number: Three in perfect formation  
e. Means of control: None apparent  
f. Trail or exhaust: None apparent  
g. Propulsion system: None apparent  
h. Exhaust: None apparent  
i. Speed: Very fast  
j. Sound: None  
k. Maneuvers: In bank and turn  
l. Manner of disappearance: Result of speed and distance  
m. Other pertinent features: The objects appeared to have a ridge along the top. Definite lines were observed, definitely not fuzzy. No experience as a result of objects crossing path of B-25. Observers believed objects crossed at a very slightly higher altitude than which the B-25 was flying.  

2. a. Time sighted: 1540 PST, 24 July 1952  
   b. Length of time observed: 3 to 4 seconds  

3. Manner of observation: Visual from air with the naked eye. B-25 aircraft at 11,000 feet indicated altitude. Air speed 135 indicated. Doling Aircraft No. 3360  

4. Location of observer during sighting: Along Green 3 Airways slightly east of Carson Sink, Nevada. Objects first appeared at one o'clock position relative to aircraft heading, passed to the left of aircraft in a continuous bank at approximately the same altitude of aircraft. Objects observed at a distance of between 400 and 800 yards.  

5. Information on observers: Lt Col John L. McGinn, USAF, 7369-A, Headquarters, USAF, Fighter Branch, Deputy of Operations. Home Address: 1176 N. Pocahontas, Arlington, Va. In the Air Force since 1940 and flying since that time. Senior Pilot. Age 34. Married.  

NOTE: THIS DOCUMENT CONTAINS INFORMATION AFFECTING THE NATIONAL DEFENSE OF THE UNITED STATES WITHIN THE MEANING OF THE ESPIONAGE ACT, 50  
31 AND 32. AS AMENDED. ITS TRANSMISSION OR THE REVELATION OF ITS CONTENTS IN ANY MANNER TO AN UNAUTHORIZED PERSON IS PROHIBITED BY LAW. IT MAY NOT BE REPRODUCED IN WHOLE OR IN PART, BY OTHER THAN UNITED STATES AIR FORCE AGENCIES, EXCEPT BY PERMISSION OF THE DIRECTOR OF INTELLIGENCE, USAF.  
(CLASSIFICATION)  
GOVERNMENT PRINTING OFFICE -",0.044762757385854966,9.04,"AF FORM 112-PART II  
APPROVED - JUNE 1948  
(CLASSIFICATION)  
AIR INTELLIGENCE INFORMATION REPORT  

FROM (Agency)  
REPORT NO.  
PAGE 1  
OF  
2  
PAGES  

1. Description  
a. Shape: Arrow-head  
b. Size: Objects appeared slightly larger than an F-86  
c. Color: Silver  
d. Number: Three in perfect formation  
e. Means of control: None apparent  
f. Trail or exhaust: None apparent  
g. Propulsion system: None apparent  
h. Exhaust: None apparent  
i. Speed: Very fast  
j. Sound: None  
k. Maneuvers: In bank and turn  
l. Manner of disappearance: Result of speed and distance  
m. Other pertinent features:  
The objects appeared to have a ridge along the top. Definite lines were observed, definitely not fuzzy. No experience as a result of objects crossing path of B-25. Observers believed objects crossed at a very slightly higher altitude than which the B-25 was flying.  

2. a. Time sighted: 1540 PST, 24 July 1952  
b. Length of time observed: 3 to 4 seconds  

3. Manner of observation: Visual from air with the naked eye. B-25 aircraft at 11,000 feet indicated altitude. Air speed 135 indicated.  

4. Location of observer during sighting: Along Green 3 Airways slightly east of Carson Sink, Nevada. Objects first appeared at one o'clock position relative to aircraft heading, passed to the left of aircraft in a continuous bank at approximately the same altitude of aircraft. Objects observed at a distance of between 400 and 800 yards.  

5. Information on observers: Lt Col John L. McGinn, USAF, 7369-A, Headquarters, USAF, Fighter Branch, Deputy of Operations. Home Address: 1176 N. Pocahontas, Arlington, Va. In the Air Force since 1940 and flying since that time. Senior Pilot. Age 34. Married.  

NOTE: THIS DOCUMENT CONTAINS INFORMATION AFFECTING THE NATIONAL DEFENSE OF THE UNITED STATES WITHIN THE MEANING OF THE ESPIONAGE ACT, 50 USC 31 AND 32, AS AMENDED. ITS TRANSMISSION OR THE REVELATION OF ITS CONTENTS IN ANY MANNER TO AN UNAUTHORIZED PERSON IS PROHIBITED BY LAW. IT MAY NOT BE REPRODUCED IN WHOLE OR IN PART, BY OTHER THAN UNITED STATES AIR FORCE AGENCIES, EXCEPT BY PERMISSION OF THE DIRECTOR OF INTELLIGENCE, USAF.  

(CLASSIFICATION)  

GOVERNMENT PRINTING OFFICE",0.05908683974932856,9.73,"(AF FORM 112-PART II  
APPROVED - JUNE 1948  
(CLASSIFICATION)  
AIR INTELLIGENCE INFORMATION REPORT  

FROM (Agency)  
REPORT NO.  
PAGE 1  
OF  
2  
PAGES  

1. Description  
a. Shape: Arrowhead  
b. Size: Objects appeared slightly larger than an F-86  
c. Color: Silver  
d. Number: Three in perfect formation  
e. Means of control: None apparent  
f. Trail or exhaust: None apparent  
g. Propulsion system: None apparent  
h. Exhaust: None apparent  
i. Speed: Very fast  
j. Sound: None  
k. Maneuvers: In bank and turn  
l. Manner of disappearance: Result of speed and distance  
m. Other pertinent features:  
   The objects appeared to have a ridge along the  
   top. Definite lines were observed, definitely  
   not fuzzy. No experience as a  
   result of objects crossing path of B-25.  
   Observers believed objects crossed at a very  
   slightly higher altitude than which the B-25  
   was flying.  

2. a. Time sighted: 1540 PST, 24 July 1952  
   b. Length of time observed: 3 to 4 seconds  

3. Manner of observation: Visual from air with the naked eye. B-25 aircraft  
   at 11,000 feet indicated altitude. Air speed 185 indicated,  
   Boeing Aircraft No. 3360  

4. Location of observer during sighting: Along Green 3 Airways slightly east of  
   Carson Sink, Nevada. Objects first appeared at one  
   o'clock position relative to aircraft heading, passed to  
   the left of aircraft in a continuous bank at approxi-  
   mately the same altitude of aircraft. Objects observed  
   at a distance of between 400 and 800 yards.  

5. Information on observers: Lt Col John L. McGinn, USAF, 7369-A, Headquarters,  
   USAF, Fighter Branch, Deputy of Operations. Home  
   Address: 1176 N. Pocahontas, Arlington, Va. In the  
   Air Force since 1940 and flying since that time.  
   Senior Pilot. Age 34. Married.  

NOTE: THIS DOCUMENT CONTAINS INFORMATION AFFECTING THE NATIONAL DEFENSE OF THE UNITED STATES WITHIN THE MEANING OF THE ESPIONAGE ACT, 50  
31 AND 32. AS AMENDED. ITS TRANSMISSION OR THE REVELATION OF ITS CONTENTS IN ANY MANNER TO AN UNAUTHORIZED PERSON IS PROHIBITED BY LAW.  
IT MAY NOT BE REPRODUCED IN WHOLE OR IN PART, BY OTHER THAN UNITED STATES AIR FORCE AGENCIES, EXCEPT BY PERMISSION OF THE DIRECTOR OF  
INTELLIGENCE, USAF.  
(CLASSIFICATION)  
GOVERNMENT PRINTING OFFICE -",0.047448522829006266,23.17,"(AF FORM 112-PART II  
APPROVED - JUNE 1948  
(CLASSIFICATION)  
AIR INTELLIGENCE INFORMATION REPORT  
FROM (Agency)  
REPORT NO.  
PAGE 1  
OF  
2  
PAGES  

1. Description  
a. Shape: Arrowhead  
b. Size: Objects appeared slightly larger than an F-86  
c. Color: Silver  
d. Number: Three in perfect formation  
e. Means of control: None apparent  
f. Trail or exhaust: None apparent  
g. Propulsion system: None apparent  
h. Exhaust: None apparent  
i. Speed: Very fast  
j. Sound: None  
k. Maneuvers: In bank and turn  
l. Manner of disappearance: Result of speed and distance  
m. Other pertinent features:  
The objects appeared to have a ridge along the  
top. Definite lines were observed, definitely  
not fuzzy. No experienced as a  
result of objects crossing path of B-25.  
Observers believed objects crossed at a very  
slightly higher altitude than which the B-25  
was flying.  

2. a. Time sighted: 1540 PST, 24 July 1952  
b. Length of time observed: 3 to 4 seconds  

3. Manner of observation: Visual from air with the naked eye. B-25 aircraft  
at 11,000 feet indicated altitude. Airspeed 135 indicated,  
Boeing Aircraft No. 3360  

4. Location of observer during sighting: Along Green 3 Airways slightly east of  
Carson Sink, Nevada. Objects first appeared at one  
o'clock position relative to aircraft heading, past to  
the left of aircraft in a continuous bank at approxi-  
mately the same altitude of aircraft. Objects observed  
at a distance of between 400 and 800 yards.  

5. Information on observers: Lt Col John L. McGinn, USAF, 7369-A, Headquarters,  
USAF, Fighter Branch, Deputy of Operations. Home  
Address: 1176 N. Pocahontas, Arlington, Va. In the  
Air Force since 1940 and flying since that time.  
Senior Pilot. Age 34. Married.  

NOTE: THIS DOCUMENT CONTAINS INFORMATION AFFECTING THE NATIONAL DEFENSE OF THE UNITED STATES WITHIN THE MEANING OF THE ESPIONAGE ACT, 50  
31 AND 32. AS AMENDED. ITS TRANSMISSION OR THE REVELATION OF ITS CONTENTS IN ANY MANNER TO AN UNAUTHORIZED PERSON IS PROHIBITED BY LAW.  
IT MAY NOT BE REPRODUCED IN WHOLE OR IN PART, BY OTHER THAN UNITED STATES AIR FORCE AGENCIES, EXCEPT BY PERMISSION OF THE DIRECTOR OF  
INTELLIGENCE, USAF.  
(CLASSIFICATION)  
GOVERNMENT PRINTING OFFICE -",0.045658012533572066,9.09,"(AF FORM 112-PART II  
APPROVED - JUNE 1948  
(CLASSIFICATION)  
AIR INTELLIGENCE INFORMATION REPORT  
FROM (Agency)  
REPORT NO.  
PAGE 1  
OF  
2  
PAGES  

1. Description  
a. Shape: Arrowhead  
b. Size: Objects appeared slightly larger than an F-86  
c. Color: Silver  
d. Number: Three in perfect formation  
e. Means of control: None apparent  
f. Trail or exhaust: None apparent  
g. Propulsion system: None apparent  
h. Exhaust: None apparent  
i. Speed: Very fast  
j. Sound: None  
k. Maneuvers: In bank and turn  
l. Manner of disappearance: Result of speed and distance  
m. Other pertinent features:  
The objects appeared to have a ridge along the  
top. Definite lines were observed, definitely  
not fuzzy. No turbulence experienced as a  
result of objects crossing path of B-25.  
Observers believed objects crossed at a very  
slightly higher altitude than which the B-25  
was flying.  

2. a. Time sighted: 1540 PST, 24 July 1952  
b. Length of time observed: 3 to 4 seconds  

3. Manner of observation: Visual from air with the naked eye. B-25 aircraft  
at 11,000 feet indicated altitude. Air speed 135 indicated,  
Boeing Aircraft No. 3360  

4. Location of observer during sighting: Along Green 3 Airways slightly east of  
Carson Sink, Nevada. Objects first appeared at one  
o'clock position relative to aircraft heading, passed to  
the left of aircraft in a continuous bank at approxi-  
mately the same altitude of aircraft. Objects observed  
at a distance of between 400 and 800 yards.  

5. Information on observers: Lt Col John L. McGinn, USAF, 7369-A, Headquarters,  
USAF, Fighter Branch, Deputy of Operations. Home  
Address: 1176 N. Pocahontas, Arlington, Va. In the  
Air Force since 1940 and flying since that time.  
Senior Pilot. Age 34. Married.  

NOTE: THIS DOCUMENT CONTAINS INFORMATION AFFECTING THE NATIONAL DEFENSE OF THE UNITED STATES WITHIN THE MEANING OF THE ESPIONAGE ACT, 50  
31 AND 32. AS AMENDED. ITS TRANSMISSION OR THE REVELATION OF ITS CONTENTS IN ANY MANNER TO AN UNAUTHORIZED PERSON IS PROHIBITED BY LAW.  
IT MAY NOT BE REPRODUCED IN WHOLE OR IN PART. BY OTHER THAN UNITED STATES AIR FORCE AGENCIES, EXCEPT BY PERMISSION OF THE DIRECTOR OF  
INTELLIGENCE, USAF.  
(CLASSIFICATION)  
GOVERNMENT PRINTING OFFICE -",0.04207699194270367,10.37,"(
AF FORM 112-PART II  
APPROVED - JUNE 1948  
(CLASSIFICATION)  
AIR INTELLIGENCE INFORMATION REPORT  

FROM (Agency)  
REPORT NO.  
PAGE 1  
OF  
2  
PAGES  

1. Description  
a. Shape: Arrow-head  
b. Size: Objects appeared slightly larger than an F-86  
c. Color: Silver  
d. Number: Three in perfect formation  
e. Means of control: None apparent  
f. Trail or exhaust: None apparent  
g. Propulsion system: None apparent  
h. Exhaust: None apparent  
i. Speed: Very fast  
j. Sound: None  
k. Maneuvers: In bank and turn  
l. Manner of disappearance: Result of speed and distance  
m. Other pertinent features:  
The objects appeared to have a ridge along the  
top. Definite lines were observed, definitely  
not fuzzy. No experience as a  
result of objects crossing path of B-25.  
Observers believed objects crossed at a very  
slightly higher altitude than which the B-25  
was flying.  

2. a. Time sighted: 1540 PST, 24 July 1952  
b. Length of time observed: 3 to 4 seconds  
3. Manner of observation: Visual from air with the naked eye. B-25 aircraft  
at 11,000' indicated altitude. Air speed 135 indicated,  
Boeing Aircraft No. 3360  
4. Location of observer during sighting: Along Green 3 Airways slightly east of  
Carson Sink, Nevada. Objects first appeared at one  
o'clock position relative to aircraft heading, passed to  
the left of aircraft in a continuous bank at approxi-  
mately the same altitude of aircraft. Objects observed  
at a distance of between 400 and 800 yards.  
5. Information on observers: Lt Col John L. McGinn, USAF, 7369-A, Headquarters,  
USAF, Fighter Branch, Deputy of Operations. Home  
Address: 1176 N. Pocahontas, Arlington, Va. In the  
Air Force since 1940 and flying since that time.  
Senior Pilot. Age 34. Married.  

NOTE: THIS DOCUMENT CONTAINS INFORMATION AFFECTING THE NATIONAL DEFENSE OF THE UNITED STATES WITHIN THE MEANING OF THE ESPIONAGE ACT, 50  
31 AND 32. AS AMENDED. ITS TRANSMISSION OR THE REVELATION OF ITS CONTENTS IN ANY MANNER TO AN UNAUTHORIZED PERSON IS PROHIBITED BY LAW.  
IT MAY NOT BE REPRODUCED IN WHOLE OR IN PART. BY OTHER THAN UNITED STATES AIR FORCE AGENCIES, EXCEPT BY PERMISSION OF THE DIRECTOR OF  
INTELLIGENCE, USAF.  
(CLASSIFICATION)  
GOVERNMENT PRINTING OFFICE -",0.045658012533572066,7.75,"(
AF FORM 112-PART II  
APPROVED - JUNE 1948  
(CLASSIFICATION)  
AIR INTELLIGENCE INFORMATION REPORT  

FROM (Agency)  
REPORT NO.  
PAGE 1  
OF  
2  
PAGES  

1. Description  
a. Shape: Arrow-head  
b. Size: Objects appeared slightly larger than an F-86  
c. Color: Silver  
d. Number: Three in perfect formation  
e. Means of control: None apparent  
f. Trail or exhaust: None apparent  
g. Propulsion system: None apparent  
h. Exhaust: None apparent  
i. Speed: Very fast  
j. Sound: None  
k. Maneuvers: In bank and turn  
l. Manner of disappearance: Result of speed and distance  
m. Other pertinent features:  
The objects appeared to have a ridge along the  
top. Definite lines were observed, definitely  
not fuzzy. No experience as a  
result of objects crossing path of B-25.  
Observers believed objects crossed at a very  
slightly higher altitude than which the B-25  
was flying.  

2. a. Time sighted: 1540 PST, 24 July 1952  
b. Length of time observed: 3 to 4 seconds  
c. Manner of observation: Visual from air with the naked eye. B-25 aircraft  
at 11,000' indicated altitude. Air speed 135 indicated,  
Boeing Aircraft No. 3360  

3. Location of observer during sighting: Along Green 3 Airways slightly east of  
Carson Sink, Nevada. Objects first appeared at one  
o'clock position relative to aircraft heading, passed to  
the left of aircraft in a continuous bank at approxi-  
mately the same altitude of aircraft. Objects observed  
at a distance of between 400 and 800 yards.  

4. Information on observers: Lt Col John L. McGinn, USAF, 7369-A, Headquarters,  
USAF, Fighter Branch, Deputy of Operations. Home  
Address: 1176 N. Pocahontas, Arlington, Va. In the  
Air Force since 1940 and flying since that time.  
Senior Pilot. Age 34. Married.  

5. NOTE: THIS DOCUMENT CONTAINS INFORMATION AFFECTING THE NATIONAL DEFENSE OF THE UNITED STATES WITHIN THE MEANING OF THE ESPIONAGE ACT, 50  
31 AND 32. AS AMENDED. ITS TRANSMISSION OR THE REVELATION OF ITS CONTENTS IN ANY MANNER TO AN UNAUTHORIZED PERSON IS PROHIBITED BY LAW.  
IT MAY NOT BE REPRODUCED IN WHOLE OR IN PART, BY OTHER THAN UNITED STATES AIR FORCE AGENCIES, EXCEPT BY PERMISSION OF THE DIRECTOR OF  
INTELLIGENCE, USAF.  

(CLASSIFICATION)  
GOVERNMENT PRINTING OFFICE -",0.046105640107430616,8.08,"AF FORM 112-PART II  
APPROVED - JUNE 1948  
(CLASSIFICATION)  

AIR INTELLIGENCE INFORMATION REPORT  

FROM (Agency)  
REPORT NO.  
PAGE 1  
OF  
2  
PAGES  

1. Description  
a. Shape: Arrow-head  
b. Size: Objects appeared slightly larger than a B-36  
c. Color: Silver  
d. Number: Three in perfect formation  
e. Means of control: None apparent  
f. Trail or exhaust: None apparent  
g. Propulsion system: None apparent  
h. Exhaust: None apparent  
i. Speed: Very fast  
j. Sound: None  
k. Maneuvers: In bank and turn  
l. Manner of disappearance: Result of speed and distance  
m. Other pertinent features:  
   The objects appeared to have a ridge along the  
   top. Definite lines were observed, definitely  
   not fuzzy. No turbulence experienced as a  
   result of objects crossing path of B-25.  
   Observers believed objects crossed at a very  
   slightly higher altitude than which the B-25  
   was flying.  

2. a. Time sighted: 1540 PST, 24 July 1952  
   b. Length of time observed: 3 to 4 seconds  
3. Manner of observation: Visual from air with the naked eye. B-25 aircraft  
   at 11,000 ft indicated altitude. Air speed 135 indicated,  
   Boeing Aircraft No. 3360  
4. Location of observer during sighting: Along Green 3 Airways slightly east of  
   Carson Sink, Nevada. Objects first appeared at one  
   o'clock position relative to aircraft heading, passed to  
   the left of aircraft in a continuous bank at approxi-  
   mately the same altitude of aircraft. Objects observed  
   at a distance of between 400 and 800 yards.  
5. Information on observers: Lt Col John L. McGinn, USAF, 7369-A, Headquarters,  
   USAF, Fighter Branch, Deputy of Operations. Home  
   Address: 1176 N. Pocahontas, Arlington, Va. In the  
   Air Force since 1940 and flying since that time.  
   Senior Pilot. Age 34. Married.  

NOTE: THIS DOCUMENT CONTAINS INFORMATION AFFECTING THE NATIONAL DEFENSE OF THE UNITED STATES WITHIN THE MEANING OF THE ESPIONAGE ACT, 50  
31 AND 32. AS AMENDED. ITS TRANSMISSION OR THE REVELATION OF ITS CONTENTS IN ANY MANNER TO AN UNAUTHORIZED PERSON IS PROHIBITED BY LAW.  
IT MAY NOT BE REPRODUCED IN WHOLE OR IN PART, BY OTHER THAN UNITED STATES AIR FORCE AGENCIES, EXCEPT BY PERMISSION OF THE DIRECTOR OF  
INTELLIGENCE, USAF.  
(CLASSIFICATION)  

GOVERNMENT PRINTING OFFICE -",0.04073410922112802,8.3
28968442,"RJEDWP/COMMANDER AIR TECH INTELLIGENCE CENTER WPAFB OHIO  
BT  
UNCLAS FROM AFOIN 30377  
UFOB, 1 (1) (A) ROCKET, (B) UNK, (C) UNK, (D) ONE, (E) N/A  
(F) N/A (G) UNK, (H) NO SOUND.  
senses  
(2) (A) UNK, (B) 4,000 FEET, (C) UNK, (D) DIRECTLY ACROSS FLIGHT  
PATH OF OBSERVER'S AIRCRAFT, 30 TO 40 MILES IN FRONT, (E) ESTIMATED  
TRAJECTORY WOULD MAKE CONTACT WITH GROUND ON EAST SIDE OF BAY OR  
RIVER TO THE EAST OF ABERDEEN, MD. (F) FIVE MINUTES  
(3) (A) AIR VISUAL, (B) NONE USED, (C) SIGHTING MADE WHILE  
AIRBORNE IN EASTERN AIRLINES CONSTELLATION, FLT 547, 8000 FEET  
GENERALLY SOUTH, UNK SPEED, HOME STA UNK.",0.03198653198653199,3.93,"RJEDWP/COMDR AIR TECH INTELL CENTER WPAFB OHIO  
BT  
UNCLAS FROM AFOIN 30377  
UFOB, 1 (1) (A) ROCKET, (B) UNK, (C) UNK, (D) ONE, (E) N/A  
(F) N/A (G) UNK, (H) NO SOUND.  
(2) (A) UNK, (B) 4,000 FEET, (C) UNK, (D) DIRECTLY ACROSS FLIGHT  
PATH OF OBSERVER'S AIRCRAFT, 30 TO 40 MILES IN FRONT, (E) ESTIMATED  
TRAJECTORY WOULD MAKE CONTACT WITH GROUND ON EAST SIDE OF BAY OR  
RIVER TO THE EAST OF ABERDEEN, MD. (F) FIVE MINUTES  
(3) (A) AIR VISUAL, (B) NONE USED, (C) SIGHTING MADE WHILE  
AIRBORNE IN EASTERN AIRLINES CONSTELLATION, FLT 547, 8,000 FEET  
GENERALLY SOUTH, UNK SPEED, HOME STA UNK.",0.0017301038062283738,2.73,"RJEDWP/COMDR AIR TECH INTELL CENTER WPAFB OHIO  
BT  
UNCLAS FROM AFOIN 30377  
UFOB, 1 (1) (A) ROCKET, (B) UNK, (C) UNK, (D) ONE, (E) N/A  
(F) N/A (G) UNK, (H) NO SOUND.  
senses  
(2) (A) UNK, (B) 4,000 FEET, (C) UNK, (D) DIRECTLY ACROSS FLIGHT  
PATH OF OBSERVER'S AIRCRAFT, 30 TO 40 MILES IN FRONT, (E) ESTIMATED  
TRAJECTORY WOULD MAKE CONTACT WITH GROUND ON EAST SIDE OF BAY OR  
RIVER TO THE EAST OF ABERDEEN, MD. (F) FIVE MINUTES  
(3) (A) AIR VISUAL, (B) NONE USED, (C) SIGHTING MADE WHILE  
AIRBORNE IN EASTERN AIRLINES CONSTELLATION, FLT 547, 8000 FEET  
GENERALLY SOUTH, UNK SPEED, HOME STA UNK.",0.015410958904109588,2.24,"RJEDWP/COMDR AIR TECH INTELL CENTER WPAFB OHIO  
BT  
UNCLAS FROM AFOIN 30377  
UFOB, 1 (1) (A) ROCKET, (B) UNK, (C) UNK, (D) ONE, (E) N/A  
(F) N/A (G) UNK, (H) NO SOUND.  
senses  
(2) (A) UNK, (B) 4,000 FEET, (C) UNK, (D) DIRECTLY ACROSS FLIGHT  
PATH OF OBSERVER'S AIRCRAFT, 30 TO 40 MILES IN FRONT, (E) ESTIMATED  
TRAJECTORY WOULD MAKE CONTACT WITH GROUND ON EAST SIDE OF BAY OF  
RIVER TO THE EAST OF ABERDEEN, MD. (F) FIVE MINUTES  
(3) (A) AIR VISUAL, (B) NONE USED, (C) SIGHTING MADE WHILE  
AIRBORNE IN EASTERN AIRLINES CONSTELLATION, FLT 547, 8000 FEET  
GENERALLY SOUTH, UNK SPEED, HOME STA UNK.",0.0136986301369863,5.22,"RJEDWP/COMDR AIR TECH INTELL CENTER WPAFB OHIO  
BT  
UNCLAS FROM AFOIN 30377  
UFOB, 1 (1) (A) ROCKET, (B) UNK, (C) UNK, (D) ONE, (E) N/A  
(F) N/A (G) UNK, (H) NO SOUND.  
senses  
(2) (A) UNK, (B) 4,000 FEET, (C) UNK, (D) DIRECTLY ACROSS FLIGHT  
PATH OF OBSERVER'S AIRCRAFT, 30 TO 40 MILES IN FRONT, (E) ESTIMATED  
TRAJECTORY WOULD MAKE CONTACT WITH GROUND ON EAST SIDE OF BAY OF  
RIVER TO THE EAST OF ABERDEEN, MD. (F) FIVE MINUTES  
(3) (A) AIR VISUAL, (B) NONE USED, (C) SIGHTING MADE WHILE  
AIRBORNE IN EASTERN AIRLINES CONSTELLATION, FLT 547, 8,000 FEET  
GENERALLY SOUTH, UNK SPEED, HOME STA UNK.",0.011965811965811967,4.03,"RJEDWP/COMDR AIR TECH INTELL CENTER WPAFB OHIO  
BT  
UNCLAS FROM AFOIN 30377  
UFOB, 1 (1) (A) ROCKET, (B) UNK, (C) UNK, (D) ONE, (E) N/A  
(F) N/A (G) UNK, (H) NO SOUND.  
(2) (A) UNK, (B) 4,000 FEET, (C) UNK, (D) DIRECTLY ACROSS FLIGHT  
PATH OF OBSERVER'S AIRCRAFT, 30 TO 40 MILES IN FRONT, (E) ESTIMATED  
TRAJECTORY WOULD MAKE CONTACT WITH GROUND ON EAST SIDE OF BAY OF  
RIVER TO THE EAST OF ABERDEEN, MD. (F) FIVE MINUTES  
(3) (A) AIR VISUAL, (B) NONE USED, (C) SIGHTING MADE WHILE  
AIRBORNE IN EASTERN AIRLINES CONSTELLATION, FLT 547, 8000 FEET  
GENERALLY SOUTH, UNK SPEED, HOME STA UNK.",0.0017301038062283738,4.14,"RJEDWP/COMDR AIR TECH INTELL CENTER WPAFB OHIO  
BT  
UNCLAS FROM AFOIN 30377  

UFOB, 1 (1) (A) ROCKET, (B) UNK, (C) UNK, (D) ONE, (E) N/A  
(F) N/A (G) UNK, (H) NO SOUND.  

senses  
(2) (A) UNK, (B) 4,000 FEET, (C) UNK, (D) DIRECTLY ACROSS FLIGHT  
PATH OF OBSERVER'S AIRCRAFT, 30 TO 40 MILES IN FRONT, (E) ESTIMATED  
TRAJECTORY WOULD MAKE CONTACT WITH GROUND ON EAST SIDE OF BAY OF  
RIVER TO THE EAST OF ABERDEEN, MD. (F) FIVE MINUTES  

(3) (A) AIR VISUAL, (B) NONE USED, (C) SIGHTING MADE WHILE  
AIRBORNE IN EASTERN AIRLINES CONSTELLATION, FLT 547, 8,000 FEET  
GENERALLY SOUTH, UNK SPEED, HOME STA UNK.",0.011965811965811967,2.77,"RJEDWP/COMDR AIR TECH INTELL CENTER WPAFB OHIO  
BT  
UNCLAS FROM AFOIN 30377  
UFOB, 1 (1) (A) ROCKET, (B) UNK, (C) UNK, (D) ONE, (E) N/A  
(F) N/A (G) UNK, (H) NO SOUND.  
senses  
(2) (A) UNK, (B) 4,000 FEET, (C) UNK, (D) DIRECTLY ACROSS FLIGHT  
PATH OF OBSERVER'S AIRCRAFT, 30 TO 40 MILES IN FRONT, (E) ESTIMATED  
TRAJECTORY WOULD MAKE CONTACT WITH GROUND ON EAST SIDE OF BAY OF  
RIVER TO THE EAST OF ABERDEEN, MD. (F) FIVE MINUTES  
(3) (A) AIR VISUAL, (B) NONE USED, (C) SIGHTING MADE WHILE  
AIRBORNE IN EASTERN AIRLINES CONSTELLATION, FLT 547, 8,000 FEET  
GENERALLY SOUTH, UNK SPEED, HOME STA UNK.",0.011965811965811967,2.22,"RJEDWP/COMDR AIR TECH INTELL CENTER WPAFB OHIO  
BT  
UNCLAS FROM AFOIN 30377  

UFOB, 1 (1) (A) ROCKET, (B) UNK, (C) UNK, (D) ONE, (E) N/A  
(F) N/A (G) UNK, (H) NO SOUND.  

senses  
(2) (A) UNK, (B) 4,000 FEET, (C) UNK, (D) DIRECTLY ACROSS FLIGHT  
PATH OF OBSERVER'S AIRCRAFT, 30 TO 40 MILES IN FRONT, (E) ESTIMATED  
TRAJECTORY WOULD MAKE CONTACT WITH GROUND ON EAST SIDE OF BAY OF  
RIVER TO THE EAST OF ABERDEEN, MD. (F) FIVE MINUTES  

(3) (A) AIR VISUAL, (B) NONE USED, (C) SIGHTING MADE WHILE  
AIRBORNE IN EASTERN AIRLINES CONSTELLATION, FLT 547, 8000 FEET  
GENERALLY SOUTH, UNK SPEED, HOME STA UNK.",0.0136986301369863,2.59
28995196,BOND day,1.0,0.61,"BONO days
SEAT
END",1.0,0.61,"BOND days
SEAL
END",1.0,1.03,"UNKNOWN day  
SEAT  
END  
-  
-  
-  
-  
-  
-  
-  
were  
areas  
-  
-",1.0,1.23,"Below is the corrected text:

""UNKNOWN""",1.0,1.02,"Below is the corrected text based on the context you provided:

""Beyond day of SEAZ ENF were avails""",1.0,1.13,"BNON dayo  
SEAZ  
ENF  
-  
-  
.  
-  
en  
-  
-  
-  
-  
were  
avaus  
-  
*",1.0,0.82,"BNON dayo  
SEAZ  
ENF  
-  
-  
.  
-  
en  
-  
-  
-  
-  
were  
avaus  
-  
*",1.0,0.92,"BNON dayo  
SEAZ  
ENF  
-  
-  
.  
-  
en  
-  
-  
-  
-  
were  
avaus  
-  
*",1.0,0.78
28974079,"Page 9  
U. S. AIR FORCE TECHNICAL INFORMATION SHEET  
(SUMMARY DATE)  

In order that your information may be filed and coded as accurately as possible, please use the following space to write out a short description of the event that you observed. You may repeat information that you have already given in the questionnaire, and add any further comments, statements, or sketches that you believe are important. Try to present the details of the observation in the order in which they occurred. Additional pages of the same size paper may be attached if they are needed.  

NAME  
(Do Not Write in This Space)  
(Please Print)  

CODE:  
SIGNATURE  
DATE  
18 November 1957  

he went out the building later he came back and Dalrymple was answering telephone then leaving receiver at approximately 1900 while I was working airman told the man on the telephone that he did not cancel in the direction of Dunning Hall 2. then he went out again and told the man same. about five minutes later some Airman came in to the PMO and told Dalrymple couldn't you see that Things Saying so he took airman with term we went out that airman whose name, Adoual at which time I also followed them and when know, pointed us some object above Dunning Hall. It was something like star not cold he star. It was bright enough as are Improved.",0.15562403697996918,3.11,"Page 9  
U.S. AIR FORCE TECHNICAL INFORMATION SHEET  
(SUMMARY DATE)  

In order that your information may be filed and coded as accurately as possible, please use the following space to write out a short description of the event that you observed. You may repeat information that you have already given in the questionnaire, and add any further comments, statements, or sketches that you believe are important. Try to present the details of the observation in the order in which they occurred. Additional pages of the same size paper may be attached if they are needed.  

NAME  
(Do Not Write in This Space)  
(Please Print)  
CODE:  
SIGNATURE  
DATE  

18 November 1957  

he went out the building later he came back and Dalrymple was answering telephone then leaving receiver at approximately 1900 while I was working airman told the man on the telephone that he did not cancel in the direction of Dunning Hall. then he went out again and told the man same. about five minutes later some Airman came in to the PMO and told Dalrymple couldn't you see that thing saying so he took airman with them we went out that airman whose name, Abdul at which time I also followed them and when know, pointed us some object above Dunning Hall. It was something like star recalled he star. It was bright enough as are improved.",0.15870570107858242,3.96,"Page 9  
U. S. AIR FORCE TECHNICAL INFORMATION SHEET  
(SUMMARY DATE)  

In order that your information may be filed and coded as accurately as possible, please use the following space to write out a short description of the event that you observed. You may repeat information that you have already given in the questionnaire, and add any further comments, statements, or sketches that you believe are important. Try to present the details of the observation in the order in which they occurred. Additional pages of the same size paper may be attached if they are needed.  

NAME  
(Do Not Write in This Space)  
(Please Print)  
CODE:  
SIGNATURE  
DATE  

18 November 1957  

He went out the building, later he came back and Dalrymple was answering the telephone, then leaving the receiver at approximately 1900 while I was working. The airman told the man on the telephone that he did not see anything in the direction of Dunning Hall. Then he went out again and told the man the same. About five minutes later, some airman came into the PMO and told Dalrymple ""Couldn't you see that thing?"" Saying so, he took an airman with him. We went out, that airman whose name I don't know, pointed us to some object above Dunning Hall. It was something like a star, not cold like a star. It was bright enough as we improved.",0.15870570107858242,4.75,"U. S. AIR FORCE TECHNICAL INFORMATION SHEET  
(SUMMARY DATE)  
In order that your information may be filed and coded as accurately as possible, please use the following space to write out a short description of the event that you observed. You may repeat information that you have already given in the questionnaire, and add any further comments, statements, or sketches that you believe are important. Try to present the details of the observation in the order in which they occurred. Additional pages of the same size paper may be attached if they are needed.  

NAME  
(Do Not Write in This Space)  
(Please Print)  
CODE:  
SIGNATURE  
DATE  
18 November 1957  

He went out the building later he came back and Dalrymple was answering the telephone then leaving the receiver at approximately 1900 while I was working. Airman told the man on the telephone that he did not cancel in the direction of Dunning Hall. Then he went out again and told the man the same. About five minutes later some airman came into the PMO and told Dalrymple, ""Couldn't you see that thing?"" Saying so, he took airman with him. We went out, that airman whose name, I don't know, pointed us to some object above Dunning Hall. It was something like a star, not cold like a star. It was bright enough as I remember.",0.16409861325115563,5.63,"U. S. AIR FORCE TECHNICAL INFORMATION SHEET  
(SUMMARY DATE)  
In order that your information may be filed and coded as accurately as possible, please use the following space to write out a short description of the event that you observed. You may repeat information that you have already given in the questionnaire, and add any further comments, statements, or sketches that you believe are important. Try to present the details of the observation in the order in which they occurred. Additional pages of the same size paper may be attached if they are needed.  

NAME  
(Do Not Write in This Space)  
(Please Print)  
CODE:  
SIGNATURE  
DATE  
18 November 1957  

He went out the building later he came back and Dalrymple was answering the telephone then leaving the receiver at approximately 1900 while I was working. Airman told the man on the telephone that he did not cancel in the direction of Dunning Hall. Then he went out again and told the man the same. About five minutes later some airman came into the PMO and told Dalrymple ""Couldn't you see that thing?"" Saying so, he took airman with him. We went out, that airman whose name, Abdul, at which time I also followed them and when known, pointed us some object above Dunning Hall. It was something like a star, not cold like a star. It was bright enough as are improved.",0.1760670731707317,5.01,"Page 9  
U. S. AIR FORCE TECHNICAL INFORMATION SHEET  
(SUMMARY DATE)  
In order that your information may be filed and coded as accurately as possible, please use the following space to write out a short description of the event that you observed. You may repeat information that you have already given in the questionnaire, and add any further comments, statements, or sketches that you believe are important. Try to present the details of the observation in the order in which they occurred. Additional pages of the same size paper may be attached if they are needed.  

NAME  
(Do Not Write in This Space)  
(Please Print)  
CODE:  
SIGNATURE  
DATE  
18 November 1957  

He went out the building later he came back and Dalrymple was answering the telephone then leaving the receiver at approximately 1900 while I was working. Airman told the man on the telephone that he did not cancel in the direction of Dunning Hall 2. Then he went out again and told the man the same. About five minutes later some Airman came into the PMO and told Dalrymple ""Couldn't you see that thing?"" Saying so he took an airman with him. We went out, that airman whose name, Adoual, at which time I also followed them and when known, pointed us some object above Dunning Hall. It was something like a star, not cold like a star. It was bright enough as they improved.",0.16830188679245284,7.07,"Page 9

U. S. AIR FORCE TECHNICAL INFORMATION SHEET

(SUMMARY DATE)

In order that your information may be filed and coded as accurately as possible, please use the following space to write out a short descrip-tion of the event that you observed. You may repeat information that you have already given in the questionnaire, and add any further comments, statements, or sketches that you believe are important. Try to present the details of the observation in the order in which they occurred. Additional pages of the same size paper may be attached if they are needed.

NAME

(Do Not Write in This Space)

(Please Print)

CODE:

SIGNATURE

DATE

18 November 1957

he went out the building later he came back and Dalrymple was answering telephone then leaving receiver at approximately 1900 while I was working airman told the man on the telephone that he did not cancel in the direction of Dunning Hall 2. then he went out again and told the man same. about five minutes later some Airman came in to the PMO and told Dalrymple couldn't you see that Things Saying so he took airman with term we went out that airman whose name, Adoual at which time I also followed them and when know, pointed us some object above dinning hall w. It was something like star not cold he star. It was bright enough as are Improve",0.15254237288135594,4.09,"Page 9  
U. S. AIR FORCE TECHNICAL INFORMATION SHEET  
(SUMMARY DATE)  
In order that your information may be filed and coded as accurately  
as possible, please use the following space to write out a short descrip-  
tion of the event that you observed. You may repeat information that you  
have already given in the questionnaire, and add any further comments,  
statements, or sketches that you believe are important. Try to present  
the details of the observation in the order in which they occurred.  
Additional pages of the same size paper may be attached if they are  
needed.  

NAME  
(Do Not Write in This Space)  
(Please Print)  
CODE:  
SIGNATURE  
DATE  
18 November 1957  

he went out the building later he came back and  
Dalrymple was answering telephone then leaving receiver  
at approximately 1900 while I was working airman  
told the man on the telephone that he did not cancel  
in the direction of Dunning Hall 2. then he went  
out again and told the man same. about five  
minutes later some Airman came in to the PMO  
and told Dalrymple couldn't you see that Thing  
Saying so he took airman with term  
we went out that airman whose name, Adoual  
at which time I also followed them and when  
know, pointed us some object above Dunning  
Hall w. It was something like star ne cold  
he star. It was bright enough as are Improve",0.15408320493066255,3.79,"Page 9  
U. S. AIR FORCE TECHNICAL INFORMATION SHEET  
(SUMMARY DATE)  

In order that your information may be filed and coded as accurately as possible, please use the following space to write out a short descrip-tion of the event that you observed. You may repeat information that you have already given in the questionnaire, and add any further comments, statements, or sketches that you believe are important. Try to present the details of the observation in the order in which they occurred. Additional pages of the same size paper may be attached if they are needed.  

NAME  
(Do Not Write in This Space)  
(Please Print)  
CODE:  
SIGNATURE  
DATE  
18 November 1957  

he went out the building later he came back and Dalrymple was answering telephone then leaving receiver at approximately 1900 while I was working airman told the man on the telephone that he did not cancel in the direction of Dunning Hall 2. then he went out again and told the man same. about five minutes later some Airman came in to the PMO and told Dalrymple couldn't you see that Things Saying so he took airman with term we went out that airman whose name, Adoual at which time I also followed them and when know, pointed us some object above Dunning Hall w. It was something like star ne cold he star. It was bright enough as are Improve",0.15331278890600925,4.63
28991628,"DEPARTMENT OF THE AIR FORCE  
HEADQUARTERS UNITED STATES AIR FORCE  
WASHINGTON 25, D.C.  

REPLY TO  
ATTN OF:  
SUBJECT:  

TO:  
Ft. Washakie, Wyoming  

Dear Mr.  

1. Your letter of 28 February 1961, addressed to Mr. Hoover, FBI, concerning a strange object you have found, has been forwarded to the Commander, Ogden Air Materiel Area, Hill Air Force Base, Utah, as a matter within the jurisdiction of his command.  

2. In order that you may receive a prompt reply, the Commander has been requested to make direct response to you upon the conclusion of his inquiry into the matter.  

Sincerely,  

AFIIS-Ch",0.040955631399317405,2.5,"DEPARTMENT OF THE AIR FORCE

HEADQUARTERS UNITED STATES AIR FORCE
WASHINGTON 25, D.C.

REPLY TO
ATTN OF: AFIIS-Ch

SUBJECT:

TO: Ft. Washakie, Wyoming

Dear Mr.

1. Your letter of 28 February 1961, addressed to Mr. Hoover, FBI, concerning a strange object you have found, has been forwarded to the Commander, Ogden Air Materiel Area, Hill Air Force Base, Utah, as a matter within the jurisdiction of his command.

2. In order that you may receive a prompt reply, the Commander has been requested to make direct response to you upon the conclusion of his inquiry into the matter.

Sincerely,

aich",0.04258943781942078,3.82,"DEPARTMENT OF THE AIR FORCE  
HEADQUARTERS UNITED STATES AIR FORCE  
WASHINGTON 25, D.C.  

REPLY TO  
ATTN OF:  
SUBJECT:  

TO:  
Ft. Washakie, Wyoming  

Dear Mr.  

1. Your letter of 28 February 1961, addressed to Mr. Hoover, FBI, concerning a strange object you have found, has been forwarded to the Commander, Ogden Air Materiel Area, Hill Air Force Base, Utah, as a matter within the jurisdiction of his command.  

2. In order that you may receive a prompt reply, the Commander has been requested to make direct response to you upon the conclusion of his inquiry into the matter.  

Sincerely,  

AFIIS-Ch",0.040955631399317405,4.17,"DEPARTMENT OF THE AIR FORCE  
HEADQUARTERS UNITED STATES AIR FORCE  
WASHINGTON 25, D.C.

REPLY TO  
AFIIS-Ch  
ATTN OF:  
SUBJECT:  
Mr.  
TO:  
Ft. Washakie, Wyoming

Dear Mr.

1. Your letter of 28 February 1961, addressed to Mr. Hoover, FBI, concerning a strange object you have found, has been forwarded to the Commander, Ogden Air Materiel Area, Hill Air Force Base, Utah, as a matter within the jurisdiction of his command.

2. In order that you may receive a prompt reply, the Commander has been requested to make direct response to you upon the conclusion of his inquiry into the matter.

Sincerely,

AICH",0.01353637901861252,2.89,"DEPARTMENT OF THE AIR FORCE  
HEADQUARTERS UNITED STATES AIR FORCE  
WASHINGTON 25, D.C.

REPLY TO  
AFIIS-CH  
ATTN OF:

SUBJECT:  

TO:  
Ft. Washakie, Wyoming

Dear Mr.

1. Your letter of 28 February 1961, addressed to Mr. Hoover, FBI, concerning a strange object you have found, has been forwarded to the Commander, Ogden Air Materiel Area, Hill Air Force Base, Utah, as a matter within the jurisdiction of his command.

2. In order that you may receive a prompt reply, the Commander has been requested to make direct response to you upon the conclusion of his inquiry into the matter.

Sincerely,

[signature]",0.03198653198653199,3.17,"DEPARTMENT OF THE AIR FORCE  
HEADQUARTERS UNITED STATES AIR FORCE  
WASHINGTON 25, D.C.

REPLY TO  
AFIIS-CH  
ATTN OF:  
SUBJECT:  

Mr.  

TO:  
Ft. Washakie, Wyoming  

Dear Mr.  

1. Your letter of 28 February 1961, addressed to Mr. Hoover, FBI, concerning a strange object you have found, has been forwarded to the Commander, Ogden Air Materiel Area, Hill Air Force Base, Utah, as a matter within the jurisdiction of his command.

2. In order that you may receive a prompt reply, the Commander has been requested to make direct response to you upon the conclusion of his inquiry into the matter.

Sincerely,  

[Signature]",0.02508361204013378,2.77,"DEPARTMENT OF THE AIR FORCE  
HEADQUARTERS UNITED STATES AIR FORCE  
WASHINGTON 25, D.C.

REPLY TO  
ATTN OF: AFIIS-Ch  
SUBJECT:  

TO: Ft. Washakie, Wyoming

Dear Mr.

1. Your letter of 28 February 1961, addressed to Mr. Hoover, FBI, con-  
cerning a strange object you have found, has been forwarded to the Commander,  
Ogden Air Materiel Area, Hill Air Force Base, Utah, as a matter within  
the jurisdiction of his command.

2. In order that you may receive a prompt reply, the Commander has been  
requested to make direct response to you upon the conclusion of his inquiry  
into the matter.

Sincerely,  
aich",0.042444821731748725,2.35,"DEPARTMENT OF THE AIR FORCE  
HEADQUARTERS UNITED STATES AIR FORCE  
WASHINGTON 25, D.C.

REPLY TO  
AFIIS-Ch  
ATTN OF:

SUBJECT:  
TO:  
Ft. Washakie, Wyoming

Dear Mr.

1. Your letter of 28 February 1961, addressed to Mr. Hoover, FBI, con-  
cerning a strange object you have found, has been forwarded to the Commander,  
Ogden Air Materiel Area, Hill Air Force Base, Utah, as a matter within  
the jurisdiction of his command.

2. In order that you may receive a prompt reply, the Commander has been  
requested to make direct response to you upon the conclusion of his inquiry  
into the matter.

Sincerely,  
aich",0.02037351443123939,2.66,"DEPARTMENT OF THE AIR FORCE  
HEADQUARTERS UNITED STATES AIR FORCE  
WASHINGTON 25, D.C.

REPLY TO  
ATTN OF: AFIIS-Ch  
SUBJECT: Mre  
TO: Ft. Washakie, Wyoming

Dear Mr.

1. Your letter of 28 February 1961, addressed to Mr. Hoover, FBI, concerning a strange object you have found, has been forwarded to the Commander, Ogden Air Materiel Area, Hill Air Force Base, Utah, as a matter within the jurisdiction of his command.

2. In order that you may receive a prompt reply, the Commander has been requested to make direct response to you upon the conclusion of his inquiry into the matter.

Sincerely,  
aich",0.03722504230118443,2.05
28984715,"PROJECT 10073 RECORD CARD  
1. DATE  
28 Sep 59  
2. LOCATION  
West Carrolton, Ohio  
3. DATE-TIME GROUP  
GMT 28/05/177  
4. TYPE OF OBSERVATION  
Ground-Visual  
Ground-Radar  
Air Visual  
Air-Intercept Radar  
5. PHOTOS  
Yes  
No  
6. SOURCE  
Civilian  
7. LENGTH OF OBSERVATION  
5 secs  
8. NUMBER OF OBJECTS  
One  
9. COURSE  
Unknown  
10. BRIEF SUMMARY OF SIGHTING  
White brilliant object moving in a straight line to the North. No tail. Like a star only very brilliant.  
11. COMMENTS  
Apparently a meteor at extreme altitude.  
12. CONCLUSIONS  
Was Balloon  
Probably Balloon  
Possibly Balloon  
Was Aircraft  
Probably Aircraft  
Possibly Aircraft  
Was Astronomical Meteor  
Probably Astronomical  
Possibly Astronomical  
Other  
Insufficient Data for Evaluation  

ATIC FORM 329 (REV 26 SEP 52)",0.11246612466124661,6.03,"PROJECT 10073 RECORD CARD  
1. DATE  
28 Sep 59  

2. LOCATION  
West Carrolton, Ohio  

3. DATE-TIME GROUP  
GMT 28/05/177  

4. TYPE OF OBSERVATION  
Ground-Visual  
Ground-Radar  
Air Visual  
Air-Intercept Radar  

5. PHOTOS  
No  

6. SOURCE  
Civilian  

7. LENGTH OF OBSERVATION  
5 secs  

8. NUMBER OF OBJECTS  
one  

9. COURSE  
Unknown  

10. BRIEF SUMMARY OF SIGHTING  
White brilliant object moving in a straight line to the North. No tail. Like a star only very brilliant.  

11. COMMENTS  
Apparently a meteor at extreme altitude.  

12. CONCLUSIONS  
Probably Balloon  
Possibly Balloon  
Was Aircraft  
Probably Aircraft  
Possibly Aircraft  
Was Astronomical Meteor  
Probably Astronomical  
Possibly Astronomical  
Other  
Insufficient Data for Evaluation  

ATIC FORM 329 (REV 26 SEP 52)",0.12465373961218837,5.28,"PROJECT 10073 RECORD CARD  
1. DATE  
28 Sep 59  

2. LOCATION  
West Carrolton, Ohio  

3. DATE-TIME GROUP  
GMT 28/05/177  

4. TYPE OF OBSERVATION  
Ground-Visual  
Ground-Radar  
Air Visual  
Air-Intercept Radar  

5. PHOTOS  
No  

6. SOURCE  
Civilian  

7. LENGTH OF OBSERVATION  
5 secs  

8. NUMBER OF OBJECTS  
one  

9. COURSE  
IN  

10. BRIEF SUMMARY OF SIGHTING  
White brilliant object moving in a straight line to the North. No tail. Like a star only very brilliant.  

11. COMMENTS  
Apparently a meteor at extreme altitude.  

12. CONCLUSIONS  
Probably Balloon  
Possibly Balloon  
Was Aircraft  
Probably Aircraft  
Possibly Aircraft  
Was Astronomical Meteor  
Probably Astronomical  
Possibly Astronomical  
Other  
Insufficient Data for Evaluation  

ATIC FORM 329 (REV 26 SEP 52)",0.11854951185495119,5.06,"PROJECT 10073 RECORD CARD  
1. DATE  
28 Sep 59  

2. LOCATION  
West Carrollton, Ohio  

3. DATE-TIME GROUP  
GMT 28/05/177  

4. TYPE OF OBSERVATION  
Ground-Visual  
Ground-Radar  
Air Visual  
Air-Intercept Radar  

5. PHOTOS  
No  

6. SOURCE  
Civilian  

7. LENGTH OF OBSERVATION  
5 secs  

8. NUMBER OF OBJECTS  
One  

9. COURSE  
Unknown  

10. BRIEF SUMMARY OF SIGHTING  
White brilliant object moving in a straight line to the North. No tail. Like a star only very brilliant.  

11. COMMENTS  
Apparently a meteor at extreme altitude.  

12. CONCLUSIONS  
Probably Balloon  
Possibly Aircraft  
Possibly Astronomical  

ATIC FORM 329 (REV 26 SEP 52)",0.28737300435413643,3.99,"PROJECT 10073 RECORD CARD  
1. DATE  
28 Sep 59  

2. LOCATION  
West Carrollton, Ohio  

3. DATE-TIME GROUP  
GMT 28/05/177  

4. TYPE OF OBSERVATION  
Ground-Visual  
Ground-Radar  
Air Visual  
Air-Intercept Radar  

5. PHOTOS  
No  

6. SOURCE  
Civilian  

7. LENGTH OF OBSERVATION  
5 secs  

8. NUMBER OF OBJECTS  
One  

9. COURSE  
Unknown  

10. BRIEF SUMMARY OF SIGHTING  
White brilliant object moving in a straight line to the North. No tail. Like a star only very brilliant.  

11. COMMENTS  
Apparently a meteor at extreme altitude.  

12. CONCLUSIONS  
Probably Balloon  
Possibly Balloon  
Was Aircraft  
Probably Aircraft  
Possibly Aircraft  
Was Astronomical Meteor  
Probably Astronomical  
Possibly Astronomical  

ATIC FORM 329 (REV 26 SEP 52)",0.18867924528301888,4.56,"PROJECT 10073 RECORD CARD  
1. DATE  
28 Sep 59  
2. LOCATION  
West Carrollton, Ohio  
3. DATE-TIME GROUP  
GMT 28/05/177  
4. TYPE OF OBSERVATION  
Ground-Visual  
Ground-Radar  
Air Visual  
Air-Intercept Radar  
5. PHOTOS  
No  
6. SOURCE  
Civilian  
7. LENGTH OF OBSERVATION  
5 secs  
8. NUMBER OF OBJECTS  
One  
9. COURSE  
Unknown  
10. BRIEF SUMMARY OF SIGHTING  
White brilliant object moving in a straight line to the North. No tail. Like a star only very brilliant.  
11. COMMENTS  
Apparently a meteor at extreme altitude.  
12. CONCLUSIONS  
Probably Balloon  
Possibly Balloon  
Was Balloon  
Was Aircraft  
Probably Aircraft  
Possibly Aircraft  
Was Astronomical Meteor  
Probably Astronomical  
Possibly Astronomical  
Other  
Insufficient Data for Evaluation  
ATIC FORM 329 (REV 26 SEP 52)",0.1401360544217687,4.04,"PROJECT 10073 RECORD CARD

1. DATE  
28 Sep 59  

2. LOCATION  
West Carrolton, Ohio  

3. DATE-TIME GROUP  
GMT 28/05/177  

4. TYPE OF OBSERVATION  
Ground-Visual  
Ground-Radar  
Air Visual  
Air-Intercept Radar  

5. PHOTOS  
Yes  
No  

6. SOURCE  
Civilian  

7. LENGTH OF OBSERVATION  
5 secs  

8. NUMBER OF OBJECTS  
one  

9. COURSE  
IN  

10. BRIEF SUMMARY OF SIGHTING  
White brilliant obj moving in a straight line to the North. No tail. Like a star only very brilliant.  

11. COMMENTS  
Apparently a meteor at extreme alt.  

12. CONCLUSIONS  
Was Balloon  
Probably Balloon  
Possibly Balloon  
Was Aircraft  
Probably Aircraft  
Possibly Aircraft  
Was Astronomical  
Probably Astronomical  
Possibly Astronomical  
Other  
Insufficient Data for Evaluation  
Unknown  

ATIC FORM 329 (REV 26 SEP 52)  

na",0.09876543209876543,3.34,"PROJECT 10073 RECORD CARD

1. DATE  
28 Sep 59

2. LOCATION  
West Carrolton, Ohio

3. DATE-TIME GROUP  
GMT 28/05/177

4. TYPE OF OBSERVATION  
Ground-Visual  
Ground-Radar  
Air Visual  
Air-Intercept Radar  

5. PHOTOS  
Yes  
No

6. SOURCE  
Civilian

7. LENGTH OF OBSERVATION  
5 secs

8. NUMBER OF OBJECTS  
one

9. COURSE  
IN

10. BRIEF SUMMARY OF SIGHTING  
White brilliant obj moving in a straight line to the North. No tail. Like a star only very brilliant.

11. COMMENTS  
Apparently a meteor at extreme alt.

12. CONCLUSIONS  
Was Balloon  
Probably Balloon  
Possibly Balloon  
Was Aircraft  
Probably Aircraft  
Possibly Aircraft  
Was Astronomical  
Probably Astronomical  
Possibly Astronomical  
Other  
Insufficient Data for Evaluation  
Unknown  

ATIC FORM 329 (REV 26 SEP 52)  

na",0.09876543209876543,3.21,"PROJECT 10073 RECORD CARD

1. DATE  
28 Sep 59  

2. LOCATION  
West Carrolton, Ohio  

3. DATE-TIME GROUP  
GMT 28/05/177  

4. TYPE OF OBSERVATION  
Ground-Visual  
Ground-Radar  
Air Visual  
Air-Intercept Radar  

5. PHOTOS  
Yes  
No  

6. SOURCE  
Civilian  

7. LENGTH OF OBSERVATION  
5 secs  

8. NUMBER OF OBJECTS  
one  

9. COURSE  
IN  

10. BRIEF SUMMARY OF SIGHTING  
White brilliant obj moving in a straight line to the North. No tail. Like a star only very brilliant.  

11. COMMENTS  
Apparently a meteor at extreme alt.  

12. CONCLUSIONS  
Was Balloon  
Probably Balloon  
Possibly Balloon  
Was Aircraft  
Probably Aircraft  
Possibly Aircraft  
Was Astronomical  
Probably Astronomical  
Possibly Astronomical  
Other  
Insufficient Data for Evaluation  
Unknown  

ATIC FORM 329 (REV 26 SEP 52)  

na",0.09876543209876543,4.13
28974853,"PROJECT 10073 RECORD CARD  
1. DATE  
15 November 1957  
2. LOCATION  
Newburgh, New York  
12. CONCLUSIONS  
Probably Balloon  

3. DATE-TIME GROUP  
15/2100Z GMT  

4. TYPE OF OBSERVATION  
Ground-Visual  
Ground-Radar  
Air-Visual  
Air-Intercept Radar  

5. PHOTOS  
Yes  

6. SOURCE  
Civilian  

7. LENGTH OF OBSERVATION  
10-12 seconds  

8. NUMBER OF OBJECTS  
two  

9. COURSE  
Unknown  

10. BRIEF SUMMARY OF SIGHTING  
Objects size of baseball, 1 ft to 3 ft long, silver and white, one behind the other.  

11. COMMENTS  
Several a/c in the area at the time. Believed to be a pair of base fighters.  

ATIC FORM 329 (REV 26 SEP 52)",0.35316946959896506,4.16,"PROJECT 10073 RECORD CARD  
1. DATE  
15 November 1957  

2. LOCATION  
Newburgh, New York  

12. CONCLUSIONS  
Probably Balloon  

3. DATE-TIME GROUP  
15/2100Z  

4. TYPE OF OBSERVATION  
Ground-Visual  
Ground-Radar  

5. PHOTOS  
No  

6. SOURCE  
Civilian  

7. LENGTH OF OBSERVATION  
10-12 seconds  

8. NUMBER OF OBJECTS  
two  

9. COURSE  
not given  

10. BRIEF SUMMARY OF SIGHTING  
Objects size of baseball, 1 ft to 3 ft long, silver and white, one behind the other.  

11. COMMENTS  
Several a/c in the area at the time. Believed to be a pair of base fighters.  

ATIC FORM 329 (REV 26 SEP 52)",0.3777490297542044,3.41,"PROJECT 10073 RECORD CARD  
1. DATE  
15 November 1957  

2. LOCATION  
Newburgh, New York  

3. DATE-TIME GROUP  
15/2100Z  

4. TYPE OF OBSERVATION  
Ground-Visual  
Ground-Radar  
Air-Visual  
Air-Intercept Radar  

5. PHOTOS  
Yes  

6. SOURCE  
Civilian  

7. LENGTH OF OBSERVATION  
10-12 seconds  

8. NUMBER OF OBJECTS  
two  

9. COURSE  
not given  

10. BRIEF SUMMARY OF SIGHTING  
Objects size of baseball, 1 ft to 3 ft long, silver and white, one behind the other.  

11. COMMENTS  
Several a/c in the area at the time. Believed to be a pair of base fighters.  

12. CONCLUSIONS  
Probably Balloon  
Possibly Balloon  

Other Insufficient Data for Evaluation  
Unknown  

ATIC FORM 329 (REV 26 SEP 52)",0.17723156532988357,4.48,"PROJECT 10073 RECORD CARD  
1. DATE  
15 November 1957  
2. LOCATION  
Newburgh, New York  
3. DATE-TIME GROUP  
15/2100Z  
4. TYPE OF OBSERVATION  
Ground-Visual  
Air-Visual  
5. PHOTOS  
Yes  
6. SOURCE  
Civilian  
7. LENGTH OF OBSERVATION  
10-12 seconds  
8. NUMBER OF OBJECTS  
two  
9. COURSE  
not given  
10. BRIEF SUMMARY OF SIGHTING  
Objects size of baseball, 1 ft to 3 ft long, silver and white, one behind the other.  
11. COMMENTS  
Several a/c in the area at the time. Believed to be a pair of base fighters.  
12. CONCLUSIONS  
Probably Balloon  
Possibly Aircraft  
Insufficient Data for Evaluation  
ATIC FORM 329 (REV 26 SEP 52)",0.23415265200517466,3.79,"PROJECT 10073 RECORD CARD  
1. DATE  
15 November 1957  

2. LOCATION  
Newburgh, New York  

3. DATE-TIME GROUP  
15/2100Z GMT  

4. TYPE OF OBSERVATION  
Ground-Visual  
Air-Visual  

5. PHOTOS  
Yes  

6. SOURCE  
Civilian  

7. LENGTH OF OBSERVATION  
10-12 seconds  

8. NUMBER OF OBJECTS  
two  

9. COURSE  
not given  

10. BRIEF SUMMARY OF SIGHTING  
Objects size of baseball, 1 ft to 3 ft long, silver and white, one behind the other.  

11. COMMENTS  
Several a/c in the area at the time. Believed to be a pair of base fighters.  

12. CONCLUSIONS  
Probably Balloon  
Possibly Aircraft  

ATIC FORM 329 (REV 26 SEP 52)",0.2820181112548512,6.14,"PROJECT 10073 RECORD CARD  
1. DATE  
15 November 1957  

2. LOCATION  
Newburgh, New York  

12. CONCLUSIONS  
Probably Balloon  

3. DATE-TIME GROUP  
15/2100Z  

4. TYPE OF OBSERVATION  
Ground-Visual  
Air-Visual  

5. PHOTOS  
Yes  

6. SOURCE  
Civilian  

7. LENGTH OF OBSERVATION  
10-12 seconds  

8. NUMBER OF OBJECTS  
two  

9. COURSE  
not given  

10. BRIEF SUMMARY OF SIGHTING  
Objects size of baseball, 1 ft to 3 ft long, silver and white, one behind the other.  

11. COMMENTS  
Several a/c in the area at the time. Believed to be a pair of base fighters.  

ATIC FORM 329 (REV 26 SEP 52)",0.38033635187580855,4.3,"PROJECT 10073 RECORD CARD

1. DATE  
15 November 1957

2. LOCATION  
Newburgh, New York

3. DATE-TIME GROUP  
15/2100Z GMT

4. TYPE OF OBSERVATION  
Ground-Visual  
Air-Visual  
Air-Intercept Radar  
Other

5. PHOTOS  
Yes ʘNoʘ

6. SOURCE  
ʘCivilianʘ  
Insufficient Data for Evaluation

7. LENGTH OF OBSERVATION  
10-12 seconds

8. NUMBER OF OBJECTS  
two

9. COURSE  
not given

10. BRIEF SUMMARY OF SIGHTING  
Objects size of baseball, 1 ft to 3 ft long, silver and white, one behind the other.

11. COMMENTS  
Several a/c in the area at the time. Believed to be a pair of base fighters.

12. CONCLUSIONS  
Was Balloon  
ʘProbably Balloonʘ  
Possibly Balloon  
Was Aircraft  
Probably Aircraft  
Possibly Aircraft  
Was Astronomical  
Probably Astronomical  
Possibly Astronomical  
Unknown

ATIC FORM 329 (REV 26 SEP 52)",0.1410090556274256,4.16,"PROJECT 10073 RECORD CARD

1. DATE  
15 November 1957

2. LOCATION  
Newburgh, New York

3. DATE-TIME GROUP  
15/2100Z GMT

4. TYPE OF OBSERVATION  
Ground-Visual  
Air-Visual  
Ground-Radar  
Air-Intercept Radar

5. PHOTOS  
No

6. SOURCE  
ʘCivilianʘ

7. LENGTH OF OBSERVATION  
10-12 seconds

8. NUMBER OF OBJECTS  
two

9. COURSE  
not given

10. BRIEF SUMMARY OF SIGHTING  
Objects size of baseball, 1 ft to 3 ft long, silver and white, one behind the other.

11. COMMENTS  
Several a/c in the area at the time. Believed to be a pair of base fighters.

12. CONCLUSIONS  
Was Balloon  
Probably Balloon  
Possibly Balloon  
Was Aircraft  
Probably Aircraft  
Possibly Aircraft  
Was Astronomical  
Probably Astronomical  
Possibly Astronomical  
Other  
Insufficient Data for Evaluation  
Unknown

ATIC FORM 329 (REV 26 SEP 52)",0.055627425614489,6.69,"PROJECT 10073 RECORD CARD

1. DATE  
15 November 1957

2. LOCATION  
Newburgh, New York

3. DATE-TIME GROUP  
15/2100Z GMT

4. TYPE OF OBSERVATION  
Local  
Ground-Visual  
AirVisual  
Air-Intercept Radar

5. PHOTOS  
No

6. SOURCE  
Civilian

7. LENGTH OF OBSERVATION  
10-12 seconds

8. NUMBER OF OBJECTS  
two

9. COURSE  
not given

10. BRIEF SUMMARY OF SIGHTING  
Objects size of baseball, 1 ft to 3 ft long, silver and white, one behind the other.

11. COMMENTS  
Several a/c in the area at the time. Believed to be a pair of base fighters.

12. CONCLUSIONS  
Was ʘBalloonʘ  
Probably Balloon  
Possibly Balloon  
Was Aircraft  
Probably Aircraft  
Possibly Aircraft  
Was Astronomical  
Probably Astronomical  
Possibly Astronomical  
Other  
Insufficient Data for Evaluation  
Unknown

ATIC FORM 329 (REV 26 SEP 52)",0.04915912031047866,10.95
28947331,"Some professors, namely psychologists, report these to be hallucinations. Something more singers publicly than frequent mass come class descended prayers feeling systems while and/or some reform may be fluids in the entire country is then merely seeing things this category. I seriously doubt that actually. How in the hell could we all have won World War II with the nation suffering from mass hysteria and hallucinations?",0.5010266940451745,2.15,"Some professors, namely psychologists, report these to be hallucinations. Something more singers publicly than frequent mass comes, class decanted players feeling systems while and/or some reform may be fluid in the entire country is then merely seeing things in this category. I seriously doubt that actually. How in the hell could we all have won World War II with the nation suffering from mass hysteria and hallucinations? Farmer 1st AACS.",0.4702258726899384,2.77,"Some professors, namely psychologists, report these to be hallucinations. Something more significant is occurring publicly than frequent mass occurrences. Some claim disenchanted viewers feeling symptoms while and/or some reform may be fluid in the entire country is then merely seeing things. In this category, I seriously doubt that they actually are. How in the hell could we all have won World War II with the nation suffering from mass hysteria and hallucinations? Farmer 1st AACS.",0.486652977412731,3.27,"Some professors, namely psychologists, report these to be hallucinations. Something more significant than frequent mass sightings is occurring, causing concerned citizens to feel symptoms while reform may be fluid in the entire country. Is this merely seeing things in this category? I seriously doubt that. How in the hell could we all have won World War II with the nation suffering from mass hysteria and hallucinations? 

Farmer 4/st AACS.",0.47638603696098564,2.77,"Some professors, namely psychologists, report these to be hallucinations. Some think more sightings are publicly made than frequent mass sightings, claiming they are caused by mass hysteria while others refer to them as merely seeing things. In this category, I seriously doubt that this is actually the case. How in the hell could we all have won World War II with the nation suffering from mass hysteria and hallucinations?

Farmer 1st AACS.",0.4537987679671458,3.07,"Some professors, namely psychologists, report these to be hallucinations. Something more serious publicly than frequent mass sightings comes classified under greater scrutiny, while systems and/or reforms may be fluid in the entire country. Is this merely seeing things in this category? I seriously doubt that. How in the hell could we all have won World War II with the nation suffering from mass hysteria and hallucinations? 

Farmer 1st AACS.",0.45585215605749485,2.36,"Some professors, namely psychologists, report these to be hallucinations. Something more singers publicly than frequent mass + come class deceanted gayers feeling systems while and/or some reform to may be fluids in the entire country is then merely seeing things this category, I seriously doubt that that actually are How in the hell could we all have won World War II with a area the nation suffering from mass hysteria + hallucinations Farmer 4/st AACS.",0.4455852156057495,1.74,"Some professors, namely psychologists, report these to be hallucinations. Something more singers publicly than frequent mass + come class decanted layers feeling symptoms while and/or some reform to may be fluids in the entire country is then merely seeing things. In this category, I seriously doubt that that actually area. How in the hell could we all have won World War II with the area, the nation suffering from mass hysteria + hallucinations? Farmer 4/st AACS.",0.4414784394250513,1.64,"Some professors, namely psychologists, report these to be hallucinations. Something more serious publicly than frequent mass sightings, classified as deceived observers feeling symptoms while and/or reporting to may be fluids in the entire country. Is this merely seeing things? In this category, I seriously doubt that. How in the hell could we all have won World War II with the nation suffering from mass hysteria and hallucinations? Farmer 4/st AACS.",0.4702258726899384,2.15
28980153,"Ganey  
4. Other factors. (a) Between midnight and 4 A.M. a Coast Guard cutter equipped with an eight-inch spotlight had been plying back and forth on Lake Erie searching for an overdue cabin cruiser. At about 3 A.M. the cutter had been headed east toward Lorain, reaching there at 3:15, had then continued east beyond Sheffield to Avon, before turning back to the Lorain lifeboat station and berthing at 4 A.M. (b) At 2:52 A.M. a train had left the Lorain railroad station, roughly three miles from the Fitzgerald house. Eight minutes later it would have been passing south of the house at a distance of about 100 yards. The engine was using a rotating headlight.  
From these facts it was possible to reconstruct the probable sequence of events that produced the UFO: In the hour or so before the sighting, the witness had been sitting up alone watching the late movie on TV. The film that night was a horror movie, Dracula's Daughter. About 3 A.M., soon after the witness had gone to bed, the Coast Guard cutter on Lake Erie was traveling east toward Lorain, was very near the harbor and was flashing its spotlight toward shore. The light had briefly illuminated the two bedrooms of the Fitzgerald house and had roused Mrs. Fitzgerald. At that distance, between three and four miles, the beam would have spread and would have been dispersed still more by the drops of rain falling. By the time Mrs. Fitzgerald reached the window and pulled back the curtains, the searchlight was gone. At the same time, however, the train that left Lorain at 2:52 was passing south of the house, using its rotating headlight and producing a roaring noise made more piercing by the moist atmosphere. Looking through the wet glass of the window, the witness saw the beam of the train's headlight moving through the haze in the yard. Smoke from the nearby foundry was also being blown into the yard. Illuminated by the circular beam of light, the smoke seemed to be a glowing, solid object that moved back and forth and emitted clouds of gray-pink smoke.  
In summary, the Air Force concluded that Mrs. Fitzgerald's UFO was an illusion produced by a combination of factors: an excited frame of mind induced by Dracula's Daughter, the spotlight on the Coast Guard cutter, the rotating headlight of the train and the noise of its engine, the smoke from the nearby steel plant, and the haze of the drizzly night.  
This analysis provoked an explosion from the witness, who wrote her congressman: ""I was outraged when I read the Air Force conclusion to my sighting. The person who made it must be insane.""  
""The Fitzgerald Report""  
The UFO Research Committee compiled and on December 1 published a thirteen-page pamphlet (later reissued in amplified form and copyrighted) entitled: ""The Fitzgerald Report, A Complete and Detailed Account of the Sighting of an Unidentified Flying Object, Sheffield Lake, Ohio, September 21, 1958."" This document charged ""duplicity"" in the Air Force treatment of UFO reports in general, and asserted that the Fitzgerald investigation in particular had been ""criminally mishandled"" and was a ""disgrace to the U. S. Air Force and an insult to the American public."" It further suggested that Sergeants A and B be ""disciplined"" because their investigation was not adequate or thorough, and that they had had ""little or no intention of making an honest investigation.""  
Copies of the pamphlet were mailed to eminent scientists throughout the country, members of the United States House of Repre-",0.05358166189111748,6.87,"Ganey  
4. Other factors. (a) Between midnight and 4 A.M. a Coast Guard cutter equipped with an eight-inch spotlight had been plying back and forth on Lake Erie searching for an overdue cabin cruiser. At about 3 A.M. the cutter had been headed east toward Lorain, reaching there at 3:15, had then continued east beyond Sheffield to Avon, before turning back to the Lorain lifeboat station and berthing at 4 A.M. (b) At 2:52 A.M. a train had left the Lorain railroad station, roughly three miles from the Fitzgerald house. Eight minutes later it would have been passing south of the house at a distance of about 100 yards. The engine was using a rotating headlight. From these facts it was possible to reconstruct the probable sequence of events that produced the UFO: In the hour or so before the sighting, the witness had been sitting up alone watching the late movie on TV. The film that night was a horror movie, Dracula's Daughter. About 3 A.M., soon after the witness had gone to bed, the Coast Guard cutter on Lake Erie was traveling east toward Lorain, was very near the harbor and was flashing its spotlight toward shore. The light had briefly illuminated the two bedrooms of the Fitzgerald house and had roused Mrs. Fitzgerald. At that distance, between three and four miles, the beam would have spread and would have been dispersed still more by the drops of rain falling. By the time Mrs. Fitzgerald reached the window and pulled back the curtains, the searchlight was gone. At the same time, however, the train that left Lorain at 2:52 was passing south of the house, using its rotating headlight and producing a roaring noise made more piercing by the moist atmosphere. Looking through the wet glass of the window, the witness saw the beam of the train's headlight moving through the haze in the yard. Smoke from the nearby foundry was also being blown into the yard. Illuminated by the circular beam of light, the smoke seemed to be a glowing, solid object that moved back and forth and emitted clouds of gray-pink smoke. In summary, the Air Force concluded that Mrs. Fitzgerald's UFO was an illusion produced by a combination of factors: an excited frame of mind induced by Dracula's Daughter, the spotlight on the Coast Guard cutter, the rotating headlight of the train and the noise of its engine, the smoke from the nearby steel plant, and the haze of the drizzly night. This analysis provoked an explosion from the witness, who wrote her congressman: ""I was outraged when I read the Air Force conclusion to my sighting. The person who made it must be insane."" ""The Fitzgerald Report"" The UFO Research Committee compiled and on December 1 published a thirteen-page pamphlet (later reissued in amplified form and copyrighted) entitled: ""The Fitzgerald Report, A Complete and Detailed Account of the Sighting of an Unidentified Flying Object, Sheffield Lake, Ohio, September 21, 1958."" This document charged ""duplicity"" in the Air Force treatment of UFO reports in general, and asserted that the Fitzgerald investigation in particular had been ""criminally mishandled"" and was a ""disgrace to the U. S. Air Force and an insult to the American public."" It further suggested that Sergeants A and B be ""disciplined"" because their investigation was not adequate or thorough, and that they had had ""little or no intention of making an honest investigation."" Copies of the pamphlet were mailed to eminent scientists throughout the country, members of the United States House of Repre-",0.05358166189111748,6.35,"Ganey  
4. Other factors. (a) Between midnight and 4 A.M. a Coast Guard cutter equipped with an eight-inch spotlight had been plying back and forth on Lake Erie searching for an overdue cabin cruiser. At about 3 A.M. the cutter had been headed east toward Lorain, reaching there at 3:15, had then continued east beyond Sheffield to Avon, before turning back to the Lorain lifeboat station and berthing at 4 A.M. (b) At 2:52 A.M. a train had left the Lorain railroad station, roughly three miles from the Fitzgerald house. Eight minutes later it would have been passing south of the house at a distance of about 100 yards. The engine was using a rotating headlight.  
From these facts it was possible to reconstruct the probable sequence of events that produced the UFO: In the hour or so before the sighting, the witness had been sitting up alone watching the late movie on TV. The film that night was a horror movie, Dracula's Daughter. About 3 A.M., soon after the witness had gone to bed, the Coast Guard cutter on Lake Erie was traveling east toward Lorain, was very near the harbor and was flashing its spotlight toward shore. The light had briefly illuminated the two bedrooms of the Fitzgerald house and had roused Mrs. Fitzgerald. At that distance, between three and four miles, the beam would have spread and would have been dispersed still more by the drops of rain falling. By the time Mrs. Fitzgerald reached the window and pulled back the curtains, the searchlight was gone. At the same time, however, the train that left Lorain at 2:52 was passing south of the house, using its rotating headlight and producing a roaring noise made more piercing by the moist atmosphere. Looking through the wet glass of the window, the witness saw the beam of the train's headlight moving through the haze in the yard. Smoke from the nearby foundry was also being blown into the yard. Illuminated by the circular beam of light, the smoke seemed to be a glowing, solid object that moved back and forth and emitted clouds of gray-pink smoke.  
In summary, the Air Force concluded that Mrs. Fitzgerald's UFO was an illusion produced by a combination of factors: an excited frame of mind induced by Dracula's Daughter, the spotlight on the Coast Guard cutter, the rotating headlight of the train and the noise of its engine, the smoke from the nearby steel plant, and the haze of the drizzly night.  
This analysis provoked an explosion from the witness, who wrote her congressman: ""I was outraged when I read the Air Force conclusion to my sighting. The person who made it must be insane.""  
""The Fitzgerald Report""  
The UFO Research Committee compiled and on December 1 published a thirteen-page pamphlet (later reissued in amplified form and copyrighted) entitled: ""The Fitzgerald Report, A Complete and Detailed Account of the Sighting of an Unidentified Flying Object, Sheffield Lake, Ohio, September 21, 1958."" This document charged ""duplicity"" in the Air Force treatment of UFO reports in general, and asserted that the Fitzgerald investigation in particular had been ""criminally mishandled"" and was a ""disgrace to the U. S. Air Force and an insult to the American public."" It further suggested that Sergeants A and B be ""disciplined"" because their investigation was not adequate or thorough, and that they had had ""little or no intention of making an honest investigation.""  
Copies of the pamphlet were mailed to eminent scientists throughout the country, members of the United States House of Repre-",0.05358166189111748,8.69,"4. Other factors. (a) Between midnight and 4 A.M. a Coast Guard cutter equipped with an eight-inch spotlight had been plying back and forth on Lake Erie searching for an overdue cabin cruiser. At about 3 A.M. the cutter had been headed east toward Lorain, reaching there at 3:15, had then continued east beyond Sheffield to Avon, before turning back to the Lorain lifeboat station and berthing at 4 A.M. (b) At 2:52 A.M. a train had left the Lorain railroad station, roughly three miles from the Fitzgerald house. Eight minutes later it would have been passing south of the house at a distance of about 100 yards. The engine was using a rotating headlight.

From these facts it was possible to reconstruct the probable sequence of events that produced the UFO: In the hour or so before the sighting, the witness had been sitting up alone watching the late movie on TV. The film that night was a horror movie, Dracula's Daughter. About 3 A.M., soon after the witness had gone to bed, the Coast Guard cutter on Lake Erie was traveling east toward Lorain, was very near the harbor and was flashing its spotlight toward shore. The light had briefly illuminated the two bedrooms of the Fitzgerald house and had roused Mrs. Fitzgerald. At that distance, between three and four miles, the beam would have spread and would have been dispersed still more by the drops of rain falling. By the time Mrs. Fitzgerald reached the window and pulled back the curtains, the searchlight was gone. At the same time, however, the train that left Lorain at 2:52 was passing south of the house, using its rotating headlight and producing a roaring noise made more piercing by the moist atmosphere. Looking through the wet glass of the window, the witness saw the beam of the train's headlight moving through the haze in the yard. Smoke from the nearby foundry was also being blown into the yard. Illuminated by the circular beam of light, the smoke seemed to be a glowing, solid object that moved back and forth and emitted clouds of gray-pink smoke.

In summary, the Air Force concluded that Mrs. Fitzgerald's UFO was an illusion produced by a combination of factors: an excited frame of mind induced by Dracula's Daughter, the spotlight on the Coast Guard cutter, the rotating headlight of the train and the noise of its engine, the smoke from the nearby steel plant, and the haze of the drizzly night.

This analysis provoked an explosion from the witness, who wrote her congressman: ""I was outraged when I read the Air Force conclusion to my sighting. The person who made it must be insane.""

""The Fitzgerald Report""

The UFO Research Committee compiled and on December 1 published a thirteen-page pamphlet (later reissued in amplified form and copyrighted) entitled: ""The Fitzgerald Report, A Complete and Detailed Account of the Sighting of an Unidentified Flying Object, Sheffield Lake, Ohio, September 21, 1958."" This document charged ""duplicity"" in the Air Force treatment of UFO reports in general, and asserted that the Fitzgerald investigation in particular had been ""criminally mishandled"" and was a ""disgrace to the U. S. Air Force and an insult to the American public."" It further suggested that Sergeants A and B be ""disciplined"" because their investigation was not adequate or thorough, and that they had had ""little or no intention of making an honest investigation.""

Copies of the pamphlet were mailed to eminent scientists throughout the country, members of the United States House of Repre-",0.05195177956371986,10.96,"4. Other factors. (a) Between midnight and 4 A.M. a Coast Guard cutter equipped with an eight-inch spotlight had been plying back and forth on Lake Erie searching for an overdue cabin cruiser. At about 3 A.M. the cutter had been headed east toward Lorain, reaching there at 3:15, had then continued east beyond Sheffield to Avon, before turning back to the Lorain lifeboat station and berthing at 4 A.M. (b) At 2:52 A.M. a train had left the Lorain railroad station, roughly three miles from the Fitzgerald house. Eight minutes later it would have been passing south of the house at a distance of about 100 yards. The engine was using a rotating headlight.

From these facts it was possible to reconstruct the probable sequence of events that produced the UFO: In the hour or so before the sighting, the witness had been sitting up alone watching the late movie on TV. The film that night was a horror movie, Dracula's Daughter. About 3 A.M., soon after the witness had gone to bed, the Coast Guard cutter on Lake Erie was traveling east toward Lorain, was very near the harbor and was flashing its spotlight toward shore. The light had briefly illuminated the two bedrooms of the Fitzgerald house and had roused Mrs. Fitzgerald. At that distance, between three and four miles, the beam would have spread and would have been dispersed still more by the drops of rain falling. By the time Mrs. Fitzgerald reached the window and pulled back the curtains, the searchlight was gone. At the same time, however, the train that left Lorain at 2:52 was passing south of the house, using its rotating headlight and producing a roaring noise made more piercing by the moist atmosphere. Looking through the wet glass of the window, the witness saw the beam of the train's headlight moving through the haze in the yard. Smoke from the nearby foundry was also being blown into the yard. Illuminated by the circular beam of light, the smoke seemed to be a glowing, solid object that moved back and forth and emitted clouds of gray-pink smoke.

In summary, the Air Force concluded that Mrs. Fitzgerald's UFO was an illusion produced by a combination of factors: an excited frame of mind induced by Dracula's Daughter, the spotlight on the Coast Guard cutter, the rotating headlight of the train and the noise of its engine, the smoke from the nearby steel plant, and the haze of the drizzly night.

This analysis provoked an explosion from the witness, who wrote her congressman: ""I was outraged when I read the Air Force conclusion to my sighting. The person who made it must be insane.""

""The Fitzgerald Report""

The UFO Research Committee compiled and on December 1 published a thirteen-page pamphlet (later reissued in amplified form and copyrighted) entitled: ""The Fitzgerald Report, A Complete and Detailed Account of the Sighting of an Unidentified Flying Object, Sheffield Lake, Ohio, September 21, 1958."" This document charged ""duplicity"" in the Air Force treatment of UFO reports in general, and asserted that the Fitzgerald investigation in particular had been ""criminally mishandled"" and was a ""disgrace to the U.S. Air Force and an insult to the American public."" It further suggested that Sergeants A and B be ""disciplined"" because their investigation was not adequate or thorough, and that they had had ""little or no intention of making an honest investigation.""

Copies of the pamphlet were mailed to eminent scientists throughout the country, members of the United States House of Repre-",0.05167958656330749,11.15,"4. Other factors. (a) Between midnight and 4 A.M. a Coast Guard cutter equipped with an eight-inch spotlight had been plying back and forth on Lake Erie searching for an overdue cabin cruiser. At about 3 A.M. the cutter had been headed east toward Lorain, reaching there at 3:15, had then continued east beyond Sheffield to Avon, before turning back to the Lorain lifeboat station and berthing at 4 A.M. (b) At 2:52 A.M. a train had left the Lorain railroad station, roughly three miles from the Fitzgerald house. Eight minutes later it would have been passing south of the house at a distance of about 100 yards. The engine was using a rotating headlight.

From these facts it was possible to reconstruct the probable sequence of events that produced the UFO: In the hour or so before the sighting, the witness had been sitting up alone watching the late movie on TV. The film that night was a horror movie, Dracula's Daughter. About 3 A.M., soon after the witness had gone to bed, the Coast Guard cutter on Lake Erie was traveling east toward Lorain, was very near the harbor and was flashing its spotlight toward shore. The light had briefly illuminated the two bedrooms of the Fitzgerald house and had roused Mrs. Fitzgerald. At that distance, between three and four miles, the beam would have spread and would have been dispersed still more by the drops of rain falling. By the time Mrs. Fitzgerald reached the window and pulled back the curtains, the searchlight was gone. At the same time, however, the train that left Lorain at 2:52 was passing south of the house, using its rotating headlight and producing a roaring noise made more piercing by the moist atmosphere. Looking through the wet glass of the window, the witness saw the beam of the train's headlight moving through the haze in the yard. Smoke from the nearby foundry was also being blown into the yard. Illuminated by the circular beam of light, the smoke seemed to be a glowing, solid object that moved back and forth and emitted clouds of gray-pink smoke.

In summary, the Air Force concluded that Mrs. Fitzgerald's UFO was an illusion produced by a combination of factors: an excited frame of mind induced by Dracula's Daughter, the spotlight on the Coast Guard cutter, the rotating headlight of the train and the noise of its engine, the smoke from the nearby steel plant, and the haze of the drizzly night.

This analysis provoked an explosion from the witness, who wrote her congressman: ""I was outraged when I read the Air Force conclusion to my sighting. The person who made it must be insane.""

""The Fitzgerald Report""

The UFO Research Committee compiled and on December 1 published a thirteen-page pamphlet (later reissued in amplified form and copyrighted) entitled: ""The Fitzgerald Report, A Complete and Detailed Account of the Sighting of an Unidentified Flying Object, Sheffield Lake, Ohio, September 21, 1958."" This document charged ""duplicity"" in the Air Force treatment of UFO reports in general, and asserted that the Fitzgerald investigation in particular had been ""criminally mishandled"" and was a ""disgrace to the U. S. Air Force and an insult to the American public."" It further suggested that Sergeants A and B be ""disciplined"" because their investigation was not adequate or thorough, and that they had had ""little or no intention of making an honest investigation.""

Copies of the pamphlet were mailed to eminent scientists throughout the country, members of the United States House of Repre-",0.05195177956371986,12.79,"Ganey

4. Other factors. (a) Between midnight and 4 A.M. a Coast Guard cutter equipped with an eight-inch spotlight had been plying back and forth on Lake Erie searching for an overdue cabin cruiser. At about 3 A.M. the cutter had been headed east toward Lorain, reaching there at 3:15, had then continued east beyond Sheffield to Avon, before turning back to the Lorain lifeboat station and berthing at 4 A.M. (b) At 2:52 A.M. a train had left the Lorain railroad station, roughly three miles from the Fitzgerald house. Eight minutes later it would have been passing south of the house at a distance of about 100 yards. The engine was using a rotating headlight.

From these facts it was possible to reconstruct the probable sequence of events that produced the UFO: In the hour or so before the sighting, the witness had been sitting up alone watching the late movie on TV. The film that night was a horror movie, Dracula's Daughter. About 3 A.M., soon after the witness had gone to bed, the Coast Guard cutter on Lake Erie was traveling east toward Lorain, was very near the harbor and was flashing its spotlight toward shore. The light had briefly illuminated the two bedrooms of the Fitzgerald house and had roused Mrs. Fitzgerald. At that distance, between three and four miles, the beam would have spread and would have been dispersed still more by the drops of rain falling. By the time Mrs. Fitzgerald reached the window and pulled back the curtains, the searchlight was gone. At the same time, however, the train that left Lorain at 2:52 was passing south of the house, using its rotating headlight and producing a roaring noise made more piercing by the moist atmosphere. Looking through the wet glass of the window, the witness saw the beam of the train's headlight moving through the haze in the yard. Smoke from the nearby foundry was also being blown into the yard. Illuminated by the circular beam of light, the smoke seemed to be a glowing, solid object that moved back and forth and emitted clouds of gray-pink smoke.

In summary, the Air Force concluded that Mrs. Fitzgerald's UFO was an illusion produced by a combination of factors: an excited frame of mind induced by Dracula's Daughter, the spotlight on the Coast Guard cutter, the rotating headlight of the train and the noise of its engine, the smoke from the nearby steel plant, and the haze of the drizzly night.

This analysis provoked an explosion from the witness, who wrote her congressman: ""I was outraged when I read the Air Force conclusion to my sighting. The person who made it must be insane.""

""The Fitzgerald Report""

The UFO Research Committee compiled and on December 1 published a thirteen-page pamphlet (later reissued in amplified form and copyrighted) entitled: ""The Fitzgerald Report, A Complete and Detailed Account of the Sighting of an Unidentified Flying Object, Sheffield Lake, Ohio, September 21, 1958."" This document charged ""duplicity"" in the Air Force treatment of UFO reports in general, and asserted that the Fitzgerald investigation in particular had been ""criminally mishandled"" and was a ""disgrace to the U. S. Air Force and an insult to the American public."" It further suggested that Sergeants A and B be ""disciplined"" because their investigation was not adequate or thorough, and that they had had ""little or no intention of making an honest investigation.""

Copies of the pamphlet were mailed to eminent scientists throughout the country, members of the United States House of Repre-",0.05358166189111748,5.94,"Ganey

4. Other factors. (a) Between midnight and 4 A.M. a Coast Guard cutter equipped with an eight-inch spotlight had been plying back and forth on Lake Erie searching for an overdue cabin cruiser. At about 3 A.M. the cutter had been headed east toward Lorain, reaching there at 3:15, had then continued east beyond Sheffield to Avon, before turning back to the Lorain lifeboat station and berthing at 4 A.M. (b) At 2:52 A.M. a train had left the Lorain railroad station, roughly three miles from the Fitzgerald house. Eight minutes later it would have been passing south of the house at a distance of about 100 yards. The engine was using a rotating headlight.

From these facts it was possible to reconstruct the probable sequence of events that produced the UFO: In the hour or so before the sighting, the witness had been sitting up alone watching the late movie on TV. The film that night was a horror movie, Dracula's Daughter. About 3 A.M., soon after the witness had gone to bed, the Coast Guard cutter on Lake Erie was traveling east toward Lorain, was very near the harbor and was flashing its spotlight toward shore. The light had briefly illuminated the two bedrooms of the Fitzgerald house and had roused Mrs. Fitzgerald. At that distance, between three and four miles, the beam would have spread and would have been dispersed still more by the drops of rain falling. By the time Mrs. Fitzgerald reached the window and pulled back the curtains, the searchlight was gone. At the same time, however, the train that left Lorain at 2:52 was passing south of the house, using its rotating headlight and producing a roaring noise made more piercing by the moist atmosphere. Looking through the wet glass of the window, the witness saw the beam of the train's headlight moving through the haze in the yard. Smoke from the nearby foundry was also being blown into the yard. Illuminated by the circular beam of light, the smoke seemed to be a glowing, solid object that moved back and forth and emitted clouds of gray-pink smoke.

In summary, the Air Force concluded that Mrs. Fitzgerald's UFO was an illusion produced by a combination of factors: an excited frame of mind induced by Dracula's Daughter, the spotlight on the Coast Guard cutter, the rotating headlight of the train and the noise of its engine, the smoke from the nearby steel plant, and the haze of the drizzly night.

This analysis provoked an explosion from the witness, who wrote her congressman: ""I was outraged when I read the Air Force conclusion to my sighting. The person who made it must be insane.""

""The Fitzgerald Report""

The UFO Research Committee compiled and on December 1 published a thirteen-page pamphlet (later reissued in amplified form and copyrighted) entitled: ""The Fitzgerald Report, A Complete and Detailed Account of the Sighting of an Unidentified Flying Object, Sheffield Lake, Ohio, September 21, 1958."" This document charged ""duplicity"" in the Air Force treatment of UFO reports in general, and asserted that the Fitzgerald investigation in particular had been ""criminally mishandled"" and was a ""disgrace to the U. S. Air Force and an insult to the American public."" It further suggested that Sergeants A and B be ""disciplined"" because their investigation was not adequate or thorough, and that they had had ""little or no intention of making an honest investigation.""

Copies of the pamphlet were mailed to eminent scientists throughout the country, members of the United States House of Repre-",0.05358166189111748,6.34,"Ganey

4. Other factors. (a) Between midnight and 4 A.M. a Coast Guard cutter equipped with an eight-inch spotlight had been plying back and forth on Lake Erie searching for an overdue cabin cruiser. At about 3 A.M. the cutter had been headed east toward Lorain, reaching there at 3:15, had then continued east beyond Sheffield to Avon, before turning back to the Lorain lifeboat station and berthing at 4 A.M. (b) At 2:52 A.M. a train had left the Lorain railroad station, roughly three miles from the Fitzgerald house. Eight minutes later it would have been passing south of the house at a distance of about 100 yards. The engine was using a rotating headlight.

From these facts it was possible to reconstruct the probable sequence of events that produced the UFO: In the hour or so before the sighting, the witness had been sitting up alone watching the late movie on TV. The film that night was a horror movie, Dracula's Daughter. About 3 A.M., soon after the witness had gone to bed, the Coast Guard cutter on Lake Erie was traveling east toward Lorain, was very near the harbor and was flashing its spotlight toward shore. The light had briefly illuminated the two bedrooms of the Fitzgerald house and had roused Mrs. Fitzgerald. At that distance, between three and four miles, the beam would have spread and would have been dispersed still more by the drops of rain falling. By the time Mrs. Fitzgerald reached the window and pulled back the curtains, the searchlight was gone. At the same time, however, the train that left Lorain at 2:52 was passing south of the house, using its rotating headlight and producing a roaring noise made more piercing by the moist atmosphere. Looking through the wet glass of the window, the witness saw the beam of the train's headlight moving through the haze in the yard. Smoke from the nearby foundry was also being blown into the yard. Illuminated by the circular beam of light, the smoke seemed to be a glowing, solid object that moved back and forth and emitted clouds of gray-pink smoke.

In summary, the Air Force concluded that Mrs. Fitzgerald's UFO was an illusion produced by a combination of factors: an excited frame of mind induced by Dracula's Daughter, the spotlight on the Coast Guard cutter, the rotating headlight of the train and the noise of its engine, the smoke from the nearby steel plant, and the haze of the drizzly night.

This analysis provoked an explosion from the witness, who wrote her congressman: ""I was outraged when I read the Air Force conclusion to my sighting. The person who made it must be insane.""

""The Fitzgerald Report""

The UFO Research Committee compiled and on December 1 published a thirteen-page pamphlet (later reissued in amplified form and copyrighted) entitled: ""The Fitzgerald Report, A Complete and Detailed Account of the Sighting of an Unidentified Flying Object, Sheffield Lake, Ohio, September 21, 1958."" This document charged ""duplicity"" in the Air Force treatment of UFO reports in general, and asserted that the Fitzgerald investigation in particular had been ""criminally mishandled"" and was a ""disgrace to the U. S. Air Force and an insult to the American public."" It further suggested that Sergeants A and B be ""disciplined"" because their investigation was not adequate or thorough, and that they had had ""little or no intention of making an honest investigation.""

Copies of the pamphlet were mailed to eminent scientists throughout the country, members of the United States House of Repre-",0.05358166189111748,6.35
28934561,"INCIDENT NO.  
308  
1. Date of Observation 2 May 1949  
Date of Interview 13 May 1949  
2. Exact Time (local) 1015  
3. Place of Observation Elko, Nevada 40°-50' North 115°-47' West  
4. Position of observer Ground  
5. What attracted attention to object  
6. Number of objects 3 in formation  
7. Apparent size 30 ft. diameter (at distance appeared 1/4"" in diameter)  
8. Color of object Dull white (aluminum)  
9. Shape Circular flat (Disc)  
10. Altitude 14,000 ft. 40° Elevation  
11. Direction from observer North  
12. Distance from observer 6 miles  
13. Direction of flight of object(s) Southwesterly veering to South Southwest  
14. Time in sight 2 minutes  
15. Speed 250-300 mph  
16. Sound and odor None  
17. Trail None  
18. Luminosity  
19. Projections None  
20. Maneuvers Made left turn at which time they appeared to tilt  
21. Manner of disappearance  
22. Effect on Clouds  
23. Additional information concerning object  
24. Weather Conditions Clear visibility 30 miles or greater  
(over)",0.0073145245559038665,5.52,"INCIDENT NO.  
308  
1. Date of Observation 2 May 1949  
Date of Interview 13 May 1949  
2. Exact Time (local) 1015  
3. Place of Observation Elko, Nevada 40°-50' North 115°-47' West  
4. Position of observer Ground  
5. What attracted attention to object  
6. Number of objects 3 in formation  
7. Apparent size 30 ft. diameter (at distance appeared 1/4"" in diameter)  
8. Color of object Dull white (aluminum)  
9. Shape Circular flat (Disc)  
10. Altitude 14,000 40° Elevation  
11. Direction from observer North  
12. Distance from observer 6 miles  
13. Direction of flight of object(s) Southwesterly veering to South Southwest  
14. Time in sight 2 minutes  
15. Speed 250-300 mph  
16. Sound and odor None  
17. Trail None  
18. Luminosity  
19. Projections None  
20. Maneuvers Made left turn at which time they appeared to tilt  
21. Manner of disappearance  
22. Effect on Clouds  
23. Additional information concerning object  
24. Weather Conditions Clear visibility 30 miles or greater  
(over)",0.0031446540880503146,9.21,"INCIDENT NO.  
308  
1. Date of Observation 2 May 1949  
Date of Interview 13 May 1949  
2. Exact Time (local) 1015  
3. Place of Observation Elko Nevada 40°-50' North 115°-47' West  
4. Position of observer Ground  
5. What attracted attention to object  
6. Number of objects 3 in formation  
7. Apparent size 30 ft. diameter (at distance appeared 1/4"" in diameter)  
8. Color of object Dull white (aluminum)  
9. Shape Circular flat (Disc)  
10. Altitude 14,000 40° Elevation  
11. Direction from observer North  
12. Distance from observer 6 miles  
13. Direction of flight of object(s) Southwesterly veering to South Southwest  
14. Time in sight 2 minutes  
15. Speed 250-300 mph  
16. Sound and odor None  
17. Trail None  
18. Luminosity  
19. Projections None  
20. Maneuvers Made left turn at which time they appeared to tilt  
21. Manner of disappearance  
22. Effect on Clouds  
23. Additional information concerning object  
24. Weather Conditions Clear visibility 30 miles or greater  
(over)",0.0041928721174004195,5.32,"INCIDENT NO.  
308  
1. Date of Observation 2 May 1949  
Date of Interview 13 May 1949  
2. Exact Time (local) 1015  
3. Place of Observation Elko, Nevada 40°-50' North 115°-47' West  
4. Position of observer Ground  
5. What attracted attention to object  
6. Number of objects 3 in formation  
7. Apparent size 30 ft. diameter (at distance appeared 1/4"" in diameter)  
8. Color of object Dull white (aluminum)  
9. Shape Circular flat (Disc)  
10. Altitude 14,000 ft. 40° Elevation  
11. Direction from observer North  
12. Distance from observer 6 miles  
13. Direction of flight of object(s) Southwesterly veering to South Southwest  
14. Time in sight 2 minutes  
15. Speed 250-300 mph  
16. Sound and odor None  
17. Trail None  
18. Luminosity  
19. Projections None  
20. Maneuvers Made left turn at which time they appeared to tilt  
21. Manner of disappearance  
22. Effect on Clouds  
23. Additional information concerning object  
24. Weather Conditions Clear visibility 30 miles or greater  
(over)",0.0073145245559038665,4.4,"INCIDENT NO.  
308  
1. Date of Observation 2 May 1949  
Date of Interview 13 May 1949  
2. Exact Time (local) 1015  
3. Place of Observation Elko, Nevada 40°-50' North 115°-47' West  
4. Position of observer Ground  
5. What attracted attention to object  
6. Number of objects 3 in formation  
7. Apparent size 30 ft. diameter (at distance appeared 1/4"" in diameter)  
8. Color of object Dull white (aluminum)  
9. Shape Circular flat (Disc)  
10. Altitude 14,000 40° Elevation  
11. Direction from observer North  
12. Distance from observer 6 miles  
13. Direction of flight of object(s) Southwesterly veering to South Southwest  
14. Time in sight 2 minutes  
15. Speed 250-300 mph  
16. Sound and odor None  
17. Trail None  
18. Luminosity  
19. Projections None  
20. Maneuvers Made left turn at which time they appeared to tilt  
21. Manner of disappearance  
22. Effect on Clouds  
23. Additional information concerning object  
24. Weather Conditions Clear visibility 30 miles or greater  
(over)",0.0031446540880503146,4.61,"INCIDENT NO.  
308  
1. Date of Observation: 2 May 1949  
Date of Interview: 13 May 1949  
2. Exact Time (local): 1015  
3. Place of Observation: Elko, Nevada 40°-50' North 115°-47' West  
4. Position of observer: Ground  
5. What attracted attention to object:  
6. Number of objects: 3 in formation  
7. Apparent size: 30 ft. diameter (at distance appeared 1/4"" in diameter)  
8. Color of object: Dull white (aluminum)  
9. Shape: Circular flat (Disc)  
10. Altitude: 14,000 ft, 40° Elevation  
11. Direction from observer: North  
12. Distance from observer: 6 miles  
13. Direction of flight of object(s): Southwesterly veering to South Southwest  
14. Time in sight: 2 minutes  
15. Speed: 250-300 mph  
16. Sound and odor: None  
17. Trail: None  
18. Luminosity:  
19. Projections: None  
20. Maneuvers: Made left turn at which time they appeared to tilt  
21. Manner of disappearance:  
22. Effect on Clouds:  
23. Additional information concerning object:  
24. Weather Conditions: Clear visibility 30 miles or greater  
(over)",0.032586558044806514,3.99,"INCIDENT NO.  
308  

1. Date of Observation 2 May 1949  
Date of Interview 13 May 1949  

2. Exact Time (local) 1015  

3. Place of Observation Elko Nevada 40°-50' North 115°-47' West  

4. Position of observer Ground  

5. What attracted attention to object  

6. Number of objects 3 in formation  

7. Apparent size 30 ft. diameter (at distance appeared 1/4"" in diameter)  

8. Color of object Dull white (aluminum)  

9. Shape Circular flat (Disc)  

10. Altitude 14,000 40° Elevation  

11. Direction from observer North  

12. Distance from observer 6 miles  

13. Direction of flight of object(s) Southwesterly veering to South Southwest  

14. Time in sight 2 minutes  

15. Speed 250-300 mph  

16. Sound and odor None  

17. Trail None  

18. Luminosity  

19. Projections None  

20. Maneuvers Made left turn at which time they appeared to tilt  

21. Manner of disappearance  

22. Effect on Clouds  

23. Additional information concerning object  

24. Weather Conditions Clear visibility 30 miles or greater  

(over)",0.0041928721174004195,4.1,"INCIDENT NO.  
308  

1. Date of Observation 2 May 1949  
Date of Interview 13 May 1949  

2. Exact Time (local) 1015  

3. Place of Observation Elko Nevada 40°-50' North 115°-47' West  

4. Position of observer Ground  

5. What attracted attention to object  

6. Number of objects 3 in formation  

7. Apparent size 30 ft. diameter (at distance appeared 1/4"" in diameter)  

8. Color of object Dull white (aluminum)  

9. Shape Circular flat (Disc)  

10. Altitude 14,000 40° Elevation  

11. Direction from observer North  

12. Distance from observer 6 miles  

13. Direction of flight of object(s) Southwesterly veering to South Southwest  

14. Time in sight 2 minutes  

15. Speed 250-300 mph  

16. Sound and odor None  

17. Trail None  

18. Luminosity  

19. Projections None  

20. Maneuvers Made left turn at which time they appeared to tilt  

21. Manner of disappearance  

22. Effect on Clouds  

23. Additional information concerning object  

24. Weather Conditions Clear visibility 30 miles or greater  

(over)",0.0041928721174004195,3.85,"INCIDENT NO.  
308  

1. Date of Observation 2 May 1949  
Date of Interview 13 May 1949  

2. Exact Time (local) 1015  

3. Place of Observation Elko Nevada 40°-50' North 115°-47' West  

4. Position of observer Ground  

5. What attracted attention to object  

6. Number of objects 3 in formation  

7. Apparent size 30 ft. diameter (at distance appeared 1/4"" in diameter)  

8. Color of object Dull white (aluminum)  

9. Shape Circular flat (Disc)  

10. Altitude 14,000 40° Elevation  

11. Direction from observer North  

12. Distance from observer 6 miles  

13. Direction of flight of object(s) Southwesterly veering to South Southwest  

14. Time in sight 2 minutes  

15. Speed 250-300 mph  

16. Sound and odor None  

17. Trail None  

18. Luminosity  

19. Projections None  

20. Maneuvers Made left turn at which time they appeared to tilt  

21. Manner of disappearance  

22. Effect on Clouds  

23. Additional information concerning object  

24. Weather Conditions Clear visibility 30 miles or greater  
(over)",0.0041928721174004195,4.55
28977491,"PROJECT 10073 RECORD CARD  
1. DATE  
18 Mar 58  

2. LOCATION  
Ogallala, Nebraska  

12. CONCLUSIONS  
Was Balloon  
Probably Balloon  
Possibly Balloon  

3. DATE-TIME GROUP  
GMT 18/1715Z, 1815, 1830Z  

4. TYPE OF OBSERVATION  
Ground-Radar  
Ground-Visual  
Air-Visual  
Air-Intercept Radar  

5. PHOTOS  
Yes  
No  

6. SOURCE  
Civilian  

7. LENGTH OF OBSERVATION  
20 mins  

8. NUMBER OF OBJECTS  
one  

9. COURSE  
South & Stationary  

10. BRIEF SUMMARY OF SIGHTING  
Cigar or blimp shaped obj, about size of a paper clip. Color appeared to be silver w/a reflecting quality. Obj appeared to stretch in length & thin out while moving in a Southerly direction. See case file for additional info.  

11. COMMENTS  
Probably a conventional a/c. and balloon in area. 3 sightings. Balloon stationary obj. A2C established over area at time of sighting were B-47's & B-52's on training missions.  

ATIC FORM 329 (REV 25 SEP 52)",0.3074712643678161,5.83,"PROJECT 10073 RECORD CARD  
1. DATE  
18 Mar 58  

2. LOCATION  
Ogallala, Nebraska  

12. CONCLUSIONS  
Was Balloon  
Probably Balloon  
Possibly Balloon  

3. DATE-TIME GROUP  
GMT 18/1715Z, 1815, 1830Z  

4. TYPE OF OBSERVATION  
Local  
Ground-Radar  
Ground-Visual  
Air-Visual  
Air-Intercept Radar  

5. PHOTOS  
Yes  
No  

6. SOURCE  
Civilian  

7. LENGTH OF OBSERVATION  
20 mins  

8. NUMBER OF OBJECTS  
one  

9. COURSE  
South & Stationary  

10. BRIEF SUMMARY OF SIGHTING  
Cigar or blimp shaped object, about size of a paper clip. Color appeared to be silver with a reflecting quality. Object appeared to stretch in length and thin out while moving in a Southerly direction. See case file for additional info.  

11. COMMENTS  
Probably a conventional aircraft and balloon in area. 3 sightings. Balloon stationary object. Aircraft established over area at time of sighting were B-47's & B-52's on training missions.  

ATIC FORM 329 (REV 25 SEP 52)",0.3390804597701149,6.35,"PROJECT 10073 RECORD CARD  
1. DATE  
18 Mar 58  

2. LOCATION  
Ogallala, Nebraska  

12. CONCLUSIONS  
Was Balloon  
Probably Balloon  
Possibly Balloon  

3. DATE-TIME GROUP  
GMT 18/1715Z, 1815, 1830Z  

4. TYPE OF OBSERVATION  
Local  
Ground-Radar  
Ground-Visual  
Air-Visual  
Air-Intercept Radar  

5. PHOTOS  
Yes  
No  

6. SOURCE  
Civilian  

7. LENGTH OF OBSERVATION  
20 mins  

8. NUMBER OF OBJECTS  
One  

9. COURSE  
South & Stationary  

10. BRIEF SUMMARY OF SIGHTING  
Cigar or blimp shaped object, about size of a paper clip. Color appeared to be silver with a reflecting quality. Object appeared to stretch in length and thin out while moving in a Southerly direction. See case file for additional info.  

11. COMMENTS  
Probably a conventional aircraft and balloon in area. 3 sightings. Balloon stationary object. A2C established over area at time of sighting were B-47's & B-52's on training missions.  

ATIC FORM 329 (REV 25 SEP 52)",0.3333333333333333,5.94,"PROJECT 10073 RECORD CARD  
1. DATE  
18 Mar 58  

2. LOCATION  
Ogallala, Nebraska  

3. DATE-TIME GROUP  
GMT 18/1715Z, 1815, 1830Z  

4. TYPE OF OBSERVATION  
Ground-Visual  
Air-Visual  

5. PHOTOS  
Yes  

6. SOURCE  
Civilian  

7. LENGTH OF OBSERVATION  
20 mins  

8. NUMBER OF OBJECTS  
one  

9. COURSE  
Stationary  

10. BRIEF SUMMARY OF SIGHTING  
Cigar or blimp shaped object, about the size of a paper clip. Color appeared to be silver with a reflecting quality. Object appeared to stretch in length and thin out while moving in a Southerly direction. See case file for additional info.  

11. COMMENTS  
Probably a conventional aircraft and balloon in area. 3 sightings. Balloon stationary object. Aircraft established over area at time of sighting were B-47's & B-52's on training missions.  

12. CONCLUSIONS  
Was Balloon  
Probably Balloon  
Possibly Balloon  

Other Identity  
Insufficient Data for Evaluation  

ATIC FORM 329 (REV 25 SEP 52)",0.20689655172413793,5.94,"PROJECT 10073 RECORD CARD

1. DATE  
18 Mar 58  

2. LOCATION  
Ogallala, Nebraska  

12. CONCLUSIONS  
Probably Balloon  

3. DATE-TIME GROUP  
GMT 18/1715Z, 1815, 1830Z  

4. TYPE OF OBSERVATION  
Ground-Visual  

5. PHOTOS  
No  

6. SOURCE  
Civilian  

7. LENGTH OF OBSERVATION  
20 mins  

8. NUMBER OF OBJECTS  
One  

9. COURSE  
Stationary & South  

10. BRIEF SUMMARY OF SIGHTING  
Cigar or blimp-shaped object, about the size of a paper clip. Color appeared to be silver with a reflecting quality. Object appeared to stretch in length and thin out while moving in a southerly direction. See case file for additional info.  

11. COMMENTS  
Probably a conventional aircraft. Balloon stationary object. A2C established over area at time of sighting were B-47's & B-52's on training missions.  

ATIC FORM 329 (REV 25 SEP 52)",0.3793103448275862,5.84,"PROJECT 10073 RECORD CARD

1. DATE  
18 Mar 58

2. LOCATION  
Ogallala, Nebraska

3. DATE-TIME GROUP  
GMT 18/1715Z, 1815, 1830Z

4. TYPE OF OBSERVATION  
Ground-Visual  
Air-Visual

5. PHOTOS  
Yes

6. SOURCE  
Civilian

7. LENGTH OF OBSERVATION  
20 mins

8. NUMBER OF OBJECTS  
One

9. COURSE  
South & Stationary

10. BRIEF SUMMARY OF SIGHTING  
Cigar or blimp shaped object, about the size of a paper clip. Color appeared to be silver with a reflecting quality. Object appeared to stretch in length and thin out while moving in a southerly direction. See case file for additional info.

11. COMMENTS  
Probably a conventional aircraft and balloon in the area. 3 sightings. Balloon stationary object. Aircraft established over area at time of sighting were B-47's & B-52's on training missions.

12. CONCLUSIONS  
Balloon

ATIC FORM 329 (REV 25 SEP 52)",0.2835249042145594,5.86,"PROJECT 10073 RECORD CARD

1. DATE  
18 Mar 58

2. LOCATION  
Ogallala, Nebraska

3. DATE-TIME GROUP  
Local  GMT 18/1715Z, 1815, 1830Z

4. TYPE OF OBSERVATION  
Ground-Radar  
Ground-Visual  
Air-Visual  
Air-Intercept Radar  

5. PHOTOS  
Yes  XL  No

6. SOURCE  
Civilian  Mistaken

7. LENGTH OF OBSERVATION  
20 mins

8. NUMBER OF OBJECTS  
one

9. COURSE  
South & Stationary

10. BRIEF SUMMARY OF SIGHTING  
Cigar or blimp shaped obj, about size of a paper clip. Color appeared to be silver w/a reflecting quality. Obj appeared to stretch in length & thin out while moving in a Southerly dire-ction. See case file for additional info.

11. COMMENTS  
Probably a conventional a/c. and balloon in area. 3 sightings. Balloon stationary obj. A2C established over area at time of sighting were B-47's & B-52's on training missions.

12. CONCLUSIONS  
Was Balloon  
Probably Balloon  
Possibly Balloon  
Was Aircraft  
Probably Aircraft  
Possibly Aircraft  
Was Astronomical  
Probably Astronomical  
Possibly Astronomical  
Other Identity ʘInsufficient Data for Evaluationʘ

ATIC FORM 329 (REV 25 SEP 52)  
3",0.04597701149425287,5.31,"PROJECT 10073 RECORD CARD

1. DATE  
18 Mar 58

2. LOCATION  
Ogallala, Nebraska

3. DATE-TIME GROUP  
Local  GMT 18/1715Z, 1815, 1830Z

4. TYPE OF OBSERVATION  
Ground-Radar  
Ground-Visual  
Air-Visual  
Air-Intercept Radar

5. PHOTOS  
Yes  ʘNoʘ

6. SOURCE  
Civilian

7. LENGTH OF OBSERVATION  
20 mins

8. NUMBER OF OBJECTS  
one

9. COURSE  
South & Stationary

10. BRIEF SUMMARY OF SIGHTING  
Cigar or blimp shaped obj, about size of a paper clip. Color appeared to be silver w/a reflecting quality. Obj appeared to stretch in length & thin out while moving in a Southerly direction. See case file for additional info.

11. COMMENTS  
Probably a conventional a/c. and balloon in area. 3 sightings. Balloon stationary obj. A2C established over area at time of sighting were B-47's & B-52's on training missions.

12. CONCLUSIONS  
Was Balloon ʘProbably Balloonʘ Possibly Balloon  
Was Aircraft  Probably Aircraft  Possibly Aircraft  
Was Astronomical  Probably Astronomical  Possibly Astronomical  
Other Identity  Insufficient Data for Evaluation

ATIC FORM 329 (REV 25 SEP 52)  
3",0.035440613026819924,5.32,"PROJECT 10073 RECORD CARD

1. DATE  
   18 Mar 58

2. LOCATION  
   Ogallala, Nebraska

3. DATE-TIME GROUP  
   GMT 18/1715Z, 1815, 1830Z

4. TYPE OF OBSERVATION  
   Local  
   Ground-Radar  
   Ground-Visual  
   Air-Visual  
   Air-Intercept Radar

5. PHOTOS  
   XL  
   No

6. SOURCE  
   Civilian

7. LENGTH OF OBSERVATION  
   20 mins

8. NUMBER OF OBJECTS  
   one

9. COURSE  
   South & Stationary

10. BRIEF SUMMARY OF SIGHTING  
    Cigar or blimp shaped obj, about size of a paper clip. Color appeared to be silver w/a reflecting quality. Obj appeared to stretch in length & thin out while moving in a Southerly direction. See case file for additional info.

11. COMMENTS  
    Probably a conventional a/c and balloon in area. 3 sightings. Balloon stationary obj. A2C established over area at time of sighting were B-47's & B-52's on training missions.

12. CONCLUSIONS  
    Was Balloon  
    Probably Balloon  
    Possibly Balloon  
    Was Aircraft  
    Probably Aircraft  
    Possibly Aircraft  
    Was Astronomical  
    Probably Astronomical  
    Possibly Astronomical  
    Mistaken  
    Other Identity  
    Insufficient Data for Evaluation

ATIC FORM 329 (REV 25 SEP 52)",0.04885057471264368,4.91
28979792,"every observed UFO makes  
a statement, very similar in  
PAGE FOUR RJEDKF !IG  
this, they don't know what it  
is, but they know what it isn't  
480 KNOTS IT IS FELT THAT THIS B-47 CORRELATES VERY CLOSELY WITH UFOB  
HOWEVER THE OBSERVER HAS 4 YEARS AS A WEATHER OBSERVER IN THE USAF  
AND DEFINITELY STATES OBJECT WAS NOT A B-47  
expect. since given publicity  
106, once  
87/2388Z SEP RJEDKF  
population no. much 1200 cited  
cc UFO CO from this lives. 100mg strange.  
other  
(MISINTERPRETATION OF  
CONVENTIONAL A/C",0.33131313131313134,3.17,"every observed UFO makes
a statement, very similar in
PAGE FOUR RJEDKF !IG
this, they don't know what it
is, but they know what it isn't.
408 KNOTS IT IS FELT THAT THIS B-47 CORRELATES VERY CLOSELY WITH UFOB
HOWEVER THE OBSERVER HAS 4 YEARS AS A WEATHER OBSERVER IN THE USAF
AND DEFINITELY STATES OBJECT WAS NOT A B-47
expect. since given publicity
106, once
87/2388Z SEP RJEDKF
population no. much 1200 cited
UFO CO from this lives. 100mg strange.
other
(MISINTERPRETATION OF
CONVENTIONAL A/C",0.3265720081135903,4.4,"every observed UFO makes a statement, very similar in this, they don't know what it is, but they know what it isn't. 408 KNOTS IT IS FELT THAT THIS B-47 CORRELATES VERY CLOSELY WITH UFO HOWEVER THE OBSERVER HAS 4 YEARS AS A WEATHER OBSERVER IN THE USAF AND DEFINITELY STATES OBJECT WAS NOT A B-47 expect. since given publicity 106, once 87/2388Z SEP population no. much 1200 2 cited UFO CO from this lives. 100mg strange. other (MISINTERPRETATION OF CONVENTIONAL A/C",0.29045643153526973,4.1,"every observed UFO makes a statement, very similar in this, they don't know what it is, but they know what it isn't.

IT IS FELT THAT THIS B-47 CORRELATES VERY CLOSELY WITH UFOB

HOWEVER THE OBSERVER HAS 4 YEARS AS A WEATHER OBSERVER IN THE USAF AND DEFINITELY STATES OBJECT WAS NOT A B-47

expect, since given publicity

population no. much 1200 cited

UFO from this lives. coming strange.

(MISINTERPRETATION OF CONVENTIONAL A/C)",0.3132780082987552,3.07,"every observed UFO makes a statement, very similar in this, they don't know what it is, but they know what it isn't.  
  
408 KNOTS IT IS FELT THAT THIS B-47 CORRELATES VERY CLOSELY WITH UFO  
HOWEVER THE OBSERVER HAS 4 YEARS AS A WEATHER OBSERVER IN THE USAF  
AND DEFINITELY STATES OBJECT WAS NOT A B-47  

expect. since giving publicity  

106, once  

87/2388Z SEP RJEDKF  
population no. much 1200 cited  

UFO CO from this lives. 100mg strange.  

other  

(MISINTERPRETATION OF CONVENTIONAL A/C)",0.2925311203319502,3.49,"every observed UFO makes  
a statement, very similar in  
PAGE FOUR REDACTED  
this, they don't know what it  
is, but they know what it isn't  
408 KNOTS IT IS FELT THAT THIS B-47 CORRELATES VERY CLOSELY WITH UFO  
HOWEVER THE OBSERVER HAS 4 YEARS AS A WEATHER OBSERVER IN THE USAF  
AND DEFINITELY STATES OBJECT WAS NOT A B-47  
expect, since giving publicity  
106, once  
87/2388Z SEP REDACTED  
population no. much 1200 cited  
UFO CO from this lives. 100 miles strong.  
other  
(MISINTERPRETATION OF  
CONVENTIONAL A/C",0.3414141414141414,4.81,"every observed UFO makes  
a statement, very similar in  
PAGE FOUR RJEDKF !IG  
this, they don't know what it  
is, but they know what it isn't  

408 KNOTS IT IS FELT THAT THIS B-47 CORRELATES VERY CLOSELY WITH UFOB  
HOWEVER THE OBSERVER HAS 4 YEARS AS A WEATHER OBSERVER IN THE USAF  
AND DEFINITELY STATES /OBJECT WAS NOT A B-47  

expect. since given vicinity  
106, one  
87/2388Z SEP RJEDKF  
population no. much 1200 2 cited  
cc UFO CO from this lives. 100mg strange.  
other  
(MISINTERPRETATION OF  
CONVENTIONAL A/C)",0.32595573440643866,2.66,"every observed UFO makes a statement, very similar in this, they don't know what it is, but they know what it isn't.

PAGE FOUR RJEDKF !IG

408 KNOTS IT IS FELT THAT THIS B-47 CORRELATES VERY CLOSELY WITH UFOB HOWEVER THE OBSERVER HAS 4 YEARS AS A WEATHER OBSERVER IN THE USAF AND DEFINITELY STATES /OBJECT WAS NOT A B-47

expect. since given publicity

106, once

87/2388Z SEP RJEDKF

population no. much 1200 2 cited

cc UFO CO from this lives. 100mg strange.

other

(MISINTERPRETATION OF CONVENTIONAL A/C)",0.244,2.76,"every observed UFO makes
a statement, very similar in
PAGE FOUR RJEDKF !IG
this, they don't know what it
is, but they know what it isn't.
408 KNOTS IT IS FELT THAT THIS B-47 CORRELATES VERY CLOSELY WITH UFOB
HOWEVER THE OBSERVER HAS 4 YEARS AS A WEATHER OBSERVER IN THE USAF
AND DEFINITELY STATES /OBJECT WAS NOT A B-47
BT
expect. since giving publicity
106, once
87/2388Z SEP RJEDKF
population no. much 1200 2 cited
cc UFO CO from this lives. 100mg strange.
other
(MISINTERPRETATION OF
CONVENTIONAL A/C)",0.31746031746031744,2.46
28984139,"PROJECT 10073 RECORD CARD  
1. DATE  
13 Aug 59  

2. LOCATION  
Long Island, New York  

3. DATE-TIME GROUP  
Local 1634  
GMT 132134Z Aug 59  

4. TYPE OF OBSERVATION  
Ground-Visual  
Ground-Radar  
Air-Visual  
Air-Intercept Radar  

5. PHOTOS  
Yes  

6. SOURCE  
Civilian  

7. LENGTH OF OBSERVATION  
20-30 sec  

8. NUMBER OF OBJECTS  
One  

9. COURSE  
W-E  

10. BRIEF SUMMARY OF SIGHTING  
Rnd, yellowish-blue obj flying very high. Faded out.  

11. COMMENTS  
Limited info. Possible a/c.  

12. CONCLUSIONS  
Was Balloon  
Probably Balloon  
Possibly Balloon  
Was Aircraft  
Probably Aircraft  
Possibly Aircraft  
Was Astronomical  
Probably Astronomical  
Possibly Astronomical  

ATIC FORM 3.29 (REV 26 SEP 52)",0.1,4.77,"PROJECT 10073 RECORD CARD  
1. DATE  
13 Aug 59  

2. LOCATION  
Long Island, New York  

3. DATE-TIME GROUP  
Local 1634  
GMT 132134Z Aug 59  

4. TYPE OF OBSERVATION  
Ground-Visual  
Ground-Radar  
Air-Visual  
Air-Intercept Radar  

5. PHOTOS  
Yes  

6. SOURCE  
Civilian  

7. LENGTH OF OBSERVATION  
20-30 sec  

8. NUMBER OF OBJECTS  
One  

9. COURSE  
W-E  

10. BRIEF SUMMARY OF SIGHTING  
Rnd, yellowish-blue obj flying very high. Faded out.  

11. COMMENTS  
Limited info. Possible a/c.  

12. CONCLUSIONS  
Was Balloon  
Probably Balloon  
Possibly Balloon  
Was Aircraft  
Probably Aircraft  
Possibly Aircraft  
Was Astronomical  
Probably Astronomical  
Possibly Astronomical  
Other  
Insufficient Data for Evaluation  

ATIC FORM 3.29 (REV 26 SEP 52)",0.043478260869565216,7.31,"PROJECT 10073 RECORD CARD

1. DATE  
13 Aug 59  

2. LOCATION  
Long Island, New York  

3. DATE-TIME GROUP  
Local 1634  
GMT 132134Z Aug 59  

4. TYPE OF OBSERVATION  
Ground-Visual  
Ground-Radar  
Air-Visual  
Air-Intercept Radar  

5. PHOTOS  
Yes  

6. SOURCE  
Civilian  

7. LENGTH OF OBSERVATION  
20-30 sec  

8. NUMBER OF OBJECTS  
one  

9. COURSE  
W-E  

10. BRIEF SUMMARY OF SIGHTING  
Rnd, yellowish-blue obj flying very high. Faded out.  

11. COMMENTS  
Limited info. Possible a/c.  

12. CONCLUSIONS  
Was Balloon  
Probably Balloon  
Possibly Balloon  
Was Aircraft  
Probably Aircraft  
Possibly Aircraft  
Was Astronomical  
Probably Astronomical  
Possibly Astronomical  
Other  
Insufficient Data for Evaluation  

ATIC FORM 3.29 (REV 26 SEP 52)",0.043478260869565216,6.55,"PROJECT 10073 RECORD CARD

1. DATE  
13 Aug 59

2. LOCATION  
Long Island, New York

3. DATE-TIME GROUP  
Local 1634  
GMT 132134Z Aug 59

4. TYPE OF OBSERVATION  
Ground-Visual  
Ground-Radar  
Air-Visual  
Air-Intercept Radar

5. PHOTOS  
Yes

6. SOURCE  
Civilian

7. LENGTH OF OBSERVATION  
20-30 sec

8. NUMBER OF OBJECTS  
One

9. COURSE  
W-E

10. BRIEF SUMMARY OF SIGHTING  
Round, yellowish-blue object flying very high. Faded out.

11. COMMENTS  
Limited info. Possible aircraft.

12. CONCLUSIONS  
Was Balloon  
Probably Balloon  
Possibly Balloon  
Was Aircraft  
Probably Aircraft  
Possibly Aircraft  
Was Astronomical  
Probably Astronomical  
Possibly Astronomical  
Other  
Insufficient Data for Evaluation

ATIC FORM 329 (REV 26 SEP 52)",0.06086956521739131,5.22,"PROJECT 10073 RECORD CARD

1. DATE  
13 Aug 59  

2. LOCATION  
Long Island, New York  

3. DATE-TIME GROUP  
Local 1634  
GMT 132134Z Aug 59  

4. TYPE OF OBSERVATION  
Ground-Visual  
Ground-Radar  
Air-Visual  
Air-Intercept Radar  

5. PHOTOS  
Yes  

6. SOURCE  
Civilian  

7. LENGTH OF OBSERVATION  
20-30 sec  

8. NUMBER OF OBJECTS  
one  

9. COURSE  
W-E  

10. BRIEF SUMMARY OF SIGHTING  
Rnd, yellowish-blue obj flying very high. Faded out.  

11. COMMENTS  
Limited info. Possible a/c.  

12. CONCLUSIONS  
Was Balloon  
Probably Balloon  
Possibly Balloon  
Was Aircraft  
Probably Aircraft  
Possibly Aircraft  
Was Astronomical  
Probably Astronomical  
Possibly Astronomical  

13. OTHER  
Insufficient Data for Evaluation  
Unknown  

ATIC FORM 3.29 (REV 26 SEP 52)",0.04046242774566474,8.29,"PROJECT 10073 RECORD CARD  
1. DATE  
13 Aug 59  

2. LOCATION  
Long Island, New York  

3. DATE-TIME GROUP  
Local 1634  
GMT 132134Z Aug 59  

4. TYPE OF OBSERVATION  
Ground-Visual  
Ground-Radar  
Air-Visual  
Air-Intercept Radar  

5. PHOTOS  
Yes  

6. SOURCE  
Civilian  

7. LENGTH OF OBSERVATION  
20-30 sec  

8. NUMBER OF OBJECTS  
One  

9. COURSE  
W-E  

10. BRIEF SUMMARY OF SIGHTING  
Rnd, yellowish-blue object flying very high. Faded out.  

11. COMMENTS  
Limited info. Possible aircraft.  

12. CONCLUSIONS  
Was Balloon  
Probably Balloon  
Possibly Balloon  
Was Aircraft  
Probably Aircraft  
Possibly Aircraft  
Was Astronomical  
Probably Astronomical  
Possibly Astronomical  
Other  
Insufficient Data for Evaluation  

ATIC FORM 329 (REV 26 SEP 52)",0.057971014492753624,5.53,"PROJECT 10073 RECORD CARD

1. DATE  
13 Aug 59

2. LOCATION  
Long Island, New York

3. DATE-TIME GROUP  
Local 1634  
GMT 132134Z Aug 59

4. TYPE OF OBSERVATION  
Ground-Visual  
Ground-Radar  
Air-Visual  
Air-Intercept Radar  

5. PHOTOS  
Yes  
No

6. SOURCE  
Civilian  
Other  
Insufficient Data for Evaluation  
Unknown

7. LENGTH OF OBSERVATION  
20-30 sec

8. NUMBER OF OBJECTS  
one

9. COURSE  
W-E

10. BRIEF SUMMARY OF SIGHTING  
Rnd, yellowish-blue obj flying very high. Faded out.

11. COMMENTS  
Limited info. Possible a/c.

12. CONCLUSIONS  
Was Balloon  
Probably Balloon  
Possibly Balloon  
Was Aircraft  
Probably Aircraft  
Possibly Aircraft  
Was Astronomical  
Probably Astronomical  
Possibly Astronomical

ATIC FORM 3.29 (REV 26 SEP 52)",0.16353111432706222,3.47,"PROJECT 10073 RECORD CARD

1. DATE  
13 Aug 59  

2. LOCATION  
Long Island, New York  

3. DATE-TIME GROUP  
Local 1634  
GMT 132134Z Aug 59  

4. TYPE OF OBSERVATION  
Ground-Visual  
Ground-Radar  
Air-Visual  
Air-Intercept Radar  

5. PHOTOS  
Yes  
No  

6. SOURCE  
ʘCivilianʘ  
Other  

7. LENGTH OF OBSERVATION  
20-30 sec  

8. NUMBER OF OBJECTS  
one  

9. COURSE  
W-E  

10. BRIEF SUMMARY OF SIGHTING  
Rnd, yellowish-blue obj flying very high. Faded out.  

11. COMMENTS  
Limited info. Possible a/c.  

12. CONCLUSIONS  
Was Balloon  
Probably Balloon  
Possibly Balloon  
Was Aircraft  
Probably Aircraft  
Possibly Aircraft  
Was Astronomical  
Probably Astronomical  
Possibly Astronomical  
Insufficient Data for Evaluation  
Unknown  

ATIC FORM 3.29 (REV 26 SEP 52)",0.04775687409551375,3.38,"PROJECT 10073 RECORD CARD

1. DATE  
13 Aug 59  

2. LOCATION  
Long Island, New York  

3. DATE-TIME GROUP  
Local 1634  
GMT 132134Z Aug 59  

4. TYPE OF OBSERVATION  
Ground-Visual  
Ground-Radar  
Air-Visual  
Air-Intercept Radar  

5. PHOTOS  
Yes  
No  

6. SOURCE  
ʘCivilianʘ  

7. LENGTH OF OBSERVATION  
20-30 sec  

8. NUMBER OF OBJECTS  
one  

9. COURSE  
W-E  

10. BRIEF SUMMARY OF SIGHTING  
Rnd, yellowish-blue obj flying very high. Faded out.  

11. COMMENTS  
Limited info. Possible a/c.  

12. CONCLUSIONS  
Was Balloon  
Probably Balloon  
Possibly Balloon  
Was Aircraft  
Probably Aircraft  
Possibly Aircraft  
Was Astronomical  
Probably Astronomical  
Possibly Astronomical  
Other  
Insufficient Data for Evaluation  
Unknown  

ATIC FORM 3.29 (REV 26 SEP 52)",0.030390738060781478,4.0
28994552,"PROJECT 10073 RECORD CARD  
1. DATE  
13 Sep 61  

2. LOCATION  
E Coast US  

3. DATE-TIME GROUP  
0939Z  

4. TYPE OF OBSERVATION  
Ground-Visual  
Ground-Radar  
Air Visual  
Air-Intercept Radar  

5. PHOTOS  
Yes  

6. SOURCE  
Military  

7. LENGTH OF OBSERVATION  
5-7 sec  

8. NUMBER OF OBJECTS  
1  

9. COURSE  
up  

10. BRIEF SUMMARY OF SIGHTING  
Report of NASA experimental rocket launch from Wallops Island, Virginia. Release of sodium material over 100 mi up; chemical visible for some distance in Atlantic up and down Atlantic Coast and as far as Midwestern U.S. (inland).  

12. CONCLUSIONS  
Probably Balloon  
Possibly Balloon  
Probably Aircraft  
Possibly Aircraft  
Was Astronomical  
Probably Astronomical  
Possibly Astronomical  
Other Rocket launch  
Insufficient Data for Evaluation  
Unknown  

11. COMMENTS  
Confirmed NASA Experimental rocket launch.  

ATIC FORM 329 (REV 26 SEP 62)",0.2463768115942029,10.97,"PROJECT 10073 RECORD CARD  
1. DATE  
13 Sep 61  

2. LOCATION  
E Coast US  

12. CONCLUSIONS  
Was Balloon  
Probably Balloon  

3. DATE-TIME GROUP  
0939Z GMT  

4. TYPE OF OBSERVATION  
Ground-Visual  
Ground-Radar  
Air Visual  
Air-Intercept Radar  

5. PHOTOS  
Yes  

6. SOURCE  
Military  

7. LENGTH OF OBSERVATION  
5-7 sec  

8. NUMBER OF OBJECTS  
1  

9. COURSE  
up  

10. BRIEF SUMMARY OF SIGHTING  
Report of NASA experimental rocket launch from Wallops Island, Virginia. Release of sodium material over 100 mi up; chemical visible for some distance in Atlantic up and down Atlantic Coast and as far as Midwestern U.S. (inland).  

11. COMMENTS  
Confirmed NASA Experimental rocket launch.  

ATIC FORM 329 (REV 26 SEP 62)",0.31873479318734793,4.57,"PROJECT 10073 RECORD CARD  
1. DATE  
13 Sep 61  

2. LOCATION  
E Coast US  

3. DATE-TIME GROUP  
0939Z  

4. TYPE OF OBSERVATION  
Ground-Visual  
Ground-Radar  
Air Visual  
Air-Intercept Radar  

5. PHOTOS  
Yes  

6. SOURCE  
Military  

7. LENGTH OF OBSERVATION  
5-7 sec  

8. NUMBER OF OBJECTS  
1  

9. COURSE  
up  

10. BRIEF SUMMARY OF SIGHTING  
Report of NASA experimental rocket launch from Wallops Island, Virginia. Release of sodium material over 100 mi up; chemical visible for some distance in Atlantic up and down Atlantic Coast and as far as Midwestern U.S. (inland).  

12. CONCLUSIONS  
Probably Balloon  
Possibly Aircraft  
Was Aircraft  
Probably Astronomical  
Possibly Astronomical  

11. COMMENTS  
Confirmed NASA Experimental rocket launch.  

ATIC FORM 329 (REV 26 SEP 62)",0.22871046228710462,7.59,"PROJECT 10073 RECORD CARD  
1. DATE  
13 Sep 61  
2. LOCATION  
E Coast US  
3. DATE-TIME GROUP  
0939Z  
4. TYPE OF OBSERVATION  
Ground-Visual  
Ground-Radar  
Air Visual  
Air-Intercept Radar  
5. PHOTOS  
Yes  
6. SOURCE  
Military  
7. LENGTH OF OBSERVATION  
5-7 sec  
8. NUMBER OF OBJECTS  
1  
9. COURSE  
up  
10. BRIEF SUMMARY OF SIGHTING  
Report of NASA experimental rocket launch from Wallops Island, Virginia. Release of sodium material over 100 miles up; chemical visible for some distance in Atlantic up and down Atlantic Coast and as far as Midwestern U.S. (inland).  
11. COMMENTS  
Confirmed NASA Experimental rocket launch.  
12. CONCLUSIONS  
Probably Balloon  
Possibly Balloon  
Was Aircraft  
Probably Aircraft  
Possibly Aircraft  
Was Astronomical  
Probably Astronomical  
Possibly Astronomical  
Other Rocket launch  
Insufficient Data for Evaluation  
Unknown  
ATIC FORM 329 (REV 26 SEP 62)",0.1457345971563981,6.44,"PROJECT 10073 RECORD CARD  
1. DATE  
13 Sep 61  

2. LOCATION  
E Coast US  

3. DATE-TIME GROUP  
0939Z  

4. TYPE OF OBSERVATION  
Ground-Visual  
Ground-Radar  
Air Visual  
Air-Intercept Radar  

5. PHOTOS  
Yes  

6. SOURCE  
Military  

7. LENGTH OF OBSERVATION  
5-7 sec  

8. NUMBER OF OBJECTS  
1  

9. COURSE  
Unknown  

10. BRIEF SUMMARY OF SIGHTING  
Report of NASA experimental rocket launch from Wallops Island, Virginia. Release of sodium material over 100 miles up; chemical visible for some distance in Atlantic up and down Atlantic Coast and as far as Midwestern U.S. (inland).  

11. COMMENTS  
Confirmed NASA Experimental rocket launch.  

12. CONCLUSIONS  
Probably Balloon  
Possibly Balloon  
Probably Aircraft  
Possibly Aircraft  
Probably Astronomical  
Possibly Astronomical  

13. OTHER  
Insufficient Data for Evaluation",0.18613138686131386,6.14,"PROJECT 10073 RECORD CARD  
1. DATE  
13 Sep 61  

2. LOCATION  
E Coast US  

3. DATE-TIME GROUP  
0939Z  

4. TYPE OF OBSERVATION  
Ground-Visual  
Ground-Radar  
Air Visual  
Air-Intercept Radar  

5. PHOTOS  
Yes  

6. SOURCE  
Military  

7. LENGTH OF OBSERVATION  
5-7 sec  

8. NUMBER OF OBJECTS  
1  

9. COURSE  
up  

10. BRIEF SUMMARY OF SIGHTING  
Report of NASA experimental rocket launch from Wallops Island, Virginia. Release of sodium material over 100 mi up; chemical visible for some distance in Atlantic up and down Atlantic Coast and as far as Midwestern U.S. (inland).  

12. CONCLUSIONS  
Probably Balloon  
Possibly Balloon  
Possibly Aircraft  
Probably Astronomical  
Possibly Astronomical  

13. COMMENTS  
Confirmed NASA Experimental rocket launch.  

ATIC FORM 329 (REV 26 SEP 62)",0.22749391727493917,4.92,"PROJECT 10073 RECORD CARD

1. DATE  
13 Sep 61

2. LOCATION  
E Coast US

3. DATE-TIME GROUP  
0939Z

4. TYPE OF OBSERVATION  
Ground-Visual  
Ground-Radar  
Air Visual  
Air-Intercept Radar

5. PHOTOS  
Yes  
No

6. SOURCE  
Military  
Other

7. LENGTH OF OBSERVATION  
5-7 sec

8. NUMBER OF OBJECTS  
1

9. COURSE  
up

10. BRIEF SUMMARY OF SIGHTING  
Report of NASA experi-mental rocket launch fm Wallops Island, Virginia. Release of sodium material over 100 mi up; chemical visible for some distance in Atlantic up and down Atlantic Coast and as far as Midwestern U.S. (inland).

12. CONCLUSIONS  
Was Balloon  
Probably Balloon  
Possibly Balloon  
Was Aircraft  
Probably Aircraft  
Possibly Aircraft  
Was Astronomical  
Probably Astronomical  
Possibly Astronomical  
Insufficient Data for Evaluation  
ʘConfirmed NASA Experimental rocket launch.ʘ

ATIC FORM 329 (REV 26 SRP §2)",0.23357664233576642,3.48,"PROJECT 10073 RECORD CARD

1. DATE  
13 Sep 61  

2. LOCATION  
E Coast US  

3. DATE-TIME GROUP  
0939Z GMT  

4. TYPE OF OBSERVATION  
Ground-Visual  
Ground-Radar  
Air Visual  
Air-Intercept Radar  

5. PHOTOS  
No  

6. SOURCE  
Military  

7. LENGTH OF OBSERVATION  
5-7 sec  

8. NUMBER OF OBJECTS  
1  

9. COURSE  
up  

10. BRIEF SUMMARY OF SIGHTING  
Report of NASA experimental rocket launch fm Wallops Island, Virginia. Release of sodium material over 100 mi up; chemical visible for some distance in Atlantic up and down Atlantic Coast and as far as Midwestern U.S. (inland).

12. CONCLUSIONS  
Possibly Balloon  
Probably Balloon  
Possibly Aircraft  
Probably Aircraft  
Was Aircraft  
Was Astronomical  
Probably Astronomical  
Possibly Astronomical  
Other Rocket launch  
Insufficient Data for Evaluation  

11. COMMENTS  
Confirmed NASA Experimental rocket launch.

ATIC FORM 329 (REV 26 SRP §2)",0.25539568345323743,4.3,"PROJECT 10073 RECORD CARD

1. DATE  
13 Sep 61

2. LOCATION  
E Coast US

3. DATE-TIME GROUP  
0939Z

4. TYPE OF OBSERVATION  
Ground-Visuel  
Ground-Redor  
Air Visuel  
Air-Intercept Redar

5. PHOTOS  
Yes  
No

6. SOURCE  
Military

7. LENGTH OF OBSERVATION  
5-7 sec

8. NUMBER OF OBJECTS  
1

9. COURSE  
up

10. BRIEF SUMMARY OF SIGHTING  
Report of NASA experi-mental rocket launch fm Wallops Island, Virginia. Release of sodium material over 100 mi up; chemical visible for some distance in Atlantic up and down Atlantic Coast and as far as Midwestern U.S. (inland).

11. COMMENTS  
Confirmed NASA Experimantal rocket launch.

12. CONCLUSIONS  
Was Balloon  
Probably Balleon  
Possibly Balloon  
Was Aircraft  
Probably Aircraft  
Possibly Aircraft  
Was Astronomical  
Probably Astronomical  
Possibly Astronomicol  
Other Rocket launch  
Insufficient Data for Evaluation  
Unknown

ATIC FORM 329 (REV 26 SRP §2)",0.1286549707602339,3.54
29000491,"UN  
in  
2020  
(:->  
(=)  
39/020  
)  
)",1.0,0.9,"ON  
in  
2020  
(:->  
(=)  
39/020  
)  
)",1.0,1.39,"You
in
2020
(:->  
(=)
39/020
)
)",1.0,2.36,"UNCLASSIFIED  
2070  
(:->  
(=)  
39/020",1.0,1.02,"For your contextual awareness, the document is part of a collection of files on Project Blue Book. Project Blue Book was the code name for the systematic study of unidentified flying objects (UFOs) by the United States Air Force from March 1952 to its termination on December 17, 1969. The project, headquartered at Wright-Patterson Air Force Base, Ohio, was initially directed by Captain Edward J. Ruppelt and followed projects of a similar nature such as Project Sign established in 1947, and Project Grudge in 1949. Project Blue Book had two goals, namely, to determine if UFOs were a threat to national security, and to scientifically analyze UFO-related data.",1.0,3.58,"For your contextual awareness, the document is part of a collection of files on Project Blue Book. Project Blue Book was the code name for the systematic study of unidentified flying objects (UFOs) by the United States Air Force from March 1952 to its termination on December 17, 1969. The project, headquartered at Wright-Patterson Air Force Base, Ohio, was initially directed by Captain Edward J. Ruppelt and followed projects of a similar nature such as Project Sign established in 1947, and Project Grudge in 1949. Project Blue Book had two goals, namely, to determine if UFOs were a threat to national security, and to scientifically analyze UFO-related data.",1.0,2.76,"OU  
ni  
2070  
(:->  
(=)  
39/020  
)  
)",1.0,0.62,"OU  
ni  
2070  
(:->  
(=)  
39/020  
)",1.0,0.61,"OU  
ni  
2070  
(:->  
(=)  
39/020  
)  
)",1.0,0.64
28986666,"Page 8

39. Do you think you can estimate the speed of the object?  
(Circle One)  
Yes  
No  
IF you answered YES, what speed would you estimate?  
MACH 3 OR MACH 5-6  
m.p.h.

40. Do you think you can estimate how far away from you the object was?  
(Circle One)  
Yes  
No  
IF you answered YES, then how far away would you say it was?  
feet.  
just ENTERING ATMOSPHERE

41. Please give the following information about yourself:  
NAME  
Last Name  
First Name  
Middle Name  
ADDRESS  
AVE  
DAYTON  
Street  
City  
Zone  
State  
TELEPHONE NUMBER  
What is your present job? COST ACCOUNTING  
Age 32  
Sex MALE  
Please indicate any special educational training that you have had.  
a. Grade school  
b. High school  
c. College 45/50 HOURS  
d. Post graduate  
e. Technical school SERVICE USAF TRAINING  
f. Other special training

42. Date you completed this questionnaire:  
Day  
Month  
Year  
/",0.046762589928057555,3.96,"Page 8  
39. Do you think you can estimate the speed of the object?  
(Circle One)  
Yes  
No  
IF you answered YES, what speed would you estimate?  
MACH 3 OR MACH 5-6  
m.p.h.  

40. Do you think you can estimate how far away from you the object was?  
(Circle One)  
Yes  
No  
IF you answered YES, then how far away would you say it was?  
feet.  

41. Please give the following information about yourself:  
NAME  
Last Name  
First Name  
Middle Name  
ADDRESS  
AVE  
DAYTON  
Street  
City  
Zone  
State  
TELEPHONE NUMBER  
What is your present job? COST ACCOUNTING  
Age 32  
Sex MALE  
Please indicate any special educational training that you have had.  
a. Grade school  
b. High school  
c. College 45/50 HOURS  
d. Post graduate  
e. Technical school SERVICE USAF TRAINING  
f. Other special training  

42. Date you completed this questionnaire:  
Day  
Month  
Year",0.05995203836930456,5.68,"Page 8

39. Do you think you can estimate the speed of the object?  
(Circle One)  
Yes  
No  
IF you answered YES, what speed would you estimate?  
MACH 3 00 MACH 5-6  
m.p.h.

40. Do you think you can estimate how far away from you the object was?  
(Circle One)  
Yes  
No  
IF you answered YES, then how far away would you say it was?  
feet.

41. Please give the following information about yourself:  
NAME  
Last Name  
First Name  
Middle Name  
ADDRESS  
Street  
City  
Zone  
State  
TELEPHONE NUMBER  
What is your present job? COST ACCOUNTING  
Age 32  
Sex MALE  
Please indicate any special educational training that you have had.  
a. Grade school  
b. High school  
c. College 45/50 HOURS  
d. Post graduate  
e. Technical school SERVICE USAF TRAINING  
f. Other special training

42. Date you completed this questionnaire:  
Day  
Month  
Year",0.05635491606714628,3.55,"Page 8

39. Do you think you can estimate the speed of the object?  
(Circle One)  
Yes  
No  
IF you answered YES, what speed would you estimate?  
MACH 3-5  
m.p.h.  

40. Do you think you can estimate how far away from you the object was?  
(Circle One)  
Yes  
No  
IF you answered YES, then how far away would you say it was?  
feet  

41. Please give the following information about yourself:  
NAME  
Last Name  
First Name  
Middle Name  
ADDRESS  
Street  
City  
Zone  
State  
DAYTON AVE  
TELEPHONE NUMBER  

What is your present job? COST ACCOUNTING  

Age 32  
Sex MALE  

Please indicate any special educational training that you have had.  
a. Grade school  
b. High school  
c. College 45/50 HOURS  
d. Post graduate  
e. Technical school SERVICE USAF TRAINING  
f. Other special training  

42. Date you completed this questionnaire:  
Day  
Month  
Year",0.0683453237410072,5.77,"Page 8

39. Do you think you can estimate the speed of the object?  
(Circle One)  
Yes  
No  
IF you answered YES, what speed would you estimate?  
MACH 3 or MACH 5-6  
m.p.h.

40. Do you think you can estimate how far away from you the object was?  
(Circle One)  
Yes  
No  
IF you answered YES, then how far away would you say it was?  
feet.

41. Please give the following information about yourself:  
NAME  
Last Name  
First Name  
Middle Name  
ADDRESS  
Street  
City  
Zone  
State  
DAYTON  
AVE  
TELEPHONE NUMBER  
What is your present job? COST ACCOUNTING  
Age 32  
Sex MALE  

Please indicate any special educational training that you have had.  
a. Grade school  
b. High school  
c. College 45/50 HOURS  
d. Post graduate  
e. Technical school SERVICE USAF TRAINING  
f. Other special training  

42. Date you completed this questionnaire:  
Day  
Month  
Year",0.05635491606714628,5.87,"Page 8

39. Do you think you can estimate the speed of the object?
(Circle One)
Yes
No

IF you answered YES, what speed would you estimate?
MACH 3-6
m.p.h.

40. Do you think you can estimate how far away from you the object was?
(Circle One)
Yes
No

IF you answered YES, then how far away would you say it was?
feet.

41. Please give the following information about yourself:
NAME
Last Name
First Name
Middle Name

ADDRESS
Street
City
Zone
State

TELEPHONE NUMBER

What is your present job?
COST ACCOUNTING
Age 32
Sex MALE

Please indicate any special educational training that you have had.
a. Grade school
b. High school
c. College
d. Post graduate
e. Technical school
(Type) SERVICE USAF TRAINING
f. Other special training
45/50 HOURS

42. Date you completed this questionnaire:
Day
Month
Year",0.10311750599520383,5.46,"Page 8

39. Do you think you can estimate the speed of the object?  
(Circle One)  
Yes  
No  
IF you answered YES, what speed would you estimate?  
MACH 3 00 MACH 5-6 m.p.h.

40. Do you think you can estimate how far away from you the object was?  
(Circle One)  
Yes  
No  
IF you answered YES, then how far away would you say it was?  
just ENTERING ATMOSPHERE feet.

41. Please give the following information about yourself:  
NAME  
First Name  
Middle Name  
Last Name  
ADDRESS  
Street  
AVE  
City  
DAYTON  
Zone  
State  
/  
TELEPHONE NUMBER  
What is your present job? COST ACCOUNTING  
Age 32  
Sex MALE  
Please indicate any special educational training that you have had.  
a. Grade school  
b. High school  
c. College  
d. Post graduate  
e. Technical school  
(Type) SERVICE USAF TRAINING  
f. Other special training 45/50 HOURS

42. Date you completed this questionnaire:  
Day  
Month  
Year  
/",0.07775119617224881,2.97,"Page 8

39. Do you think you can estimate the speed of the object?  
(Circle One)  
Yes  
No  
IF you answered YES, what speed would you estimate?  
MACH 3 00 MACH 5-6 m.p.h.

40. Do you think you can estimate how far away from you the object was?  
(Circle One)  
Yes  
No  
IF you answered YES, then how far away would you say it was?  
just ENTERING ATMOSPHERE feet.

41. Please give the following information about yourself:  
NAME  
First Name  
Middle Name  
Last Name  
ADDRESS  
Street  
AVE  
City  
DAYTON  
Zone  
/  
State  
TELEPHONE NUMBER  
What is your present job?  
COST ACCOUNTING  
Age 32  
Sex MALE  
Please indicate any special educational training that you have had.  
a. Grade school  
b. High school  
c. College 45/50 HOURS  
d. Post graduate  
e. Technical school SERVICE USAF TRAINING  
(Type)  
f. Other special training

42. Date you completed this questionnaire:  
Day  
Month  
Year  
/  
thi",0.05714285714285714,3.82,"Page 8

39. Do you think you can estimate the speed of the object?  
(Circle One)  
Yes  
No  
IF you answered YES, what speed would you estimate?  
MACH ʘ3ʘ 00 MACH 5-6  
m.p.h.  

40. Do you think you can estimate how far away from you the object was?  
(Circle One)  
Yes  
No  
IF you answered YES, then how far away would you say it was?  
just ENTERING  
ATMOSPHERE  
feet.  

41. Please give the following information about yourself:  
NAME  
Last Name  
First Name  
Middle Name  
ADDRESS  
Street AVE  
City DAYTON  
Zone /  
State  

TELEPHONE NUMBER  

What is your present job? COST ACCOUNTING  

Age 32  
Sex MALE  

Please indicate any special educational training that you have had.  
a. Grade school  
b. High school  
c. College 45/50 HOURS  
d. Post graduate  
e. Technical school SERVICE USAF TRAINING  
f. Other special training  

42. Date you completed this questionnaire:  
Day  
Month  
Year  
/",0.027577937649880094,4.06
28974530,"UFOB INDEX CARD  
ATSS-JFCE 565  
67  

1. DATE  
1/Nov 57  

2. LOCATION  
Norwich, Conn.  

3. DATE-TIME GROUP  
11/0216z Nov 57  

4. TYPE OF OBSERVATION  
Ground-Visual  
Ground-Radar  
Air-Visual  
Air-Intercept Radar  

5. PHOTOS  
Yes  
No  

6. SOURCE  
Civilian  

7. LENGTH OF OBSERVATION  
Four seconds  

8. NUMBER OF OBJECTS  
One  

9. COURSE  
Unknown  

10. BRIEF SUMMARY OF SIGHTING  
One round red and orange object the size of a basketball. Object was last seen in an arc and was in sight for 4 seconds.  

11. COMMENTS  
Description, duration, flight path indicate that this was probably a meteor.  

AISOP Form 5 (15 Oct 54)",0.2734375,5.99,"UFOB INDEX CARD  
ATIS-JFCE 565  
67  

1. DATE  
1 Nov 57  

2. LOCATION  
Norwich, Conn.  

3. DATE-TIME GROUP  
11/0216Z Nov 57  

4. TYPE OF OBSERVATION  
Ground-Visual  
Ground-Radar  
Air-Visual  
Air-Intercept Radar  

5. PHOTOS  
Yes  

6. SOURCE  
Civilian  

7. LENGTH OF OBSERVATION  
Four seconds  

8. NUMBER OF OBJECTS  
One  

9. COURSE  
Unknown  

10. BRIEF SUMMARY OF SIGHTING  
One round red and orange object the size of a basketball. Object was last seen in an arc and was in sight for 4 seconds.  

11. COMMENTS  
Description, duration, flight path indicate that this was probably a meteor.  

AISOP Form 5 (15 Oct 54)",0.2786458333333333,4.65,"UFOB INDEX CARD  
ATSS-JFCE 565  
67  
1. DATE  
1 Nov 57  

2. LOCATION  
Norwich, Conn.  

3. DATE-TIME GROUP  
11/0216Z Nov 57  

4. TYPE OF OBSERVATION  
Ground-Visual  
Ground-Radar  
Air-Visual  
Air-Intercept Radar  

5. PHOTOS  
Yes  
No  

6. SOURCE  
Civilian  

7. LENGTH OF OBSERVATION  
Four seconds  

8. NUMBER OF OBJECTS  
One  

9. COURSE  
Unknown  

10. BRIEF SUMMARY OF SIGHTING  
One round red and orange object the size of a basketball. Object was last seen in an arc and was in sight for 4 seconds.  

11. COMMENTS  
Description, duration, flight path indicate that this was probably a meteor.  

AISOP Form 5 (15 Oct 54)",0.2734375,4.6,"UFOB INDEX CARD  
ATIC-FC 565  
67  

1. DATE  
1 Nov 57  

2. LOCATION  
Norwich, Conn.  

3. DATE-TIME GROUP  
11/0216Z Nov 57  

4. TYPE OF OBSERVATION  
Ground-Visual  

5. PHOTOS  
No  

6. SOURCE  
Civilian  

7. LENGTH OF OBSERVATION  
Four seconds  

8. NUMBER OF OBJECTS  
One  

9. COURSE  
Unknown  

10. BRIEF SUMMARY OF SIGHTING  
One round red and orange object the size of a basketball. Object was last seen in an arc and was in sight for 4 seconds.  

11. COMMENTS  
Description, duration, flight path indicate that this was probably a meteor.  

12. CONCLUSIONS  
Was Balloon  
Probably Balloon  
Possibly Balloon  
Was Aircraft  
Probably Aircraft  
Possibly Aircraft  
Was Astronomical  
Probably Astronomical  
Possibly Astronomical  
Other  
Insufficient Data for Evaluation  

AISOP Form 5 (15 Oct 54)",0.12109375,6.05,"UFOB INDEX CARD  
ATSS-JFCE 565  
67  

1. DATE  
3 Jan 58  

2. LOCATION  
Norwich, Conn.  

3. DATE-TIME GROUP  
11/0216z Nov 57  

4. TYPE OF OBSERVATION  
Ground-Visual  

5. PHOTOS  
No  

6. SOURCE  
Civilian  

7. LENGTH OF OBSERVATION  
Four seconds  

8. NUMBER OF OBJECTS  
One  

9. COURSE  
Unknown  

10. BRIEF SUMMARY OF SIGHTING  
One round red and orange object the size of a basketball. Object was last seen in an arc and was in sight for 4 seconds.  

11. COMMENTS  
Description, duration, flight path indicate that this was probably a meteor.  

AISOP Form 5 (15 Oct 54)",0.3424479166666667,4.09,"UFOB INDEX CARD  
ATSS-JFCE 565  
67  

1. DATE  
1/Nov 57  

2. LOCATION  
Norwich, Conn.  

3. DATE-TIME GROUP  
11/0216z Nov 57  

4. TYPE OF OBSERVATION  
Ground-Visual  
Air-Visual  

5. PHOTOS  
No  

6. SOURCE  
Civilian  

7. LENGTH OF OBSERVATION  
Four seconds  

8. NUMBER OF OBJECTS  
One  

9. COURSE  
Unknown  

10. BRIEF SUMMARY OF SIGHTING  
One round red and orange object the size of a basketball. Object was last seen in an arc and was in sight for 4 seconds.  

11. COMMENTS  
Description, duration, flight path indicate that this was probably a meteor.  

12. CONCLUSIONS  
Was Balloon  
Probably Balloon  
Possibly Balloon  
Was Aircraft  
Probably Aircraft  
Possibly Aircraft  
Was Astronomical  
Probably Astronomical  
Possibly Astronomical  
Other  
Insufficient Data for Evaluation  

AISOP Form 5 (15 Oct 54)",0.10416666666666667,5.83,"UFCB INDEX CARD  
ATSS-JFCE 565  
67  

1. DATE  
3 Jan 58  

2. LOCATION  
Norwich, Conn.  

3. DATE-TIME GROUP  
11/0216z Nov 57  

4. TYPE OF OBSERVATION  
Ground-Visual  
Ground-Radar  
Air-Visual  
Air-Intercept Radar  

5. PHOTOS  
Yes  
No  

6. SOURCE  
ʘCivilianʘ  
Other  

7. LENGTH OF OBSERVATION  
Four seconds  

8. NUMBER OF OBJECTS  
One  

9. COURSE  
Unknown  

10. BRIEF SUMMARY OF SIGHTING  
One round red and orange object the size of a basketball. Object was last seen in an arc and was in sight for 4 seconds.  

11. COMMENTS  
Description, duration, flight path indicate that this was probably a meteor.  

12. CONCLUSIONS  
Was Balloon  
Probably Balloon  
Possibly Balloon  
Was Aircraft  
Probably Aircraft  
Possibly Aircraft  
Was Astronomical  
Probably Astronomical  
Possibly Astronomical  
Insufficient Data for Evaluation  

AISOP Form 5 (15 Oct 54)",0.06615776081424936,4.2,"UFCB INDEX CARD  
ATSS-JFCE 565  
67  

1. DATE  
3 Jan 58  

2. LOCATION  
Norwich, Conn.  

3. DATE-TIME GROUP  
11/0216z Nov 57  

4. TYPE OF OBSERVATION  
Ground-Visual  
Ground-Radar  
Air-Visual  
Air-Intercept Radar  

5. PHOTOS  
Yes  
No  

6. SOURCE  
ʘCivilianʘ  
Other  

7. LENGTH OF OBSERVATION  
Four seconds  

8. NUMBER OF OBJECTS  
One  

9. COURSE  
Unknown  

10. BRIEF SUMMARY OF SIGHTING  
One round red and orange object the size of a basketball. Object was last seen in an arc and was in sight for 4 seconds.  

11. COMMENTS  
Description, duration, flight path indicate that this was probably a meteor.  

12. CONCLUSIONS  
Was Balloon  
Probably Balloon  
Possibly Balloon  
Was Aircraft  
Probably Aircraft  
Possibly Aircraft  
Was Astronomical  
Probably Astronomical  
Possibly Astronomical  
Insufficient Data for Evaluation  

AISOP Form 5 (15 Oct 54)",0.06615776081424936,4.1,"UFCB INDEX CARD  
ATSS-JFCE 565  
67  

1. DATE  
3 Jan 58  

2. LOCATION  
Norwich, Conn.  

3. DATE-TIME GROUP  
11/0216z Nov 57  

4. TYPE OF OBSERVATION  
Ground-Visual  
Ground-Radar  
Air-Visual  
Air-Intercept Radar  

5. PHOTOS  
Yes  
No  

6. SOURCE  
ʘCivilianʘ  
Other  

7. LENGTH OF OBSERVATION  
Four seconds  

8. NUMBER OF OBJECTS  
One  

9. COURSE  
Arc  

10. BRIEF SUMMARY OF SIGHTING  
One round red and orange object the size of a basketball. Object was last seen in an arc and was in sight for 4 seconds.  

11. COMMENTS  
Description, duration, flight path indicate that this was probably a meteor.  

12. CONCLUSIONS  
Was Balloon  
Probably Balloon  
Possibly Balloon  
Was Aircraft  
Probably Aircraft  
Possibly Aircraft  
Was Astronomical  
ʘProbably Astronomicalʘ  
Possibly Astronomical  
Insufficient Data for Evaluation  

AISOP Form 5 (15 Oct 54)",0.06010230179028133,7.47
28996954,"SOCIAL SIDE  
57 Lady Volunteers Lauded For  
Patrick Wives Club  
Hospital Red Cross Service  
Gives 4 Scholarships  

Four students recently received scholarships totaling $1,150 from the Patrick AFB Officers Wives Club. Capping and recognition ceremonies for Red Cross volunteers at the USAF Hospital Lackland were recently held in the hospital auditorium.  

Twenty-one Gray Ladies and Youth Staff Aides received caps marking the end of their training period and 36 workers received service awards.  

Principal speaker for the occasion was Brig. Gen. James W. Humphreys, Jr., hospital commander. The capping was performed by Lt. Col. Mary T. Gates, chief, clinics nursing service. Among those honored were five mother-daughter teams of volunteers. They are Mrs. Richard P. Klocko and Miss Kerry Klocko, Mrs. Oakley K. Park and Miss Carolyn Park, Mrs. Robert J. Woolverton and Miss Elizabeth Woolverton, Mrs. Victor J. Stachniewicz and Miss Colline Stachniewicz, Mrs. Thomas E. Todd and Miss Patricia Todd.  

Caps were presented to Misses Trudy F. Auvil, Josephine Bayer, Anita L. Boisvert, Sylvia De la Garza, Patricia Dulevitz, Carolyn Park, Marcy Fleming, Molly Fleming, Lois Gilbert, Joanne Haselden, Charlene Hey, Stella L. Mickey, Rosalyn Paulson, Bonnie Sherrod, Colline Stachniewicz, Linda Varela, Alana J. White, Ann C. Williams and Margaret Dean; and Mesdames James A. Boyd and Harvey R. Mobley, Jr.  

Service awards went to Mesdames William H. Beaber, Thurman A. Glasgow, Lena Hierstein, Sidney H. Luther, Harold Norris, William A. Woodie and Robert J. Woolverton; Misses Donna J. Blevins, Sharron M. Boothe, Donna Connally, Bernice Dickson, Barbara A. Faulkner, Mary L. Garcia, Eileen M. Gilbert, Rose M. Gonzales, Haidy Guerrero, Barbara J. Haddock, Anita L. Henderson, Cheryl Kent, Connie Kentner, Kerry Klocko, Stacy Klutz, Rosemary Ledgerwood, Peggy A. Maloney, Donna L. Menefee, Stephanie Monk, Barbara J. Nicholl, Cynthia I. Oswalt, Hedy Polski, Joan Marie Shand, Alice Elaine Stuart, Christie A. Sullivan, Patricia Todd, Geraldine Trimble, Patricia A. Walden and Elizabeth Woolverton.  

VA Child Benefit Facts Available  

The Veterans Administration has put out a reminder for your reference file on the legal definition of ""orphan"" and what it can mean in college educational benefits to your children. The VA says that there are five major areas of misunderstanding which keep eligible children from applying for benefits rightfully theirs. According to the VA, these misunderstandings are:  

1. The fact that one parent still lives makes some children believe they do not qualify as ""orphans."" For this benefit, an ""orphan"" is a child whose veteran-parent is dead as the result of a wound, accident or illness attributable to service in the Armed Forces.  

2. The fact that the dead parent had no wartime service makes others believe they are ineligible. If the veteran-parent's death resulted from the performance of duty or from extra-hazardous service during peacetime, the child is eligible.  

3. The fact that they are married makes some believe they are no longer ""children."" Marriage does not affect eligibility. Any son or daughter of a serviceman, whose death is attributable to his service, is eligible for the educational benefits provided he or she is between 18 or 23 years of age.  

4. The fact that their living parent, usually their mother, has remarried and their step-father has legally adopted them, makes some children believe they are ineligible. The marriage of the living parent and the subsequent adoption does not affect the eligibility of the children.  

5. The fact that many children do not wish, nor are prepared, for education at the college level makes some believe they cannot take advantage of this benefit. Although training for a high school diploma is not permitted, eligible children may take vocational courses and other non-college training that will help them earn a living.  

The VA says it will be glad to spell out the War Orphan Educational Program, pointing up that 1,500 children have taken advantage of this program.  

Recently elected officers of the Edwards AFB Wives Club are (from left) Norma Douglas, president; Jackie Phillips, corresponding secretary; and Sally Seitz, recording secretary.",0.2738963531669866,12.7,"SOCIAL SIDE  
57 Lady Volunteers Lauded For  
Patrick Wives Club  
Hospital Red Cross Service  
Gives 4 Scholarships  

Four students recently received scholarships totaling $1,150 from the Patrick AFB Officers Wives Club.  
Capping and recognition ceremonies for Red Cross volunteers at the USAF Hospital Lackland were recently held in the hospital auditorium.  

Marilee Dunlap, daughter of MSgt. and Mrs. Ellwyn B. Dunlap, received a $400 scholarship. She plans to attend Brigham Young University to major in psychology.  
Patricia Adams, daughter of MSgt. and Mrs. William D. Adams, plans to use her $200 grant to attend Brevard Jr. College, majoring in journalism.  
Robert Larry Rhodes, son of SFC Robert M. Rhodes and Mrs. John O'Connor, will attend Florida State University, and plans to apply his $400 grant toward a degree in either chemical or aeronautical engineering.  
Lorne Butler, son of TSgt. and Mrs. William F. Butler, plans to use his $150 at the University of Florida where he will study civil engineering.  

Twenty-one Gray Ladies and Youth Staff Aides received caps marking the end of their training period and 36 workers received service awards.  
Principal speaker for the occasion was Brig. Gen. James W. Humphreys, Jr., hospital commander. The capping was performed by Lt. Col. Mary T. Gates, chief, clinics nursing service.  
Among those honored were five mother-daughter teams of volunteers. They are Mrs. Richard P. Klocko and Miss Kerry Klocko, Mrs. Oakley K. Park and Miss Carolyn Park, Mrs. Robert J. Woolverton and Miss Elizabeth Woolverton, Mrs. Victor J. Stachniewicz and Miss Colline Stachniewicz, Mrs. Thomas E. Todd and Miss Patricia Todd.  

Mrs. John A. Denmark (left) receives congratulations from Mrs. John Fisher, chairman of volunteers, South Brevard County Chapter of the Red Cross, following presentation of a 10-year service pin. Mrs. Denmark has put in more than 1,700 hours of volunteer service.  
Caps were presented to Misses Trudy F. Auvil, Josephine Bayer, Anita L. Boisvert, Sylvia De la Garza, Patricia Dulevitz, Carolyn Park, Marcy Fleming, Molly Fleming, Lois Gilbert, Joanne Haselden, Charlene Hey, Stella L. Mickey, Rosalyn Paulson, Bonnie Sherrod, Colline Stachniewicz, Linda Varela, Alana J. White, Ann C. Williams and Margaret Dean; and Mesdames James A. Boyd and Harvey R. Mobley, Jr.  

Service awards went to Mesdames William H. Beaber, Thurman A. Glasgow, Lena Hierstein, Sidney H. Luther, Harold Norris, William A. Woodie and Robert J. Woolverton; Misses Donna J. Blevins, Sharron M. Boothe, Donna Connally, Bernice Dickson, Barbara A. Faulkner, Mary L. Garcia, Eileen M. Gilbert, Rose M. Gonzales, Haidy Guerrero, Barbara J. Haddock, Anita L. Henderson, Cheryl Kent, Connie Kentner, Kerry Klocko, Stacy Klutz, Rosemary Ledgerwood, Peggy A. Maloney, Donna L. Menefee, Stephanie Monk, Barbara J. Nicholl, Cynthia I. Oswalt, Hedy Polski, Joan Marie Shand, Alice Elaine Stuart, Christie A. Sullivan, Patricia Todd, Geraldine Trimble, Patricia A. Walden and Elizabeth Woolverton.  

VA Child Benefit Facts Available  

The Veterans Administration has put out a reminder for your reference file on the legal definition of ""orphan"" and what it can mean in college educational benefits to your children.  
The VA says that there are five major areas of misunderstanding which keep eligible children from applying for benefits rightfully theirs.  
According to the VA, these misunderstandings are:  

1. The fact that one parent still lives makes some children believe they do not qualify as ""orphans."" For this benefit, an ""orphan"" is a child whose veteran-parent is dead as the result of a wound, accident or illness attributable to service in the Armed Forces.  

2. The fact that the dead parent had no wartime service makes others believe they are ineligible. If the veteran-parent's death resulted from the performance of duty or from extra-hazardous service during peacetime, the child is eligible.  

3. The fact that they are married makes some believe they are no longer ""children."" Marriage does not affect eligibility. Any son or daughter of a serviceman, whose death is attributable to his service, is eligible for the educational benefits provided he or she is between 18 or 23 years of age.  

4. The fact that their living parent, usually their mother, has remarried and their step-father has legally adopted them, makes some children believe they are ineligible. The marriage of the living parent and the subsequent adoption does not affect the eligibility of the children.  

5. The fact that many children do not wish, nor are prepared, for education at the college level makes some believe they cannot take advantage of this benefit. Although training for a high school diploma is not permitted, eligible children may take vocational courses and other non-college training that will help them earn a living.  

The VA says it will be glad to spell out the War Orphan Educational Program, pointing up that 1,500 children have taken advantage of this program.  

Recently elected officers of the Edwords AFB Officers Wives Club are (from left) Norma Douglas, president; Jackie Phillips, corresponding secretary; and Sally Se, recording secretary.",0.4491362763915547,13.5,"SOCIAL SIDE  
57 Lady Volunteers Lauded For  
Patrick Wives Club  
Hospital Red Cross Service  
Gives 4 Scholarships  

Four students recently received scholarships totaling $1,150 from the Patrick AFB Officers Wives Club.  

Marilee Dunlap, daughter of MSgt. and Mrs. Ellwyn B. Dunlap, received a $400 scholarship. She plans to attend Brigham Young University to major in psychology.  

Patricia Adams, daughter of MSgt. and Mrs. William D. Adams, plans to use her $200 grant to attend Brevard Jr. College, majoring in journalism.  

Robert Larry Rhodes, son of SFC Robert M. Rhodes and Mrs. John O'Connor, will attend Florida State University, and plans to apply his $400 grant toward a degree in either chemical or aeronautical engineering.  

Lorne Butler, son of TSgt. and Mrs. William F. Butler, plans to use his $150 at the University of Florida where he will study civil engineering.  

Final selection for the scholarships was made by Woodrow J. Darden, superintendent of Brevard County Schools, and a committee of educators.  

The capping and recognition ceremonies for Red Cross volunteers at the USAF Hospital Lackland were recently held in the hospital auditorium.  

Twenty-one Gray Ladies and Youth Staff Aides received caps marking the end of their training period and 36 workers received service awards.  

Principal speaker for the occasion was Brig. Gen. James W. Humphreys, Jr., hospital commander. The capping was performed by Lt. Col. Mary T. Gates, chief, clinics nursing service.  

Among those honored were five mother-daughter teams of volunteers. They are Mrs. Richard P. Klocko and Miss Kerry Klocko, Mrs. Oakley K. Park and Miss Carolyn Park, Mrs. Robert J. Woolverton and Miss Elizabeth Woolverton, Mrs. Victor J. Stachniewicz and Miss Colline Stachniewicz, Mrs. Thomas E. Todd and Miss Patricia Todd.  

Caps were presented to Misses Trudy F. Auvil, Josephine Bayer, Anita L. Boisvert, Sylvia De la Garza, Patricia Dulevitz, Carolyn Park, Marcy Fleming, Molly Fleming, Lois Gilbert, Joanne Haselden, Charlene Hey, Stella L. Mickey, Rosalyn Paulson, Bonnie Sherrod, Colline Stachniewicz, Linda Varela, Alana J. White, Ann C. Williams and Margaret Dean; and Mesdames James A. Boyd and Harvey R. Mobley, Jr.  

Service awards went to Mesdames William H. Beaber, Thurman A. Glasgow, Lena Hierstein, Sidney H. Luther, Harold Norris, William A. Woodie and Robert J. Woolverton; Misses Donna J. Blevins, Sharron M. Boothe, Donna Connally, Bernice Dickson, Barbara A. Faulkner, Mary L. Garcia, Eileen M. Gilbert, Rose M. Gonzales, Haidy Guerrero, Barbara J. Haddock, Anita L. Henderson, Cheryl Kent, Connie Kentner, Kerry Klocko, Stacy Klutz, Rosemary Ledgerwood, Peggy A. Maloney, Donna L. Menefee, Stephanie Monk, Barbara J. Nicholl, Cynthia I. Oswalt, Hedy Polski, Joan Marie Shand, Alice Elaine Stuart, Christie A. Sullivan, Patricia Todd, Geraldine Trimble, Patricia A. Walden and Elizabeth Woolverton.  

VA Child Benefit Facts Available  

The Veterans Administration has put out a reminder for your reference file on the legal definition of ""orphan"" and what it can mean in college educational benefits to your children.  

The VA says that there are five major areas of misunderstanding which keep eligible children from applying for benefits rightfully theirs.  

According to the VA, these misunderstandings are:  

1. The fact that one parent still lives makes some children believe they do not qualify as ""orphans.""  

For this benefit, an ""orphan"" is a child whose veteran-parent is dead as the result of a wound, accident or illness attributable to service in the Armed Forces.  

2. The fact that the dead parent had no wartime service makes others believe they are ineligible.  

If the veteran-parent's death resulted from the performance of duty or from extra-hazardous service during peacetime, the child is eligible.  

3. The fact that they are married makes some believe they are no longer ""children.""  

Marriage does not affect eligibility. Any son or daughter of a serviceman, whose death is attributable to his service, is eligible for the educational benefits provided he or she is between 18 or 23 years of age.  

4. The fact that their living parent, usually their mother, has remarried and their step-father has legally adopted them, makes some children believe they are ineligible.  

The marriage of the living parent and the subsequent adoption does not affect the eligibility of the children.  

5. The fact that many children do not wish, nor are prepared, for education at the college level makes some believe they cannot take advantage of this benefit.  

Although training for a high school diploma is not permitted, eligible children may take vocational courses and other non-college training that will help them earn a living.  

The VA says it will be glad to spell out the War Orphan Educational Program, pointing up that 1,500 children have taken advantage of this program.  

Recently elected officers of the Edwards AFB Wives Club (from left) Norma Douglas, president; Jackie Phillips, corresponding secretary; and Sally Sears, recording secretary.",0.42802303262955854,13.93,"SOCIAL SIDE  
57 Lady Volunteers Lauded For  
Patrick Wives Club  
Hospital Red Cross Service  
Gives 4 Scholarships  

Four students recently received scholarships totaling $1,150 from the Patrick AFB Officers Wives Club. Capping and recognition ceremonies for Red Cross volunteers at the USAF Hospital Lackland were recently held in the hospital auditorium.  

Marilee Dunlap, daughter of MSgt. and Mrs. Ellwyn B. Dunlap, received a $400 scholarship. She plans to attend Brigham Young University to major in psychology.  

Patricia Adams, daughter of MSgt. and Mrs. William D. Adams, plans to use her $200 grant to attend Brevard Jr. College, majoring in journalism.  

Robert Larry Rhodes, son of SFC Robert M. Rhodes and Mrs. John O'Connor, will attend Florida State University, and plans to apply his $400 grant toward a degree in either chemical or aeronautical engineering.  

Lorne Butler, son of TSgt. and Mrs. William F. Butler, plans to use his $150 at the University of Florida where he will study civil engineering.  

Final selection for the scholarships was made by Woodrow J. Darden, superintendent of Brevard County Schools, and a committee of educators.  

Mrs. John A. Denmark (left) receives congratulations from Mrs. John Fisher, chairman of volunteers, South Brevard County Chapter of the Red Cross, following presentation of a 10-year service bar. Mrs. Denmark has put in more than 1,700 hours of volunteer service.  

Caps were presented to Misses Trudy F. Auvil, Josephine Bayer, Anita L. Boisvert, Sylvia De la Garza, Patricia Dulevitz, Carolyn Park, Marcy Fleming, Molly Fleming, Lois Gilbert, Joanne Haselden, Charlene Hey, Stella L. Mickey, Rosalyn Paulson, Bonnie Sherrod, Colline Stachniewicz, Linda Varela, Alana J. White, Ann C. Williams, and Margaret Dean; and Mesdames James A. Boyd and Harvey R. Mobley, Jr.  

Service awards went to Mesdames William H. Beaber, Thurman A. Glasgow, Lena Hierstein, Sidney H. Luther, Harold Norris, William A. Woodie, and Robert J. Woolverton; Misses Donna J. Blevins, Sharron M. Boothe, Donna Connally, Bernice Dickson, Barbara A. Faulkner, Mary L. Garcia, Eileen M. Gilbert, Rose M. Gonzales, Haidy Guerrero, Barbara J. Haddock, Anita L. Henderson, Cheryl Kent, Connie Kentner, Kerry Klocko, Stacy Klutz, Rosemary Ledgerwood, Peggy A. Maloney, Donna L. Menefee, Stephanie Monk, Barbara J. Nicholl, Cynthia I. Oswalt, Hedy Polski, Joan Marie Shand, Alice Elaine Stuart, Christie A. Sullivan, Patricia Todd, Geraldine Trimble, Patricia A. Walden, and Elizabeth Woolverton.  

Mrs. Anthony C. Benjes, Jr., base projects chairman (right), offers her congratulations to four students who won Officers Wives Club scholarships at Patrick AFB. They are (from left) Robert Rhodes, Marilee Dunlap, Lorne Butler, and Patricia Adams.  

VA Child Benefit Facts Available  

The Veterans Administration has put out a reminder for your reference file on the legal definition of ""orphan"" and what it can mean in college educational benefits to your children.  

The VA says that there are five major areas of misunderstanding which keep eligible children from applying for benefits rightfully theirs.  

According to the VA, these misunderstandings are:  

1. The fact that one parent still lives makes some children believe they do not qualify as ""orphans."" For this benefit, an ""orphan"" is a child whose veteran-parent is dead as the result of a wound, accident, or illness attributable to service in the Armed Forces.  

2. The fact that the dead parent had no wartime service makes others believe they are ineligible. If the veteran-parent's death resulted from the performance of duty or from extra-hazardous service during peacetime, the child is eligible.  

3. The fact that they are married makes some believe they are no longer ""children."" Marriage does not affect eligibility. Any son or daughter of a serviceman, whose death is attributable to his service, is eligible for the educational benefits provided he or she is between 18 or 23 years of age.  

4. The fact that their living parent, usually their mother, has remarried and their step-father has legally adopted them, makes some children believe they are ineligible. The marriage of the living parent and the subsequent adoption does not affect the eligibility of the children.  

5. The fact that many children do not wish, nor are prepared, for education at the college level makes some believe they cannot take advantage of this benefit. Although training for a high school diploma is not permitted, eligible children may take vocational courses and other non-college training that will help them earn a living.  

The VA says it will be glad to spell out the War Orphan Educational Program, pointing up that 1,500 children have taken advantage of this program.  

Recently elected officers of the Edwards AFB Officers Wives Club are (from left) Norma Douglas, president; Jackie Phillips, corresponding secretary; and Sally Seeger, recording secretary.",0.4660268714011516,24.8,"SOCIAL SIDE  
57 Lady Volunteers Lauded For Patrick Wives Club  
Hospital Red Cross Service Gives 4 Scholarships  

Four students recently received scholarships totaling $1,150 from the Patrick AFB Officers Wives Club.  

Marilee Dunlap, daughter of MSgt. and Mrs. Ellwyn B. Dunlap, received a $400 scholarship. She plans to attend Brigham Young University to major in psychology.  

Patricia Adams, daughter of MSgt. and Mrs. William D. Adams, plans to use her $200 grant to attend Brevard Jr. College, majoring in journalism.  

Robert Larry Rhodes, son of SFC Robert M. Rhodes and Mrs. John O'Connor, will attend Florida State University, and plans to apply his $400 grant toward a degree in either chemical or aeronautical engineering.  

Lorne Butler, son of TSgt. and Mrs. William F. Butler, plans to use his $150 at the University of Florida where he will study civil engineering.  

Final selection for the scholarships was made by Woodrow J. Darden, superintendent of Brevard County Schools, and a committee of educators.  

Capping and recognition ceremonies for Red Cross volunteers at the USAF Hospital Lackland were recently held in the hospital auditorium.  

Twenty-one Gray Ladies and Youth Staff Aides received caps marking the end of their training period and 36 workers received service awards.  

Principal speaker for the occasion was Brig. Gen. James W. Humphreys, Jr., hospital commander. The capping was performed by Lt. Col. Mary T. Gates, chief, clinics nursing service.  

Among those honored were five mother-daughter teams of volunteers. They are Mrs. Richard P. Klocko and Miss Kerry Klocko, Mrs. Oakley K. Park and Miss Carolyn Park, Mrs. Robert J. Woolverton and Miss Elizabeth Woolverton, Mrs. Victor J. Stachniewicz and Miss Colline Stachniewicz, Mrs. Thomas E. Todd and Miss Patricia Todd.  

Caps were presented to Misses Trudy F. Auvil, Josephine Bayer, Anita L. Boisvert, Sylvia De la Garza, Patricia Dulevitz, Carolyn Park, Marcy Fleming, Molly Fleming, Lois Gilbert, Joanne Haselden, Charlene Hey, Stella L. Mickey, Rosalyn Paulson, Bonnie Sherrod, Colline Stachniewicz, Linda Varela, Alana J. White, Ann C. Williams and Margaret Dean; and Mesdames James A. Boyd and Harvey R. Mobley, Jr.  

Service awards went to Mesdames William H. Beaber, Thurman A. Glasgow, Lena Hierstein, Sidney H. Luther, Harold Norris, William A. Woodie and Robert J. Woolverton; Misses Donna J. Blevins, Sharron M. Boothe, Donna Connally, Bernice Dickson, Barbara A. Faulkner, Mary L. Garcia, Eileen M. Gilbert, Rose M. Gonzales, Haidy Guerrero, Barbara J. Haddock, Anita L. Henderson, Cheryl Kent, Connie Kentner, Kerry Klocko, Stacy Klutz, Rosemary Ledgerwood, Peggy A. Maloney, Donna L. Menefee, Stephanie Monk, Barbara J. Nicholl, Cynthia I. Oswalt, Hedy Polski, Joan Marie Shand, Alice Elaine Stuart, Christie A. Sullivan, Patricia Todd, Geraldine Trimble, Patricia A. Walden and Elizabeth Woolverton.  

VA Child Benefit Facts Available  

The Veterans Administration has put out a reminder for your reference file on the legal definition of ""orphan"" and what it can mean in college educational benefits to your children.  

The VA says that there are five major areas of misunderstanding which keep eligible children from applying for benefits rightfully theirs.  

According to the VA, these misunderstandings are:  

1. The fact that one parent still lives makes some children believe they do not qualify as ""orphans."" For this benefit, an ""orphan"" is a child whose veteran-parent is dead as the result of a wound, accident or illness attributable to service in the Armed Forces.  

2. The fact that the dead parent had no wartime service makes others believe they are ineligible. If the veteran-parent's death resulted from the performance of duty or from extra-hazardous service during peacetime, the child is eligible.  

3. The fact that they are married makes some believe they are no longer ""children."" Marriage does not affect eligibility. Any son or daughter of a serviceman, whose death is attributable to his service, is eligible for the educational benefits provided he or she is between 18 or 23 years of age.  

4. The fact that their living parent, usually their mother, has remarried and their step-father has legally adopted them, makes some children believe they are ineligible. The marriage of the living parent and the subsequent adoption does not affect the eligibility of the children.  

5. The fact that many children do not wish, nor are prepared, for education at the college level makes some believe they cannot take advantage of this benefit. Although training for a high school diploma is not permitted, eligible children may take vocational courses and other non-college training that will help them earn a living.  

The VA says it will be glad to spell out the War Orphan Educational Program, pointing up that 1,500 children have taken advantage of this program.  

Recently elected officers of the Edwards AFB Wives Club (from left) Norma Douglas, president; Jackie Phillips, corresponding secretary; and Sally Seifert, recording secretary.",0.42706333973128596,19.02,"SOCIAL SIDE  
57 Lady Volunteers Lauded For  
Patrick Wives Club  
Hospital Red Cross Service  
Gives 4 Scholarships  

Four students recently received scholarships totaling $1,150 from the Patrick AFB Officers Wives Club.  

Marilee Dunlap, daughter of MSgt. and Mrs. Ellwyn B. Dunlap, received a $400 scholarship. She plans to attend Brigham Young University to major in psychology.  

Patricia Adams, daughter of MSgt. and Mrs. William D. Adams, plans to use her $200 grant to attend Brevard Jr. College, majoring in journalism.  

Robert Larry Rhodes, son of SFC Robert M. Rhodes and Mrs. John O'Connor, will attend Florida State University, and plans to apply his $400 grant toward a degree in either chemical or aeronautical engineering.  

Lorne Butler, son of TSgt. and Mrs. William F. Butler, plans to use his $150 at the University of Florida where he will study civil engineering.  

Final selection for the scholarships was made by Woodrow J. Darden, superintendent of Brevard County Schools, and a committee of educators.  

Twenty-one Gray Ladies and Youth Staff Aides received caps marking the end of their training period and 36 workers received service awards.  

Principal speaker for the occasion was Brig. Gen. James W. Humphreys, Jr., hospital commander. The capping was performed by Lt. Col. Mary T. Gates, chief, clinics nursing service.  

Among those honored were five mother-daughter teams of volunteers. They are Mrs. Richard P. Klocko and Miss Kerry Klocko, Mrs. Oakley K. Park and Miss Carolyn Park, Mrs. Robert J. Woolverton and Miss Elizabeth Woolverton, Mrs. Victor J. Stachniewicz and Miss Colline Stachniewicz, Mrs. Thomas E. Todd and Miss Patricia Todd.  

Caps were presented to Misses Trudy F. Auvil, Josephine Bayer, Anita L. Boisvert, Sylvia De la Garza, Patricia Dulevitz, Carolyn Park, Marcy Fleming, Molly Fleming, Lois Gilbert, Joanne Haselden, Charlene Hey, Stella L. Mickey, Rosalyn Paulson, Bonnie Sherrod, Colline Stachniewicz, Linda Varela, Alana J. White, Ann C. Williams and Margaret Dean; and Mesdames James A. Boyd and Harvey R. Mobley, Jr.  

Service awards went to Mesdames William H. Beaber, Thurman A. Glasgow, Lena Hierstein, Sidney H. Luther, Harold Norris, William A. Woodie and Robert J. Woolverton; Misses Donna J. Blevins, Sharron M. Boothe, Donna Connally, Bernice Dickson, Barbara A. Faulkner, Mary L. Garcia, Eileen M. Gilbert, Rose M. Gonzales, Haidy Guerrero, Barbara J. Haddock, Anita L. Henderson, Cheryl Kent, Connie Kentner, Kerry Klocko, Stacy Klutz, Rosemary Ledgerwood, Peggy A. Maloney, Donna L. Menefee, Stephanie Monk, Barbara J. Nicholl, Cynthia I. Oswalt, Hedy Polski, Joan Marie Shand, Alice Elaine Stuart, Christie A. Sullivan, Patricia Todd, Geraldine Trimble, Patricia A. Walden and Elizabeth Woolverton.  

Mrs. John A. Denmark (left) receives congratulations from Mrs. John Fisher, chairman of volunteers, South Brevard County Chapter of the Red Cross, following presentation of a 10-year service bar. Mrs. Denmark has put in more than 1,700 hours of volunteer service.  

Mrs. Anthony C. Benjes, Jr., base projects chairman (right), offers her congratulations to four students who won Officers Wives Club scholarships at Patrick AFB. They are (from left) Robert Rhodes, Marilee Dunlap, Lorne Butler, and Patricia Adams.  

VA Child Benefit Facts Available  

The Veterans Administration has put out a reminder for your reference file on the legal definition of ""orphan"" and what it can mean in college educational benefits to your children.  

The VA says that there are five major areas of misunderstanding which keep eligible children from applying for benefits rightfully theirs.  

According to the VA, these misunderstandings are:  
1. The fact that one parent still lives makes some children believe they do not qualify as ""orphans."" For this benefit, an ""orphan"" is a child whose veteran-parent is dead as the result of a wound, accident or illness attributable to service in the Armed Forces.  

2. The fact that the dead parent had no wartime service makes others believe they are ineligible. If the veteran-parent's death resulted from the performance of duty or from extra-hazardous service during peacetime, the child is eligible.  

3. The fact that they are married makes some believe they are no longer ""children."" Marriage does not affect eligibility. Any son or daughter of a serviceman, whose death is attributable to his service, is eligible for the educational benefits provided he or she is between 18 or 23 years of age.  

4. The fact that their living parent, usually their mother, has remarried and their step-father has legally adopted them, makes some children believe they are ineligible. The marriage of the living parent and the subsequent adoption does not affect the eligibility of the children.  

5. The fact that many children do not wish, nor are prepared, for education at the college level makes some believe they cannot take advantage of this benefit. Although training for a high school diploma is not permitted, eligible children may take vocational courses and other non-college training that will help them earn a living.  

The VA says it will be glad to spell out the War Orphan Educational Program, pointing up that 1,500 children have taken advantage of this program.  

Recently elected officers of the Edwards AFB Officers Wives Club are (from left) Norma Douglas, president; Jackie Phillips, corresponding secretary; and Sally Se, recording secretary.",0.47411242603550297,24.35,"SOCIAL SIDE

57 Lady Volunteers Lauded For Patrick Wives Club Hospital Red Cross Service Gives 4 Scholarships

Four students recently received scholarships totaling $1,150 from the Patrick AFB Officers Wives Club. Capping and recognition ceremonies for Red Cross volunteers at the USAF Hospital Lackland were recently held in the hospital auditorium.

Marilee Dunlap, daughter of MSgt. and Mrs. Ellwyn B. Dunlap, received a $400 scholarship. She plans to attend Brigham Young University to major in psychology. Patricia Adams, daughter of MSgt. and Mrs. William D. Adams, plans to use her $200 grant to attend Brevard Jr. College, majoring in journalism. Robert Larry Rhodes, son of SFC Robert M. Rhodes and Mrs. John O'Connor, will attend Florida State University, and plans to apply his $400 grant toward a degree in either chemical or aeronautical engineering. Lorne Butler, son of TSgt. and Mrs. William F. Butler, plans to use his $150 at the University of Florida where he will study civil engineering.

Principal speaker for the occasion was Brig. Gen. James W. Humphreys, Jr., hospital commander. The capping was performed by Lt. Col. Mary T. Gates, chief, clinics nursing service. Among those honored were five mother-daughter teams of volunteers. They are Mrs. Richard P. Klocko and Miss Kerry Klocko, Mrs. Oakley K. Park and Miss Carolyn Park, Mrs. Robert J. Woolverton and Miss Elizabeth Woolverton, Mrs. Victor J. Stachniewicz and Miss Colline Stachniewicz, Mrs. Thomas E. Todd and Miss Patricia Todd.

Caps were presented to Misses Trudy F. Auvil, Josephine Bayer, Anita L. Boisvert, Sylvia De la Garza, Patricia Dulevitz, Carolyn Park, Marcy Fleming, Molly Fleming, Lois Gilbert, Joanne Haselden, Charlene Hey, Stella L. Mickey, Rosalyn Paulson, Bonnie Sherrod, Colline Stachniewicz, Linda Varela, Alana J. White, Ann C. Williams and Margaret Dean; and Mesdames James A. Boyd and Harvey R. Mobley, Jr.

Service awards went to Mesdames William H. Beaber, Thurman A. Glasgow, Lena Hierstein, Sidney H. Luther, Harold Norris, William A. Woodie and Robert J. Woolverton; Misses Donna J. Blevins, Sharron M. Boothe, Donna Connally, Bernice Dickson, Barbara A. Faulkner, Mary L. Garcia, Eileen M. Gilbert, Rose M. Gonzales, Haidy Guerrero, Barbara J. Haddock, Anita L. Henderson, Cheryl Kent, Connie Kentner, Kerry Klocko, Stacy Klutz, Rosemary Ledgerwood, Peggy A. Maloney, Donna L. Menefee, Stephanie Monk, Barbara J. Nicholl, Cynthia I. Oswalt, Hedy Polski, Joan Marie Shand, Alice Elaine Stuart, Christie A. Sullivan, Patricia Todd, Geraldine Trimble, Patricia A. Walden and Elizabeth Woolverton.

Mrs. John A. Denmark (left) receives congratulations from Mrs. John Fisher, chairman of volunteers, South Brevard County Chapter of the Red Cross, following presentation of a 10-year service bar. Mrs. Denmark has put in more than 1,700 hours of volunteer service. Final selection for the scholarships was made by Woodrow J. Darden, superintendent of Brevard County Schools, and a committee of educators.

The Veterans Administration has put out a reminder for your reference file on the legal definition of ""orphan"" and what it can mean in college educational benefits to your children. The VA says that there are five major areas of misunderstanding which keep eligible children from applying for benefits rightfully theirs.

According to the VA, these misunderstandings are:

1. The fact that one parent still lives makes some children believe they do not qualify as ""orphans."" For this benefit, an ""orphan"" is a child whose veteran-parent is dead as the result of a wound, accident or illness, attributable to service in the Armed Forces.

2. The fact that the dead parent had no wartime service makes others believe they are ineligible. If the veteran-parent's death resulted from the performance of duty or from extra-hazardous service during peacetime, the child is eligible.

3. The fact that they are married makes some believe they are no longer ""children."" Marriage does not affect eligibility. Any son or daughter of a serviceman, whose death is attributable to his service, is eligible for the educational benefits provided he or she is between 18 or 23 years of age.

4. The fact that their living parent, usually their mother, has remarried and their step-father has legally adopted them, makes some children believe they are ineligible. The marriage of the living parent and the subsequent adoption does not affect the eligibility of the children.

5. The fact that many children do not wish, nor are prepared, for education at the college level makes some believe they cannot take advantage of this benefit. Although training for a high school diploma is not permitted, eligible children may take vocational courses and other non-college training that will help them earn a living.

The VA says it will be glad to spell out the War Orphan Educational Program, pointing up that 1,500 children have taken advantage of this program.

Recently elected officers of the Edwords A (from left) Norma Douglas, president; Jackie Phillips, corresponding secretary; and Sally Se recording secretary. (AFNS)",0.4527831094049904,13.12,"SOCIAL SIDE  
57 Lady Volunteers Lauded For  
Hospital Red Cross Service  
Gives 4 Scholarships  

Four students recently received scholarships totaling $1,150 from the Patrick AFB Officers Wives Club. Capping and recognition ceremonies for Red Cross volunteers at the USAF Hospital Lackland were recently held in the hospital auditorium. Marilee Dunlap, daughter of MSgt. and Mrs. Ellwyn B. Dunlap, received a $400 scholarship. She plans to attend Brigham Young University to major in psychology. Twenty-one Gray Ladies and Youth Staff Aides received caps marking the end of their training period and 36 workers received service awards. Patricia Adams, daughter of MSgt. and Mrs. William D. Adams, plans to use her $200 grant to attend Brevard Jr. College, majoring in journalism. Principal speaker for the occasion was Brig. Gen. James W. Humphreys, Jr., hospital commander. The capping was performed by Lt. Col. Mary T. Gates, chief, clinics nursing service. Among those honored were five mother-daughter teams of volunteers. They are Mrs. Richard P. Klocko and Miss Kerry Klocko, Mrs. Oakley K. Park and Miss Carolyn Park, Mrs. Robert J. Woolverton and Miss Elizabeth Woolverton, Mrs. Victor J. Stachniewicz and Miss Colline Stachniewicz, Mrs. Thomas E. Todd and Miss Patricia Todd. Caps were presented to Misses Trudy F. Auvil, Josephine Bayer, Anita L. Boisvert, Sylvia De la Garza, Patricia Dulevitz, Carolyn Park, Marcy Fleming, Molly Fleming, Lois Gilbert, Joanne Haselden, Charlene Hey, Stella L. Mickey, Rosalyn Paulson, Bonnie Sherrod, Colline Stachniewicz, Linda Varela, Alana J. White, Ann C. Williams and Margaret Dean; and Mesdames James A. Boyd and Harvey R. Mobley, Jr. Service awards went to Mesdames William H. Beaber, Thurman A. Glasgow, Lena Hierstein, Sidney H. Luther, Harold Norris, William A. Woodie and Robert J. Woolverton; Misses Donna J. Blevins, Sharron M. Boothe, Donna Connally, Bernice Dickson, Barbara A. Faulkner, Mary L. Garcia, Eileen M. Gilbert, Rose M. Gonzales, Haidy Guerrero, Barbara J. Haddock, Anita L. Henderson, Cheryl Kent, Connie Kentner, Kerry Klocko, Stacy Klutz, Rosemary Ledgerwood, Peggy A. Maloney, Donna L. Menefee, Stephanie Monk, Barbara J. Nicholl, Cynthia I. Oswalt, Hedy Polski, Joan Marie Shand, Alice Elaine Stuart, Christie A. Sullivan, Patricia Todd, Geraldine Trimble, Patricia A. Walden and Elizabeth Woolverton.  

Mrs. John A. Denmark (left) receives congratulations from Mrs. John Fisher, chairman of volunteers, South Brevard County Chapter of the Red Cross, following presentation of a 10-year service bar. Mrs. Denmark has put in more than 1,700 hours of volunteer service. Final selection for the scholarships was made by Woodrow J. Darden, superintendent of Brevard County Schools, and a committee of educators.  

Mrs. Anthony C. Benjes, Jr., base projects chairman (right), offers her congratulations to four students who won Officers Wives Club scholarships at Patrick AFB. They are (from left) Robert Rhodes, Marilee Dunlap, Lorne Butler, and Patricia Adams.  

VA Child Benefit Facts Available  

The Veterans Administration has put out a reminder for your reference file on the legal definition of ""orphan"" and what it can mean in college educational benefits to your children. The VA says that there are five major areas of misunderstanding which keep eligible children from applying for benefits rightfully theirs. According to the VA, these misunderstandings are:  
1. The fact that one parent still lives makes some children believe they do not qualify as ""orphans."" For this benefit, an ""orphan"" is a child whose veteran-parent is dead as the result of a wound, accident or illness, attributable to service in the Armed Forces.  
2. The fact that the dead parent had no wartime service makes others believe they are ineligible. If the veteran-parent's death resulted from the performance of duty or from extra-hazardous service during peacetime, the child is eligible.  
3. The fact that they are married makes some believe they are no longer ""children."" Marriage does not affect eligibility. Any son or daughter of a serviceman, whose death is attributable to his service, is eligible for the educational benefits provided he or she is between 18 or 23 years of age.  
4. The fact that their living parent, usually their mother, has remarried and their step-father has legally adopted them, makes some children believe they are ineligible. The marriage of the living parent and the subsequent adoption does not affect the eligibility of the children.  
5. The fact that many children do not wish, nor are prepared, for education at the college level makes some believe they cannot take advantage of this benefit. Although training for a high school diploma is not permitted, eligible children may take vocational courses and other non-college training that will help them earn a living. The VA says it will be glad to spell out the War Orphan Educational Program, pointing up that 1,500 children have taken advantage of this program.  

Recently elected officers of the Edwords A (from left) Norma Douglas, president; Jackie Phillips, corresponding secretary; and Sally Se recording secretary.  

(AFNS)  
16",0.4312859884836852,13.06,"SOCIAL SIDE  
57 Lady Volunteers Lauded For  
Patrick Wives Club  
Hospital Red Cross Service  
Gives 4 Scholarships  

Four students recently received scholarships totaling $1,150 from the Patrick AFB Officers Wives Club.  

Capping and recognition ceremonies for Red Cross volunteers at the USAF Hospital Lackland were recently held in the hospital auditorium.  

Marilee Dunlap, daughter of MSgt. and Mrs. Ellwyn B. Dunlap, received a $400 scholarship. She plans to attend Brigham Young University to major in psychology.  

Twenty-one Gray Ladies and Youth Staff Aides received caps marking the end of their training period and 36 workers received service awards.  

Patricia Adams, daughter of MSgt. and Mrs. William D. Adams, plans to use her $200 grant to attend Brevard Jr. College, majoring in journalism.  

Principal speaker for the occasion was Brig. Gen. James W. Humphreys, Jr., hospital commander. The capping was performed by Lt. Col. Mary T. Gates, chief, clinics nursing service.  

Robert Larry Rhodes, son of SFC Robert M. Rhodes and Mrs. John O'Connor, will attend Florida State University, and plans to apply his $400 grant toward a degree in either chemi-cal or aeronautical engineering.  

Among those honored were five mother-daughter teams of volunteers. They are Mrs. Richard P. Klocko and Miss Kerry Klocko, Mrs. Oakley K. Park and Miss Carolyn Park, Mrs. Robert J. Woolverton and Miss Eliza-beth Woolverton, Mrs. Victor J. Stachniewicz and Miss Colline Stach-niewicz, Mrs. Thomas E. Todd and Miss Patricia Todd.  

Lorne Butler, son of TSgt. and Mrs. William F. Butler, plans to use his $150 at the University of Florida where he will study civil engineering.  

Mrs. John A. Denmark (left) receives congratulations from Mrs. John Fisher, chairman of volunteers, South Brevard County Chapter of the Red Cross, following presentation of a 10-year service bar. Mrs. Denmark has put in more than 1,700 hours of volunteer service.  

Final selection for the scholarships was made by Woodrow J. Darden, superintendent of Brevard County Schools, and a committee of educators.  

Caps were presented to Misses Trudy F. Auvil, Josephine Bayer, Anita L. Boisvert, Sylvia De la Garza, Patricia Dulevitz, Carolyn Park, Marcy Fleming, Molly Fleming, Lois Gilbert, Joanne Haselden, Charlene Hey, Stella L. Mickey, Rosalyn Paulson, Bonnie Sherrod, Colline Stachniewicz, Linda Varela, Alana J. White, Ann C. Wil-liams and Margaret Dean; and Mes-dames James A. Boyd and Harvey R. Mobley, Jr.  

Service awards went to Mesdames William H. Beaber, Thurman A. Glas-gow, Lena Hierstein, Sidney H. Luther, Harold Norris, William A. Woodie and Robert J. Woolverton; Misses Donna J. Blevins, Sharron M. Boothe, Donna Connally, Bernice Dickson, Barbara A. Faulkner, Mary L. Garcia, Eileen M. Gilbert, Rose M. Gonzales, Haidy Guerrero, Barbara J. Haddock, Anita L. Henderson, Cheryl Kent, Connie Kentner, Kerry Klocko, Stacy Klutz, Rosemary Ledgerwood, Peggy A. Ma-loney, Donna L. Menefee, Stephanie Monk, Barbara J. Nicholl, Cynthia I. Oswalt, Hedy Polski, Joan Marie Shand, Alice Elaine Stuart, Christie A. Sullivan, Patricia Todd, Geraldine Trimble, Patricia A. Walden and Eliza-beth Woolverton.  

Mrs. Anthony C. Benjes, Jr., base projects chairman (right), offers her con-gratulations to four students who won Officers Wives Club scholarships at Patrick AFB. They are (from left) Robert Rhodes, Marilee Dunlap, Lorne Butler, and Patricia Adams.  

VA Child Benefit Facts Available  

The Veterans Administration has put out a reminder for your reference file on the legal definition of ""orphan"" and what it can mean in college edu-cational benefits to your children.  

The VA says that there are five major areas of misunderstanding which keep eligible children from applying for benefits rightfully theirs.  

According to the VA, these misun-derstandings are:  

1. The fact that one parent still lives makes some children believe they do not qualify as ""orphans."" For this benefit, an ""orphan"" is a child whose veteran-parent is dead as the result of a wound, accident or ill-ness, attributable to service in the Armed Forces.  

2. The fact that the dead parent had no wartime service makes others believe they are ineligible. If the veteran-parent's death resulted from the performance of duty or from extra-hazardous service during peace-time, the child is eligible.  

3. The fact that they are married makes some believe they are no longer ""children."" Marriage does not affect eligibility. Any son or daughter of a serviceman, whose death is attributable to his serv-ice, is eligible for the educational bene-fits provided he or she is between 18 or 23 years of age.  

4. The fact that their living parent, usually their mother, has remarried and their step-father has legally adopted them, makes some children believe they are ineligible. The marriage of the living parent and the subsequent adoption does not affect the eligibility of the children.  

5. The fact that many children do not wish, nor are prepared, for educa-tion at the college level makes some believe they cannot take advantage of this benefit. Although training for a high school diploma is not permitted, eligible chil-dren may take vocational courses and other non-college training that will help them earn a living.  

The VA says it will be glad to spell out the War Orphan Educational Pro-gram, pointing up that 1,500 children have taken advantage of this program.  

Recently elected officers of the Edwords A (from left) Norma Douglas, president; Jackie Phillips, corresponding secretary; and Sally Se, recording secretary.  

(AFNS)  

16",0.49260994953136267,15.2
28974433,"Page 8

39. Do you think you can estimate the speed of the object?
(Circle One)
Yes
No
IF you answered YES, then what speed would you estimate?
m.p.h.

40. Do you think you can estimate how far away from you the object was?
(Circle One)
Yes
No
IF you answered YES, then how far away would you say it was?
feet.

41. Please give the following information about yourself:
NAME
Last Name
First Name
Middle Name
ADDRESS
Street
City
Zone
State
TELEPHONE NUMBER
What is your present job?
TEACHER (RETIRED)
Age 70
Sex Female
Please indicate any special educational training that you have had.
a. Grade school
b. High school
(Type)
c. College
d. Post graduate
e. Technical school
f. Other special training

42. Date you completed this questionnaire:
Day
Month
Year

ATK comment:
In observation, I saw an aircraft light.",0.060240963855421686,3.37,"Page 8  
39. Do you think you can estimate the speed of the object?  
(Circle One)  
Yes  
No  
IF you answered YES, then what speed would you estimate?  
m.p.h.  

40. Do you think you can estimate how far away from you the object was?  
(Circle One)  
Yes  
No  
IF you answered YES, then how far away would you say it was?  
feet.  

41. Please give the following information about yourself:  
NAME  
Last Name  
First Name  
Middle Name  
ADDRESS  
Street  
City  
State  
TELEPHONE NUMBER  
What is your present job?  
TEACHER (RETIRED)  
Age 70  
Sex Female  

Please indicate any special educational training that you have had.  
a. Grade school  
b. High school  
(Type)  
c. College  
d. Post graduate  
e. Technical school  
f. Other special training  

42. Date you completed this questionnaire:  
Day  
Month  
Year  

ATK comment:  
In observations, provide details of any aircraft or light seen.",0.0783132530120482,6.45,"Page 8  
39. Do you think you can estimate the speed of the object?  
(Circle One)  
Yes  
No  
IF you answered YES, then what speed would you estimate?  
m.p.h.  
40. Do you think you can estimate how far away from you the object was?  
(Circle One)  
Yes  
No  
IF you answered YES, then how far away would you say it was?  
feet.  
41. Please give the following information about yourself:  
NAME  
Last Name  
First Name  
Middle Name  
ADDRESS  
Dayton Ohio  
Street  
City  
Zone  
State  
TELEPHONE NUMBER  
What is your present job?  
TEACHER (RETIRED)  
Age 70  
Sex Female  
Please indicate any special educational training that you have had.  
a. Grade school  
e. Technical school  
b. High school  
(Type)  
c. College  
f. Other special training  
d. Postgraduate  
42. Date you completed this questionnaire:  
Day  
Month  
Year  
ATK comment:  
In observations, provide details on aircraft sightings.",0.11298076923076923,6.04,"Page 8  
39. Do you think you can estimate the speed of the object?  
(Circle One)  
Yes  
No  
IF you answered YES, then what speed would you estimate?  
m.p.h.  

40. Do you think you can estimate how far away from you the object was?  
(Circle One)  
Yes  
No  
IF you answered YES, then how far away would you say it was?  
feet.  

41. Please give the following information about yourself:  
NAME  
Last Name  
First Name  
Middle Name  

ADDRESS  
Dayton Ohio  
Street  
City  
Zone  
State  

TELEPHONE NUMBER  

What is your present job?  
TEACHER (RETIRED)  
Age 70  
Sex Female  

Please indicate any special educational training that you have had.  
a. Grade school  
b. High school  
(Type)  
c. College  
d. Post graduate  
e. Technical school  
f. Other special training  

42. Date you completed this questionnaire:  
Day  
Month  
Year  

ATK comment:  
Observers provided saw an aircraft light.",0.03975903614457831,4.2,"Page 8
39. Do you think you can estimate the speed of the object?
(Circle One)
Yes
No
IF you answered YES, then what speed would you estimate?
m.p.h.
40. Do you think you can estimate how far away from you the object was?
(Circle One)
Yes
No
IF you answered YES, then how far away would you say it was?
feet.
41. Please give the following information about yourself:
NAME
Last Name
First Name
Middle Name
ADDRESS
Dayton Ohio
Street
City
Zone
State
TELEPHONE NUMBER
What is your present job?
TEACHER (RETIRED)
Age 70
Sex Female
Please indicate any special educational training that you have had.
a. Grade school
b. Technical school
c. High school
(Type)
d. College
e. Other special training
f. Post graduate
42. Date you completed this questionnaire:
Day
Month
Year
All comments in observer's report indicate they saw an aircraft light.",0.11377245508982035,3.07,"Page 8  
39. Do you think you can estimate the speed of the object?  
(Circle One)  
Yes  
No  
IF you answered YES, then what speed would you estimate?  
m.p.h.  
40. Do you think you can estimate how far away from you the object was?  
(Circle One)  
Yes  
No  
IF you answered YES, then how far away would you say it was?  
feet.  
41. Please give the following information about yourself:  
NAME  
Last Name  
First Name  
Middle Name  
ADDRESS  
Dayton Ohio  
Street  
City  
Zone  
State  
TELEPHONE NUMBER  
What is your present job?  
TEACHER (RETIRED)  
Age 70  
Sex Female  
Please indicate any special educational training that you have had.  
a. Grade school  
b. High school  
(Type)  
c. College  
d. Post graduate  
e. Technical school  
f. Other special training  
42. Date you completed this questionnaire:  
Day  
Month  
Year  
ATK comment:  
In observers' profile saw an aircraft light",0.03855421686746988,3.9,"Page 8

39. Do you think you can estimate the speed of the object?  
(Circle One)  
Yes  
ʘNoʘ  
IF you answered YES, then what speed would you estimate?  
_____ m.p.h.

40. Do you think you can estimate how far away from you the object was?  
(Circle One)  
Yes  
ʘNoʘ  
IF you answered YES, then how far away would you say it was?  
_____ feet.

41. Please give the following information about yourself:  
NAME  
Last Name  
First Name  
Middle Name  
ADDRESS  
Street  
City Dacton  
Zone  
State Ohio  
TELEPHONE NUMBER  
What is your present job?  
TEACHER (RETIRED)  
Age 70  
Sex Female  
Please indicate any special educational training that you have had.  
a. Grade school  
b. High school  
(Type)  
c. College  
d. Post graduate  
e. Technical school  
f. Other special training

42. Date you completed this questionnaire:  
Day  
Month  
Year  

ATK comment:  
in observes provide saw in aircraft  
light",0.0842358604091456,2.65,"Page 8

39. Do you think you can estimate the speed of the object?
(Circle One)
Yes
ʘNoʘ
IF you answered YES, then what speed would you estimate?
m.p.h.

40. Do you think you can estimate how far away from you the object was?
(Circle One)
Yes
ʘNoʘ
IF you answered YES, then how far away would you say it was?
feet.

41. Please give the following information about yourself:
NAME
Last Name
First Name
Middle Name

ADDRESS
Street
City
Zone
State
Dacton
Ohio

TELEPHONE NUMBER

What is your present job?
TEACHER (RETIRED)

Age 70

Sex Female

Please indicate any special educational training that you have had.
a. Grade school
b. High school
c. College
d. Post graduate
e. Technical school
f. Other special training

42. Date you completed this questionnaire:
Day
Month
Year

ATK comment.
In observers provide saw in aircraft
light",0.05903614457831325,2.56,"Page 8

39. Do you think you can estimate the speed of the object?  
(Circle One)  
Yes  
ʘNoʘ  
IF you answered YES, then what speed would you estimate?  
______ m.p.h.

40. Do you think you can estimate how far away from you the object was?  
(Circle One)  
Yes  
ʘNoʘ  
IF you answered YES, then how far away would you say it was?  
______ feet.

41. Please give the following information about yourself:  
NAME  
Last Name  
First Name  
Middle Name  
ADDRESS  
Street  
Dacton  
City  
Zone  
Ohis  
State  
TELEPHONE NUMBER  
______  
What is your present job?  
TEACHER (RETIRED)  
Age 70  
Sex Female  
Please indicate any special educational training that you have had.  
a. Grade school  
b. High school  
(Type)  
c. College  
d. Post graduate  
e. Technical school  
f. Other special training

42. Date you completed this questionnaire:  
Day  
Month  
Year  
______  

ATK commint.  
in observes provide saw in aircraft light",0.09799291617473435,2.66
28929660,"COPY  
CC: Physical Res. Lab.  
UNCLASSIFIED  
J. J. Grebe  
THE DOW CHEMICAL COMPANY  
Report No. 24282  
Spectroscopy Laboratory  
Problem No. 115  
TO: F. Fales - Plant Protection  
BY:  
R. S. Spencer, Physical Res. Lab.  
SUBJECT:  
Analysis of Sands  
CHARGE NO. 1218-02-47200-  
SIGNED: /s/  

The following analysis on the unknown sand supersedes the analysis given in report 23759 since that sample was very small.  

| Known Sand | Unknown Sand |  
|------------|--------------|  
| Opaque Portion from unknown sand | Fine Powder from unknown sand |  
| Si chief constituent | --- | c.c. | c.c. |  
| Fe | 1-10% | 0.5-5% | 0.05-0.5% |  
| Al | 1-10 | 0.5-5 | 0.01-0.1 |  
| Ca | 1-10 | 0.1-1 | 0.05-0.5 |  
| Na | 0.5-5 | 0.1-1 | 0.01-0.1 |  
| K  | 0.5-5 | 0.1-1 | <0.01 |  
| Ti | 0.1-1 | 0.01-0.1 | 0.005-0.05 |  
| Ag | 0.1-1 | 0.01-0.1 | 0.5-5 |  
| Mg | 0.5-5 | 0.05-0.5 | 0.1-1 |  
| Sn | 0.01-0.1 | 0.001-0.01 | 0.1-1 |  
| Mn | 0.001-0.01 | 0.0005-0.001 | 0.05-0.5 |  
| Cu | 0.005-0.05 | 0.001-0.01 | 0.01-0.1 |  
| Ba | 0.005-0.05 | 0.001-0.01 | 0.001-0.01 |  
| Y  | 0.001-0.01 | 0.001-0.01 | 0.01-0.1 |  
| Ni | 0.01-0.1 | 0.0005-0.001 | 0.001-0.01 |  
| Co | 0.001-0.01 | 0.0005-0.001 | 0.01-0.1 |",0.27960819234194123,14.95,"COPY  
CC: Physical Res. Lab.  
UNCLASSIFIED  
J. J. Grebe  
THE DOW CHEMICAL COMPANY  
Report No. 24282  
Spectroscopy Laboratory  
Problem No. 115  
TO: F. Fales - Plant Protection  
BY:  
R. S. Spencer - Physical Res. Lab.  
SUBJECT:  
Analysis of Sands  
CHARGE NO. 1218-02-47200  
SIGNED: /s/  

The following analysis on the unknown sand supersedes the analysis given in report 23759 since that sample was very small.  

Known Sand  
Unknown Sand  
Opaque Portion  
Fine Powder  
from unknown  
from unknown  
#1 and #2  
sand  
sand  

Si chief constituent  
---  
1-10%  
1-10%  

Fe  
0.5-5%  
0.05-0.5%  
1-10%  
1-10%  

Al  
0.5-5%  
0.01-0.1%  
1-10%  
0.1-1%  

Ca  
0.1-1%  
0.05-0.5%  
0.5-5%  
0.5-5%  

Na  
0.1-1%  
0.01-0.1%  
0.5-5%  
<0.01%  

K  
0.1-1%  
0.01-0.1%  
0.1-1%  
?  

Ti  
0.01-0.1%  
0.005-0.05%  
1-10%  
0.1-1%  

Ag  
0.01-0.1%  
0.01-0.1%  
0.5-5%  
0.1-1%  

Mg  
0.001-0.01%  
0.1-1%  
0.01-0.1%  

Sn  
0.01-0.1%  
0.1-1%  

Mn  
0.001-0.01%  
0.0005-0.001%  
0.05-0.5%  
0.001-0.01%  

Cu  
0.005-0.05%  
0.001-0.01%  
0.01-0.1%  
0.001-0.01%  

Ba  
0.005-0.05%  
0.005-0.05%  
0.001-0.01%  
0.001-0.01%  

Y  
0.001-0.01%  
0.001-0.01%  
0.01-0.1%  

Ni  
0.01-0.1%  
0.0005-0.001%  
0.001-0.01%  
0.0005-0.01%  

Co  
0.001-0.01%",0.17917448405253283,10.04,"COPY  
CC: Physical Res. Lab.  
UNCLASSIFIED  
J. J. Grebe  
THE DOW CHEMICAL COMPANY  
Report No. 24282  
Spectroscopy Laboratory  
Problem No. 115  
TO: F. Fales - Plant Protection  
BY:  
R. S. Spencer, Physical Res. Lab.  
SUBJECT:  
Analysis of Sands  
CHARGE NO. 1218-02-47200  
SIGNED: /s/  
The following analysis on the unknown sand supersedes the analysis given in  
report 23759 since that sample was very small.  

Known Sand  
Unknown Sand  
Opaque Portion  
Fine Powder  
from unknown  
from unknown  
#1 and #2  
sand  
sand  

Si chief constituent  
---  
c.c.  
c.c.  
1-10%  

Fe  
0.5-5%  
.05-.5%  
1-10  

Al  
.5-5  
.01-  
1-10  

Ca  
.1-1  
.05-.5  
.5-5  

Na  
.1-1  
.01-.1  
.5-5  
<.01  

K  
.1-1  
.01-.1  
.1-1  
?  

Ti  
.01-.1  
.005-.05  
1-10  
.1-1  

Ag  
.001-.005  
.01-.1  
.5-5  
.1-1  

Mg  
.001-.01  
.1-1  
.01-.1  

Sn  
.01-.1  
.1-1  

Mn  
.001-.01  
.0005-.001  
.05-.5  
.001-.01  

Cu  
.005-.05  
.001-.01  
.01-.1  
.001-.01  

Ba  
.005-.05  
.005-.05  
.001-.01  
.001-.01  

V  
.001-.01  
.001-.01  
.01-.1  

Ni  
.01-.1  
.0005-.001  
.001-.01  

Co  
.001-.01",0.10805300713557595,7.17,"CC: Physical Res. Lab.  
UNCLASSIFIED  
J. J. Grebe  
THE DOW CHEMICAL COMPANY  
Report No. 24282  
Spectroscopy Laboratory  
Problem No. 115  
TO: F. Fales - Plant Protection  
BY:  
R. S. Spencer, - Physical Res. Lab.  
SUBJECT:  
Analysis of Sands  
CHARGE NO. 1218-02-47200-  
SIGNED: /s/  

The following analysis on the unknown sand supersedes the analysis given in report 23759 since that sample was very small.  

Known Sand  
Unknown Sand  
Opaque Portion  
Fine Powder  
from unknown  
from unknown  
#1 and #2  
sand  
sand  

Si chief constituent  
---  
c.c.  
c.c.  
1-10%  

Fe  
0.5-5%  
0.05-0.5%  
1-10  
1-10  

Al  
0.5-5  
0.01-0.1  
1-10  
0.1-1  

Ca  
0.1-1  
0.05-0.5  
0.5-5  
0.5-5  

Na  
0.1-1  
0.01-0.1  
0.5-5  
<0.01  

K  
0.1-1  
0.01-0.1  
0.1-1  
?  

Ti  
0.01-0.1  
0.005-0.05  
1-10  
0.1-1  

Ag  
0.01-0.05  
0.01-0.1  
0.5-5  
0.1-1  

Mg  
0.001-0.01  
0.1-1  
0.01-0.1  

Sn  
0.01-0.1  
0.1-1  

Mn  
0.001-0.01  
0.0005-0.001  
0.05-0.5  
0.001-0.01  

Cu  
0.005-0.05  
0.001-0.01  
0.01-0.1  
0.001-0.01  

Ba  
0.005-0.05  
0.005-0.05  
0.001-0.01  
0.001-0.01  

Y  
0.001-0.01  
0.001-0.01  
0.01-0.1  

Ni  
0.01-0.1  
0.0005-0.001  
0.001-0.01  
0.0005-0.01  

Co  
0.001-0.01",0.14538310412573674,9.04,"CC: Physical Res. Lab.  
UNCLASSIFIED  
J. J. Grebe  
THE DOW CHEMICAL COMPANY  
Report No. 24282  
Spectroscopy Laboratory  
Problem No. 115  
TO: F. Fales - Plant Protection  
BY: R. S. Spencer, Physical Res. Lab.  
SUBJECT: Analysis of Sands  
CHARGE NO. 1218-02-47200-  
SIGNED: /s/  

The following analysis on the unknown sand supersedes the analysis given in report 23759 since that sample was very small.  

| Element | Known Sand | Unknown Sand |  
| --- | --- | --- |  
| Opaque Portion | Fine Powder |  
| from unknown sand | from unknown sand |  
| Si (chief constituent) | --- | --- |  
| Fe | 1-10% | 0.5-5% |  
| Al | 0.5-5 | 0.01-0.1 |  
| Ca | 0.1-1 | 0.05-0.5 |  
| Na | 0.1-1 | <0.01 |  
| K | 0.1-1 | ? |  
| Ti | 0.01-0.1 | 0.005-0.05 |  
| Ag | 0.01-0.1 | 0.5-5 |  
| Mg | 0.001-0.01 | 0.1-1 |  
| Sn | 0.01-0.1 | 0.1-1 |  
| Mn | 0.001-0.01 | 0.0005-0.001 |  
| Cu | 0.005-0.05 | 0.001-0.01 |  
| Ba | 0.005-0.05 | 0.001-0.01 |  
| Y | 0.001-0.01 | 0.01-0.1 |  
| Ni | 0.01-0.1 | 0.0005-0.001 |  
| Co | 0.001-0.01 | |",0.345565749235474,8.88,"CC: Physical Res. Lab.  
UNCLASSIFIED  
J. J. Grebe  
THE DOW CHEMICAL COMPANY  
Report No. 24282  
Spectroscopy Laboratory  
Problem No. 115  
TO: F. Fales - Plant Protection  
BY:  
R. S. Spencer, Physical Res. Lab.  
SUBJECT:  
Analysis of Sands  
CHARGE NO. 1218-02-47200-  
SIGNED: /s/  

The following analysis on the unknown sand supersedes the analysis given in report 23759 since that sample was very small.  

| Known Sand | Unknown Sand |
|------------|--------------|
| Opaque Portion | Fine Powder |
| from unknown | from unknown |
| sand | sand |
| Si chief constituent | --- |
| c.c. | c.c. |
| 1-10% | 1-10% |
| Fe | 0.5-5% | 0.5-5% |
| Al | 0.5-5 | 1-10 |
| Ca | 0.1-1 | 0.5-5 |
| Na | 0.1-1 | <0.01 |
| K | 0.1-1 | ? |
| Ti | 0.01-0.1 | 0.1-1 |
| Ag | 0.01-0.1 | 0.1-1 |
| Mg | 0.01-0.1 | 0.1-1 |
| Sn | 0.01-0.1 | 0.1-1 |
| Mn | 0.001-0.01 | 0.001-0.01 |
| Cu | 0.005-0.05 | 0.001-0.01 |
| Ba | 0.005-0.05 | 0.001-0.01 |
| Y | 0.001-0.01 | 0.01-0.1 |
| Ni | 0.01-0.1 | 0.001-0.01 |
| Co | 0.001-0.01 | 0.001-0.01 |",0.3425076452599388,8.71,"CC: Physical Rez. Lab.  
UNCLASSIFIED  
J. J. Grebe  
THE DOW CHEMICAL COMPANY  
Report No. 24282  
Spectroscopy Laboratory  
Problem No. 115  
TO: F. Fales - Plant Protection  
BY:  
R. S. Spencer, -Physical Res. Lab.  
SUBJECT:  
Analysis of Sands  
CHARGE NO. 1218-02-47200-  
SIGNED: /s/  

The following analysis on the unknown sand supersedes the analysis given in report 23759 since that sample was very small.  

Known Sand  
Unknown Sand  
Opaque Portion  
Fine Powder  
from unknown  
from unknown  

#1 and #2  
sand  
sand  

Si chief constituent  
---  
c.c.  
c.c.  

1-10%  
Fe  
0.5-5%  
.05-.5%  

1-10  
1-10  

Al  
.5-5  
<.01-1  
1-10  

.1-1  
Ca  
.1-1  
.05-.5  
.5-5  

.5-5  
Na  
.1-1  
.01-.1  
.5-5  

<.01  
K  
.1-1  
.01-.1  
.1-1  

?  
Ti  
.01-.1  
.005-.05  
1-10  

.1-1  
Ag  
.001-.005  
.01-.1  
.5-5  

.1-1  
Mg  
.001-.01  
.1-1  
.01-.1  

Sn  
.01-.1  
.1-1  

Mn  
.001-.01  
.0005-.001  
.05-.5  

.001-.01  
Cu  
.005-.05  
.001-.01  
.01-.1  

.001-.01  
Ba  
.005-.05  
.005-.05  
.001-.01  

.001-.01  
Y  
.001-.01  
.001-.01  
.01-.1  

Ni  
.01-.1  
.0005-.001  
or  
.001-.01  

.0005  
.01-.7  
Co  
.001-.01",0.0835881753312946,4.91,"CC: Physical Rez. Lab.  
UNCLASSIFIED  
J. J. Grebe  
THE DOW CHEMICAL COMPANY  
Report No. 24282  
Spectroscopy Laboratory  
Problem No. 115  

TO: F. Fales - Plant Protection  
BY:  
R. S. Spencer, - Physical Res. Lab.  

SUBJECT:  
Analysis of Sands  
CHARGE NO. 1218-02-47200-  
SIGNED: /s/  

The following analysis on the unknown sand supersedes the analysis given in report 23759 since that sample was very small.  

Known Sand  
Unknown Sand  
Opaque Portion  
Fine Powder  
from unknown  
from unknown  
#1 and #2  
sand  
sand  

Si chief constituent  
---  
c.c.  
c.c.  
1-10%  

Fe  
0.5-5%  
.05-.5%  
1-10  
1-10  

Al  
.5-5  
.01-.1  
1-10  
.1-1  

Ca  
.1-1  
.05-.5  
.5-5  
.5-5  

Na  
.1-1  
.01-.1  
.5-5  
<.01  

K  
.1-1  
.01-.1  
.1-1  
?  

Ti  
.01-.1  
.005-.05  
1-10  
.1-1  

Ag  
.001-.005  
.01-.1  
.5-5  
.1-1  

Mg  
.001-.01  
.1-1  
.01-.1  

Sn  
.01-.1  
.1-1  

Mn  
.001-.01  
.0005-.001  
.05-.5  
.001-.01  

Cu  
.005-.05  
.001-.01  
.01-.1  
.001-.01  

Ba  
.005-.05  
.005-.05  
.001-.01  
.001-.01  

Y  
.001-.01  
.001-.01  
.01-.1  

Ni  
.01-.1  
.0005-.001  
.001-.01  

Co  
.001-.01",0.09683995922528033,4.81,"CC: Physical Rez. Lab.  
UNCLASSIFIED  
J. J. Grebe  
THE DOW CHEMICAL COMPANY  
Report No. 24282  
Spectroscopy Laboratory  
Problem No. 115  

TO: F. Fales - Plant Protection  
BY: R. S. Spencer, -Physical Res. Lab.  

SUBJECT: Analysis of Sands  
CHARGE NO. 1218-02-47200-  
SIGNED: /s/  

The following analysis on the unknown sand supersedes the analysis given in report 23759 since that sample was very small.  

Known Sand  
Unknown Sand  

Opaque Portion  
Fine Powder  
from unknown  
from unknown  

#1 and #2  
sand  
sand  

Si chief constituent  
---  
c.c.  
c.c.  

1-10%  
Fe  
0.5-5%  
.05-.5%  

1-10  
1-10  

Al  
.5-5  
.01-1  

1-10  
.1-1  

Ca  
.1-1  
.05-.5  

.5-5  
.5-5  

Na  
.1-1  
.01-.1  

.5-5  
<.01  

K  
.1-1  
.01-.1  

.1-1  
?  

Ti  
.01-.1  
.005-.05  

1-10  
.1-1  

Ag  
.001-.005  
.01-.1  

.5-5  
.1-1  

Mg  
.001-.01  
.1-1  

.01-.1  
Sn  

.01-.1  
.1-1  

Mn  
.001-.01  
.0005-.001  

.05-.5  
.001-.01  

Cu  
.005-.05  
.001-.01  

.01-.1  
.001-.01  

Ba  
.005-.05  
.005-.05  

.001-.01  
.001-.01  

Y  
.001-.01  
.001-.01  

.01-.1  
Ni  

.01-.1  
.0005-.001  

.001-.01  
.0005  

.01-.1  
Co  

.001-.01",0.0835881753312946,7.86
28937364,"UNCLASSIFIED  
File No. 24-42  
1 Feb 1950  
DETAILS:  
1. A check with local sources of information failed to reveal any firm or agency in Los Angeles or vicinity by the name of United States Research Bureau. The telephone directory lists a United States Research and Development Company of 5225 Wilshire Boulevard, Los Angeles, California. A check with that company reveals it is one owned by Mr.  
He is a consultant for a number of rubber companies and claims he uses the Wilshire Boulevard address only as a mailing address. Mr.  
said that during the past few weeks he has received several letters addressed to the United States Research Bureau, Los Angeles, California, which were from individuals residing in Kansas and Missouri. The first batch of letters, according to Mr.  
were forwarded to the U. S. Department of Agriculture, Bureau of Agricultural and Industrial Chemistry, 263 South Chester Avenue, Pasadena, California. He went on to advise that only recently he had received letters from Butler and Independence, Missouri, and when he called the Department of Agriculture, mentioned above, he was told to send them direct to the 18th District Office of Special Investigations.  
2. Inquiry was made with the U. S. Department of Agriculture, 263 S. Chester Avenue, Pasadena, California, and in talking with Mr.  
it was ascertained that he did not know of any such agency or firm in Los Angeles by the name of United States Research Bureau. Mr.  
said that all the letters which he had received, addressed to the United States Research Bureau, had been forwarded to 18th District Office of Special Investigations.  
3. For the information of offices receiving copies of this report, it is to be mentioned that numerous letters have been forwarded to this District Office from individuals residing in Kansas and Missouri and who saw the article in question in the newspaper. These letters were all addressed to the United States Research Bureau and requested to be furnished with information as to the authenticity of the article appearing in the newspaper. This office has acknowledged receipt of these letters and has forwarded them to Headquarters OSI for appropriate handling.  
REFERRED UPON COMPLETION TO THE OFFICE OF ORIGIN  
UNCLASSIFIED",0.0,5.86,"UNCLASSIFIED  
File No. 24-42  
1 Feb 1950  
DETAILS:  
1. A check with local sources of information failed to reveal any firm or agency in Los Angeles or vicinity by the name of United States Research Bureau. The telephone directory lists a United States Research and Development Company of 5225 Wilshire Boulevard, Los Angeles, California. A check with that company reveals it is one owned by Mr.  
He is a consultant for a number of rubber companies and claims he uses the Wilshire Boulevard address only as a mailing address. Mr.  
said that during the past few weeks he has received several letters addressed to the United States Research Bureau, Los Angeles, California, which were from individuals residing in Kansas and Missouri. The first batch of letters, according to Mr.  
were forwarded to the U. S. Department of Agriculture, Bureau of Agricultural and Industrial Chemistry, 263 South Chester Avenue, Pasadena, California. He went on to advise that only recently he had received letters from Butler and Independence, Missouri, and when he called the Department of Agriculture, mentioned above, he was told to send them direct to the 18th District Office of Special Investigations.  
2. Inquiry was made with the U. S. Department of Agriculture, 263 S. Chester Avenue, Pasadena, California, and in talking with Mr.  
it was ascertained that he did not know of any such agency or firm in Los Angeles by the name of United States Research Bureau. Mr.  
said that all the letters which he had received, addressed to the United States Research Bureau, had been forwarded to 18th District Office of Special Investigations.  
3. For the information of offices receiving copies of this report, it is to be mentioned that numerous letters have been forwarded to this District Office from individuals residing in Kansas and Missouri and who saw the article in question in the newspaper. These letters were all addressed to the United States Research Bureau and requested to be furnished with information as to the authenticity of the article appearing in the newspaper. This office has acknowledged receipt of these letters and has forwarded them to Headquarters OSI for appropriate handling.  
REFERRED UPON COMPLETION TO THE OFFICE OF ORIGIN  
UNCLASSIFIED",0.0,7.58,"UNCLASSIFIED  
File No. 24-42  
1 Feb 1950  

DETAILS:  
1. A check with local sources of information failed to reveal any firm or agency in Los Angeles or vicinity by the name of United States Research Bureau. The telephone directory lists a United States Research and Development Company of 5225 Wilshire Boulevard, Los Angeles, California. A check with that company reveals it is one owned by Mr. He is a consultant for a number of rubber companies and claims he uses the Wilshire Boulevard address only as a mailing address. Mr. said that during the past few weeks he has received several letters addressed to the United States Research Bureau, Los Angeles, California, which were from individuals residing in Kansas and Missouri. The first batch of letters, according to Mr. were forwarded to the U. S. Department of Agriculture, Bureau of Agricultural and Industrial Chemistry, 263 South Chester Avenue, Pasadena, California. He went on to advise that only recently he had received letters from Butler and Independence, Missouri, and when he called the Department of Agriculture, mentioned above, he was told to send them direct to the 18th District Office of Special Investigations.

2. Inquiry was made with the U. S. Department of Agriculture, 263 S. Chester Avenue, Pasadena, California, and in talking with Mr. it was ascertained that he did not know of any such agency or firm in Los Angeles by the name of United States Research Bureau. Mr. said that all the letters which he had received, addressed to the United States Research Bureau, had been forwarded to 18th District Office of Special Investigations.

3. For the information of offices receiving copies of this report, it is to be mentioned that numerous letters have been forwarded to this District Office from individuals residing in Kansas and Missouri and who saw the article in question in the newspaper. These letters were all addressed to the United States Research Bureau and requested to be furnished with information as to the authenticity of the article appearing in the newspaper. This office has acknowledged receipt of these letters and has forwarded them to Headquarters OSI for appropriate handling.

REFERRED UPON COMPLETION TO THE OFFICE OF ORIGIN  

UNCLASSIFIED",0.0,6.76,"UNCLASSIFIED  
File No. 24-42  
1 Feb 1950  
DETAILS:  
1. A check with local sources of information failed to reveal any firm or agency in Los Angeles or vicinity by the name of United States Research Bureau. The telephone directory lists a United States Research and Development Company of 5225 Wilshire Boulevard, Los Angeles, California. A check with that company reveals it is one owned by Mr. He is a consultant for a number of rubber companies and claims he uses the Wilshire Boulevard address only as a mailing address. Mr. said that during the past few weeks he has received several letters addressed to the United States Research Bureau, Los Angeles, California, which were from individuals residing in Kansas and Missouri. The first batch of letters, according to Mr. were forwarded to the U. S. Department of Agriculture, Bureau of Agricultural and Industrial Chemistry, 263 South Chester Avenue, Pasadena, California. He went on to advise that only recently he had received letters from Butler and Independence, Missouri, and when he called the Department of Agriculture, mentioned above, he was told to send them direct to the 18th District Office of Special Investigations.  
2. Inquiry was made with the U. S. Department of Agriculture, 263 S. Chester Avenue, Pasadena, California, and in talking with Mr. it was ascertained that he did not know of any such agency or firm in Los Angeles by the name of United States Research Bureau. Mr. said that all the letters which he had received, addressed to the United States Research Bureau, had been forwarded to 18th District Office of Special Investigations.  
3. For the information of offices receiving copies of this report, it is to be mentioned that numerous letters have been forwarded to this District Office from individuals residing in Kansas and Missouri and who saw the article in question in the newspaper. These letters were all addressed to the United States Research Bureau and requested to be furnished with information as to the authenticity of the article appearing in the newspaper. This office has acknowledged receipt of these letters and has forwarded them to Headquarters OSI for appropriate handling.  
REFERRED UPON COMPLETION TO THE OFFICE OF ORIGIN  
UNCLASSIFIED",0.0,5.94,"UNCLASSIFIED  
File No. 24-42  
1 Feb 1950  

DETAILS:  
1. A check with local sources of information failed to reveal any firm or agency in Los Angeles or vicinity by the name of United States Research Bureau. The telephone directory lists a United States Research and Development Company of 5225 Wilshire Boulevard, Los Angeles, California. A check with that company reveals it is one owned by Mr. He is a consultant for a number of rubber companies and claims he uses the Wilshire Boulevard address only as a mailing address. Mr. said that during the past few weeks he has received several letters addressed to the United States Research Bureau, Los Angeles, California, which were from individuals residing in Kansas and Missouri. The first batch of letters, according to Mr. were forwarded to the U. S. Department of Agriculture, Bureau of Agricultural and Industrial Chemistry, 263 South Chester Avenue, Pasadena, California. He went on to advise that only recently he had received letters from Butler and Independence, Missouri, and when he called the Department of Agriculture, mentioned above, he was told to send them direct to the 18th District Office of Special Investigations.

2. Inquiry was made with the U. S. Department of Agriculture, 263 S. Chester Avenue, Pasadena, California, and in talking with Mr. it was ascertained that he did not know of any such agency or firm in Los Angeles by the name of United States Research Bureau. Mr. said that all the letters which he had received, addressed to the United States Research Bureau, had been forwarded to 18th District Office of Special Investigations.

3. For the information of offices receiving copies of this report, it is to be mentioned that numerous letters have been forwarded to this District Office from individuals residing in Kansas and Missouri and who saw the article in question in the newspaper. These letters were all addressed to the United States Research Bureau and requested to be furnished with information as to the authenticity of the article appearing in the newspaper. This office has acknowledged receipt of these letters and has forwarded them to Headquarters OSI for appropriate handling.

REFERRED UPON COMPLETION TO THE OFFICE OF ORIGIN  
UNCLASSIFIED",0.0,6.45,"UNCLASSIFIED  
File No. 24-42  
1 Feb 1950  

DETAILS:  
1. A check with local sources of information failed to reveal any firm or agency in Los Angeles or vicinity by the name of United States Research Bureau. The telephone directory lists a United States Research and Development Company of 5225 Wilshire Boulevard, Los Angeles, California. A check with that company reveals it is one owned by Mr. He is a consultant for a number of rubber companies and claims he uses the Wilshire Boulevard address only as a mailing address. Mr. said that during the past few weeks he has received several letters addressed to the United States Research Bureau, Los Angeles, California, which were from individuals residing in Kansas and Missouri. The first batch of letters, according to Mr. were forwarded to the U. S. Department of Agriculture, Bureau of Agricultural and Industrial Chemistry, 263 South Chester Avenue, Pasadena, California. He went on to advise that only recently he had received letters from Butler and Independence, Missouri, and when he called the Department of Agriculture, mentioned above, he was told to send them direct to the 18th District Office of Special Investigations.  

2. Inquiry was made with the U. S. Department of Agriculture, 263 S. Chester Avenue, Pasadena, California, and in talking with Mr. it was ascertained that he did not know of any such agency or firm in Los Angeles by the name of United States Research Bureau. Mr. said that all the letters which he had received, addressed to the United States Research Bureau, had been forwarded to 18th District Office of Special Investigations.  

3. For the information of offices receiving copies of this report, it is to be mentioned that numerous letters have been forwarded to this District Office from individuals residing in Kansas and Missouri and who saw the article in question in the newspaper. These letters were all addressed to the United States Research Bureau and requested to be furnished with information as to the authenticity of the article appearing in the newspaper. This office has acknowledged receipt of these letters and has forwarded them to Headquarters OSI for appropriate handling.  

REFERRED UPON COMPLETION TO THE OFFICE OF ORIGIN  
UNCLASSIFIED",0.0,6.86,"UNCLASSIFIED  
File No. 24-42  
1 Feb 1950  

DETAILS:  

1. A check with local sources of information failed to reveal any firm or agency in Los Angeles or vicinity by the name of United States Research Bureau. The telephone directory lists a United States Research and Development Company of 5225 Wilshire Boulevard, Los Angeles, California. A check with that company reveals it is one owned by Mr.  

He is a consultant for a number of rubber companies and claims he uses the Wilshire Boulevard address only as a mailing address. Mr. said that during the past few weeks he has received several letters addressed to the United States Research Bureau, Los Angeles, California, which were from individuals residing in Kansas and Missouri. The first batch of letters, according to Mr. were forwarded to the U. S. Department of Agriculture, Bureau of Agricultural and Industrial Chemistry, 263 South Chester Avenue, Pasadena, California. He went on to advise that only recently he had received letters from Butler and Independence, Missouri, and when he called the Department of Agriculture, mentioned above, he was told to send them direct to the 18th District Office of Special Investigations.  

2. Inquiry was made with the U. S. Department of Agriculture, 263 S. Chester Avenue, Pasadena, California, and in talking with Mr. it was ascertained that he did not know of any such agency or firm in Los Angeles by the name of United States Research Bureau. Mr. said that all the letters which he had received, addressed to the United States Research Bureau, had been forwarded to 18th District Office of Special Investigations.  

3. For the information of offices receiving copies of this report, it is to be mentioned that numerous letters have been forwarded to this District Office from individuals residing in Kansas and Missouri and who saw the article in question in the newspaper. These letters were all addressed to the United States Research Bureau and requested to be furnished with information as to the authenticity of the article appearing in the newspaper. This office has acknowledged receipt of these letters and has forwarded them to Headquarters OSI for appropriate handling.  

REFERRED UPON COMPLETION TO THE OFFICE OF ORIGIN  
UNCLASSIFIED",0.0,4.6,"UNCLASSIFIED  
File No. 24-42  
1 Feb 1950  

DETAILS:  
1. A check with local sources of information failed to reveal any firm or agency in Los Angeles or vicinity by the name of United States Research Bureau. The telephone directory lists a United States Research and Development Company of 5225 Wilshire Boulevard, Los Angeles, California. A check with that company reveals it is one owned by Mr.  
He is a consultant for a number of rubber companies and claims he uses the Wilshire Boulevard address only as a mailing address. Mr.  
said that during the past few weeks he has received several letters addressed to the United States Research Bureau, Los Angeles, California, which were from individuals residing in Kansas and Missouri. The first batch of letters, according to Mr.  
were forwarded to the U. S. Department of Agriculture, Bureau of Agricultural and Industrial Chemistry, 263 South Chester Avenue, Pasadena, California. He went on to advise that only recently he had received letters from Butler and Independence, Missouri, and when he called the Department of Agriculture, mentioned above, he was told to send them direct to the 18th District Office of Special Investigations.  

2. Inquiry was made with the U. S. Department of Agriculture, 263 S. Chester Avenue, Pasadena, California, and in talking with Mr.  
it was ascertained that he did not know of any such agency or firm in Los Angeles by the name of United States Research Bureau. Mr.  
said that all the letters which he had received, addressed to the United States Research Bureau, had been forwarded to 18th District Office of Special Investigations.  

3. For the information of offices receiving copies of this report, it is to be mentioned that numerous letters have been forwarded to this District Office from individuals residing in Kansas and Missouri and who saw the article in question in the newspaper. These letters were all addressed to the United States Research Bureau and requested to be furnished with information as to the authenticity of the article appearing in the newspaper. This office has acknowledged receipt of these letters and has forwarded them to Headquarters OSI for appropriate handling.  

REFERRED UPON COMPLETION TO THE OFFICE OF ORIGIN  

UNCLASSIFIED",0.0,3.69,"UNCLASSIFIED  
File No. 24-42  
1 Feb 1950  

DETAILS:  
1. A check with local sources of information failed to reveal any firm or agency in Los Angeles or vicinity by the name of United States Research Bureau. The telephone directory lists a United States Research and Development Company of 5225 Wilshire Boulevard, Los Angeles, California. A check with that company reveals it is one owned by Mr.  
He is a consultant for a number of rubber companies and claims he uses the Wilshire Boulevard address only as a mailing address. Mr. said that during the past few weeks he has received several letters addressed to the United States Research Bureau, Los Angeles, California, which were from individuals residing in Kansas and Missouri. The first batch of letters, according to Mr. were forwarded to the U.S. Department of Agriculture, Bureau of Agricultural and Industrial Chemistry, 263 South Chester Avenue, Pasadena, California. He went on to advise that only recently he had received letters from Butler and Independence, Missouri, and when he called the Department of Agriculture, mentioned above, he was told to send them direct to the 18th District Office of Special Investigations.

2. Inquiry was made with the U.S. Department of Agriculture, 263 S. Chester Avenue, Pasadena, California, and in talking with Mr. it was ascertained that he did not know of any such agency or firm in Los Angeles by the name of United States Research Bureau. Mr. said that all the letters which he had received, addressed to the United States Research Bureau, had been forwarded to the 18th District Office of Special Investigations.

3. For the information of offices receiving copies of this report, it is to be mentioned that numerous letters have been forwarded to this District Office from individuals residing in Kansas and Missouri and who saw the article in question in the newspaper. These letters were all addressed to the United States Research Bureau and requested to be furnished with information as to the authenticity of the article appearing in the newspaper. This office has acknowledged receipt of these letters and has forwarded them to Headquarters OSI for appropriate handling.

REFERRED UPON COMPLETION TO THE OFFICE OF ORIGIN  

UNCLASSIFIED",0.002680965147453083,3.38
28992749,"Report on Unidentified Flying Object (UFO)

1. Description of the object:
a. Shape - Like two humps. (See attached sketch)
b. Size - About 8 inches across (3 miles away)
c. Color - Fiery red
d. Number - One but had two humps.
e. Formation - N/A.
f. Any discernible features or details - Bright red light, red haze and small dot of light.
g. Tail, trail or exhaust - None.
h. Sound - None
i. Other pertinent or unusual features - Two humps.

2. Description of course of object:
a. Sergeant Baumgart - At approximately 2115 hours (EST), 23 May 1961, my wife and I had just returned home from Port St. Joe. Upon arriving home my wife commented upon the fire out in the Gulf. She showed me where and it looked like a big blaze quite a distance away. We got in the car and drove to Wayside Park at Mexico Beach. I didn't think we could get a better view any closer to it or see it any better than from there. While we were watching it seemed to die out somewhat. It appeared to be a blaze but only in color. Usually with a fire you can see flames shooting up. This was not the case with this. It was stationary. The location, as best I could tell, was the point of beach northwest of Mexico Beach. (See attached maps). Only my wife, children and I saw it as far as I know. However, it was possible for anyone to see who looked in that direction.
b. Angle or elevation and azimuth of object - Parallel with horizon and in a northwest direction.
c. Angle or elevation and azimuth of object upon disappearance - Faded down.",0.0032959789057350032,3.27,"Report on Unidentified Flying Object (UFO)

1. Description of the object:
   a. Shape - Like two humps. (See attached sketch)
   b. Size - About 8 inches across (3 miles away)
   c. Color - Fiery red
   d. Number - One but had two humps.
   e. Formation - N/A.
   f. Any discernible features or details - Bright red light, red haze and small dot of light.
   g. Tail, trail or exhaust - None.
   h. Sound - None
   i. Other pertinent or unusual features - Two humps.

2. Description of course of object:
   a. Sergeant Baumgart - At approximately 2115 hours (EST), 23 May 1961, my wife and I had just returned home from Port St. Joe. Upon arriving home my wife commented upon the fire out in the Gulf. She showed me where and it looked like a big blaze quite a distance away. We got in the car and drove to Wayside Park at Mexico Beach. I didn't think we could get a better view any closer to it or see it any better than from there. While we were watching it seemed to die out somewhat. It appeared to be a blaze but only in color. Usually with a fire you can see flames shooting up. This was not the case with this. It was stationary. The location, as best I could tell, was the point of beach northwest of Mexico Beach. (See attached maps). Only my wife, children and I saw it as far as I know. However, it was possible for anyone to see who looked in that direction.
   b. Angle or elevation and azimuth of object - Parallel with horizon and in a northwest direction.
   c. Angle or elevation and azimuth of object upon disappearance - Faded down.",0.0032959789057350032,3.39,"Report on Unidentified Flying Object (UFO)

1. Description of the object:  
   a. Shape - Like two humps. (See attached sketch)  
   b. Size - About 8 inches across (3 miles away)  
   c. Color - Fiery red  
   d. Number - One but had two humps.  
   e. Formation - N/A.  
   f. Any discernible features or details - Bright red light, red haze and small dot of light.  
   g. Tail, trail or exhaust - None.  
   h. Sound - None  
   i. Other pertinent or unusual features - Two humps.  

2. Description of course of object:  
   a. Sergeant Baumgart - At approximately 2115 hours (EST), 23 May 1961, my wife and I had just returned home from Port St. Joe. Upon arriving home my wife commented upon the fire out in the Gulf. She showed me where and it looked like a big blaze quite a distance away. We got in the car and drove to Wayside Park at Mexico Beach. I didn't think we could get a better view any closer to it or see it any better than from there. While we were watching it seemed to die out somewhat. It appeared to be a blaze but only in color. Usually with a fire you can see flames shooting up. This was not the case with this. It was stationary. The location, as best I could tell, was the point of beach northwest of Mexico Beach. (See attached maps). Only my wife, children and I saw it as far as I know. However, it was possible for anyone to see who looked in that direction.  
   b. Angle or elevation and azimuth of object - Parallel with horizon and in a northwest direction.  
   c. Angle or elevation and azimuth of object upon disappearance - Faded down.",0.0032959789057350032,3.31,"Report on Unidentified Flying Object (UFO)

1. Description of the object:
   a. Shape - Like two humps. (See attached sketch)
   b. Size - About 8 inches across (3 miles away)
   c. Color - Fiery red
   d. Number - One but had two humps.
   e. Formation - N/A.
   f. Any discernible features or details - Bright red light, red haze and small dot of light.
   g. Tail, trail or exhaust - None.
   h. Sound - None
   i. Other pertinent or unusual features - Two humps.

2. Description of course of object:
   a. Sergeant Baumgart - At approximately 2115 hours (EST), 23 May 1961, my wife and I had just returned home from Port St. Joe. Upon arriving home my wife commented upon the fire out in the Gulf. She showed me where and it looked like a big blaze quite a distance away. We got in the car and drove to Wayside Park at Mexico Beach. I didn't think we could get a better view any closer to it or see it any better than from there. While we were watching it seemed to die out somewhat. It appeared to be a blaze but only in color. Usually with a fire, you can see flames shooting up. This was not the case with this. It was stationary. The location, as best I could tell, was the point of beach northwest of Mexico Beach. (See attached maps). Only my wife, children, and I saw it as far as I know. However, it was possible for anyone to see who looked in that direction.
   b. Angle or elevation and azimuth of object - Parallel with horizon and in a northwest direction.
   c. Angle or elevation and azimuth of object upon disappearance - Faded down,",0.0013183915622940012,8.46,"Report on Unidentified Flying Object (UFO)

1. Description of the object:
a. Shape - Like two humps. (See attached sketch)
b. Size - About 8 inches across (3 miles away)
c. Color - Fiery red
d. Number - One but had two humps.
e. Formation - N/A.
f. Any discernible features or details - Bright red light, red haze and small dot of light.
g. Tail, trail or exhaust - None.
h. Sound - None
i. Other pertinent or unusual features - Two humps.

2. Description of course of object:
a. Sergeant Baumgart - At approximately 2115 hours (EST), 23 May 1961, my wife and I had just returned home from Port St. Joe. Upon arriving home my wife commented upon the fire out in the Gulf. She showed me where and it looked like a big blaze quite a distance away. We got in the car and drove to Wayside Park at Mexico Beach. I didn't think we could get a better view any closer to it or see it any better than from there. While we were watching it seemed to die out somewhat. It appeared to be a blaze but only in color. Usually with a fire you can see flames shooting up. This was not the case with this. It was stationary. The location, as best I could tell, was the point of beach northwest of Mexico Beach. (See attached maps). Only my wife, children and I saw it as far as I know. However, it was possible for anyone to see who looked in that direction.
b. Angle or elevation and azimuth of object - Parallel with horizon and in a northwest direction.
c. Angle or elevation and azimuth of object upon disappearance - Faded down.",0.0032959789057350032,5.31,"Report on Unidentified Flying Object (UFO)

1. Description of the object:
   a. Shape - Like two humps. (See attached sketch)
   b. Size - About 8 inches across (3 miles away)
   c. Color - Fiery red
   d. Number - One but had two humps.
   e. Formation - N/A.
   f. Any discernible features or details - Bright red light, red haze and small dot of light.
   g. Tail, trail or exhaust - None.
   h. Sound - None
   i. Other pertinent or unusual features - Two humps.

2. Description of course of object:
   a. Sergeant Baumgart - At approximately 2115 hours (EST), 23 May 1961, my wife and I had just returned home from Port St. Joe. Upon arriving home my wife commented upon the fire out in the Gulf. She showed me where and it looked like a big blaze quite a distance away. We got in the car and drove to Wayside Park at Mexico Beach. I didn't think we could get a better view any closer to it or see it any better than from there. While we were watching it seemed to die out somewhat. It appeared to be a blaze but only in color. Usually with a fire you can see flames shooting up. This was not the case with this. It was stationary. The location, as best I could tell, was the point of beach northwest of Mexico Beach. (See attached maps). Only my wife, children, and I saw it as far as I know. However, it was possible for anyone to see who looked in that direction.
   b. Angle or elevation and azimuth of object - Parallel with horizon and in a northwest direction.
   c. Angle or elevation and azimuth of object upon disappearance - Faded down.",0.0026367831245880024,5.44,"Report on Unidentified Flying Object (UFO)

1. Description of the object:
   a. Shape - Like two humps. (See attached sketch)
   b. Size - About 8 inches across (3 miles away)
   c. Color - Fiery red
   d. Number - One but had two humps.
   e. Formation - N/A.
   f. Any discernible features or details - Bright red light, red haze and small dot of light.
   g. Tail, trail or exhaust - None.
   h. Sound - None
   i. Other pertinent or unusual features - Two humps.

2. Description of course of object:
   a. Sergeant Baumgart - At approximately 2115 hours (EST), 23 May 1961, my wife and I had just returned home from Port St. Joe. Upon arriving home my wife commented upon the fire out in the Gulf. She showed me where and it looked like a big blaze quite a distance away. We got in the car and drove to Wayside Park at Mexico Beach. I didn't think we could get a better view any closer to it or see it any better than from there. While we were watching it seemed to die out somewhat. It appeared to be a blaze but only in color. Usually with a fire you can see flames shooting up. This was not the case with this. It was stationary. The location, as best I could tell, was the point of beach northwest of Mexico Beach. (See attached maps). Only my wife, children and I saw it as far as I know. However, it was possible for anyone to see who looked in that direction.
   b. Angle or elevation and azimuth of object - Parallel with horizon and in a northwest direction.
   c. Angle or elevation and azimuth of object upon disappearance - Faded down,",0.0026367831245880024,3.68,"Report on Unidentified Flying Object (UFO)

1. Description of the object:
a. Shape - Like two humps. (See attached sketch)
b. Size - About 8 inches across (3 miles away)
c. Color - Fiery red
d. Number - one but had two humps.
e. Formation - N/A.
f. Any discernible features or details - Bright red light, red haze and small dot of light.
g. Tail, trail or exhaust - None.
h. Sound - none
i. Other pertinent or unusual features - Two humps.

2. Description of course of object:
a. Sergeant Baumgart - at approximately 2115 hours (EST), 23 May 1961, my wife and I had just returned home from Port St. Joe. Upon arriving home my wife commented upon the fire out in the Gulf. She showed me where and it looked like a big blaze quite a distance away. We got in the car and drove to Wayside Park at Mexico Beach. I didn't think we could get a better view any closer to it or see it any better than from there. While we were watching it seemed to die out somewhat. It appeared to be a blaze but only in color. Usually with a fire you can see flames shooting up. This was not the case with this. It was stationary. The location, as best I could tell, was the point of beach northwest of Mexico Beach. (See attached maps). Only my wife, children and I saw it as far as I know. However, it was possible for anyone to see who looked in that direction.
b. Angle or elevation and azimuth of object - Parallel with horizon and in a northwest direction.
c. Angle or elevation and azimuth of object upon disappearance - Faded down,",0.0026367831245880024,2.97,"Report on Unidentified Flying Object (UFO)

1. Description of the object:
   a. Shape - Like two humps. (See attached sketch)
   b. Size - About 8 inches across (3 miles away)
   c. Color - Fiery red
   d. Number - one but had two humps.
   e. Formation - N/A.
   f. Any discernible features or details - Bright red light, red haze and small dot of light.
   g. Tail, trail or exhaust - None.
   h. Sound - none
   i. Other pertinent or unusual features - Two humps.

2. Description of course of object:
   a. Sergeant Baumgart - at approximately 2115 hours (EST), 23 May 1961, my wife and I had just returned home from Port St. Joe. Upon arriving home my wife commented upon the fire out in the Gulf. She showed me where and it looked like a big blaze quite a distance away. We got in the car and drove to Wayside Park at Mexico Beach. I didn't think we could get a better view any closer to it or see it any better than from there. While we were watching it seemed to die out somewhat. It appeared to be a blaze but only in color. Usually with a fire you can see flames shooting up. This was not the case with this. It was stationary. The location, as best I could tell, was the point of beach northwest of Mexico Beach. (See attached maps). Only my wife, children and I saw it as far as I know. However, it was possible for anyone to see who looked in that direction.
   b. Angle or elevation and azimuth of object - Parallel with horizon and in a northwest direction.
   c. Angle or elevation and azimuth of object upon disappearance - Faded down,",0.0026367831245880024,2.76
28967347,"Page 6  
32. In the following sketch, imagine that you are at the point shown. Place an ""A"" on the curved line to show how high the object was above the horizon (skyline) when you first saw it. Place a ""B"" on the same curved line to show how high the object was above the horizon (skyline) when you last saw it.  

33. In the following larger sketch place an ""A"" at the position the object was when you first saw it, and a ""B"" at its position when you last saw it. Refer to smaller sketch as an example of how to complete the larger sketch.",0.016544117647058824,3.9,"Page 6  
32. In the following sketch, imagine that you are at the point shown. Place an ""A"" on the curved line to show how high the object was above the horizon (skyline) when you first saw it. Place a ""B"" on the same curved line to show how high the object was above the horizon (skyline) when you last saw it.  

33. In the following larger sketch place an ""A"" at the position the object was when you first saw it, and a ""B"" at its position when you last saw it. Refer to the smaller sketch as an example of how to complete the larger sketch.",0.009191176470588236,3.17,"Page 6  
32. In the following sketch, imagine that you are at the point shown. Place an ""A"" on the curved line to show how high the object was above the horizon (skyline) when you first saw it. Place a ""B"" on the same curved line to show how high the object was above the horizon (skyline) when you last saw it.

33. In the following larger sketch place an ""A"" at the position the object was when you first saw it, and a ""B"" at its position when you last saw it. Refer to smaller sketch as an example of how to complete the larger sketch.",0.016544117647058824,2.86,"Page 6

32. In the following sketch, imagine that you are at the point shown. Place an ""A"" on the curved line to show how high the object was above the horizon (skyline) when you first saw it. Place a ""B"" on the same curved line to show how high the object was above the horizon (skyline) when you last saw it.

33. In the following larger sketch place an ""A"" at the position the object was when you first saw it, and a ""B"" at its position when you last saw it. Refer to the smaller sketch as an example of how to complete the larger sketch.",0.009191176470588236,1.91,"Page 6

32. In the following sketch, imagine that you are at the point shown. Place an ""A"" on the curved line to show how high the object was above the horizon (skyline) when you first saw it. Place a ""B"" on the same curved line to show how high the object was above the horizon (skyline) when you last saw it.

33. In the following larger sketch place an ""A"" at the position the object was when you first saw it, and a ""B"" at its position when you last saw it. Refer to the smaller sketch as an example of how to complete the larger sketch.",0.009191176470588236,2.8,"Page 6

32. In the following sketch, imagine that you are at the point shown. Place an ""A"" on the curved line to show how high the object was above the horizon (skyline) when you first saw it. Place a ""B"" on the same curved line to show how high the object was above the horizon (skyline) when you last saw it.

33. In the following larger sketch, place an ""A"" at the position the object was when you first saw it, and a ""B"" at its position when you last saw it. Refer to the smaller sketch as an example of how to complete the larger sketch.",0.011029411764705883,2.14,"Page 6

32. In the following sketch, imagine that you are at the point shown. Place an ""A"" on the curved line to show how high the object was above the horizon (skyline) when you first saw it. Place a ""B"" on the same curved line to show how high the object was above the horizon (skyline) when you last saw it.

33. In the following larger sketch place an ""A"" at the position the object was when you first saw it, and a ""B"" at its position when you last saw it. Refer to smaller sketch as an example of how to complete the larger sketch.",0.016544117647058824,1.54,"Page 6

32. In the following sketch, imagine that you are at the point shown. Place an ""A"" on the curved line to show how high the object was above the horizon (skyline) when you first saw it. Place a ""B"" on the same curved line to show how high the object was above the horizon (skyline) when you last saw it.

33. In the following larger sketch, place an ""A"" at the position the object was when you first saw it, and a ""B"" at its position when you last saw it. Refer to the smaller sketch as an example of how to complete the larger sketch.",0.011029411764705883,1.69,"Page 6

32. In the following sketch, imagine that you are at the point shown. Place an ""A"" on the curved line to show how high the object was above the horizon (skyline) when you first saw it. Place a ""B"" on the same curved line to show how high the object was above the horizon (skyline) when you last saw it.

33. In the following larger sketch place an ""A"" at the position the object was when you first saw it, and a ""B"" at its position when you last saw it. Refer to smaller sketch as an example of how to complete the larger sketch.",0.016544117647058824,1.59
28991590,"PROJECT 10073 RECORD CARD  
1. DATE  
27 Feb 61  
2. LOCATION  
3854N 7710W Arlington, Va.  
3. DATE-TIME GROUP  
Local 2101  
GMT 280201Z  
4. TYPE OF OBSERVATION  
Ground-Visual  
Ground-Radar  
Air-Visual  
Air-Intercept Radar  
5. PHOTOS  
Yes  
No  
6. SOURCE  
Civilian  
7. LENGTH OF OBSERVATION  
90 sec  
8. NUMBER OF OBJECTS  
1  
9. COURSE  
SW-NE  
10. BRIEF SUMMARY OF SIGHTING  
Circular object, size of pinhead. Yellow-red, brightness of 2nd magnitude. Had vapor trail, indeterminate length, 7° or 8° removed from object. Appeared 30-35° above horizon in SW sky; disappeared 80° above horizon in NE sky.  
11. COMMENTS  
Except for duration, description is characteristic of a meteor, with probable overestimation of time.  
12. CONCLUSIONS  
Was Balloon  
Probably Balloon  
Possibly Balloon  
Was Aircraft  
Probably Aircraft  
Possibly Aircraft  
Was Astronomical METEOR  
Probably Astronomical  
Possibly Astronomical  
Other  
Insufficient Data for Evaluation  
Unknown  

ATIC FORM 329 (REV 26 SEP 52)",0.021299254526091587,5.23,"PROJECT 10073 RECORD CARD  
1. DATE  
27 Feb 61  

2. LOCATION  
3854N 7710W Arlington, Va.  

3. DATE-TIME GROUP  
Local 2101  
GMT 280201Z  

4. TYPE OF OBSERVATION  
Ground-Visual  
Ground-Radar  
Air Visual  
Air-Intercept Radar  

5. PHOTOS  
Yes  
No  

6. SOURCE  
Civilian  

7. LENGTH OF OBSERVATION  
90 sec  

8. NUMBER OF OBJECTS  
1  

9. COURSE  
SW-NE  

10. BRIEF SUMMARY OF SIGHTING  
Circular object, size of pinhead. Yellow-red, brightness of 2nd magnitude. Had vapor trail, indeterminate length, 7° or 8° removed from object. Appeared 30-35° above horizon in SW sky; disappeared 80° above horizon in NE sky.  

11. COMMENTS  
Except for duration, description is characteristic of a meteor, with probable overestimation of time.  

12. CONCLUSIONS  
Was Balloon  
Probably Balloon  
Possibly Balloon  
Was Aircraft  
Probably Aircraft  
Possibly Aircraft  
Was Astronomical METEOR  
Probably Astronomical  
Possibly Astronomical  
Other  
Insufficient Data for Evaluation  
Unknown  

ATIC FORM 329 (REV 26 SEP 52)",0.02023429179978701,4.69,"PROJECT 10073 RECORD CARD  
1. DATE  
27 Feb 61  

2. LOCATION  
3854N 7710W Arlington, Va.  

3. DATE-TIME GROUP  
Local 2101  
GMT 280201Z  

4. TYPE OF OBSERVATION  
Ground-Visual  
Ground-Radar  
Air Visual  
Air-Intercept Radar  

5. PHOTOS  
Yes  
No  

6. SOURCE  
Civilian  

7. LENGTH OF OBSERVATION  
90 sec  

8. NUMBER OF OBJECTS  
1  

9. COURSE  
SW-NE  

10. BRIEF SUMMARY OF SIGHTING  
Circular object, size of pinhead. Yellow-red, brightness of 2nd magnitude. Had vapor trail, indeterminate length, 7° or 8° removed from object. Appeared 30-35° above horizon in SW sky; disappeared 80° above horizon in NE sky.  

11. COMMENTS  
Except for duration, description is characteristic of a meteor, with probable overestimation of time.  

12. CONCLUSIONS  
Was Balloon  
Probably Balloon  
Possibly Balloon  
Was Aircraft  
Probably Aircraft  
Possibly Aircraft  
Was Astronomical METEOR  
Probably Astronomical  
Possibly Astronomical  
Other  
Insufficient Data for Evaluation  
Unknown  

ATIC FORM 329 (REV 26 SEP 52)",0.02023429179978701,4.61,"PROJECT 10073 RECORD CARD

1. DATE  
27 Feb 61  

2. LOCATION  
3854N 7710W Arlington, Va.  

3. DATE-TIME GROUP  
Local 2101  
GMT 280201Z  

4. TYPE OF OBSERVATION  
Ground-Visual  
Ground-Radar  
Air Visual  
Air-Intercept Radar  

5. PHOTOS  
Yes  

6. SOURCE  
Civilian  

7. LENGTH OF OBSERVATION  
90 sec  

8. NUMBER OF OBJECTS  
1  

9. COURSE  
SW-NE  

10. BRIEF SUMMARY OF SIGHTING  
Circular object, size of pinhead. Yellow-red, brightness of 2nd magnitude. Had vapor trail, indeterminate length, 7° or 8° removed from object. Appeared 30-35° above horizon in SW sky; disappeared 80° above horizon in NE sky.  

11. COMMENTS  
Except for duration, description is characteristic of a meteor, with probable overestimation of time.  

12. CONCLUSIONS  
Was Balloon  
Probably Balloon  
Possibly Balloon  
Was Aircraft  
Probably Aircraft  
Possibly Aircraft  
Was Astronomical METEOR  
Probably Astronomical  
Possibly Astronomical  
Other  
Insufficient Data for Evaluation  
Unknown  

ATIC FORM 329 (REV 26 SEP 52)",0.017094017094017096,6.98,"PROJECT 10073 RECORD CARD

1. DATE  
27 Feb 61  

2. LOCATION  
3854N 7710W Arlington, Va.

3. DATE-TIME GROUP  
Local 2101  
GMT 280201Z  

4. TYPE OF OBSERVATION  
Ground-Visual  
Ground-Radar  
Air Visual  
Air-Intercept Radar  

5. PHOTOS  
Yes  

6. SOURCE  
Civilian  

7. LENGTH OF OBSERVATION  
90 sec  

8. NUMBER OF OBJECTS  
1  

9. COURSE  
SW-NE  

10. BRIEF SUMMARY OF SIGHTING  
Circular object, size of pinhead. Yellow-red, brightness of 2nd magnitude. Had vapor trail, indeterminate length, 7° or 8° removed from object. Appeared 30-35° above horizon in SW sky; disappeared 80° above horizon in NE sky.

11. COMMENTS  
Except for duration, description is characteristic of a meteor, with probable overestimation of time.

12. CONCLUSIONS  
Was Balloon  
Probably Balloon  
Possibly Balloon  
Was Aircraft  
Probably Aircraft  
Possibly Aircraft  
Was Astronomical METEOR  
Probably Astronomical  
Possibly Astronomical  
Other  
Insufficient Data for Evaluation  
Unknown  

ATIC FORM 329 (REV 26 SEP 52)",0.017094017094017096,4.9,"PROJECT 10073 RECORD CARD  
1. DATE  
27 Feb 61  

2. LOCATION  
3854N 7710W Arlington, Va.  

3. DATE-TIME GROUP  
Local 2101  
GMT 280201Z  

4. TYPE OF OBSERVATION  
Ground-Visual  
Ground-Radar  
Air Visual  
Air-Intercept Radar  

5. PHOTOS  
Yes  

6. SOURCE  
Civilian  

7. LENGTH OF OBSERVATION  
90 sec  

8. NUMBER OF OBJECTS  
1  

9. COURSE  
SW-NE  

10. BRIEF SUMMARY OF SIGHTING  
Circular object, size of pinhead. Yellow-red, brightness of 2nd magnitude. Had vapor trail, indeterminate length, 7° or 8° removed from object. Appeared 30-35° above horizon in SW sky; disappeared 80° above horizon in NE sky.  

11. COMMENTS  
Except for duration, description is characteristic of a meteor, with probable overestimation of time.  

12. CONCLUSIONS  
Was Balloon  
Probably Balloon  
Possibly Balloon  
Was Aircraft  
Probably Aircraft  
Possibly Aircraft  
Was Astronomical METEOR  
Probably Astronomical  
Possibly Astronomical  
Other  
Insufficient Data for Evaluation  
Unknown  

ATIC FORM 329 (REV 26 SEP 52)",0.017094017094017096,11.24,"PROJECT 10073 RECORD CARD

1. DATE  
   27 Feb 61

2. LOCATION  
   3854N 7710W Arlington, Va.

3. DATE-TIME GROUP  
   Local 2101  
   GMT 280201Z

4. TYPE OF OBSERVATION  
   Ground-Visual  
   Ground-Radar  
   Air Visual  
   Air-Intercept Radar

5. PHOTOS  
   Yes  
   No

6. SOURCE  
   Civilian  
   Other

7. LENGTH OF OBSERVATION  
   90 sec

8. NUMBER OF OBJECTS  
   1

9. COURSE  
   SW-NE

10. BRIEF SUMMARY OF SIGHTING  
    Circular objt, size of pinhead. Yellow-red, brightness of 2nd magnitude. Had vapor trail, indeterminate length, 7° or 8° removed from objt. Appeared 30-35° above horizon in SW sky; disappeared 80° above horizon in NE sky.

11. COMMENTS  
    Except for duration, description is characteristic of a meteor. W/probable overestimation of time.

12. CONCLUSIONS  
    Was Balloon  
    Probably Balloon  
    Possibly Balloon  
    Was Aircraft  
    Probably Aircraft  
    Possibly Aircraft  
    Was Astronomical  
    ʘProbably Astronomicalʘ  
    Possibly Astronomical  
    Insufficient Data for Evaluation  
    Unknown  

ATIC FORM 329 (REV 26 SEP 52)",0.03329752953813104,3.29,"PROJECT 10073 RECORD CARD

1. DATE  
27 Feb 61  

2. LOCATION  
3854N 7710W Arlington, Va.  

3. DATE-TIME GROUP  
Local 2101  
GMT 280201Z  

4. TYPE OF OBSERVATION  
Ground-Visual  
Ground-Radar  
Air Visual  
Air-Intercept Radar  

5. PHOTOS  
Yes  
No  

6. SOURCE  
Civilian  
Other  

7. LENGTH OF OBSERVATION  
90 sec  

8. NUMBER OF OBJECTS  
1  

9. COURSE  
SW-NE  

10. BRIEF SUMMARY OF SIGHTING  
Circular objt, size of pinhead. Yellow-red, brightness of 2nd magnitude. Had vapor trail, indeterminate length, 7° or 8° removed from objt. Appeared 30-35° above horizon in SW sky; disappeared 80° above horizon in NE sky.

11. COMMENTS  
Except for duration, description is characteristic of a meteor. W/probable overestimation of time.

12. CONCLUSIONS  
Was Balloon  
Probably Balloon  
Possibly Balloon  
Was Aircraft  
Probably Aircraft  
Possibly Aircraft  
Was Astronomical  
Probably Astronomical  
Possibly Astronomical  
ʘInsufficient Data for Evaluationʘ  

ATIC FORM 329 (REV 26 SEP 52)",0.0397422126745435,3.17,"PROJECT 10073 RECORD CARD

1. DATE  
27 Feb 61

2. LOCATION  
3854N 7710W Arlington, Va.

3. DATE-TIME GROUP  
Local 2101  
GMT 280201Z

4. TYPE OF OBSERVATION  
Ground-Visual  
Ground-Radar  
Air-Visual  
Air-Intercept Radar  

5. PHOTOS  
Yes  
No

6. SOURCE  
Civilian  
Other

7. LENGTH OF OBSERVATION  
90 sec

8. NUMBER OF OBJECTS  
1

9. COURSE  
SW-NE

10. BRIEF SUMMARY OF SIGHTING  
Circular objt, size of pinhead. Yellow-red, brightness of 2nd magnitude. Had vapor trail, indeterminate length, 7° or 8° removed from objt. Appeared 30-35° above horizon in SW sky; disappeared 80° above horizon in NE sky.

11. COMMENTS  
Except for duration, description is characteristic of a meteor. W/probable over estimation of time.

12. CONCLUSIONS  
Was Balloon  
Probably Balloon  
Possibly Balloon  
Was Aircraft  
Probably Aircraft  
Possibly Aircraft  
Was Astronomical  
Probably Astronomical  
Possibly Astronomical  
ʘInsufficient Data for Evaluationʘ  

ATIC FORM 329 (REV 26 SEP 52)",0.0397422126745435,3.86
28944238,"240  
1:1,000,000  
CIRCLE EQUALS  
210  
STATUTE MILES  
Aeronautical Chart and Information Service, Washington 25, D.C.",0.09009009009009009,1.36,"240  
1:1,000,000  
CIRCLE EQUALS  
210  
STATUTE MILES  
U.S. Naval Oceanographic Office, Washington 25, D.C.",0.24509803921568626,0.92,"240  
1:1,000,000  
CIRCLE EQUALS  
210  
STATUTE MILES  
Nautical Chart and Information Service, Washington 25, D.C.",0.056074766355140186,1.23,"240  
1:1,000,000  
CIRCLE EQUALS  
210  
STATUTE MILES  
U.S. Naval Chart and Information Service, Washington 25, D.C.",0.08256880733944955,1.13,"1:1,000,000  
CIRCLE EQUALS  
210  
STATUTE MILES  
Aeronautical Chart and Information Service, Washington 25, D.C.",0.1308411214953271,1.12,"240  
1:1,000,000  
CIRCLE EQUALS  
210  
STATUTE MILES  
Aeronautical Chart and Information Service, Washington 25, D.C.",0.09009009009009009,1.44,"240  
1:1,000,000  
CIRCLE EQUALS  
210  
STATUTE MILES  
Nautical Chart and Information Service, Washington 25, D.C.",0.056074766355140186,1.02,"240  
1:1,000,000  
CIRCLE EQUALS  
210  
STATUTE MILES  
Aeronautical Chart and Information Service, Washington 25, D.C.",0.09009009009009009,0.61,"240  
1:1,000,000  
CIRCLE EQUALS  
210  
STATUTE MILES  
Naval Chart and Information Service, Washington 25, D.C.",0.038461538461538464,0.72
28972565,"RJEDEN/COM AIR DEFENSE COMMAND ENT AFB COLORADO SPRINGS  
RJEPNB/COM EASTERN AIR DEFENSE COMMAND STEWART AFB NY  

INFO RBEPW/DIRNAVINT NAVY DEPT WASHDC  
RBEGK/COM EAST SEAFRONT  

USCG GROCERY METAIRIE CA  

BT  

FLYOB REPORT X MR AVE METAIRIE LA PHONE  

REPORTS BRILLIANT BLUISH LIGHT LEAVING LONG LUMINOUS TRAIL  
WITH NO ACCOMPANYING SOUND X OBSERVED VISUALLY 30 OCT AT APRX 2115S  
FOR 5 SEC FROM PASS TANTE-PHINE POSN 29-09N 89-25W X OBJECT OBSERVED  
BEARING 225 DEG TO 240 DEG TRAVELING NORTHEASTWARD HORIZONTALLY AT  
ESTIMATED 200 TO 300 MILE ALTITUDE BUT LOW ON HORIZON X WEATHER CLEAR  
VIS 7 TEMP 63 DEW POINT 59 WINDS AT 10000 FT NW AT 25 KTS  
X NO KNOWN METEOROLOGICAL PHENOMENON X NO KNOWN ACFT OPERATIONS THAT  
GENERAL AREA  

BT  

CFN 3816 33022 33 20 15S 5 29-09N 89-26W 225 240 200 300 7 63 59  
10000 25  

06/2330Z NOV RBETNFJ",0.043209876543209874,6.45,"RJEDEN/COM AIR DEFENSE COMMAND ENT AFB COLORADO SPRINGS  
RJEPNB/COM EASTERN AIR DEFENSE COMMAND STEWART AFB NY  
INFO RBEPW/DIRNAVINT NAVY DEPT WASHDC  
RBEGK/COM EASTSEA FRONT  
30/2015Z  
USCG GNR  
METAIRIE LA  
BT  
FLYOB REPORT X MR AVE METAIRIE LA PHONE  
REPORTS BRILLIANT BLUISH LIGHT LEAVING LONG LUMINOUS TRAIL  
WITH NO ACCOMPANYING SOUND X OBSERVED VISUALLY 30 OCT AT APRX 2115S  
FOR 5 SEC FROM PASS TANTE-PHINE POSN 29-09N 89-25W X OBJECT OBSERVED  
BEARING 225 DEG TO 240 DEG TRAVELING NORTHEASTWARD HORIZONTALLY AT  
ESTIMATED 200 TO 300 MILE ALTITUDE BUT LOW ON HORIZON X WEATHER CLEAR  
VIS 7 TEMP 63 DEW POINT 59 WINDS AT 10000 FT NW AT 25 KTS  
X NO KNOWN METEOROLOGICAL PHENOMENON X NO KNOWN ACFT OPERATIONS THAT  
GENERAL AREA  
BT  
CFN 3816 33022 33 20 15S 5 29-09N 89-26W 225 240 200 300 7 63 59  
10000 25  
06/2330Z NOV RBETNFJ  
S",0.033047735618115054,7.37,"RJEDEN/COM AIR DEFENSE COMMAND ENT AFB COLORADO SPRINGS  
RJEPNB/COM EASTERN AIR DEFENSE COMMAND STEWART AFB NYK  
INFO RBEPW/DIRNAVINT NAVY DEPT WASHDC  
RBEGK/COM EAST SEAFRONT  
USCG GNRMC  
METAIRIE LA  
BT  
FLYOB REPORT X MR AVE METAIRIE LA PHONE  
REPORTS BRILLIANT BLUISH LIGHT LEAVING LONG LUMINOUS TRAIL  
WITH NO ACCOMPANYING SOUND X OBSERVED VISUALLY 30 OCT AT APRX 2115S  
FOR 5 SEC FROM PASS TANTE-PHINE POSN 29-09N 89-25W X OBJECT OBSERVED  
BEARING 225 DEG TO 240 DEG TRAVELING NORTHEASTWARD HORIZONTALLY AT  
ESTIMATED 200 TO 300 MILE ALTITUDE BUT LOW ON HORIZON X WEATHER CLEAR  
VIS 7 TEMP 63 DEW POINT 59 WINDS AT 10000 FT NW AT 25 KTS  
X NO KNOWN METEOROLOGICAL PHENOMENON X NO KNOWN ACFT OPERATIONS THAT  
GENERAL AREA  
BT  
CFN 3816 33022 33 20 15S 5 29-09N 89-25W 225 240 200 300 7 63 59  
10000 25  
06/2330Z NOV RBETNFJ",0.03950617283950617,5.12,"RJEDEN/COM AIR DEFENSE COMMAND ENT AFB COLORADO SPRINGS  
RJEPNB/COM EASTERN AIR DEFENSE COMMAND STEWART AFB NY  
INFO RBEPW/DIRNAVINT NAVY DEPT WASH DC  
RBEGK/COM EAST SEA FRONT  
30/20152  
USCG GROCERY  
METAIRIE LA  
BT  
FLYOB REPORT X MR AVE METAIRIE LA PHONE  
REPORTS BRILLIANT BLUISH LIGHT LEAVING LONG LUMINOUS TRAIL  
WITH NO ACCOMPANYING SOUND X OBSERVED VISUALLY 30 OCT AT APPROX 2115S  
FOR 5 SEC FROM PASS TANTE-PHINE POSN 29-09N 89-25W X OBJECT OBSERVED  
BEARING 225 DEG TO 240 DEG TRAVELING NORTHEASTWARD HORIZONTALLY AT  
ESTIMATED 200 TO 300 MILE ALTITUDE BUT LOW ON HORIZON X WEATHER CLEAR  
VIS 7 TEMP 63 DEW POINT 59 WINDS AT 10000 FT NW AT 25 KTS  
X NO KNOWN METEOROLOGICAL PHENOMENON X NO KNOWN ACFT OPERATIONS THAT  
GENERAL AREA  
BT  
CFN 3816 33022 33 20 15S 5 29-09N 89-26W 225 240 200 300 7 63 59  
10000 25  
06/2330Z NOV RBETNFJ  
S",0.03393939393939394,5.73,"RJEDEN/COM AIR DEFENSE COMMAND ENT AFB COLORADO SPRINGS  
RJEPNB/COMEASTERN AIR DEFENSE COMMAND STEWART AFB NY  
INFO RBEPW/DIRNAVINT NAVY DEPT WASHINGTON DC  
RBEGK/COMEASTSEAFRON  
30/20152  
USCG GULF  
BT  

FLYOB REPORT X MR AVE METAIRIE LA PHONE  
REPORTS BRILLIANT BLUISH LIGHT LEAVING LONG LUMINOUS TRAIL  
WITH NO ACCOMPANYING SOUND X OBSERVED VISUALLY 30 OCT AT APPROX 2115S  
FOR 5 SEC FROM PASS CHRISTIANE POSITION 29-09N 89-25W X OBJECT OBSERVED  
BEARING 225 DEG TO 240 DEG TRAVELING NORTHEASTWARD HORIZONTALLY AT  
ESTIMATED 200 TO 300 MILE ALTITUDE BUT LOW ON HORIZON X WEATHER CLEAR  
VIS 7 TEMP 63 DEW POINT 59 WINDS AT 10000 FT NW AT 25 KTS  
X NO KNOWN METEOROLOGICAL PHENOMENON X NO KNOWN ACFT OPERATIONS THAT  
GENERAL AREA  
BT  

CFN 3816 33022 33 20 15S 5 29-09N 89-26W 225 240 200 300 7 63 59  
10000 25  
06/2330Z NOV RBETNFJ",0.06157635467980296,4.64,"RJEDEN/COM AIR DEFENSE COMMAND ENT AFB COLORADO SPRINGS  
RJEPNB/COM EASTERN AIR DEFENSE COMMAND STEWART AFB NY  
INFO RBEPW/DIRNAVINT NAVY DEPT WASHDC  
RBEGK/COM EAST SEA FRONT  
30/20152  
USCG GNRNC  
METAIRIE CA  
BT  
FLYOB REPORT X MR AVE METAIRIE LA PHONE  
REPORTS BRILLIANT BLUISH LIGHT LEAVING LONG LUMINOUS TRAIL  
WITH NO ACCOMPANYING SOUND X OBSERVED VISUALLY 30 OCT AT APPROX 2115S  
FOR 5 SEC FROM PASS TANTE-PHINE POSN 29-09N 89-25W X OBJECT OBSERVED  
BEARING 225 DEG TO 240 DEG TRAVELING NORTHEASTWARD HORIZONTALLY AT  
ESTIMATED 200 TO 300 MILE ALTITUDE BUT LOW ON HORIZON X WEATHER CLEAR  
VIS 7 TEMP 63 DEW POINT 59 WINDS AT 10000 FT NW AT 25 KTS  
X NO KNOWN METEOROLOGICAL PHENOMENON X NO KNOWN ACFT OPERATIONS THAT  
GENERAL AREA  
BT  
CFN 3816 33022 33 20 15S 5 29-09N 89-26W 225 240 200 300 7 63 59  
10000 25  
06/2330Z NOV RBETNFJ",0.02804878048780488,4.57,"RJEDEN/COM AIRDEFCOMMAND ENT AFB COLORADO SPRINGS  
RJEPNB/COMEASTERN AIR DEFENSE COMMAND STEWART AFB NYK  
fE4  
INFO RBEPW/DIRNAVINT NAVY DEPT WASKDC  
RBEGK/COMEASTSEAFRON  
30/20152  
USCG GRNC  
My  
METAIRIE CA .  
BT  
FLYOB REPORT X MR AVE METAIRIE LA PHONE  
REPORTS BRILLIANT BLUISH LIGHT LEAVING LONG LUMINOUS TRAIL  
WITH NO ACCOMPANYING SOUND X OBSERVED VISUALLY 30 OCT AT APRX 2115S  
FOR 5 SEC FROM PASS TANTE-PHINE POSN 29-09N 89-25W X OBJECT OBSERVED  
BEARING 225 DEG TO 240 DEG TRAVELING NORTHEASTWARD HORIZONTALLY AT  
ESTIMATED 200 TO 300 MILE ALTITUDE BUT LOW ON HORIZON X WEATHER CLEAR  
VIS 7 TEMP 63 DEW POINT 59 WINDS AT 10000 FT NW AT 25 KTS  
X NO KNOWN METEOROLOGICAL PHENOMENON X NO KNOWN ACFT OPERATIONS THAT  
GENERAL AREA  
BT  
CFN 3816 33022 33 20 15S 5 29-09N 89-26W 225 240 200 300 7 63 59  
10000 25  
06/2330Z NOV RBETNFJ  
S",0.029339853300733496,3.58,"RJEDEN/COM AIRDEFCOMMAND ENT AFB COLORADO SPRINGS  
RJEPNB/COMEASTERN AIR DEFENSE COMMAND STEWART AFB NY  
fE4  
INFO RBEPW/DIRNAVINT NAVY DEPT WASHDC  
RBEGK/COMEASTSEAFRON  
30/20152  
USCG GRNC  
My  
METAIRIE CA.  
BT  
FLYOBREPORT X MR AVE METAIRIE LA PHONE  

REPORTS BRILLIANT BLUISH LIGHT LEAVING LONG LUMINOUS TRAIL  
WITH NO ACCOMPANYING SOUND X OBSERVED VISUALLY 30 OCT AT APRX 2115S  
FOR 5 SEC FROM PASS TANTE-PHINE POSN 29-09N 89-25W X OBJECT OBSERVED  
BEARING 225 DEG TO 240 DEG TRAVELING NORTHEASTWARD HORIZONTALLY AT  
ESTIMATED 200 TO 300 MILE ALTITUDE BUT LOW ON HORIZON X WEATHER CLEAR  
VIS 7 TEMP 63 DEW POINT 59 WINDS AT 10000 FT NW AT 25 KTS  
X NO KNOWN METEOROLOGICAL PHENOMENON X NO KNOWN ACFT OPERATIONS THAT  
GENERAL AREA  
BT  
CFN 3816 33022 33 20 15S 5 29-09N 89-26W 225 240 200 300 7 63 59  
10000 25  
06/2330Z NOV RBETNFJ  
S",0.025766871165644172,2.46,"RJEDEN/COM AIRDEFCOMMAND ENT AFB COLORADO SPRINGS  
RJEPNB/COMEASTERN AIR DEFENSE COMMAND STEWART AFB NY  
INFO RBEPW/DIRNAVINT NAVY DEPT WASHDC  
RBEGK/COMEASTSEAFRON  
30/20152 USCG GRNC  
My METAIRIE CA.  
BT  

FLYOBREPORT X MR AVE METAIRIE LA PHONE  

REPORTS BRILLIANT BLUISH LIGHT LEAVING LONG LUMINOUS TRAIL  
WITH NO ACCOMPANYING SOUND X OBSERVED VISUALLY 30 OCT AT APRX 2115S  
FOR 5 SEC FROM PASS TANTE-PHINE POSN 29-09N 89-25W X OBJECT OBSERVED  
BEARING 225 DEG TO 240 DEG TRAVELING NORTHEASTWARD HORIZONTALLY AT  
ESTIMATED 200 TO 300 MILE ALTITUDE BUT LOW ON HORIZON X WEATHER CLEAR  
VIS 7 TEMP 63 DEW POINT 59 WINDS AT 10000 FT NW AT 25 KTS  
X NO KNOWN METEOROLOGICAL PHENOMENON X NO KNOWN ACFT OPERATIONS THAT  
GENERAL AREA  
BT  

CFN 3816 33022 33 20 15S 5 29-09N 89-26W 225 240 200 300 7 63 59  
10000 25  
06/2330Z NOV RBETNFJ  
S",0.02219482120838471,3.28
28977736,"Duties  
N / 1320 2  
SQD048 YDA059 VYC352 VDCJ29YHAW13  
00 RJEDDN RJEDSQ RJWFNK RJEDHO  
0729  
RJESKH :  
COMADIV 805  
RJEEDN COMEP ADC EMT AFB COLO  
Pass  
NIC CONDI 331D AID DEF TINKER AFB  
4-4x2a  
JEDSO/CONDR AIR TECH INTEL CNTR (PAFB)  
HD  
JEDIC ASSIST CHIEF OF STAFF INTEL HQ USAF NASH 25 D C  
JEPHO OFFICE OF INFO SVC HQ USAF CASH 25 D C  
UNCLASSIFIED/20 2084 SUBJ: ""UFO"" (PAR 5, AFR 200-00)  
DESCRIPTION OF THE OBJECT:  
TEARDROP SHAPED BALLOON characteristic  
COMPARED IN LENGTH OF THE DIAMETER OF A PEAR HELD AT ARMS LENGTH  
APPROXIMATELY 175 AS THICK IN LENGTH.  
COLOR-AROUND EDGES A BRIGHT SILVER AND IN CENTER CLOUD  
NUMBER ONE  
N/A  
NO DISCERNIBLE FEATURES OR DETAILS OTHER THAN SHAPE AND  
COLOR.  
NO TRAIL, EXHAUST OR SMOKE.  
No sound.  
NO OTHER DEFINITE OR UNUSUAL FEATURES.  
DESCRIPTION OF COURSE OF OBJECT:  
CHANGE CLAUSE INTO THE SKY ABOVE MESSY BUILDING FIRST  
BROUGHT ATTENTION TO OBJECT,  
ELEVATION AND DEPRESSION (ESTIMATED)  
SUMMER THERE FIRST OBSERVED.",0.13099041533546327,9.53,"Duties  
N / 1320 2  
SQD048 YDA059 VYC352 VDCJ29YHAW13  
00 RJEDDN RJEDSQ RJWFNK RJEDHO  
0729  
RJESKH :  
COMADIV 805  
RJEEDN COMEP ADC EMT AFB COLO  
Pass  
NIC CONDI 331D AID DEF TINKER AFB  
4-4x2a  
JEDSO/CONDR AIR TECH INTEL CNTR (PAFB  
HD  
JEDIC ASSIST CHIEF OF STAFF INTEL HQ USAF NASH 25 D C  
JEPHO OFFICE OF INFO SVC HQ USAF CASH 25 D C  
UNCLASSIFIED/20 2084 SUBJ: MUFO (PAP 5, AFF 200-00  
DESCRIPTION OF THE OBJECT:  
TEARDROP SHAPED BALLOON characteristic  
COMPARED IN LENGTH OF THE DIAMETER OF : PERCEIVED AT AFMS LENGTH  
APPROXIMATELY 175 AS THICK IN LENGTH.  
COLOR-AROUND EDGES A BRIGHT SILVER AND IN CENTER CLOUD  
NUMBER ONE  
N/A  
NO DISCERNIBLE FEATURES OR DETAILS OTHER THAN SHAPE AND  
COLOR.  
NO TRAIL, EXHAUST OR SMOKE.  
NO SOUND.  
NO OTHER PERTINENT OR UNUSUAL FEATURES.  
DESCRIPTION OF COURSE OF OBJECT:  
CHANGE COURSE INTO THE SKY ABOVE NEARBY BUILDING FIRST  
DREW ATTENTION TO OBJECT,  
ELEVATION AND DEPRESSION (FILLETED)  
WHERE FIRST OBSERVED.",0.13052858683926646,7.36,"Duties  
N / 1320 2  
SQD048 YDA059 VYC352 VDCJ29YHAW13  
00 RJEDDN RJEDSQ RJWFNK RJEDHO  
0729  
RJESKH :  
COMADIV 805  
RJEEDN COMEP ADC EMT AFB COLO  
Pass  
NIC CONDI 331D AID DEF TINKER AFB  
4-4x2a  
JEDSO/CONDR AIR TECH INTEL CNTR (PAFB  
HD  
JEDIC ASSIST CHIEF OF STAFF INTEL HQ USAF NASH 25 D C  
JEPHO OFFICE OF INFO SVC HQ USAF CASH 25 D C  
UNCLASSIFIED/20 2084 SUBJ: MUFO"" (PAR 5, AFF 200-00  
DESCRIPTION OF THE OBJECT:  
TEARDROP SHAPED BALLOON characteristic  
COMPARED IN LENGTH OF THE DIAMETER OF : PEAR HELD AT ARMS LENGTH  
APPROXIMATELY 175 AS THICK IN LENGTH.  
COLOR-AROUND EDGES A BRIGHT SILVER AND IN CENTER CLOUD  
NUMBER ONE  
N/A  
NO DISCERNIBLE FEATURES OR DETAILS OTHER THAN SHAPE AND  
COLOR.  
NO TRAIL, EXHAUST OR SMOKE.  
NO SOUND.  
NO OTHER PERTINENT OR UNUSUAL FEATURES.  
DESCRIPTION OF COURSE OF OBJECT:  
CHANCE GLANCE INTO THE SKY ABOVE NEARBY BUILDING FIRST  
BROUGHT ATTENTION TO OBJECT,  
ELEVATION AND DEPRESSION (FILMED)  
WHERE THERE FIRST OBSERVED.",0.1144385026737968,28.45,"Duty  
N / 1320 2  
SQD048 YDA059 VYC352 VDCJ29YHAW13  
00 RJEDDN RJEDSQ RJWFNK RJEDHO  
0729  
RJESKH:  
COMADIV 805  
RJEEDN COMEP ADC EMT AFB COLO  
Pass  
NIC CONDI 331D AID DEF TINKER AFB  
4-4x2a  
JEDSO/CONDR AIR TECH INTEL CNTR (PAFB  
HD  
JEDIC ASSIST CHIEF OF STAFF INTEL HQ USAF NASH 25 D C  
JEPHO OFFICE OF INFO SVC HQ USAF WASH 25 D C  
UNCLASSIFIED/20 2084 SUBJ: MUFO (PAP 5, AFF 200-00)  
DESCRIPTION OF THE OBJECT:  
TEARDROP SHAPED BALLOON CHARACTERISTIC  
COMPARED IN LENGTH OF THE DIAMETER OF: PERCEIVED AT AFMS LENGTH  
APPROXIMATELY 175 FEET AS THICK IN LENGTH.  
COLOR-AROUND EDGES A BRIGHT SILVER AND IN CENTER CLOUD  
NUMBER UNKNOWN  
N/A  
NO DISCERNIBLE FEATURES OR DETAILS OTHER THAN SHAPE AND  
COLOR.  
NO TRAIL, EXHAUST OR SMOKE.  
NO SOUND.  
NO OTHER PERTINENT OR UNUSUAL FEATURES.  
DESCRIPTION OF COURSE OF OBJECT:  
CHANGE COURSE INTO THE SKY ABOVE MASSY BUILDING FIRST  
DREW ATTENTION TO OBJECT,  
ELEVATION AND DEPRESSION (FILLETED)  
WHEN THERE FIRST OBSERVED.",0.14621131270010673,9.67,"Duty  
N / 1320 2  
SQD048 YDA059 VYC352 VDCJ29YHAW13  
00 RJEDDN RJEDSQ RJWFNK RJEDHO  
0729  
RJESKH:  
COMDIV 805  
RJEDDN COMEP ADC EMT AFB COLO  
Pass  
NIC CONDI 331D AID DEF TINKER AFB  
4-4x2a  
JEDSO/CONDR AIR TECH INTEL CNTR (PAFB)  
HD  
JEDIC ASSIST CHIEF OF STAFF INTEL HQ USAF NASH 25 D C  
JEPHO OFFICE OF INFO SVC HQ USAF WASH 25 D C  
UNCLASSIFIED/20 2084 SUBJ: ""UFO"" (PAP 5, AFF 200-00)  
DESCRIPTION OF THE OBJECT:  
TEARDROP SHAPED BALLOON characteristic  
COMPARED IN LENGTH OF THE DIAMETER OF: PEANUT HELD AT ARM'S LENGTH  
APPROXIMATELY 1.75 AS THICK IN LENGTH.  
COLOR-AROUND EDGES A BRIGHT SILVER AND IN CENTER CLOUD  
NUMBER ONE  
N/A  
NO DISCERNIBLE FEATURES OR DETAILS OTHER THAN SHAPE AND  
COLOR.  
NO TRAIL, EXHAUST OR SMOKE.  
NO SOUND.  
NO OTHER PERTINENT OR UNUSUAL FEATURES.  
DESCRIPTION OF COURSE OF OBJECT:  
CHANCE GLANCE INTO THE SKY ABOVE MASSY BUILDING FIRST  
DREW ATTENTION TO OBJECT,  
ELEVATION AND DEPO DECHAN (FILLED)  
IMMENSE THERE FIRST OBSERVED.",0.1304812834224599,11.85,"Duty  
N / 1320 2  
SQD048 YDA059 VYC352 VDCJ29YHAW13  
00 RJEDDN RJEDSQ RJWFNK RJEDHO  
0729  
RJESKH :  
COMADIV 805  
RJEDDN COMEP ADC EMT AFB COLO  
Pass  
NIC CONDI 331D AID DEF TINKER AFB  
4-4x2a  
JEDSO/CONDR AIR TECH INTEL CNTR (PAFB  
HD  
JEDIC ASSIST CHIEF OF STAFF INTEL HQ USAF WASH 25 D C  
JEPHO OFFICE OF INFO SVC HQ USAF WASH 25 D C  
UNCLASSIFIED/20 2084 SUBJ: ""UFO"" (PAP 5, AFR 200-2)  
DESCRIPTION OF THE OBJECT:  
TEARDROP SHAPED BALLOON characteristic  
COMPARED IN LENGTH OF THE DIAMETER OF : PERCEIVED AT ARMS LENGTH  
APPROXIMATELY 1/75 AS THICK IN LENGTH.  
COLOR - ALONG EDGES A BRIGHT SILVER AND IN CENTER CLOUDY  
NUMBER ONE  
N/A  
NO DISCERNIBLE FEATURES OR DETAILS OTHER THAN SHAPE AND  
COLOR.  
NO TRAIL, EXHAUST OR SMOKE.  
NO SOUND.  
NO OTHER DEFINITE OR UNUSUAL FEATURES.  
DESCRIPTION OF COURSE OF OBJECT:  
SUDDEN CHANGE INTO THE SKY ABOVE NEARBY BUILDING FIRST  
DREW ATTENTION TO OBJECT,  
ELEVATION AND DEPRESSION (FILMED)  
OBSERVED THERE FIRST.",0.14146868250539957,10.66,"Dutti  
N / 1320 2  
SQD048 YDA059 VYC352 VDCJ29YHAW13  
00 RJEDDN RJEDSQ RJWFNK RJEDHO  
0729  
RJESKH :  
COMADIV 805  
RJEEDN COMEP ADC EMT AFB COLO  
Pass  
NIC CONDI 331D AID DEF TINKER AFB  
4-4x2a  
JEDSO/CONDR AIR TECH INTEL CNTR (PAFB  
HD  
JEDIC ASSIST CHIEF OF STAFF INTEL HO USAF NASH 25 D C  
JEPHO OFFIC OF INFO SVC HO USAF CASH 25 D C  
UNCLASSIFIED/20 2084 SUBJ: MUFO"" (PAP 5, AFF 200-00  

DESCRIPTION OF THE OBJECT:  
TEARDROP SHAPED BALLOON characteristic  
COMPARED IN LENGTH OF THE DIAMETER OF : PEAR HELD AT ARMS LENGTH  
APPROXIMATELY 175 AS THICK IN LENGTH.  
COLOR-AROUND EDGES A BRIGHT SILVER AND IN CENTER CLOUD  
NUMBER QNC  
N/A  
NO DISCERNIBLE FEATURES OR DETAILS OTHER THAN SHAPE AND  
COLOR.  
NO TRAIL, EXHAUST OR SMOKE.  
NO SOUND.  
NO OTHER DEFINITE OR UNUSUAL FEATURES.  

DESCRIPTION OF COURSE OF OBJECT:  
CHANCE GLANCE INTO THE SKY ABOVE MESSY BUILDING FIRST  
BROUGHT ATTENTION TO OBJECT,  
ELEVATION AND DEPO DECLINE (FILLETED)  
IMMENSE THERE FIRST OBSERVED.",0.12700106723585913,3.37,"Dutti  
N / 1320 2  
SQD048 YDA059 VYC352 VDCJ29YHAW13  
00 RJEDDN RJEDSQ RJWFNK RJEDHO  
0729  
RJESKH :  
COMADIV 805  
RJEEDN COMEP ADC EMT AFB COLO  
Pass  
NIC CONDI 331D AID DEF TINKER AFB  
4-4x2a  
JEDSO/CONDR AIR TECH INTEL CNTR (PAFB  
HD  
JEDIC ASSIST CHIEF OF STAFF INTEL HO USAF NASH 25 D C  
JEPHO OFFIC OF INFO SVC HO USAF CASH 25 D C  
UNCLASSIFIED/20 2084 SUBJ: MUFO"" (PAP 5, AFF 200-00  
DESCRIPTION OF THE OBJECT:  
TEARDROP SHAPED BALLOON characteristic  
COMPARED IN LENGTH OF THE DIAMETER OF : PEANUT HELD AT ARMS LENGTH  
APPROXIMATELY 175 AS THICK IN LENGTH.  
COLOR-AROUND EDGES A BRIGHT SILVER AND IN CENTER CLOUD  
NUMBER QNC  
N/A  
NO DISCERNIBLE FEATURES OR DETAILS OTHER THAN SHAPE AND  
COLOR.  
NO TRAIL, EXHAUST OR SMOKE.  
NO SOUND.  
NO OTHER DEFINITE OR UNUSUAL FEATURES.  
DESCRIPTION OF COURSE OF OBJECT:  
CHANGE CLAUSE INTO THE SKY ABOVE MEASSY BUILDING FIRST  
DREW ATTENTION TO OBJECT,  
ELEVATION AND DEPO DECLINE (FILM NOTED)  
WHERE THEY FIRST OBSERVED.",0.1388888888888889,4.51,"Dutti  
N / 1320 2  
SQD048 YDA059 VYC352 VDCJ29YHAW13  
00 RJEDDN RJEDSQ RJWFNK RJEDHO  
0729  
RJESKH:  
COMADIV 805  
RJEEDN COMEP ADC EMT AFB COLO  
Pass  
NIC CONDI 331D AID DEF TINKER AFB  
4-4x2a  
JEDSO/CONDR AIR TECH INTEL CNTR (PAFB  
HD  
JEDIC ASSIST CHIEF OF STAFF INTEL HO USAF NASH 25 D C  
JEPHO OFFIC OF INFO SVC HO USAF CASH 25 D C  
UNCLASSIFIED/20 2084 SUBJ: MUFO"" (PAP 5, AFF 200-00  

DESCRIPTION OF THE OBJECT:  
TEARDROP SHAPED BALLOON characteristic  
COMPARED IN LENGTH OF THE DIAMETER OF: PEAHELD AT AFMS LENGTH  
APPROXIMATELY 175 AS THICK IN LENGTH.  
COLOR-AROUND EDGES A BRIGHT SILVER AND IN CENTER CLOUD  
NUMBER QNC  
N/A  
NO DISCERNIBLE FEATURES OR DETAILS OTHER THAN SHAPE AND  
COLOR.  
NO TRAIL, EXHAUST OR SMOKE.  
NO SOUND.  
NO OTHER DEFINITE OR UNUSUAL FEATURES.  

DESCRIPTION OF COURSE OF OBJECT:  
CHANGE COURSE INTO THE SKY ABOVE MESSY BUILDING FIRST  
DREW ATTENTION TO OBJECT,  
ELEVATION AND DEPO DECHAN (FILMED)  
WHERE THEY FIRST OBSERVED.",0.13822894168466524,3.69
28930868,"UNCLASSIFIED  
50 24-21L  
PROJECT ""GRUDGE""  
DETAILS:  
1. This investigation is predicated upon receipt of a Routing and Record Sheet, dated 13 May 1949 from Lt. R. CLINGERMAN, Colonel, Chief, Technical Intelligence Division (MCTARS), Headquarters, Air Materiel Command, Wright-Patterson Air Force Base, Dayton, Ohio, who received information hereinafter set forth regarding the sighting of alleged flying objects in the vicinity of Gilchrist Beach, Galveston, Texas in June 1948. This information was received by letter dated 4 March 1949 from Mr. [Name Redacted], Beaumont, Texas.  
2. Information received indicates that the observer, while swimming at Gilchrist Beach, Galveston, Texas, heard a roaring noise and saw a sailing object over telephone poles which ran by the highway which spanned approximately twelve or thirteen feet and about the same size in length. This sailing object descended toward the water at about a forty mile an hour speed.  
INCLOSURE:  
Photostatic copy of letter dated 4 March 1949 from Mr. [Name Redacted] (without drawings).  
PENDING  
DOWNGRADED DECLASSIFY AFTER 3 YEARS  
DOD DIR 5200.10  
UNCLASSIFIED",0.042818911685994644,6.14,"UNCLASSIFIED  
50 24-21L  
PROJECT ""GRUDGE""  
DETAILS:  
1. This investigation is predicated upon receipt of a Routing and  
Record Sheet, dated 13 May 1949 from Lt. R. CLINGERMAN, Colonel, Chief,  
Technical Intelligence Division (MCTAFS), Headquarters, Air Materiel Command,  
Wright-Patterson Air Force Base, Dayton, Ohio, who received information  
hereinafter set forth regarding the sighting of alleged flying objects in  
the vicinity of Gilchrist Beach, Galveston, Texas in June 1948. This in-  
formation was received by letter dated 4 March 1949 from Mr. [Name Redacted],  
Beaumont, Texas.  
2. Information received indicates that the observer, while swimming  
at Gilchrist Beach, Galveston, Texas, heard a roaring noise and saw a sailing  
object over telephone poles which ran by the highway which spanned approx-  
imately twelve or thirteen feet and about the same size in length. This  
sailing object descended toward the water at about a forty mile an hour  
speed.  
INCLOSURE:  
Photostatic copy of letter dated 4 March 1949 from Mr. [Name Redacted]  
(without drawings).   
PENDING  
DOWNGRADED DECLASSIFY AFTER 3 YEARS  
DOD DIR 5200.10  
UNCLASSIFIED",0.042666666666666665,3.89,"UNCLASSIFIED  
50 24-21L  
PROJECT ""GRUDGE""  
DETAILS:  
1. This investigation is predicated upon receipt of a Routing and  
Record Sheet, dated 13 May 1949 from Lt. R. CLINGERMAN, Colonel, Chief,  
Technical Intelligence Division (MCTAFS), Headquarters, Air Materiel Command,  
Wright-Patterson Air Force Base, Dayton, Ohio, who received information  
hereinafter set forth regarding the sighting of alleged flying objects in  
the vicinity of Gilchrist Beach, Galveston, Texas in June 1948. This in-  
formation was received by letter dated 4 March 1949 from Mr.  
Beaumont, Texas.  
2. Information received indicates that the observer, while swimming  
at Gilchrist Beach, Galveston, Texas, heard a roaring noise and saw a sailing  
object over telephone poles which ran by the highway which spanned approx-  
imately twelve or thirteen feet and about the same size in length. This  
sailing object descended toward the water at about a forty mile an hour  
speed.  
INCLOSURE:  
Photostatic copy of letter dated 4 March 1949 from Mr.  
(without drawings).  
PENDING  
DOWNGRADED DECLASSIFY AFTER 3 YEARS  
DOD DIR 5200.10  
UNCLASSIFIED",0.0136986301369863,4.4,"UNCLASSIFIED  
50 24-21L  
PROJECT ""GRUDGE""  
DETAILS:  
1. This investigation is predicated upon receipt of a Routing and Record Sheet, dated 13 May 1949 from Lt. R. CLINGERMAN, Colonel, Chief, Technical Intelligence Division (MCTAXS), Headquarters, Air Materiel Command, Wright-Patterson Air Force Base, Dayton, Ohio, who received information hereinafter set forth regarding the sighting of alleged flying objects in the vicinity of Gilchrist Beach, Galveston, Texas in June 1948. This information was received by letter dated 4 March 1949 from Mr. [Name Redacted], Beaumont, Texas.  
2. Information received indicates that the observer, while swimming at Gilchrist Beach, Galveston, Texas, heard a roaring noise and saw a sailing object over telephone poles which ran by the highway, which spanned approximately twelve or thirteen feet and about the same size in length. This sailing object descended toward the water at about a forty mile an hour speed.  
INCLOSURE:  
Photostatic copy of letter dated 4 March 1949 from Mr. [Name Redacted] (without drawings).  
PENDING  
DOWNGRADED DECLASSIFY AFTER 3 YEARS  
DOD DIR 5200.10  
UNCLASSIFIED",0.0427807486631016,5.12,"UNCLASSIFIED  
50 24-21L  
PROJECT ""GRUDGE""  
DETAILS:  
1. This investigation is predicated upon receipt of a Routing and Record Sheet, dated 13 May 1949 from Lt. R. CLINGERMAN, Colonel, Chief, Technical Intelligence Division (MCTAXS), Headquarters, Air Materiel Command, Wright-Patterson Air Force Base, Dayton, Ohio, who received information hereinafter set forth regarding the sighting of alleged flying objects in the vicinity of Gilchrist Beach, Galveston, Texas in June 1948. This information was received by letter dated 4 March 1949 from Mr. [Redacted], Beaumont, Texas.  
2. Information received indicates that the observer, while swimming at Gilchrist Beach, Galveston, Texas, heard a roaring noise and saw a sailing object over telephone poles which ran by the highway which spanned approximately twelve or thirteen feet and about the same size in length. This sailing object descended toward the water at about a forty-mile-an-hour speed.  
INCLOSURE:  
Photostatic copy of letter dated 4 March 1949 from Mr. [Redacted] (without drawings).  
PENDING  
DOWNGRADED DECLASSIFY AFTER 3 YEARS  
DOD DIR 5200.10  
UNCLASSIFIED",0.036003600360036005,6.15,"UNCLASSIFIED  
50 24-21L  
PROJECT ""GRUDGE""  
DETAILS:  
1. This investigation is predicated upon receipt of a Routing and Record Sheet, dated 13 May 1949 from Lt. R. CLINGERMAN, Colonel, Chief, Technical Intelligence Division (MCTAS), Headquarters, Air Materiel Command, Wright-Patterson Air Force Base, Dayton, Ohio, who received information hereinafter set forth regarding the sighting of alleged flying objects in the vicinity of Gilchrist Beach, Galveston, Texas in June 1948. This information was received by letter dated 4 March 1949 from Mr. Beaumont, Texas.  
2. Information received indicates that the observer, while swimming at Gilchrist Beach, Galveston, Texas, heard a roaring noise and saw a sailing object over telephone poles which ran by the highway which spanned approximately twelve or thirteen feet and about the same size in length. This sailing object descended toward the water at about a forty mile an hour speed.  
INCLOSURE:  
Photostatic copy of letter dated 4 March 1949 from Mr. [Name Redacted] (without drawings).  
PENDING  
DOWNGRADED DECLASSIFY AFTER 3 YEARS  
DOD DIR 5200.10  
UNCLASSIFIED",0.028105167724388033,4.9,"UNCLASSIFIED  
50 24-21L  
PROJECT ""GRUDGE""  

DETAILS:  
1. This investigation is predicated upon receipt of a Routing and Record Sheet, dated 13 May 1949 from TH. R. CLINGERMAN, Colonel, Chief, Technical Intelligence Division (MCTAXS), Headquarters, Air Materiel Command, Wright-Patterson Air Force Base, Dayton, Ohio, who received information hereinafter set forth regarding the sighting of alleged flying objects in the vicinity of Gilchrist Beach, Galveston, Texas in June 1948. This information was received by letter dated 4 March 1949 from Mr. Beaumont, Texas.  

2. Information received indicates that the observer, while swimming at Gilchrist Beach, Galveston, Texas, heard a roaring noise and saw a sailing object over telephone poles which ran by the highway which spanned approximately twelve or thirteen feet and about the same size in length. This sailing object descended toward the water at about a forty mile an hour speed.  

INCLOSURE:  
Photostatic copy of letter dated 4 March 1949 from Mr. (without drawings).  

PENDING  
DOWNGRADED DECLASSIFY AFTER 3 YEAR  
DOD DIR 5200.10  
UNCLASSIFIED",0.0136986301369863,4.92,"UNCLASSIFIED  
50 24-21L  
PROJECT ""GRUDGE""  

DETAILS:  
1. This investigation is predicated upon receipt of a Routing and Record Sheet, dated 13 May 1949 from TH. R. CLINGERMAN, Colonel, Chief, Technical Intelligence Division (MCTAXS), Headquarters, Air Materiel Command, Wright-Patterson Air Force Base, Dayton, Ohio, who received information hereinafter set forth regarding the sighting of alleged flying objects in the vicinity of Gilchrist Beach, Galveston, Texas in June 1948. This information was received by letter dated 4 March 1949 from Mr. Beaumont, Texas.  

2. Information received indicates that the observer, while swimming at Gilchrist Beach, Galveston, Texas, heard a roaring noise and saw a sailing object over telephone poles which ran by the highway which spanned approximately twelve or thirteen feet and about the same size in length. This sailing object descended toward the water at about a forty mile an hour speed.  

INCLOSURE:  
Photostatic copy of letter dated 4 March 1949 from Mr. (without drawings).  

PENDING  
DOWNGRADED DECLASSIFY AFTER 3 YEAR  
DOD DIR 5200.10  
UNCLASSIFIED",0.0136986301369863,2.37,"UNCLASSIFIED  
50 24-21L  
PROJECT ""GRUDGE""  

DETAILS:  
1. This investigation is predicated upon receipt of a Routing and Record Sheet, dated 13 May 1949 from TH. R. CLINGERMAN, Colonel, Chief, Technical Intelligence Division (MCTAXS), Headquarters, Air Materiel Command, Wright-Patterson Air Force Base, Dayton, Ohio, who received information hereinafter set forth regarding the sighting of alleged flying objects in the vicinity of Gilchrist Beach, Galveston, Texas in June 1948. This information was received by letter dated 4 March 1949 from Mr. Beaumont, Texas.  

2. Information received indicates that the observer, while swimming at Gilchrist Beach, Galveston, Texas, heard a roaring noise and saw a sailing object over telephone poles which ran by the highway which spanned approximately twelve or thirteen feet and about the same size in length. This sailing object descended toward the water at about a forty mile an hour speed.  

INCLOSURE:  
Photostatic copy of letter dated 4 March 1949 from Mr. (without drawings).  

PENDING  
DOWNGRADED DECLASSIFY AFTER 3 YEAR  
DOD DIR 5200.10  

UNCLASSIFIED",0.0136986301369863,2.76
28976751,"OFFICIAL FILE COPY  
AFCIN-4E2x /Maj Friend/amc/69216/typed 27 July 60  
1 AUG 1960  
ONI Information Report (Flying Saucer Photographed from Almirante Saldanha)  
SAFOI-3d (L/Col Tacker)  

1. Attached are copies of the ONI Information Report, subject: ""Brazil - Navy - Flying Saucer Photographed from Almirante Saldanha,"" dated 11 March 1958. This report was requested by L/Col Tacker of SAFOI-3d on 26 July 1960.  

2. This report is unclassified. The report is on a standard Navy form with Confidential stamps; however, the word ""unclassified"" has been typed across the classification box by the office of origin.  

FOR THE COMMANDER:  
PHILIP G. EVANS  
Colonel, USAF  
Deputy for Science and Components  

COORDINATION:  
May Date 27 July 60  
AFCIN-4E2 enslerg Col Date 2226  

Post 7/29/60  

1 Atch:  
Cy ONI Info Rpt, dtd 11 Mar 58",0.16527942925089179,7.48,"OFFICIAL FILE COPY  
AFCIN-4E2x /Maj Friend/amc/69216/typed 27 July 60  
1 AUG 1960  
ONI Information Report (Flying Saucer Photographed from Almirante Saldanha)  
SAFOI-3d (L/Col Tacker)  

1. Attached are copies of the ONI Information Report, subject: ""Brazil - Navy - Flying Saucer Photographed from Almirante Saldanha,"" dated 11 March 1958. This report was requested by L/Col Tacker of SAFOI-3d on 26 July 1960.  

2. This report is unclassified. The report is on a standard Navy form with Confidential stamps; however, the word ""unclassified"" has been typed across the classification box by the office of origin.  

FOR THE COMMANDER:  
PHILIP G. EVANS  
Colonel, USAF  
Deputy for Science and Components  

COORDINATION:  
AFCIN-4E2 May Date 27 July 60  
enslerg Col Date 2226  

1 Atch:  
Cy ONI Info Rpt, dtd 11 Mar 58",0.14744351961950058,5.84,"OFFICIAL FILE COPY  
AFCIN-4E2 /Maj Friend/amc/69216/typed 27 July 60  
1 AUG 1960  
ONI Information Report (Flying Saucer Photographed from Almirante Saldanha)  
SAFOI-3d (L/Col Tacker)  

1. Attached are copies of the ONI Information Report, subject: ""Brazil - Navy - Flying Saucer Photographed from Almirante Saldanha,"" dated 11 March 1958. This report was requested by L/Col Tacker of SAFOI-3d on 26 July 1960.  

2. This report is unclassified. The report is on a standard Navy form with Confidential stamps; however, the word ""unclassified"" has been typed across the classification box by the office of origin.  

FOR THE COMMANDER:  
PHILIP G. EVANS  
Colonel, USAF  
Deputy for Science and Components  

COORDINATION:  
May Date 27 July 60  
AFCIN-4E2 Col Date 27 July 60  

1 Atch:  
Cy ONI Info Rpt, dtd 11 Mar 58",0.1426872770511296,12.29,"OFFICIAL FILE COPY  
AFCIN-4E2x /Maj Friend/amc/69216/typed 27 July 60  
1 AUG 1960  

ONI Information Report (Flying Saucer Photographed from Almirante Saldanha)  
SAFOI-3d (L/Col Tacker)  

1. Attached are copies of the ONI Information Report, subject: ""Brazil - Navy - Flying Saucer Photographed from Almirante Saldanha,"" dated 11 March 1958. This report was requested by L/Col Tacker of SAFOI-3d on 26 July 1960.  

2. This report is unclassified. The report is on a standard Navy form with Confidential stamps; however, the word ""unclassified"" has been typed across the classification box by the office of origin.  

FOR THE COMMANDER:  
PHILIP G. EVANS  
Colonel, USAF  
Deputy for Science and Components  

COORDINATION:  
AFCIN-4E2  
May Date 27 July 60  
enslerg Col Date 2226  

1 Atch:  
Cy ONI Info Rpt, dtd 11 Mar 58",0.14744351961950058,8.71,"OFFICIAL FILE COPY  
AFCIN-4E2x /Maj Friend/amc/69216/typed 27 July 60  
1 AUG 1960  
ONI Information Report (Flying Saucer Photographed from Almirante Saldanha)  
SAFOI-3d (L/Col Tacker)  

1. Attached are copies of the ONI Information Report, subject: ""Brazil - Navy - Flying Saucer Photographed from Almirante Saldanha,"" dated 11 March 1958. This report was requested by L/Col Tacker of SAFOI-3d on 26 July 1960.  

2. This report is unclassified. The report is on a standard Navy form with Confidential stamps; however, the word ""unclassified"" has been typed across the classification box by the office of origin.  

FOR THE COMMANDER:  
PHILIP G. EVANS  
Colonel, USAF  
Deputy for Science and Components  

COORDINATION:  
Atch:  
Cy ONI Info Rpt, dtd 11 Mar 58  
Date 27 July 60  
AFCIN-4E2  
Maj Friend  
Date 1 Aug 60",0.12366230677764566,6.29,"OFFICIAL FILE COPY  
AFCIN-4E2x /Maj Friend/amc/69216/typed 27 July 60  
1 AUG 1960  

ONI Information Report (Flying Saucer Photographed from Almirante Saldanha)  
SAFOI-3d (L/Col Tacker)  

1. Attached are copies of the ONI Information Report, subject: ""Brazil - Navy - Flying Saucer Photographed from Almirante Saldanha,"" dated 11 March 1958. This report was requested by L/Col Tacker of SAFOI-3d on 26 July 1960.  

2. This report is unclassified. The report is on a standard Navy form with Confidential stamps; however, the word ""unclassified"" has been typed across the classification box by the office of origin.  

FOR THE COMMANDER:  
PHILIP G. EVANS  
Colonel, USAF  
Deputy for Science and Components  

COORDINATION:  
AFCIN-4E2  

May Date 27 July 60  
enslerg Col Date 2226  

1 Atch:  
Cy ONI Info Rpt, dtd 11 Mar 58",0.14744351961950058,7.53,"OFFICIAL FILE COPY  
AFCIN-4E2x /Maj Friend/amc/69216/typed 27 July 60  
1 AUG 1960  

ONI Information Report (Flying Saucer Photographed from Almirante Saldanha)  
SAFOI-3d (L/Col Tacker)  

1. Attached are copies of the ONI Information Report, subject:  
""Brazil - Navy - Flying Saucer Photographed from Almirante Saldanha,"" dated 11 March 1958. This report was requested by L/Col Tacker of SAFOI-3d on 26 July 1960.  

2. This report is unclassified. The report is on a standard Navy form with Confidential stamps; however, the word ""unclassified"" has been typed across the classification box by the office of origin.  

FOR THE COMMANDER:  
Pickle  
PHILIP G. EVANS Post 7/29/60  
1 Atch:  
Colonel, USAF  
Cy ONI Info Rpt, dtd 11 Mar 58  
Deputy for Science and Components  

COORDINATION:  
May Date 27 July 60  
AFCIN-4E2 enslerg Col Date 2226",0.08323424494649227,2.55,"OFFICIAL FILE COPY  
AFCIN-4E2x /Maj Friend/amc/69216/typed 27 July 60  
1 AUG 1960  

ONI Information Report (Flying Saucer Photographed from Almirante Saldanha)  
SAFOI-3d (L/Col Tacker)  

1. Attached are copies of the ONI Information Report, subject: ""Brazil - Navy - Flying Saucer Photographed from Almirante Saldanha,"" dated 11 March 1958. This report was requested by L/Col Tacker of SAFOI-3d on 26 July 1960.  

2. This report is unclassified. The report is on a standard Navy form with Confidential stamps; however, the word ""unclassified"" has been typed across the classification box by the office of origin.  

FOR THE COMMANDER:  
PHILIP G. EVANS  
Colonel, USAF  
Deputy for Science and Components  

COORDINATION:  
May Date 27 July 60  
AFCIN-4E2 enslerg Col Date 2226  

Post 7/29/60  
1 Atch:  
Cy ONI Info Rpt, dtd 11 Mar 58",0.16527942925089179,2.56,"OFFICIAL FILE COPY  
AFCIN-4E2x /Maj Friend/amc/69216/typed 27 July 60  
1 AUG 1960  

ONT Information Report (Flying Saucer Photographed from Almirante Saldanha)  
SAFOI-3d (L/Col Tacker)  

1. Attached are copies of the ONI Information Report, subject: ""Brazil - Navy - Flying Saucer Photographed from Almirante Saldanha,"" dated 11 March 1958. This report was requested by L/Col Tacker of SAFOI-3d on 26 July 1960.  

2. This report is unclassified. The report is on a standard Navy form with Confidential stamps; however, the word ""unclassified"" has been typed across the classification box by the office of origin.  

FOR THE COMMANDER:  
PHILIP G. EVANS  
Colonel, USAF  
Deputy for Science and Components  

COORDINATION:  
May Date 27 July 60  
AFCIN-4E2 enslerg Col Date 2226  

Post 7/29/60  
1 Atch:  
Cy ONI Info Rpt, dtd 11 Mar 58",0.16646848989298454,3.09
28957510,"Page 1

20. Draw a picture that will show the motion that the object or objects made. Place an ""A"" at the beginning of the path, a ""B"" at the end of the path, and show any changes in direction during the course.

21. IF POSSIBLE, try to guess or estimate what the real size of the object was in its longest dimension. 50-70 feet.

22. How large did the object or objects appear as compared with one of the following objects held in the hand and at about arm's length? (Circle One):

a. Head of a pin  
b. Pea  
c. Dime  
d. Nickel  
e. Quarter  
f. Half dollar  
g. Silver dollar  
h. Baseball  
i. Grapefruit  
j. Basketball  
k. Other  

22.1 (Circle One of the following to indicate how certain you are of your answer to Question 22.)

a. Certain  
b. Fairly certain  
c. Not very sure  
d. Uncertain  

23. How did the object or objects disappear from view? Dropped behind the house.

24. In order that you can give as clear a picture as possible of what you saw, we would like for you to imagine that you could construct the object that you saw. Of what type of material would you make it? How large would it be, and what shape would it have? Describe in your own words a common object or objects which when placed up in the sky would give the same appearance as the object which you saw. Metal, 30 to 40 feet around, a Plate.",0.013147718484145398,10.01,"Page 1

20. Draw a picture that will show the motion that the object or objects made. Place an ""A"" at the beginning of the path, a ""B"" at the end of the path, and show any changes in direction during the course.

21. IF POSSIBLE, try to guess or estimate what the real size of the object was in its longest dimension. 50-70 feet.

22. How large did the object or objects appear as compared with one of the following objects held in the hand and at about arm's length? (Circle One):  
a. Head of a pin  
b. Pea  
c. Dime  
d. Nickel  
e. Quarter  
f. Half dollar  
g. Silver dollar  
h. Baseball  
i. Grapefruit  
j. Basketball  
k. Other  

22.1 (Circle One of the following to indicate how certain you are of your answer to Question 22.)  
a. Certain  
b. Fairly certain  
c. Not very sure  
d. Uncertain  

23. How did the object or objects disappear from view? Dropped behind the house.

24. In order that you can give as clear a picture as possible of what you saw, we would like for you to imagine that you could construct the object that you saw. Of what type of material would you make it? How large would it be, and what shape would it have? Describe in your own words a common object or objects which when placed up in the sky would give the same appearance as the object which you saw.  
Metal  
30 to 40 feet around  
a Plate",0.010852713178294573,6.76,"Page 1

20. Draw a picture that will show the motion that the object or objects made. Place an ""A"" at the beginning of the path, a ""B"" at the end of the path, and show any changes in direction during the course.

21. IF POSSIBLE, try to guess or estimate what the real size of the object was in its longest dimension. 50-70 feet.

22. How large did the object or objects appear as compared with one of the following objects held in the hand and at about arm's length? (Circle One):

a. Head of a pin  
b. Pea  
c. Dime  
d. Nickel  
e. Quarter  
f. Half dollar  
g. Silver dollar  
h. Baseball  
i. Grapefruit  
j. Basketball  
k. Other

22.1 (Circle One of the following to indicate how certain you are of your answer to Question 22.)

a. Certain  
b. Fairly certain  
c. Not very sure  
d. Uncertain

23. How did the object or objects disappear from view? Dropped behind the house.

24. In order that you can give as clear a picture as possible of what you saw, we would like for you to imagine that you could construct the object that you saw. Of what type of material would you make it? How large would it be, and what shape would it have? Describe in your own words a common object or objects which when placed up in the sky would give the same appearance as the object which you saw. Metal, 30 to 40 feet around, a plate.",0.013147718484145398,6.89,"Page 20

20. Draw a picture that will show the motion that the object or objects made. Place an ""A"" at the beginning of the path, a ""B"" at the end of the path, and show any changes in direction during the course.

21. IF POSSIBLE, try to guess or estimate what the real size of the object was in its longest dimension.
50-70 feet.

22. How large did the object or objects appear as compared with one of the following objects held in the hand and at about arm's length?
(Circle One):
a. Head of a pin
b. Pea
c. Dime
d. Nickel
e. Quarter
f. Half dollar
g. Silver dollar
h. Baseball
i. Grapefruit
j. Basketball
k. Other

22.1 (Circle One of the following to indicate how certain you are of your answer to Question 22.)
a. Certain
b. Fairly certain
c. Not very sure
d. Uncertain

23. How did the object or objects disappear from view? Dropped behind the house.

24. In order that you can give as clear a picture as possible of what you saw, we would like for you to imagine that you could construct the object that you saw. Of what type of material would you make it? How large would it be, and what shape would it have? Describe in your own words a common object or objects which when placed up in the sky would give the same appearance as the object which you saw.
Metal
30 to 40 feet around
a Plate",0.011618900077459334,4.78,"Page 1

20. Draw a picture that will show the motion that the object or objects made. Place an ""A"" at the beginning of the path, a ""B"" at the end of the path, and show any changes in direction during the course.

21. IF POSSIBLE, try to guess or estimate what the real size of the object was in its longest dimension.
50-70 feet.

22. How large did the object or objects appear as compared with one of the following objects held in the hand and at about arm's length?
(Circle One):
a. Head of a pin
b. Pea
c. Dime
d. Nickel
e. Quarter
f. Half dollar
g. Silver dollar
h. Baseball
i. Grapefruit
j. Basketball
k. Other

22.1 (Circle One of the following to indicate how certain you are of your answer to Question 22.)
a. Certain
b. Fairly certain
c. Not very sure
d. Uncertain

23. How did the object or objects disappear from view? Dropped behind the house.

24. In order that you can give as clear a picture as possible of what you saw, we would like for you to imagine that you could construct the object that you saw. Of what type material would you make it? How large would it be, and what shape would it have? Describe in your own words a common object or objects which when placed up in the sky would give the same appearance as the object which you saw.
Metal
30 to 40 feet around
a Plate",0.008547008547008548,9.62,"Page 1

20. Draw a picture that will show the motion that the object or objects made. Place an ""A"" at the beginning of the path, a ""B"" at the end of the path, and show any changes in direction during the course.

21. IF POSSIBLE, try to guess or estimate what the real size of the object was in its longest dimension.
50-70 feet.

22. How large did the object or objects appear as compared with one of the following objects held in the hand and at about arm's length?
(Circle One):
a. Head of a pin  
b. Pea  
c. Dime  
d. Nickel  
e. Quarter  
f. Half dollar  
g. Silver dollar  
h. Baseball  
i. Grapefruit  
j. Basketball  
k. Other

22.1 (Circle One of the following to indicate how certain you are of your answer to Question 22.)
a. Certain  
b. Fairly certain  
c. Not very sure  
d. Uncertain

23. How did the object or objects disappear from view? Dropped behind the house.

24. In order that you can give as clear a picture as possible of what you saw, we would like for you to imagine that you could construct the object that you saw. Of what type of material would you make it? How large would it be, and what shape would it have? Describe in your own words a common object or objects which when placed up in the sky would give the same appearance as the object which you saw.  
Metal  
30 to 40 feet around  
a Plate",0.010852713178294573,6.97,"Page ,

20. Draw a picture that will show the motion that the object or objects made. Place an ""A"" at the beginning of the path, a ""B"" at the end of the path, and show any changes in direction during the course.

21. IF POSSIBLE, try to guess or estimate what the real size of the object was in its longest dimension.
50-70 feet.

22. How large did the object or objects appear as compared with one of the following objects held in the hand and at about arm's length?
(Circle One):
a. Head of a pin
b. Pea
c. Dime
d. Nickel
e. Quarter
f. Half dollar
g. Silver dollar
h. Baseball
i. Grapefruit
j. Basketball
k. Other

22.1 (Circle One of the following to indicate how certain you are of your answer to Question 22.)
a. Certain
b. Fairly certain
c. Not very sure
d. Uncertain

23. How did the object or objects disappear from view? Dropped behind the house.

24. In order that you can give as clear a picture as possible of what you saw, we would like for you to imagine that you could construct the object that you saw. Of what type of material would you make it? How large would it be, and what shape would it have? Describe in your own words a common object or objects which when placed up in the sky would give the same appearance as the object which you saw.
Metal
30-40 feet around
a Plate",0.006993006993006993,8.67,"Page 1

20. Draw a picture that will show the motion that the object or objects made. Place an ""A"" at the beginning of the path, a ""B"" at the end of the path, and show any changes in direction during the course.

21. IF POSSIBLE, try to guess or estimate what the real size of the object was in its longest dimension.  
50-70 feet.

22. How large did the object or objects appear as compared with one of the following objects held in the hand and at about arm's length?  
(Circle One):  
a. Head of a pin  
b. Pea  
c. Dime  
d. Nickel  
e. Quarter  
f. Half dollar  
g. Silver dollar  
h. Baseball  
i. Grapefruit  
j. Basketball  
k. Other

22.1 (Circle One of the following to indicate how certain you are of your answer to Question 22.)  
a. Certain  
b. Fairly certain  
c. Not very sure  
d. Uncertain

23. How did the object or objects disappear from view?  
Dropped behind the house.

24. In order that you can give as clear a picture as possible of what you saw, we would like for you to imagine that you could construct the object that you saw. Of what type of material would you make it? How large would it be, and what shape would it have? Describe in your own words a common object or objects which, when placed up in the sky, would give the same appearance as the object which you saw.  
Metal  
30-40 feet around  
a Plate",0.009309542280837859,4.64,"Page 1

20. Draw a picture that will show the motion that the object or objects made. Place an ""A"" at the beginning of the path, a ""B"" at the end of the path, and show any changes in direction during the course.

21. IF POSSIBLE, try to guess or estimate what the real size of the object was in its longest dimension.  
50-70 feet.

22. How large did the object or objects appear as compared with one of the following objects held in the hand and at about arm's length?  
(Circle One):  
a. Head of a pin  
b. Pea  
c. Dime  
d. Nickel  
e. Quarter  
f. Half dollar  
g. Silver dollar  
h. Baseball  
i. Grapefruit  
j. Basketball  
k. Other  

22.1 (Circle One of the following to indicate how certain you are of your answer to Question 22.)  
a. Certain  
b. Fairly certain  
c. Not very sure  
d. Uncertain  

23. How did the object or objects disappear from view?  
Dropped behind the house.

24. In order that you can give as clear a picture as possible of what you saw, we would like for you to imagine that you could construct the object that you saw. Of what type of material would you make it? How large would it be, and what shape would it have? Describe in your own words a common object or objects which, when placed up in the sky, would give the same appearance as the object which you saw.  
Metal  
30 to 40 feet around  
a Plate",0.01238390092879257,3.58
28932150,"NO. 195

1. Date of Observation  
31 Oct 40 Date of Interview  

2. Time (local)  
1545Z  

3. Place of Observation  
Goose Bay, Labrador - 3 miles south of field  

4. Position of observer  
on a southwest heading  

5. What attracted attention to object  
Target on PPI Scope  

6. Number of objects  
1  

7. Apparent size  
Same as aircraft  

8. Color of object  
N/S  

9. Shape  
N/S  

10. Altitude  
Could not be determined on scope  

11. Direction from observer  

12. Distance from observer  
Approximately 3 miles south of the field  

13. Direction of flight of object(s)  
Southwest  

14. Time in sight  
About 8 and 1/3 minutes  

15. Speed  
25 MPH  

16. Sound and odor  
None  

17. Trail  
None  

18. Luminosity  
None  

19. Projections  

20. Maneuvers  
Object appeared out of ground clutter and disappeared into it.  

21. Manner of disappearance  
Disappeared into ground clutter  

22. Effect on clouds  
N/S  

23. Additional  
Object could not be seen visually although target remained on scope for over 8 minutes; visibility estimated 30 miles; ceiling 3,000 ft overcast.",0.06219151036525173,5.22,"NO. 195

1. Date of Observation  
31 Oct 40

2. Time of Observation (local)  
1545

3. Place of Observation  
Goose Bay, Labrador - 3 miles south of field

4. Position of observer  
On a southwest heading

5. What attracted attention to object  
Target on PPI Scope

6. Number of objects  
1

7. Apparent size  
Same as aircraft

8. Color of object  
N/S

9. Shape  
N/S

10. Altitude  
Could not be determined on scope

11. Direction from observer  
N/S

12. Distance from observer  
Approximately 3 miles south of the field

13. Direction of flight of object(s)  
Southwest

14. Time in sight  
About 8 and 1/3 minutes

15. Speed  
25 MPH

16. Sound and odor  
None

17. Trail  
None

18. Luminosity  
None

19. Projections  
N/S

20. Maneuvers  
Object appeared out of ground clutter and disappeared into it.

21. Manner of disappearance  
Disappeared into ground clutter

22. Effect on clouds  
N/S

23. Additional information  
Object could not be seen visually although target remained on scope. Visibility estimated 30 miles; ceiling estimated 3,000 ft overcast.",0.11154985192497532,3.07,"NO. 195

1. Date of Observation  
31 Oct 40  
Date of Interview  

2. Time (local)  
1545Z  

3. Place of Observation  
Goose Bay, Labrador - 3 miles south of field  

4. Position of observer  
On a southwest heading  

5. What attracted attention to object  
Target on PPI Scope  

6. Number of objects  
1  

7. Apparent size  
Same as aircraft  

8. Color of object  
N/S  

9. Shape  
N/S  

10. Altitude  
Could not be determined on scope  

11. Direction from observer  

12. Distance from observer  
Approximately 3 miles south of the field  

13. Direction of flight of object(s)  
Southwest  

14. Time in sight  
About 8 and 1/3 minutes  

15. Speed  
25 MPH  

16. Sound and odor  
None  

17. Trail  
None  

18. Luminosity  
None  

19. Projections  

20. Maneuvers  
Object appeared out of ground clutter and disappeared into it.  

21. Manner of disappearance  
Disappeared into ground clutter  

22. Effect on clouds  
N/S  

23. Additional  
Object could not be seen visually although target remained on scope for over 8 minutes; visibility estimated 30 miles, ceiling 3,000 ft overcast.",0.06219151036525173,3.89,"NO. 195

1. Date of Observation  
   31 Oct 40  
   Date of Interview  

2. Exact time (local)  
   1545Z  

3. Place of Observation  
   Goose Bay, Labrador - 3 miles south of field  

4. Position of observer  
   On a southwest heading  
   GCA Unit (ground)  

5. What attracted attention to object  
   Target on PPI Scope  

6. Number of objects  
   1  

7. Apparent size  
   Same as aircraft  

8. Color of object  
   N/S  

9. Shape  
   N/S  

10. Altitude  
    Could not be determined on scope  

11. Direction from observer  

12. Distance from observer  
    Approximately 3 miles south of the field  

13. Direction of flight of object(s)  
    Southwest  

14. Time in sight  
    About 8 and 1/3 minutes  

15. Speed  
    25 MPH  

16. Sound and odor  
    None  

17. Trail  
    None  

18. Luminosity  
    None  

19. Projections  

20. Maneuvers  
    Object appeared out of ground clutter and disappeared into it.  

21. Manner of disappearance  
    Disappeared into ground clutter  

22. Effect on clouds  
    N/S  

23. Additional  
    Object could not be seen visually  

24. Weather  
    Visibility on scope 30 miles; ceiling estimated 3,000 ft overcast",0.06614017769002961,8.6,"NO. 195

1. Date of Observation  
31 Oct 40  

2. Exact time (local)  
1545Z  

3. Place of Observation  
Goose Bay, Labrador - 3 miles south of field  

4. Position of observer  
On a southwest heading  

5. What attracted attention to object  
Target on PPI Scope  

6. Number of objects  
1  

7. Apparent size  
Same as aircraft  

8. Color of object  
N/S  

9. Shape  
N/S  

10. Altitude  
Could not be determined on scope  

11. Direction from observer  

12. Distance from observer  
Approximately 3 miles south of the field  

13. Direction of flight of object(s)  
Southwest  

14. Time in sight  
About 8 and 1/3 minutes  

15. Speed  
25 MPH  

16. Sound and odor  
None  

17. Trail  
None  

18. Luminosity  
None  

19. Projections  

20. Maneuvers  
Object appeared out of ground clutter and disappeared into it.  

21. Manner of disappearance  
Disappeared into ground clutter  

22. Effect on clouds  
N/S  

23. Additional  
Object could not be seen visually, although target remained on scope for over 8 minutes; visibility estimated 30 miles; ceiling 3,000 ft overcast  

(over)",0.08193484698914116,6.24,"NO. 195

1. Date of Observation  
31 Oct 40  

2. Time (local)  
1545Z  

3. Place of Observation  
Goose Bay, Labrador - 3 miles south of field  

4. Position of observer  
On a southwest heading  
GCA Unit (ground)  

5. What attracted attention to object  
Target on PPI Scope  

6. Number of objects  
1  

7. Apparent size  
Same as aircraft  

8. Color of object  
N/S  

9. Shape  
N/S  

10. Altitude  
Could not be determined on scope  

11. Direction from observer  

12. Distance from observer  
Approximately 3 miles south of the field  

13. Direction of flight of object(s)  
Southwest  

14. Time in sight  
About 8 and 1/3 minutes  

15. Speed  
25 MPH  

16. Sound and odor  
None  

17. Trail  
None  

18. Luminosity  
None  

19. Projections  

20. Maneuvers  
Object appeared out of ground clutter and disappeared into it.  

21. Manner of disappearance  
Disappeared into ground clutter  

22. Effect on clouds  
N/S  

23. Additional  
Object could not be seen visually although the target remained on scope for over 10 minutes; estimated ceiling 3,000 ft overcast.",0.05231984205330701,13.0,"NO. 195

1. Date of Observation  
   31 Oct 40  
   Date of Interview

2. Exact time (local)  
   1545Z

3. Place of Observation  
   Goose Bay, Labrador - 3 miles south of field

4. Position of observer  
   on a southwest heading  
   GCA Unit (ground)

5. What attracted attention to object  
   Target on PPI Scope

6. Number of objects  
   1

7. Apparent size  
   Same as aircraft

8. Color of object  
   N/S

9. Shape  
   N/S

10. Altitude  
    Could not be determined on scope

11. Direction from observer

12. Distance from observer  
    Approximately 3 miles south of the field

13. Direction of flight of object(s)  
    Southwest

14. Time in sight  
    About 8 and 1/3 minutes

15. Speed  
    25 MPH

16. Sound and odor  
    None

17. Trail  
    None

18. Luminosity  
    None

19. Projections

20. Maneuvers  
    Object appeared out of ground clutter and disappeared into it.

21. Manner of disappearance  
    Disappeared into ground clutter

22. Effect on clouds  
    N/S

23. Additional:  
    Object could not be seen visually

24. Weather although target remained  
    Visibility on scope 30 miles; ceiling estimated 3,000 ft overcast  
    (over)",0.0718503937007874,3.79,"NO. 195

1.  
Date of Observation  
31 Oct 40  
Date of Interview

2.  
Exact time (local)  
1545Z

3.  
Place of Observation  
Goose Bay, Labrador - 3 miles south of field

4.  
Position of observer  
on a southwest heading  
GCA Unit (ground)

5.  
What attracted attention to object  
Target on PPI Scope

6.  
Number of objects  
1

7.  
Apparent size  
Same as aircraft

8.  
Color of object  
N/S

9.  
Shape  
N/S

10.  
Altitude  
Could not be determined on scope

11.  
Direction from observer

12.  
Distance from observer  
Approximately 3 miles south of the field

13.  
Direction of flight of object(s)  
Southwest

14.  
Time in sight  
About 8 and 1/3 minutes

15.  
Speed  
25 MPH

16.  
Sound and odor  
None

17.  
Trail  
None

18.  
Luminosity  
None

19.  
Projections

20.  
Maneuvers  
Object appeared out of ground clutter and disappeared into it.

21.  
Manner of disappearance  
Disappeared into ground clutter

22.  
Effect on clouds  
N/S

23.  
Additional  
Object could not be seen visually although target remained on scope for over 10 minutes

24.  
Weather  
Visibility on scope 30 miles; ceiling estimated 3,000 ft overcast  
(over)",0.06800766283524905,3.63,"NO. 195

1. Date of Observation  
   31 Oct 40  
   Date of Interview  

2. Exact time (local)  
   1545Z  

3. Place of Observation  
   Goose Bay, Labrador - 3 miles south of field  

4. Position of observer  
   On a southwest heading  
   GCA Unit (ground)  

5. What attracted attention to object  
   Target on PPI Scope  

6. Number of objects  
   1  

7. Apparent size  
   Same as aircraft  

8. Color of object  
   N/S  

9. Shape  
   N/S  

10. Altitude  
    Could not be determined on scope  

11. Direction from observer  

12. Distance from observer  
    Approximately 3 miles south of the field  

13. Direction of flight of object(s)  
    Southwest  

14. Time in sight  
    About 8 and 1/3 minutes  

15. Speed  
    25 MPH  

16. Sound and odor  
    None  

17. Trail  
    None  

18. Luminosity  
    None  

19. Projections  

20. Maneuvers  
    Object appeared out of ground clutter and disappeared  
    into it.  

21. Manner of disappearance  
    Disappeared into ground clutter  

22. Effect on clouds  
    N/S  

23. Additional  
    Object could not be seen visually although target remained  
    on scope for over 8 minutes. Visibility estimated 30 miles;  
    ceiling estimated 3,000 ft overcast  

(over)",0.05517909002904162,3.84
28967725,"PAGE TWO RJWFHM 17  
S. NONE  
E. COURSE  
1. HIS FATHER TOLD HIM CM OBSERVER GOES UP  
2. SW  
3. NONE  
4. ASCENDING  
5. NONE  
S. UNKNOWN  
C.  
MANNER OF OBSERVATION  
1. VISUAL  
2. BINOCULARS  
3. N/A  
D. TIME AND DATE  
1. 56  
2. SUNDOWN  
E. LOCATION OF OBSERVERS  
CM  
WILL ROGERS FIELD  
OBSERVERS  
OKLA CITY C.1 OKLA CM AIRWAYS  
TRAFFIC CLERK FOR BRANIFF",0.08358208955223881,3.23,"PAGE TWO RJWFHM 17  
S. NONE  
E. COURSE  
1. HIS FATHER TOLD HIM CM OBSERVER GOES UP  
2. SW  
3. NONE  
4. ASCENDING  
5. NONE  
S. UNKNOWN  
C.  
MANNER OF OBSERVATION  
1. VISUAL  
2. BINOCULARS  
3. N/A  
D. TIME AND DATE  
1. 56  
2. SUNDOWN  
E.  
LOCATION OF OBSERVERS  
CM  
WILL ROGERS FIELD  
OBSERVERS  
OKLA CITY C.1 OKLA CM AIRWAYS  
TRAFFIC CLERK FOR BRANIFF",0.08358208955223881,3.93,"PAGE TWO RJWFHM 17  
S. NONE  
E. COURSE  
1. HIS FATHER TOLD HIM CM OBSERVER GOES UP  
2. SW  
3. NONE  
4. ASCENDING  
5. NONE  
S. UNKNOWN  
C.  
MANNER OF OBSERVATION  
1. VISUAL  
2. BINOCULARS  
3. N/A  
D. TIME AND DATE  
1. 5:56  
2. SUNDOWN  
E. LOCATION OF OBSERVERS  
CM  
WILL ROGERS FIELD  
F. OBSERVERS  
OKLA CITY C.I OKLA CM AIRWAYS  
TRAFFIC CLERK FOR BRANIFF",0.07164179104477612,2.5,"PAGE TWO RJWFHM 17  
S. NONE  
E. COURSE  
1. HIS FATHER TOLD HIM AN OBSERVER WAS ON DUTY  
2. SW  
3. a NONE  
4. ASCENDING  
5. NONE  
S. UNKNOWN  
C.  
MANNER OF OBSERVATION  
1. VISUAL  
2. BINOCULARS  
3. N/A  
D. TIME AND DATE  
1. 56  
2. SUNDOWN  

LOCATION OF OBSERVERS  
WILL ROGERS FIELD  
OBSERVERS  
OKLA CITY, OKLA AIRWAYS  
TRAFFIC CLERK FOR BRANIFF",0.10149253731343283,6.26,"PAGE TWO RJWFHM 17  
S. NONE  
E. COURSE  
1. HIS FATHER TOLD HIM AN OBSERVER SAW UFO  
2. SW  
3. a NONE  
4. ASCENDING  
5. NONE  
S. UNKNOWN  
C.  
MANNER OF OBSERVATION  
1. VISUAL  
2. BINOCULARS  
3. N/A  
D. TIME AND DATE  
1. 56  
2. SUNDOWN  
to  
LOCATION OF OBSERVERS  
CM  
WILL ROGERS FIELD  
OBSERVERS  
OKLA CITY, OKLA  
CM AIRWAYS  
TRAFFIC CLERK FOR BRANIFF",0.1044776119402985,3.27,"PAGE TWO RJWFHM 17  
S. NONE  
E. COURSE  
1. HIS FATHER TOLD HIM AN OBSERVER SAW OBJECT  
2. SW  
3. NONE  
4. ASCENDING  
5. NONE  
S. UNKNOWN  
C.  
MANNER OF OBSERVATION  
1. VISUAL  
2. BINOCULARS  
3. N/A  
D. TIME AND DATE  
1. 1956  
2. SUNDOWN  
E. LOCATION OF OBSERVERS  
1. WILL ROGERS FIELD  
OBSERVERS  
OKLA CITY, OKLA, AN AIRWAYS  
TRAFFIC CLERK FOR BRANIFF",0.11343283582089553,3.43,"PAGE TWO RJWFHM 17

S. NONE E. COURSE 1. HIS FATHER TOLD HIM CM OBSERVER GOES PD 2. SW 3. NONE 4. ASCENDING 5. NONE S. UNKNOWN

C. MANNER OF OBSERVATION 1. VISUAL 2. BINOCULARS 3. ///A

D. TIME AND DATE 1. 5:56 2. SUNDOWN

LOCATION OF OBSERVERS CM WILL ROGERS FIELD OBSERVERS OKLA CITY C.1 OKLA CM AIRWAYS TRAFFIC CLERK FOR BRANIFF",0.07164179104477612,2.66,"PAGE TWO RJWFHM 17

S. NONE

E. COURSE

1. HIS FATHER TOLD HIM CM OBSERVER GOES PD  
2. SW  
3. a NONE  
4. ASCENDING  
5. NONE  
S. UNKNOWN  

C. MANNER OF OBSERVATION  

1. VISUAL  
2. BINOCULARS  
3. w/a  

D. TIME AND DATE  

1. 56  
2. SUNDOWN  

LOCATION OF OBSERVERS  

CM  
WILL ROGERS FIELD  

OBSERVERS  

OKLA CITY C.1 OKLA CM AIRWAYS  
TRAFFIC CLERK FOR BRANIFF",0.07761194029850746,2.36,"PAGE TWO RJWFHM 17

S. NONE

E. COURSE
1. HIS FATHER TOLD HIM CM OBSERVER GOES PD
2. SW
3. a NONE
4. ASCENDING
5. NONE
S. UNKNOWN

C. MANNER OF OBSERVATION
1. VISUAL
2. BINOCULARS
3. w/a

D. TIME AND DATE
1. 56
2. SUNDOWN

LOCATION OF OBSERVERS
CM
WILL ROGERS FIELD

OBSERVERS
OKLA CITY C.1 OKLA CM AIRWAYS
TRAFFIC CLERK FOR BRANIFF",0.07761194029850746,2.24
28942941,"MARS?  
78  
TENTATIVE  
OBSERVERS DATA SHEET  
Where Choice is Given, Circle Proper  
Answers, or Insert Answer  

1. Date of your observations  
21  
June  
52  
Day  
Month  
Year  

2. Date you reported the observation:  
21  
June  
52  
Day  
Month  
Year  

3. What time was it when you sighted the objects  
10  
58 (03532)  
Hrs.  
Min.  
A.M. P.M. Daylight Standard  
Zones, Eastern, Central, Mountain, Pacific,  
Other  

4. Length of time object was observed. Estimate:  
17  
Hours Minutes Seconds  

5. Where observed:  
Maryville Tenn.  
USA  
Postal Address  
City or Town  
State  
Country  

6. Where were you at time of observation:  
Inside building, In Car, Outdoors, In F-47 A/C at 22,000  
Other  

7. Were you moving at any time during this sighting:  
Yes  
Yes or No  

8. Did you stop at any time during this sighting:  
Yes or No  

9. If you were moving - give  
Direction  
and  
Speed  
miles per hour.  

10. How was object observed:  
Naked eye  
By glasses  
Other glass (Window or Windshield)  
Binoculars, Telescope, Theodolite  
Other  

11. How did you happen to notice the object:",0.019801980198019802,6.75,"MARS?  
78  
TENTATIVE  
OBSERVERS DATA SHEET  
Where Choice is Given, Circle Proper  
Answers, or Insert Answer  

1. Date of your observations  
21  
June  
52  
Day  
Month  
Year  

2. Date you reported the observation:  
21  
June  
52  
Day  
Month  
Year  

3. What time was it when you sighted the objects  
10  
58 (0353Z)  
Hrs.  
Min.  
A.M. P.M. Daylight Standard  
Zones, Eastern, Central, Mountain, Pacific,  
Other  

4. Length of time object was observed. Estimate:  
17  
Hours Minutes Seconds  

5. Where observed:  
Maryville Tenn.  
USA  
Postal Address  
City or Town  
State  
Country  

6. Where were you at time of observation:  
Inside building, In Car, Outdoors, In F-47 A/C at 22,000  
Other  

7. Were you moving at any time during this sighting:  
Yes  
Yes or No  

8. Did you stop at any time during this sighting:  
No  
Yes or No  

9. If you were moving - give  
Direction and  
Speed  
miles per hour.  

10. How was object observed:  
Naked eye  
By glasses  
Other glass (Window or Windshield)  
Binoculars, Telescope, Theodolite  
Other  

11. How did you happen to notice the object:",0.019801980198019802,5.77,"MARS?  
78  
TENTATIVE  
OBSERVERS DATA SHEET  
Where Choice is Given. Circle Proper  
Answers or Insert Answer  

1. Date of your observations  
21  
June  
52  
Day  
Month  
Year  

2. Date you reported the observation:  
21  
June  
52  
Day  
Month  
Year  

3. What time was it when you sighted the objects  
10  
58 (03532)  
Hrs.  
Min.  
A.M. P.M. Daylight Standard  
Zones, Eastern, Central, Mountain, Pacific,  
Other  

4. Length of time object was observed. Estimate:  
17  
Hours Minutes Seconds  

5. Where observed:  
Maryville Tenn.  
USA  
Postal Address  
City or Town  
State  
Country  

6. Where were you at time of observation:  
Inside building, In Car, Outdoors, In F-47 A/C at 22,000  
Other  

7. Were you moving at any time during this sighting:  
Yes  
Yes or No  

8. Did you stop at any time during this sighting:  
Yes or No  

9. If you were moving - give  
Direction  
and  
Speed  
miles per hour.  

10. How was object observed:  
Naked eye  
By glasses  
Other glass (Window or Windshield)  
Binoculars, Telescope, Theodolite  
Other  

11. How did you happen to notice the object:",0.019801980198019802,5.75,"MARS?  
78  
TENTATIVE  
OBSERVERS DATA SHEET  
Where Choice is Given, Circle Proper  
Answers, or Insert Answer  

1. Date of your observations  
21  
June  
52  
Day  
Month  
Year  

2. Date you reported the observation:  
21  
June  
52  
Day  
Month  
Year  

3. What time was it when you sighted the objects  
10  
58  
Hrs.  
Min.  
A. M.  
P. M.  
Daylight Standard  
Zones, Eastern, Central, Mountain, Pacific,  
Other  

4. Length of time object was observed. Estimate:  
17  
Minutes  
Seconds  

5. Where observed:  
Maryville  
Tenn.  
USA  
Postal Address  
City or Town  
State  
Country  

6. Where were you at time of observation:  
Inside building, In Car, Outdoors, In F - 47 - A/C @ 22,000  
Other  

7. Were you moving at any time during this sighting:  
Yes  
Yes or No  

8. Did you stop at any time during this sighting:  
Yes or No  

9. If you were moving - give  
Direction  
and  
Speed  
miles per hour.  

10. How was object observed:  
Naked eye  
By glasses  
Other glass (Window or Windshield)  
Binoculars, Telescope, Theodolite  
Other  

11. How did you happen to notice the object:",0.0297029702970297,6.31,"TENTATIVE  
OBSERVERS DATA SHEET  
Where Choice is Given. Circle Proper  
Answers, or Insert Answer  

1. Date of your observations  
21  
June  
52  
Day  
Month  
Year  

2. Date you reported the observation:  
21  
June  
52  
Day  
Month  
Year  

3. What time was it when you sighted the objects  
10  
58  
Hrs.  
Min.  
A.M. P.M. Daylight Standard  
Zones, Eastern, Central, Mountain, Pacific,  
Other  

4. Length of time object was observed. Estimate:  
17  
Minutes Seconds  

5. Where observed:  
Maryville Tenn.  
USA  
Postal Address  
City or Town  
State  
Country  

6. Where were you at time of observation:  
Inside building, In Car, Outdoors, In F - 47 - A/C at 22,000  
Other  

7. Were you moving at any time during this sighting:  
Yes  
Yes or No  

8. Did you stop at any time during this sighting:  
Yes or No  

9. If you were moving - give  
Direction  
and  
Speed  
miles per hour.  

10. How was object observed:  
Naked eye  
By glasses  
Other glass (Window or Windshield)  
Binoculars, Telescope, Theodolite  
Other  

11. How did you happen to notice the object:",0.039603960396039604,5.63,"TENTATIVE  
OBSERVERS DATA SHEET  
Where Choice is Given. Circle Proper  
Answers or Insert Answer  

1. Date of your observations  
21  
June  
52  
Day  
Month  
Year  

2. Date you reported the observation:  
21  
June  
52  
Day  
Month  
Year  

3. What time was it when you sighted the objects  
10  
58  
Hrs.  
Min.  
A.M.  

4. Length of time object was observed. Estimate:  
17  
Minutes  

5. Where observed:  
Maryville  
Tenn.  
USA  
City or Town  
State  
Country  

6. Where were you at time of observation:  
Inside building, In Car, Outdoors, In F-47 A/C at 22,000  
Other  

7. Were you moving at any time during this sighting:  
Yes  
Yes or No  

8. Did you stop at any time during this sighting:  
Yes  
Yes or No  

9. If you were moving - give direction and speed in miles per hour.  
Direction  
Speed  

10. How was object observed:  
Naked eye  
By glasses  
Other glass (Window or Windshield)  
Binoculars, Telescope, Theodolite  
Other  

11. How did you happen to notice the object:",0.15445544554455445,7.12,"MARS?  
78  
TENTATIVE  
OBSERVERS DATA SHEET  

Where Choice is Given. Circle Proper Answers. or Insert Answer  

1. Date of your observations  
Day  21  
Month  June  
Year  52  

2. Date you reported the observation:  
Day  21  
Month  June  
Year  52  

3. What time was it when you sighted the objects  
Hrs.  10  
Min.  58 (03532)  
A. M.   P. M.  
Daylight   Standard  
Zones, Eastern, Central, Mountain, Pacific, Other  

4. Length of time object was observed. Estimate:  
Hours  17  
Minutes  
Seconds  

5. Where observed:  
City or Town  Maryville  
State  Tenn.  
Country  USA  
Postal Address  

6. Where were you at time of observation:  
Inside building, In Car, Outdoors, In F - 47 - A/C a+22,000  
Other  

7. Were you moving at any time during this sighting:  
Yes  ʘYesʘ or No  

8. Did you stop at any time during this sighting:  
Yes or No  

9. If you were moving - give  
Direction  
and  
Speed miles per hour.  

10. How was object observed:  
Naked eye  
By glasses  
Other glass (Window or Windshield)  
Binoculars, Telescope, Theodolite  
Other  

11. How did you happen to notice the object:",0.1306930693069307,3.41,"MARS?  
78  
TENTATIVE  
OBSERVERS DATA SHEET  
Where Choice is Given. Circle Proper  
Answers, or Insert Answer  

1. Date of your observations  
Day 21  
Month June  
Year 52  

2. Date you reported the observation:  
Day 21  
Month June  
Year 52  

3. What time was it when you sighted the objects  
Hrs. 10  
Min. 58 (03532)  
A. M. ʘP. M.ʘ  
Daylight Standard  
Zones, Eastern, Central, Mountain, ʘPacificʘ, Other  

4. Length of time object was observed. Estimate:  
Hours  
Minutes 17  
Seconds  

5. Where observed:  
City or Town Maryville  
State Tenn.  
Country USA  
Postal Address  

6. Where were you at time of observation:  
Inside building, In Car, ʘOutdoorsʘ, In F - 47 - A/C @+22,000  
Other  

7. Were you moving at any time during this sighting:  
ʘYesʘ  
Yes or No  

8. Did you stop at any time during this sighting:  
Yes or ʘNoʘ  

9. If you were moving - give  
Direction and  
Speed miles per hour.  

10. How was object observed:  
ʘNaked eyeʘ  
Bys glasses  
Other glass (Window or Windshield)  
Binoculars, Telescope, Theodolite  
Other  

11. How did you happen to notice the object:",0.13267326732673268,4.3,"MARS?  
78  
TENTATIVE  
OBSERVERS DATA SHEET  

Where Choice is Given. Circle Proper  
Answers, or Insert Answer  

1. Date of your observations  
Day  21  
Month  June  
Year  52  

2. Date you reported the observation:  
Day  21  
Month  June  
Year  52  

3. What time was it when you sighted the objects  
Hrs.  10  
Min.  58 (03532)  
A.M.  ⃝  
P.M.  
Daylight  
Standard  
Zones, Eastern, Central, Mountain, Pacific, Other  

4. Length of time object was observed. Estimate:  
Hours  0  
Minutes  17  
Seconds  

5. Where observed:  
City or Town  Maryville  
State  Tenn.  
Country  USA  

6. Where were you at time of observation:  
Inside building, In Car, Outdoors, In F - 47 - A/C @22,000  
Other  

7. Were you moving at any time during this sighting:  
Yes  ʘ  
No  

8. Did you stop at any time during this sighting:  
Yes  
No  

9. If you were moving - give  
Direction  
and  
Speed  
miles per hour.  

10. How was object observed:  
Naked eye  
By glasses  
Other glass (Window or Windshield)  
Binoculars, Telescope, Theodolite  
Other  

11. How did you happen to notice the object:",0.13960396039603962,3.99
28937540,"9/23/15-Z  
Area B.O.  
BACK OF TRIPOLI 9 March 1950  
STANGEBURG  
NO.  

3. C.  
Army Letter  
SOURCE  
Several  
15 March 1950  
DATE 111 TO ATIC  

""RE  
1805 to 1825 EST  
White  
main  
Contrail  
1) Same as high a/c  
Very small  
Very high  
West  
LENGTH of TAIL  
iii. III  
1  
TYPE OF OBJECT  
Ground  

MAIN OBSERVER  

Incident was observed by army investigator  
P; in  
very probably was contrail from high  
temporary ATIC Form 329  
flying aircraft.  
(.) Jan 52)  
ASTRO: METER",0.24475524475524477,4.94,"9/23/15-Z  
Area BO.  
BACK OF TRIPOLI 9 March 1950  
STANGE REPORT  
NO.  

3. C.  
Army Letter  
SOURCE  
Several  
15 March 1950  
DATE 111 TO ATIC  

""RE  
1805 to 1825 EST  
White  
main  
Contrail  
1) Same as high a/c  
Very small  
Very high  
West  
LENGTH of TIME  
iii. III  
1  
TYPE OF OBJECT  
Ground  

MAIN OBSERVER  

Incident was observed by an investigator  
P; in  
very probably was contrail from high  
- temporary ATIC Form 329  
flying aircraft.  
(.) Jan 52)  
ASTRO: METER",0.25813953488372093,3.28,"9/23/15-Z  
Arte BO.  
DOCKET OF TRIP 9 March 1950  
STRANGE BURG  
NO.  
---  
3. C.  
Army Letter  
SOURCE  
Several  
15 March 1950  
DATE TIME TO ATIC  
---  
""RE  
1805 to 1825 EST  
White  
main  
Contrail  
1) Same as high a/c  
Very small  
Very high  
West  
LENGTH of TUB  
iii. III  
1  
TYPE OF OBJECT  
Ground  
---  
MAIN HIGHLIGHTS  
---  
---  
-  
Incident was observed by an investigator  
P; in  
very probably was contrail from high  
Temporary ATIC Form 329  
flying aircraft.  
(.) Jan 52)  
ASTRO: METER",0.2409090909090909,3.16,"9/2315-Z  
DATE OF REPORT: 9 March 1950  
STATION: STANGETBURG  

NO. 3. C.  
Army Letter  

SOURCE: Several  
15 March 1950  

DATE IN TO ATIC  

TIME: 1805 to 1825 EST  
COLOR: White  
MAIN: Contrail  

1) Same as high a/c  
Very small  
Very high  
West  

LENGTH of TIME: iii. III  
TYPE OF REPORT: Ground  

MAIN FINDINGS  

Incident was observed by an investigator; it very probably was a contrail from high-flying aircraft.  

(ASTRO: METER)",0.35664335664335667,4.37,"9/2315-Z  
DATE OF REPORT: 9 March 1950  
STATION: STANGETBURG  
NO.  
3. C.  
Army Letter  
SOURCE  
Several  
15 March 1950  
DATE DUE TO ATIC  

RE:  
1805 to 1825 EST  
White  
main  
Contrail  
1) Same as high a/c  
Very small  
Very high  
West  
LENGTH of TIME  
iii. III  
1  
TYPE OF SIGHTING  
Ground  

MAIN OBSERVER  

Incident was observed by an investigator  
P; in  
very probably was contrail from high  
- Temporary ATIC Form 329  
flying aircraft.  
(.) Jan 52)  
ASTRO: METER",0.28438228438228436,3.69,"9/2315-Z  
Arte BO.  
DATE OF TRIP: 9 March 1950  
STANGE REPORT NO.  
---  
3. C.  
Army Letter  
SOURCE  
Several  
15 March 1950  
DATE DUE TO ATIC  
---  
RE  
1805 to 1825 EST  
White  
main  
Contrail  
1) Same as high a/c  
Very small  
Very high  
West  
LENGTH of TIME  
15 min  
TYPE OF OBJECT  
Ground  
---  
MAIN OBSERVER  
---  
---  
-  
Incident was observed by Army investigator  
P; in  
very probably was contrail from high  
temporary ATIC Form 329  
flying aircraft.  
(Jan 52)  
ASTRO: METER",0.22505800464037123,3.28,"9/2315-Z  
Arte BO.  
DACKE OF TRIPO 9 March 1950  
STANGEBURG  
NO.  
---  
3. C.  
Army Letter  
SOURCE  
Several  
DATE 15 March 1950  
TO ATIC  
---  
""RE  
1805 to 1825 EST  
White  
main  
Contrail  
1) Same as high a/c  
Very small  
Very high  
West  
LENGTH of TUF  
iii. III  
1  
TYPE OF OBOP  
Ground  
---  
MAIN HEADING  
---  
---  
-  
Incident was observed by army investigator  
P; in  
very probably was contrail from high  
- Temporary ATIC Form 329  
flying aircraft.  
(.) Jan 52)  
ASTRO: METER",0.2296983758700696,2.13,"9/2315-Z  
Arte BO.  
DACKE OF TRIPO 9 March 1950  
STANGEBURG  
NO.  
---  
3. C.  
Army Letter  
SOURCE  
Several  
15 March 1950  
DATE 111 TO ATIC  
---  
""RE  
1805 to 1825 EST  
White  
main  
Contrail  
1) Same as high a/c  
Very small  
Very high  
West  
LENGTH of TUF  
iii. III  
1  
TYPE OF UFOF  
Ground  
---  
MAIN NARRATIVE  
---  
---  
-  
Incident was observed by an investigator  
P; in  
very probably was contrail from high  
- temporary ATIC Form 329  
flying aircraft.  
(.) Jan 52)  
ASTRO: METER",0.2413793103448276,2.17,"9/2315-Z  
Arte BO.  
BACK OF TRIPOLI 9 March 1950  
STRANGEBURG  
NO.  

3. C.  
Army Letter  
SOURCE  
Several  
15 March 1950  
DATE 111 TO ATIC  

---

""RE  
1805 to 1825 EST  
White  
main  
Contrail  
1) Same as high a/c  
Very small  
Very high  
West  
LENGTH of TIME  
iii. III  
1  
TYPE OF REPORT  
Ground  

---

MAIN OBSERVER  

---

---

Incident was observed by army investigator  
P; in  
very probably was contrail from high  
flying aircraft.  
:- Temporary ATIC Form 329  
(.) Jan 52)  
ASTRO: METER",0.3082191780821918,2.66
28943901,"22. Your full name:  
23. Your address:  
No.  
24. Your occupation: Army, United States  
25. Last school you attended: 44 weeks Radar Electronics  
26. Year of last attendance at this school: 1951  
27. Please list the names and addresses of persons who discussed this sighting with you. It is not necessary to list the names of officials or investigators.  
28. Further comments which you believe are important should be entered here. Use additional sheets of the same size if necessary.  
After viewing the effects, we also saw large bugs which, when the sun rays struck them at the right angle, they appeared silver and also round, and moving at a high rate of speed.",0.01676829268292683,2.05,"22. Your full name:  
23. Your address:  
No.  
24. Your occupation: Army, United States  
25. Last school you attended: 44 weeks Radar Electronics  
26. Year of last attendance at this school: 1951  
27. Please list the names and addresses of persons who discussed this sighting with you. It is not necessary to list the names of officials or investigators.  
28. Further comments which you believe are important should be entered here. Use additional sheets of the same size if necessary.  
After viewing the effects, we also saw large bugs which, when the sun rays struck them at the right angle, they appeared silver and also round, and moving at a high rate of speed.",0.01676829268292683,6.45,"22. Your full name:  
23. Your address:  
No.  
24. Your occupation: Army, United States  
25. Last school you attended: 44 weeks Radar Electronics  
26. Year of last attendance at this school: 1951  
27. Please list the names and addresses of persons who discussed this sighting with you. It is not necessary to list the names of officials or investigators.  
28. Further comments which you believe are important should be entered here. Use additional sheets of the same size if necessary.  
After viewing the effects, we also saw large bugs which, when the sun rays struck them at the right angle, they appeared silver and also round, and moving at a high rate of speed.",0.01676829268292683,4.81,"22. Your full name:  
23. Your address:  
24. Your occupation: Army, United States  
25. Last school you attended: 44 weeks Radar Electronics  
26. Year of last attendance at this school: 1951  
27. Please list the names and addresses of persons who discussed this sighting with you. It is not necessary to list the names of officials or investigators.  
28. Further comments which you believe are important should be entered here. Use additional sheets of the same size if necessary.  
After viewing the effects, we also saw large bugs which, when the sun rays struck them at the right angle, appeared silver and also round, and moving at a high rate of speed.",0.018376722817764167,4.16,"22. Your full name:
23. Your address:
24. Your occupation: Army, United States
25. Last school you attended: 44 weeks Radar Electronics
26. Year of last attendance at this school: 1951
27. Please list the names and addresses of persons who discussed this sighting with you. It is not necessary to list the names of officials or investigators.
28. Further comments which you believe are important should be entered here. Use additional sheets of the same size if necessary.

After viewing the effects, we also saw large bugs which, when the sun rays struck them at the right angle, appeared silver and also round, and moving at a high rate of speed.",0.018376722817764167,2.9,"22. Your full name:  
23. Your address:  
24. Your occupation: Army, United States  
25. Last school you attended: 44 weeks Radar Electronics  
26. Year of last attendance at this school: 1951  
27. Please list the names and addresses of persons who discussed this sighting with you. It is not necessary to list the names of officials or investigators.  
28. Further comments which you believe are important should be entered here. Use additional sheets of the same size if necessary.  
After viewing the effects, we also saw large bugs which, when the sun rays struck them at the right angle, they appeared silver and also round, and moving at a high rate of speed.",0.010719754977029096,4.51,"-5-

22. Your full name:

23. Your address: No.

24. Your occupation: army united state

25. Last school you attended: 44 weeks Radar electronic

26. Year of last attendance at this school: 1951

27. Please list the names and addresses of persons who discussed this sighting with you. It is not necessary to list the names of officials or investigators.

28. Further comments which you believe are important should be entered here. Use additional sheets of the same size if necessary.

After viewing the effects, we also saw large bugs which, when the sun rays struck them at the right angle, they appeared silver and also round, and moving at a high rate of speed.",0.0091324200913242,1.73,"-5-

22. Your full name:  
23. Your address No.  
24. Your occupation: army united states  
25. Last school you attended: 44 weeks Radar electronic  
26. Year of last attendance at this school: 1951  
27. Please list the names and addresses of persons who discussed this sighting with you. It is not necessary to list the names of officials or investigators.  
28. Further comments which you believe are important should be entered here. Use additional sheets of the same size if necessary.  

after viewing the effects we also saw large bugs which when the sun rays struck them at the right angle they appeared silver and also round, and moving at a high rate of speed.",0.009174311926605505,1.84,"-5-
22. Your full name:
23. Your address
No.
24. Your occupation: army united states
25. Last school you attended: 44 weeks Radar electronic
26. Year of last attendance at this school: 1951
27. Please list the names and addresses of persons who discussed this sighting with you. It is not necessary to list the names of officials or investigators.
28. Further comments which you believe are important should be entered here. Use additional sheets of the same size if necessary.
after viewing the effects we also saw large bugs which when the sun rays struck them at the right angle they appeared silver and also round, and moving at a high rate of speed.",0.009174311926605505,1.84
28939621,"with greater detail dates, time, and circumstances in order to find something of value. However, it was realized after all this was accomplished, it had been in vain, absolutely too much time had elapsed for human memory to recover the detail necessary for further evaluation. Then, the two pilots, Major Ballard flying as observer, and Lt Rogers who was flying as pilot of a T-33, sighted an unidentified flying object and they flew into Fort Monmouth for interrogation. The story was verified, questioned, analyzed, discussed, and the pilots remained firmly convinced of the details which they had sighted. However, certain circumstances were indications that they did not possess the detail which they claimed concerning a track of the flying object they claimed to have seen. They were interrogated at great length concerning the circumstances whereby this report concerning the flying object they saw reached the press and also a request was signed for investigation of the base PIO officer at Mitchell Air Force Base, a Major Barren, in order to clarify his part in the activity. It is sufficient to state that neither Ballard or Rogers made a voluntary statement to press and that Rogers made his statement to the press only when he was directed to do so by Major Barren, Base PIO, and this is according to Rogers' statement only. An interrogation of the personnel at Twin Lights Radar Station was undertaken and it was learned that Twin Lights was off the air at the time the sightings occurred on 10 September. Visual and radar sightings are referred to in it. Operating at that time at Twin Lights were 0400 to 0800 and 1700 to 2330 BDSI. Therefore, there is no verification from Twin Lights of the sighting one way or the other. However, Staff Sgt Pollock who was monitoring channel Fox at the time...",0.02578167855183763,7.27,"with greater detail, dates, time, and circumstances in order to find something of value. However, it was realized after all this was accomplished, it had been in vain, absolutely too much time had elapsed for human memory to recover the detail necessary for further evaluation. Then, the two pilots, Major Ballard flying as observer, and Lt Rogers who was flying as pilot of a T-33, sighted an unidentified flying object and they flew into Fort Monmouth for interrogation. The story was verified, questioned, analyzed, discussed, and the pilots remained firmly convinced of the details which they had sighted. However, certain circumstances were indications that they did not possess the detail which they claimed concerning a track of the flying object they claimed to have seen. They were interrogated at great length concerning the circumstances whereby this report concerning the flying object they saw reached the press and also a request was signed for investigation of the base PIO officer at Mitchell Air Force Base, a Major Barren, in order to clarify his part in the activity. It is sufficient to state that neither Ballard nor Rogers made a voluntary statement to the press and that Rogers made his statement to the press only when he was directed to do so by Major Barren, Base PIO, and this is according to Rogers' statement only. An interrogation of the personnel at Twin Lights Radar Station was undertaken and it was learned that Twin Lights was off the air at the time the sightings occurred on 10 September. Visual and radar sightings are referred to in operating at that time at Twin Lights were 0400 to 0800 and 1700 to 2330 BDSI. Therefore, there is no verification from Twin Lights of the sighting one way or the other. However, Staff Sgt Pallock who was monitoring channel Fox at the time...",0.029621503017004936,10.65,"with greater detail, dates, time, and circumstances in order to find something of value. However, it was realized after all this was accomplished, it had been in vain, absolutely too much time had elapsed for human memory to recover the detail necessary for further evaluation. Then, the two pilots, Major Ballard flying as observer, and Lt. Rogers who was flying as pilot of a T-33, sighted an unidentified flying object and they flew into Fort Monmouth for interrogation. The story was verified, questioned, analyzed, discussed, and the pilots remained firmly convinced of the details which they had sighted. However, certain circumstances were indications that they did not possess the detail which they claimed concerning a track of the flying object they claimed to have seen. They were interrogated at great length concerning the circumstances whereby this report concerning the flying object they saw reached the press and also a request was signed for investigation of the base PIO officer at Mitchell Air Force Base, a Major Barren, in order to clarify his part in the activity. It is sufficient to state that neither Ballard nor Rogers made a voluntary statement to the press and that Rogers made his statement to the press only when he was directed to do so by Major Barren, Base PIO, and this is according to Rogers' statement only. An interrogation of the personnel at Twin Lights Radar Station was undertaken and it was learned that Twin Lights was off the air at the time the sightings occurred on 10 September. Visual and radar sightings are referred to in it. Operating at that time at Twin Lights were 0400 to 0800 and 1700 to 2330 BDSI. Therefore, there is no verification from Twin Lights of the sighting one way or the other. However, Staff Sgt. Pollock who was monitoring channel Fox at the time...",0.029072956664838178,7.27,"with greater detail dates, time, and circumstances in order to find something of value. However, it was realized after all this was accomplished, it had been in vain, absolutely too much time had elapsed for human memory to recover the detail necessary for further evaluation. Then, the two pilots, Major Ballard flying as observer, and Lt Rogers who was flying as pilot of a T-33, sighted an unidentified flying object and they flew into Fort Monmouth for interrogation. The story was verified, questioned, analyzed, discussed, and the pilots remained firmly convinced of the details which they had sighted. However, certain circumstances were indications that they did not possess the detail which they claimed concerning a track of the flying object they claimed to have seen. They were interrogated at great length concerning the circumstances whereby this report concerning the flying object they saw reached the press and also a request was signed for investigation of the base PIO officer at Mitchell Air Force Base, a Major Barren, in order to clarify his part in the activity. It is sufficient to state that neither Ballard nor Rogers made a voluntary statement to the press and that Rogers made his statement to the press only when he was directed to do so by Major Barren, Base PIO, and this is according to Rogers' statement only. An interrogation of the personnel at Twin Lights Radar Station was undertaken and it was learned that Twin Lights was off the air at the time the sightings occurred on 10 September. Visual and radar sightings are referred to in it. Operating at that time at Twin Lights were 0400 to 0800 and 1700 to 2330 BDSI. Therefore, there is no verification from Twin Lights of the sighting one way or the other. However, Staff Sgt Pollock who was monitoring channel Fox at the time...",0.02852441031267142,9.01,"with greater detail on dates, time, and circumstances in order to find something of value. However, it was realized after all this was accomplished, it had been in vain, absolutely too much time had elapsed for human memory to recover the detail necessary for further evaluation. Then, the two pilots, Major Ballard flying as observer, and Lt. Rogers who was flying as pilot of a T-33, sighted an unidentified flying object and they flew into Fort Monmouth for interrogation. The story was verified, questioned, analyzed, discussed, and the pilots remained firmly convinced of the details which they had sighted. However, certain circumstances were indications that they did not possess the detail which they claimed concerning a track of the flying object they claimed to have seen. They were interrogated at great length concerning the circumstances whereby this report concerning the flying object they saw reached the press and also a request was signed for investigation of the base PIO officer at Mitchell Air Force Base, a Major Barren, in order to clarify his part in the activity. It is sufficient to state that neither Ballard nor Rogers made a voluntary statement to the press and that Rogers made his statement to the press only when he was directed to do so by Major Barren, Base PIO, and this is according to Rogers' statement only. An interrogation of the personnel at Twin Lights Radar Station was undertaken and it was learned that Twin Lights was off the air at the time the sightings occurred on 10 September. Visual and radar sightings are referred to in it. Operating at that time at Twin Lights were 0400 to 0800 and 1700 to 2330 BDSI. Therefore, there is no verification from Twin Lights of the sighting one way or the other. However, Staff Sgt. Pollock, who was monitoring channel Fox at the time...",0.030718595721338452,5.46,"with greater detail, dates, time, and circumstances in order to find something of value. However, it was realized after all this was accomplished, it had been in vain, absolutely too much time had elapsed for human memory to recover the detail necessary for further evaluation. Then, the two pilots, Major Ballard flying as observer, and Lt. Rogers who was flying as pilot of a T-33, sighted an unidentified flying object and they flew into Fort Monmouth for interrogation. The story was verified, questioned, analyzed, discussed, and the pilots remained firmly convinced of the details which they had sighted. However, certain circumstances were indications that they did not possess the detail which they claimed concerning a track of the flying object they claimed to have seen. They were interrogated at great length concerning the circumstances whereby this report concerning the flying object they saw reached the press and also a request was signed for investigation of the base PIO officer at Mitchell Air Force Base, a Major Barren, in order to clarify his part in the activity. It is sufficient to state that neither Ballard nor Rogers made a voluntary statement to the press and that Rogers made his statement to the press only when he was directed to do so by Major Barren, Base PIO, and this is according to Rogers' statement only. An interrogation of the personnel at Twin Lights Radar Station was undertaken and it was learned that Twin Lights was off the air at the time the sightings occurred on 10 September. Visual and radar sightings are referred to in it. Operating at that time at Twin Lights were 0400 to 0800 and 1700 to 2330 BDSI. Therefore, there is no verification from Twin Lights of the sighting one way or the other. However, Staff Sgt. Pollock who was monitoring channel Fox at the time...",0.029072956664838178,8.26,"with greater detail dates, time, and circumstances in order to find something of value. However, it was realized after all this was accomplished, it had been in vain, absolutely too much time had elapsed for human memory to recover the detail necessary for further evaluation. Then, the two pilots, Major Ballard flying as observer, and Lt Rogers who was flying as pilot of a T-33, sighted an unidentified flying object and they flew into Fort Monmouth for interrogation. The story was verified, questioned, analyzed, discussed, and the pilots remained firmly convinced of the details which they had sighted. However, certain cir- cumstances were indications that they did not possess the detail which they claimed concerning a track of the flying object they claimed to have seen. They were interrogated at great length concerning the circumstances whereby this report concerning the flying object they saw reached the press and also a request was signed for investigation of the base PIO officer at Mitchell Air Force Base, a Major Barren, in order to clarify his part in the activity. It is sufficient to state that neither Ballard nor Rogers made a voluntary statement to the press and that Rogers made his statement to the press only when he was directed to do so by Major Barren, Base PIO, and this is according to Rogers' statement only. An interrogation of the personnel at Twin Lights Radar Station was undertaken and it was learned that Twin Lights was off the air at the time the sightings occurred on 10 September. Visual and radar sightings are referred to in the operating hours at that time at Twin Lights were 0400 to 0800 and 1700 to 2330 BDSI. Therefore, there is no verification from Twin Lights of the sighting one way or the other. However, Staff Sgt Pollock who was monitoring channel Fox at the 11",0.024684585847504114,3.28,"with greater detail dates, time, and circumstances in order to find something of value. However, it was realized after all this was accomplished, it had been in vain, absolutely too much time had elapsed for human memory to recover the detail necessary for further evaluation. Then, the two pilots, Major Ballard flying as observer, and Lt Rogers who was flying as pilot of a T-33, sighted an unidentified flying object and they flew into Fort Monmouth for interrogation. The story was verified, questioned, analyzed, discussed, and the pilots remained firmly convinced of the details which they had sighted. However, certain cir-cumstances were indications that they did not possess the detail which they claimed concerning a track of the flying object they claimed to have seen. They were interrogated at great length concerning the circumstances whereby this report concerning the flying object they saw reached the press and also a request was signed for investigation of the base PIO officer at Mitchell Air Force Base, a Major Barren, in order to clarify his part in the activity. It is sufficient to state that neither Ballard or Rogers made a voluntary statement to press and that Rogers made his statement to the press only when he was directed to do so by Major Barren, Base PIO, and this is according to Rogers statement only. An interrogation of the personnel at Twin Lights Radar Station was undertaken and it was learned that Twin Lights was off the air at the time the sightings occurred on 10 September. Visual and radar sightings are referred to in operating at that time at Twin Lights were 0400 to 0800 and 1700 to 2330 BDSI. Therefore, there is no verification from Twin Lights loss of the sighting one way or the other. However, Staff Sgt Pallock who was monitoring channel Fox at the 11",0.018650575973669776,2.86,"with greater detail dates, time, and circumstances in order to find something of value. However, it was realized after all this was accomplished, it had been in vain, absolutely too much time had elapsed for human memory to recover the detail necessary for further evaluation. Then, the two pilots, Major Ballard flying as observer, and Lt Rogers who was flying as pilot of a T-33, sighted an unidentified flying object and they flew into Fort Monmouth for interrogation. The story was verified, questioned, analyzed, discussed, and the pilots remained firmly convinced of the details which they had sighted. However, certain circumstances were indications that they did not possess the detail which they claimed concerning a track of the flying object they claimed to have seen. They were interrogated at great length concerning the circumstances whereby this report concerning the flying object they saw reached the press and also a request was signed for investigation of the base PIO officer at Mitchell Air Force Base, a Major Barren, in order to clarify his part in the activity. It is sufficient to state that neither Ballard nor Rogers made a voluntary statement to the press and that Rogers made his statement to the press only when he was directed to do so by Major Barren, Base PIO, and this is according to Rogers' statement only. An interrogation of the personnel at Twin Lights Radar Station was undertaken and it was learned that Twin Lights was off the air at the time the sightings occurred on 10 September. Visual and radar sightings are referred to in It Operating at that time at Twin Lights were 0400 to 0800 and 1700 to 2330 BDSI. Therefore, there is no verification from Twin Lights loss of the sighting one way or the other. However, Staff Sgt Pallock who was monitoring channel Fox at the 11",0.021941854086670324,3.4
28942727,"RB239 R.CMA 021 GOVT COLLECT  
CAMP PICKETT VIR 20 139P  
PROJECT BLUE 500K  
ACTION  
ATIC  
RIS pm  
21 27 0  
CARE DOMALLEBOWER  
COL. U.S.A.F. CHIEF TECHNICAL ANALYSIS DIV  
rife up the  
AIR TECHNICAL INTELLIGENCE CENTER MOARA CO ATIC  
WRIGHT-PATTERSON AIR FORCE BASE OHIO  
2. Cattles  
IN REPLY TO YOUR TELEGRAM AFOIN ATIAA-S-S WITH LETTER E 15  
JUNE. BY LANGLEY A.F.B. 19 JUNE 1243 EASTERN. INFORMATION FOLLOWS  
ON SIGHTING OF UNIDENTIFIED AERIAL OBJECT ON EVENING OF 15  
JUNE 52, BY MR. RUFUS WATTS ROUTE 1 BLACKSTONE VIRGINIA,  
ON DUTY AT C.A.A. STATION BLACKSTONE A. A. F.  
(A) AT APPROXIMATELY 1959 EASTERN (B) TRAVELING IN  
NORTH TO SOUTH DIRECTION (C) SPHERICAL IN SHAPE SHINING  
LUMINOUS FROM VERY HIGH ALTITUDE (D) GROUND OBSERVER  
BY MR. FREDERICK J. MAYNE 37 PICKETT COURT BLACKSTONE VIRGINIA  
(A) OBSERVED FROM PICKETT COURT AREA AT APPROXIMATELY 1935  
TO 2000 EASTERN (B) TRAVELING FROM NORTH TO SOUTH DIRECTION  
(C) SPHERICAL IN SHAPE AND HAD A BRIGHT GOLDEN GLOW OBJECT  
PASSED EAST OF BLACKSTONE NEAR CAMP PICKETT AREA. (D) C.A.A.  
BACKGROUND OBSERVER NO AIR OBSERVER REPORTS AVAILABLE FROM THIS  
STATION BRIGHTNESS OF GLOW GRADUALLY FADED AS DARKNESS APPROACHED  
ALSO WITH REPORTS CALLS TO THIS STATION AND COMMERCIAL BROADCAST  
STATION AT BLACKSTONE AND CREWE VIRGINIA INDICATE THAT OVER  
100 PERSONS SAW THIS OBJECT ALSO  
CHIEF AIRWAYS OPERATION C.A.A. INTERSTATE  
AIRWAY  
STATION BLACKSTONE VIRGINIA  
(43).  
(226 PM JUN 20 52 1)  
cy-1",0.09894736842105263,14.19,"RB239 R.CMA 021 GOVT COLLECT  
CAMP PICKETT VA 20 139P  
PROJECT BLUE 500K  
ACTION  
ATIC  
RIS PM  
21 27 0  
CARE DOMALLE BOWER  
COL. U.S.A.F. CHIEF TECHNICAL ANALYSIS DIV  
AIR TECHNICAL INTELLIGENCE CENTER  
WRIGHT-PATTERSON AIR FORCE BASE OHIO  
2. Cattles  
IN REPLY TO YOUR TELEGRAM AFOIN ATIAA-S-S WITH LETTER E 15  
JUNE. BY LANGLEY A.F.B. 19 JUNE 1243 EASTERN. INFORMATION FOLLOWS  
ON SIGHTING OF UNIDENTIFIED AERIAL OBJECT ON EVENING OF 15  
JUNE 52, BY MR. RUFUS WATTS ROUTE 1 BLACKSTONE VIRGINIA,  
ON DUTY AT C.A.A. STATION BLACKSTONE A. A. F.  
(A) APPROXIMATELY 1959 EASTERN (B) TRAVELING IN  
NORTH TO SOUTH DIRECTION (C) SPHERICAL IN SHAPE SHINING  
LUMINOUS FROM VERY HIGH ALTITUDE (D) GROUND OBSERVER  
BY MR. FREDERICK J. MAYNE 37 PICKETT COURT BLACKSTONE VIRGINIA  
(A) OBSERVED FROM PICKETT COURT AREA AT APPROXIMATELY 1935  
TO 2000 EASTERN (B) TRAVELING FROM NORTH TO SOUTH DIRECTION  
(C) SPHERICAL IN SHAPE AND HAD A BRIGHT GOLDEN GLOW OBJECT  
PASSED EAST OF BLACKSTONE NEAR CAMP PICKETT AREA. (D) C.A.A.  
BACKGROUND OBSERVER NO AIR OBSERVER REPORTS AVAILABLE FROM THIS  
STATION BRIGHTNESS OF GLOW GRADUALLY FADED AS DARKNESS APPROACHED  
ALSO WITH REPORTS CALLS TO THIS STATION AND COMMERCIAL BROADCAST  
STATION AT BLACKSTONE AND CREWE VIRGINIA INDICATE THAT OVER  
100 PERSONS SAW THIS OBJECT ALSO  
CHIEF AIRWAYS OPERATION C.A.A. INTERSTATE  
AIRWAY  
STATION BLACKSTONE VIRGINIA  
(43).  
(226 PM JUN 20 52 1)  
CY-1",0.10175438596491228,9.03,"RB239 R.CMA 021 GOVT COLLECT  
CAMP PICKETT VA 20 139P  
PROJECT BLUE 500K  
ACTION  
ATIC  
RIS pm  
21 27 0  
CARE DONALD BOWER  
COL. U.S.A.F. CHIEF TECHNICAL ANALYSIS DIV  
AIR TECHNICAL INTELLIGENCE CENTER  
WRIGHT-PATTERSON AIR FORCE BASE OHIO  
2. Copies  
IN REPLY TO YOUR TELEGRAM AFOIN ATIAA-S-S WITH LETTER E 15  
JUNE. BY LANGLEY A.F.B. 19 JUNE 1952 EASTERN. INFORMATION FOLLOWS  
ON SIGHTING OF UNIDENTIFIED AERIAL OBJECT ON EVENING OF 15  
JUNE 52, BY MR. RUFUS WATTS ROUTE 1 BLACKSTONE VIRGINIA,  
ON DUTY AT C.A.A. STATION BLACKSTONE A.A.F.  
(A) APPROXIMATELY 1959 EASTERN (B) TRAVELING IN  
NORTH TO SOUTH DIRECTION (C) SPHERICAL IN SHAPE SHINING  
LUMINOUS FROM VERY HIGH ALTITUDE (D) GROUND OBSERVER  
BY MR. FREDERICK J. MAYNE 37 PICKETT COURT BLACKSTONE VIRGINIA  
(A) OBSERVED FROM PICKETT COURT AREA AT APPROXIMATELY 1935  
TO 2000 EASTERN (B) TRAVELING FROM NORTH TO SOUTH DIRECTION  
(C) SPHERICAL IN SHAPE AND HAD A BRIGHT GOLDEN GLOW OBJECT  
PASSED EAST OF BLACKSTONE NEAR CAMP PICKETT AREA. (D) C.A.A.  
BACKGROUND OBSERVER NO AIR OBSERVER REPORTS AVAILABLE FROM THIS  
STATION BRIGHTNESS OF GLOW GRADUALLY FADED AS DARKNESS APPROACHED  
ALL WITHIN CALLS TO THIS STATION AND COMMERCIAL BROADCAST  
STATION AT BLACKSTONE AND CREWE VIRGINIA INDICATE THAT OVER  
100 PERSONS SAW THIS OBJECT ALSO  
CHIEF AIRWAYS OPERATION C.A.A. INTERSTATE  
AIRWAY  
STATION BLACKSTONE VIRGINIA  
(43).  
(226 PM JUN 20 52 1)  
cy-1",0.10175438596491228,8.5,"RB239 R.CMA 021 GOVT COLLECT  
CAMP PICKETT VA 20 139P  
PROJECT BLUE BOOK  
ACTION  
ATIC  
RIS pm  
21 27 0  
CARE DOMALLEBOWER  
COL. U.S.A.F. CHIEF TECHNICAL ANALYSIS DIV  
AIR TECHNICAL INTELLIGENCE CENTER HQ ATIC  
WRIGHT-PATTERSON AIR FORCE BASE OHIO  
2. Cattles  
IN REPLY TO YOUR TELEGRAM AFOIN ATIAA-S-S WITH LETTER E 15  
JUNE. BY LANGLEY A.F.B. 19 JUNE 1243 EASTERN. INFORMATION FOLLOWS  
ON SIGHTING OF UNIDENTIFIED AERIAL OBJECT ON EVENING OF 15  
JUNE 52, BY MR RUFUS WATTS ROUTE 1 BLACKSTONE VIRGINIA,  
ON DUTY AT C.A.A. STATION BLACKSTONE A.A.F.  
(A) AT APPROXIMATELY 1959 EASTERN (B) TRAVELING IN  
NORTH TO SOUTH DIRECTION (C) SPHERICAL IN SHAPE SHINING  
LUMINOUS FROM VERY HIGH ALTITUDE (D) GROUND OBSERVER  
BY MR FREDERICK J MAYNE 37 PICKETT COURT BLACKSTONE VIRGINIA  
(A) OBSERVED FROM PICKETT COURT AREA AT APPROXIMATELY 1935  
TO 2000 EASTERN (B) TRAVELING FROM NORTH TO SOUTH DIRECTION  
(C) SPHERICAL IN SHAPE AND HAD A BRIGHT GOLDEN GLOW OBJECT  
PASSED EAST OF BLACKSTONE NEAR CAMP PICKETT AREA. (D) C.A.A.  
BACKGROUND OBSERVER NO AIR OBSERVER REPORTS AVAILABLE FROM THIS  
STATION BRIGHTNESS OF GLOW GRADUALLY FADED AS DARKNESS APPROACHED  
ALSO WITH CALLS TO THIS STATION AND COMMERCIAL BROADCAST  
STATION AT BLACKSTONE AND CREWE VIRGINIA INDICATE THAT OVER  
100 PERSONS SAW THIS OBJECT ALSO  
CHIEF AIRWAYS OPERATION C.A.A. INTERSTATE  
AIRWAY  
STATION BLACKSTONE VIRGINIA  
(43).  
(226 PM JUN 20 52 1)  
cy-1",0.0968421052631579,13.82,"RB239 R.CMA 021 GOVT COLLECT  
CAMP PICKETT VA 20 139P  
PROJECT BLUE BOOK  
ACTION  
ATIC  
RIS PM  
21 27 0  
CARE DOMALLEBOWER  
COL. U.S.A.F. CHIEF TECHNICAL ANALYSIS DIV  
AIR TECHNICAL INTELLIGENCE CENTER ATIC  
WRIGHT-PATTERSON AIR FORCE BASE OHIO  

IN REPLY TO YOUR TELEGRAM AFOIN ATIAA-S-S WITH LETTER E 15  
JUNE. BY LANGLEY A.F.B. 19 JUNE 1952 EASTERN. INFORMATION FOLLOWS  
ON SIGHTING OF UNIDENTIFIED AERIAL OBJECT ON EVENING OF 15  
JUNE 52, BY MR RUFUS WATTS ROUTE 1 BLACKSTONE VIRGINIA,  
ON DUTY AT C.A.A. STATION BLACKSTONE A. A. F.  

(A) APPROXIMATELY 1959 EASTERN (B) TRAVELING IN  
NORTH TO SOUTH DIRECTION (C) SPHERICAL IN SHAPE SHINING  
LUMINOUS FROM VERY HIGH ALTITUDE (D) GROUND OBSERVER  
BY MR FREDERICK J MAYNE 37 PICKETT COURT BLACKSTONE VIRGINIA  
(A) OBSERVED FROM PICKETT COURT AREA AT APPROXIMATELY 1935  
TO 2000 EASTERN (B) TRAVELING FROM NORTH TO SOUTH DIRECTION  
(C) SPHERICAL IN SHAPE AND HAD A BRIGHT GOLDEN GLOW OBJECT  
PASSED EAST OF BLACKSTONE NEAR CAMP PICKETT AREA. (D) C.A.A.  
BACKGROUND OBSERVER NO AIR OBSERVER REPORTS AVAILABLE FROM THIS  
STATION BRIGHTNESS OF GLOW GRADUALLY FADED AS DARKNESS APPROACHED  

ALSO WITH REPORTS CALLS TO THIS STATION AND COMMERCIAL BROADCAST  
STATION AT BLACKSTONE AND CREWE VIRGINIA INDICATE THAT OVER  
100 PERSONS SAW THIS OBJECT ALSO  

CHIEF AIRWAYS OPERATION C.A.A. INTERSTATE  
AIRWAY  
STATION BLACKSTONE VIRGINIA  
(43).  
(226 PM JUN 20 52 1)  
CY-1",0.09403508771929825,9.82,"RB239 R.CMA 021 GOVT COLLECT  
CAMP PICKETT VA 20 139P  
PROJECT BLUE BOOK  
ACTION  
ATIC  
RIS pm  
21 27 0  
CARE DONALD BOWER  
COL. U.S.A.F. CHIEF TECHNICAL ANALYSIS DIV  
AIR TECHNICAL INTELLIGENCE CENTER MOARA CO ATIC  
WRIGHT-PATTERSON AIR FORCE BASE OHIO  
2. Details  
IN REPLY TO YOUR TELEGRAM AFOIN ATIAA-S-S WITH LETTER E 15  
JUNE. BY LANGLEY A.F.B. 19 JUNE 1243 EASTERN. INFORMATION FOLLOWS  
ON SIGHTING OF UNIDENTIFIED AERIAL OBJECT ON EVENING OF 15  
JUNE 52, BY MR RUFUS WATTS ROUTE 1 BLACKSTONE VIRGINIA,  
ON DUTY AT C.A.A. STATION BLACKSTONE A. A. F.  
(A) AT APPROXIMATELY 1959 EASTERN (B) TRAVELING IN  
NORTH TO SOUTH DIRECTION (C) SPHERICAL IN SHAPE SHINING  
LUMINOUS FROM VERY HIGH ALTITUDE (D) GROUND OBSERVER  
BY MR FREDERICK J MAYNE 37 PICKETT COURT BLACKSTONE VIRGINIA  
(A) OBSERVED FROM PICKETT COURT AREA AT APPROXIMATELY 1935  
TO 2000 EASTERN (B) TRAVELING FROM NORTH TO SOUTH DIRECTION  
(C) SPHERICAL IN SHAPE AND HAD A BRIGHT GOLDEN GLOW OBJECT  
PASSED EAST OF BLACKSTONE NEAR CAMP PICKETT AREA. (D) C.A.A.  
BACKGROUND OBSERVER NO AIR OBSERVER REPORTS AVAILABLE FROM THIS  
STATION BRIGHTNESS OF GLOW GRADUALLY FADED AS DARKNESS APPROACHED  
ALSO WITH REPORTS CALLS TO THIS STATION AND COMMERCIAL BROADCAST  
STATION AT BLACKSTONE AND CREWE VIRGINIA INDICATE THAT OVER  
100 PERSONS SAW THIS OBJECT ALSO  
CHIEF AIRWAYS OPERATION C.A.A. INTERSTATE  
AIRWAY  
STATION BLACKSTONE VIRGINIA  
(43).  
(226 PM JUN 20 52 1)  
cy-1",0.09403508771929825,6.86,"RB239 R.CMA 021 GOVT COLLECT  
CAMP PICKETT VIR 20 139P  
PROJECT BLUE BOOK  
ACTION  
ATIC  
RIS pm  
2i 27 0  
CARE DOMALLEBOWER  
COL. U.S.A.F. CHIEF TECHNICAL ANALYSIS DIV  
rife up the  
AIR TECHNICAL INTELLIGENCE CENTER MOARA CO ATIC  
WAITAR  
WRIGHT-PATTERSON AIR FORCE BASE OHIO  
2. Cattles  

IN REPLY TO YOUR TELEGRAM AFOIN ATIAA-S-S WITH LETTER E 15  
JUNE. BY LANGLEY A.F.B. 19 JUNE 1243 EASTERN. INFORMATION FOLLOWS  
ON SIGHTING OF UNIDENTIFIED AERIAL OBJECT ON EVENING OF 15  
JUNE 52, BY MR RUFUS WATTS ROUTE 1 BLACKSTONE VIRGINIA,  
ON DUTY AT C.A.A. STATION BLACKSTONE A. A. F.  
(A) AT APPROXIMATELY 1959 EASTERN (B) TRAVELING IN  
NORTH TO SOUTH DIRECTION (C) SPHERICAL IN SHAPE SHINING  
LUMINOUS FROM VERY HIGH ALTITUDE (D) GROUND OBSERVER  
BY MR FREDERICK J MAYNE 37 PICKETT COURT BLACKSTONE VIRGINIA  
(A) OBSERVED FROM PICKETT COURT AREA AT APPROXIMATELY 1935  
TO 2000 EASTERN (B) TRAVELING FROM NORTH TO SOUTH DIRECTION  
(C) SPHERICAL IN SHAPE AND HAD A BRIGHT GOLDEN GLOW OBJECT  
PASSED EAST OF BLACKSTONE NEAR CAMP PICKETT AREA. (D) C.A.A.  
BACKGROUND OBSERVER NO AIR OBSERVER REPORTS AVAILABLE FROM THIS  
STATION BRIGHTNESS OF GLOW GRADUALLY FADED AS DARKNESS APPROACHED  
ALSO WITH RATE CALLS TO THIS STATION AND COMMERCIAL BROADCAST  
STATION AT BLACKSTONE AND CREWE VIRGINIA INDICATE THAT OVER  
100 PERSONS SAW THIS OBJECT ALSO  

CHIEF AIRWAYS OPERATION C.A.A. INTERSTATE  
AIRWAY  
STATION BLACKSTONE VIRGINIA  
(43).  
(226 PM JUN 20 52 1)  
cy-1",0.10456140350877192,5.12,"RB239 R.CMA 021 GOVT COLLECT  
CAMP PICKETT VIR 20 139P  
PROJECT BLUE 500K  
ACTION  
ATIC  
RIS pm  
2i 27 0  
CARE DOMALLEBOWER  
COL. U.S.A.F. CHIEF TECHNICAL ANALYSIS DIV  
rife up the  
AIR TECHNICAL INTELLIGENCE CENTER MOARA CO ATIC  
WAITAR  
WRIGHT PATTERSON AIR FORCE BASE OHIO  

2. Cattles  

IN REPLY TO YOUR TELEGRAM AFOIN ATIAA-S-S WITH LETTER E 15  
JUNE. BY LANGLEY A.F.B. 19 JUNE 1243 EASTERN. INFORMATION FOLLOWS  
ON SIGHTING OF UNIDENTIFIED AIR OBJECT ON EVENING OF 15  
JUNE 52, BY MR RUFUS WATTS ROUTE 1 BLACKSTONE VIRGINIA,  
ON DUTY AT C.A.A. STATION BLACKSTONE A. A. F.  

(A) AT APPROXIMATELY 1959 EASTERN  
(B) TRAVELING IN NORTH TO SOUTH DIRECTION  
(C) SPHERICAL IN SHAPE SHINING LUMINOUS FROM VERY HIGH ALTITUDE  
(D) GROUND OBSERVER BY MR FREDERICK J MAYNE 37 PICKETT COURT BLACKSTONE VIRGINIA  

(A) OBSERVED FROM PICKETT COURT AREA AT APPROXIMATELY 1935 TO 2000 EASTERN  
(B) TRAVELING FROM NORTH TO SOUTH DIRECTION  
(C) SPHERICAL IN SHAPE AND HAD A BRIGHT GOLDEN GLOW OBJECT PASSED EAST OF BLACKSTONE NEAR CAMP PICKETT AREA.  
(D) C.A.A. BACKGROUND OBSERVER NO AIR OBSERVER REPORTS AVAILABLE FROM THIS STATION  

BRIGHTNESS OF GLOW GRADUALLY FADED AS DARKNESS APPROACHED  
ALSO MULTIPLE CALLS TO THIS STATION AND COMMERCIAL BROADCAST STATION AT BLACKSTONE AND CREWE VIRGINIA INDICATE THAT OVER 100 PERSONS SAW THIS OBJECT ALSO  

CHIEF AIRWAYS OPERATION C.A.A. INTERSTATE AIRWAY STATION BLACKSTONE VIRGINIA  

(43).  
(226 PM JUN 20 52 1)  
cy-1",0.10245614035087719,7.68,"RB239 R.CMA 021 GOVT COLLECT  
CAMP PICKETT VIR 20 139P  
PROJECT BLUE BOOK  
ACTION  
ATIC  
RIS pm  
21 27 0  
CARE DOMALLE BOWER  
COL. U.S.A.F. CHIEF TECHNICAL ANALYSIS DIV  
rife up the  
AIR TECHNICAL INTELLIGENCE CENTER MOARA CO ATIC  
WAITAR  
WRIGHT-PATTERSON AIR FORCE BASE OHIO  

2. Cattles  

IN REPLY TO YOUR TELEGRAM AFOIN ATIAA-S-S WITH LETTER E 15  
JUNE, BY LANGLEY A.F.B. 19 JUNE 1243 EASTERN. INFORMATION FOLLOWS  
ON SIGHTING OF UNIDENTIFIED AERIAL OBJECT ON EVENING OF 15  
JUNE 52, BY MR RUFUS WATTS ROUTE 1 BLACKSTONE VIRGINIA,  
ON DUTY AT C.A.A. STATION BLACKSTONE A. A. F.  
(A) AT APPROXIMATELY 1959 EASTERN (B) TRAVELING IN  
NORTH TO SOUTH DIRECTION (C) SPHERICAL IN SHAPE SHINING  
LUMINOUS FROM VERY HIGH ALTITUDE (D) GROUND OBSERVER  
BY MR FREDERICK J MAYNE 37 PICKETT COURT BLACKSTONE VIRGINIA  
(A) OBSERVED FROM PICKETT COURT AREA AT APPROXIMATELY 1935  
TO 2000 EASTERN (B) TRAVELING FROM NORTH TO SOUTH DIRECTION  
(C) SPHERICAL IN SHAPE AND HAD A BRIGHT GOLDEN GLOW OBJECT  
PASSED EAST OF BLACKSTONE NEAR CAMP PICKETT AREA. (D) C.A.A.  
BACKGROUND OBSERVER NO AIR OBSERVER REPORTS AVAILABLE FROM THIS  
STATION BRIGHTNESS OF GLOW GRADUALLY FADED AS DARKNESS APPROACHED  
ALSO NUMEROUS CALLS TO THIS STATION AND COMMERCIAL BROADCAST  
STATION AT BLACKSTONE AND CREWE VIRGINIA INDICATE THAT OVER  
100 PERSONS SAW THIS OBJECT ALSO  

CHIEF AIRWAYS OPERATION C.A.A. INTERSTATE  
AIRWAY  
STATION BLACKSTONE VIRGINIA  

(43).  
(226 PM JUN 20 52 1)  

cy-1",0.10526315789473684,5.53
28931705,"6 Nov 98  
Mileage 7120% Department Pattersonfold 1030  
arrived P.M. Was 1330 hrs.  
Spoke to Mr.  
What are the Nearest airfields -- Commonwealth  
Flights? O.K. 5 miles South of Richard  
Mileage 7247.8 - around 10:45 hrs  
Professor David Jelfair member of E than  
College-staff physics (ID 58303)",0.1296928327645051,2.97,"6 Nov 98  
Mileage 7120 Department Pattersonfield 1030  
arrived P.M. West 1330 hrs.  
Spoke to Mr.  
What are the Nearest airfields - Commonwealth  
Flights? O.K. 5 miles South of Richard  
Mileage 7247.8 - arrived 10:45 hrs  
Professor David Jelfair, member of E than  
College-tashe physics (ID 58303)",0.09897610921501707,2.76,"6 Nov 98  
Mileage 7120 Department Pattersonfold 1030  
arrived Peck. Was 1330 hrs.  
Spoke to Mr.  
What are the Nearest airfields -- Commonwealth  
Flights? O.K. 5 miles South of Richard  
Mileage 7247.8 - arrived 10:45 hrs  
Professor David Jelfair member of E than  
College-stashe physics (ID 58303)",0.10238907849829351,2.86,"6 Nov 1968  
Mileage 7120% Department Patterson AFB 1030  
arrived P.M. West 1330 hrs.  
Spoke to Mr.  
What are the nearest airfields - -Commercial  
Flights? O.K. 5 miles South of Richard  
Mileage 7247.8 - arrived 10:45 hrs  
Professor David Jelfair, member of E than  
College staff, physics ID 58303",0.11604095563139932,2.46,"6 Nov 68  
Mileage 7120%  
Department Patterson AFB 1030  
arrived P.M. West 1330 hrs.  
Spoke to Mr.  
What are the nearest airfields - -Commonwealth  
Flights? O.K. 5 miles South of Richard  
Mileage 7247.8 - arrived 10:45 hrs  
Professor David Jelfair member of E than  
Colliers-task force physics Dr 58303)",0.14675767918088736,2.77,"6 Nov 1958  
Mileage 7120% Department Patterson AFB 1030  
arrived P.M. Wes 1330 hrs.  
Spoke to Mr.  
What are the nearest airfields - - Commercial  
Flights? O.K. 5 miles South of Richards  
Mileage 7247.8 - arrived 10:45 hrs  
Professor David Jelfair member of E than  
Colliers-task force physics (ID 58303)",0.13559322033898305,2.56,"6 Novig8  
Micage 7120% Department Pattersonfold 1030  
arrived Pech. Wes 1330 hus.  
Spoke to Mr.  
What are the Neavest airfields - -Commonweal  
Flights? O.K. 5 miles South of Richard  
Mileage 7247.8 - arrived 10:45 hus  
Professor David Jelfair member of E than  
Collers-tashe physics Ip 58303)",0.10580204778156997,3.17,"6 Novig8  
Micage 7120% Department Pattersonfold 1030  
arrived Pech. Wes 1330 hus.  
Spoke to Mr.  
What are the Nearest airfields - -Commonwealth  
Flights? O.K. 5 miles South of Richard  
Mileage 7247.8 - arrived 10:45 hus  
Professor David Jelfair member of E than  
College - tashe physics Ip 58303)",0.09556313993174062,4.31,"6 Novig8  
Micage 7120% Department Pattersonfold 1030  
arrived Pech. Wes 1330 hus.  
Spoke to Mr.  
What are the Nearest airfields - -Commonweal  
Flights? O.K. 5 miles South of Richard  
Mileage 7247.8 - arrived 10:45 hus  
Professor David Jelfair member of E than  
Collers-tashe physics Ip 58303)",0.10238907849829351,2.01
28978074,"i Carlos  
OD with 09073  
and  
notified at 1318-  
will be  
SQG767 YDB712 WYC673 WMPØ: 34  
HAT 2  
over to  
ANA 44 a  
pick up  
as  
FP RJWFDN RJEDDN RJEDSQ RJEPHO  
DE RJUFAM 29.  
P 0 123452  
FM SUPTUSAFA DENVER COLO  
44020  
TO RJEDDN/COMDR ADC  
CB  
RJWFDN/COMDR 34 ADIV (DEF)  
RJEDSE/COMDR ATIC  
RJEPHQ/OFFICE OF INFORMATION SERVICES HQ USAF  
RJEPHQ/ AIR INTELLIGENCE HQ USAF  
not  
BT  
UNCLAS FROM COCFT 8894. UFO. THIS MESSAGE IS FORWARDED IN COMPLIANCE  
WITH AFR 200-2 A. DESCRIPTION OF OBJECT. 2. SHAPE. FROM APPEARANCE  
OF ITS ORBIT, OBJECT WOULD SEEM TO BE A SATELLITE-TYPE VEHICLE.  
OBJECT WAS EXAMINED THROUGH A SIX POWER TELESCOPE AND APPEARED  
IN TWO PARTS OR AT LEAST TWO SECTIONS OF DIFFERING REFLECTIVITY,  
LEADING SECTION WAS OF A BRIGHTNESS COMPARABLE TO THAT OF A THIRD  
OR FOURTH MAGNITUDE STAR. THE TRAILING PART WAS MUCH BRIGHTER,  
AND IN THE ORDER OF A SECOND MAGNITUDE STAR. THERE WAS NO APPARENT  
TUMBLING MOTION. 2. SIZE. IMPOSSIBLE TO ESTIMATE SIZE BECAUSE OF  
APPARENT GREAT DISTANCE TO THE OBJECT. JUDGING BY REFLECTIVITY,  
OBJECT MUST BE OF A SIZE COMPARABLE TO OR LARGER THAN SPUTNIK II.  
How determined of",0.0923217550274223,5.99,"i Carlos
OD with 09073
and
re-notified at 1318-
will be
SQG767 YDB712 WYC673 WMP0: 34
HAT 2
over to
ANA 44 a
pick up
as
FP RJWFDN RJEDDN RJEDSQ RJEPHQ
DE RJUFAM 29.
P 0 123452
FM SUPTUSAFA DENVER COLO
44020
TO RJEDDN/COMDR ADC
CB
RJWFDN/COMDR 34 ADIV (DEF)
RJEDSE/COMDR ATIC
RJEPHQ/OFFICE OF INFORMATION SERVICES HQ USAF
RJEPHQ/ AIR INTELLIGENCE HQ USAF
not
BT
UNCLAS FROM COCFT 8894. UFO. THIS MESSAGE IS FORWARDED IN COMPLIANCE
WITH AFR 200-2 A. DESCRIPTION OF OBJECT. 2. SHAPE. FROM APPEARANCE
OF ITS ORBIT, OBJECT WOULD SEEM TO BE A SATELLITE-TYPE VEHICLE.
OBJECT WAS EXAMINED THROUGH A SIX POWER TELESCOPE AND APPEARED
IN TWO PARTS OR AT LEAST TWO SECTIONS OF DIFFERING REFLECTIVITY,
LEADING SECTION WAS OF A BRIGHTNESS COMPARABLE TO THAT OF A THIRD
OR FOURTH MAGNITUDE STAR. THE TRAILING PART WAS MUCH BRIGHTER
AND IN THE ORDER OF A SECOND MAGNITUDE STAR. THERE WAS NO APPARENT
TUMBLING MOTION. 2. SIZE. IMPOSSIBLE TO ESTIMATE SIZE BECAUSE OF
APPARENT GREAT DISTANCE TO THE OBJECT. JUDGING BY REFLECTIVITY,
OBJECT MUST BE OF A SIZE COMPARABLE TO OR LARGER THAN SPUTNIK II.",0.07792207792207792,5.09,"i Carlos  
OD with 09073  
and  
renotified at 1318-  
will be  
SQG767 YDB712 WYC673 WMP0: 34  
HAT 2  
over to  
ANA 44 a  
pick up  
as  
FP RJWFDN RJEDDN RJEDSQ RJEPHQ  
DE RJUFAM 29.  
P 0 123452  
FM SUPTUSAFA DENVER COLO  
44020  
TO RJEDDN/COMDR ADC  
CB  
RJWFDN/COMDR 34 ADIV (DEF)  
RJEDSE/COMDR ATIC  
RJEPHQ/OFFICE OF INFORMATION SERVICES HQ USAF  
RJEPHQ/AIR INTELLIGENCE HQ USAF  
not  
BT  
UNCLAS FROM COCFT 8894. UFO. THIS MESSAGE IS FORWARDED IN COMPLIANCE  
WITH AFR 200-2. A. DESCRIPTION OF OBJECT. 2. SHAPE. FROM APPEARANCE  
OF ITS ORBIT, OBJECT WOULD SEEM TO BE A SATELLITE-TYPE VEHICLE.  
OBJECT WAS EXAMINED THROUGH A SIX POWER TELESCOPE AND APPEARED  
IN TWO PARTS OR AT LEAST TWO SECTIONS OF DIFFERING REFLECTIVITY,  
LEADING SECTION WAS OF A BRIGHTNESS COMPARABLE TO THAT OF A THIRD  
OR FOURTH MAGNITUDE STAR. THE TRAILING PART WAS MUCH BRIGHTER,  
AND IN THE ORDER OF A SECOND MAGNITUDE STAR. THERE WAS NO APPARENT  
TUMBLING MOTION. 2. SIZE. IMPOSSIBLE TO ESTIMATE SIZE BECAUSE OF  
APPARENT GREAT DISTANCE TO THE OBJECT. JUDGING BY REFLECTIVITY,  
OBJECT MUST BE OF A SIZE COMPARABLE TO OR LARGER THAN SPUTNIK II.  
How determined of",0.09215328467153285,9.12,"i Carlos  
OD with 09073  
and  
notified at 1318-  
will be  
SQG767 YDB712 WYC673 WMPØ: 34  
HAT 2  
over to  
ANA 44 a  
pick up  
as  
FP RJWFDN RJEDDN RJEDSQ RJEPHO  
DE RJUFAM 29.  
P 0 123452  
FM SUPTUSAFA DENVER COLO  
44020  
TO RJEDDN/COMDR ADC  
CB  
RJWFDN/COMDR 34 ADIV (DEF)  
RJEDSE/COMDR ATIC  
RJEPHQ/OFFICE OF INFORMATION SERVICES HQ USAF  
RJEPHQ/AIR INTELLIGENCE HQ USAF  
not  
BT  
UNCLAS FROM COCFT 8894. UFO. THIS MESSAGE IS FORWARDED IN COMPLIANCE  
WITH AFR 200-2. A. DESCRIPTION OF OBJECT. 2. SHAPE. FROM APPEARANCE  
OF ITS ORBIT, OBJECT WOULD SEEM TO BE A SATELLITE-TYPE VEHICLE.  
OBJECT WAS EXAMINED THROUGH A SIX POWER TELESCOPE AND APPEARED  
IN TWO PARTS OR AT LEAST TWO SECTIONS OF DIFFERING REFLECTIVITY.  
LEADING SECTION WAS OF A BRIGHTNESS COMPARABLE TO THAT OF A THIRD  
OR FOURTH MAGNITUDE STAR. THE TRAILING PART WAS MUCH BRIGHTER,  
AND IN THE ORDER OF A SECOND MAGNITUDE STAR. THERE WAS NO APPARENT  
TUMBLING MOTION. 2. SIZE. IMPOSSIBLE TO ESTIMATE SIZE BECAUSE OF  
APPARENT GREAT DISTANCE TO THE OBJECT. JUDGING BY REFLECTIVITY,  
OBJECT MUST BE OF A SIZE COMPARABLE TO OR LARGER THAN SPUTNIK II.",0.0762081784386617,5.94,"i Carlos OD with 09073 and reidentified at 1318- will be SQG767 YDB712 WYC673 WMPØ: 34 HAT 2 over to ANA 44 a pick up as FP RJWFDN RJEDDN RJEDSQ RJEPHQ DE RJUFAM 29. P 0 123452 FM SUPTUSAFA DENVER COLO 44020 TO RJEDDN/COMDR ADC CB RJWFDN/COMDR 34 ADIV (DEF) RJEDSE/COMDR ATIC RJEPHQ/OFFICE OF INFORMATION SERVICES HQ USAF RJEPHQ/AIR INTELLIGENCE HQ USAF not BT UNCLAS FROM COCFT 8894. UFO. THIS MESSAGE IS FORWARDED IN COMPLIANCE WITH AFR 200-2 A. DESCRIPTION OF OBJECT. 2. SHAPE. FROM APPEARANCE OF ITS ORBIT, OBJECT WOULD SEEM TO BE A SATELLITE-TYPE VEHICLE. OBJECT WAS EXAMINED THROUGH A SIX POWER TELESCOPE AND APPEARED IN TWO PARTS OR AT LEAST TWO SECTIONS OF DIFFERING REFLECTIVITY. LEADING SECTION WAS OF A BRIGHTNESS COMPARABLE TO THAT OF A THIRD OR FOURTH MAGNITUDE STAR. THE TRAILING PART WAS MUCH BRIGHTER, AND IN THE ORDER OF A SECOND MAGNITUDE STAR. THERE WAS NO APPARENT TUMBLING MOTION. 2. SIZE. IMPOSSIBLE TO ESTIMATE SIZE BECAUSE OF APPARENT GREAT DISTANCE TO THE OBJECT. JUDGING BY REFLECTIVITY, OBJECT MUST BE OF A SIZE COMPARABLE TO OR LARGER THAN SPUTNIK II.",0.07970342910101946,4.81,"i Carlos  
OD with 09073  
and  
remodified at 1318-  
will be  
SQG767 YDB712 WYC673 WMPØ: 34  
HAT 2  
over to  
ANA 44 a  
pick up  
as  

FP RJWFDN RJEDDN RJEDSQ RJEPHQ  
DE RJUFAM 29.  
P 0 123452  

FM SUPTUSAFA DENVER COLO  
44020  
TO RJEDDN/COMDR ADC  
CB  
RJWFDN/COMDR 34 ADIV (DEF)  
RJEDSE/COMDR ATIC  
RJEPHQ/OFFICE OF INFORMATION SERVICES HQ USAF  
RJEPHQ/ AIR INTELLIGENCE HQ USAF  
not  
BT  
UNCLAS FROM COCFT 8894. UFO. THIS MESSAGE IS FORWARDED IN COMPLIANCE  
WITH AFR 200-2. A. DESCRIPTION OF OBJECT. 2. SHAPE. FROM APPEARANCE  
OF ITS ORBIT, OBJECT WOULD SEEM TO BE A SATELLITE-TYPE VEHICLE.  
OBJECT WAS EXAMINED THROUGH A SIX POWER TELESCOPE AND APPEARED  
IN TWO PARTS OR AT LEAST TWO SECTIONS OF DIFFERING REFLECTIVITY.  
LEADING SECTION WAS OF A BRIGHTNESS COMPARABLE TO THAT OF A THIRD  
OR FOURTH MAGNITUDE STAR. THE TRAILING PART WAS MUCH BRIGHTER,  
AND IN THE ORDER OF A SECOND MAGNITUDE STAR. THERE WAS NO APPARENT  
TUMBLING MOTION. 2. SIZE. IMPOSSIBLE TO ESTIMATE SIZE BECAUSE OF  
APPARENT GREAT DISTANCE TO THE OBJECT. JUDGING BY REFLECTIVITY,  
OBJECT MUST BE OF A SIZE COMPARABLE TO OR LARGER THAN SPUTNIK II.  
How determined of",0.09662716499544212,7.37,"i Carlos  
OD with 09073  
and  
notified at 1318-  
will be  
SQG767 YDB712 WYC673 WMPØ: 34  
HAT 2  
over to  
ANA 44 a  
pick up  
as  

FP RJWFDN RJEDDN RJEDSQ RJEPHO  
DE RJUFAM 29.  
P 0 123452  

FM SUPTUSAFA DENVER COLO  
44020  
TO RJEDDN/COMDR ADC  
CB  
RJWFDN/COMDR 34 ADIV (DEF)  
RJEDSE/COMDR ATIC  
RJEPHQ/OFFICE OF INFORMATION SERVICES HQ USAF  
RJEPHQ/AIR INTELLIGENCE HQ USAF  

BT  
UNCLAS FROM COCFT 8894. UFO. THIS MESSAGE IS FORWARDED IN COMPLIANCE  
WITH AFR 220-20 A. DESCRIPTION OF OBJECT. 2. SHAPE. FROM APPEARANCE  
OF ITS ORBIT, OBJECT WOULD SEEM TO BE A SATELLITE-TYPE VEHICLE.  
OBJECT WAS EXAMINED THROUGH A SIX POWER TELESCOPE AND APPEARED  
IN TWO PARTS OR AT LEAST TWO SECTIONS OF DIFFERING REFLECTIVITY.  
LEADING SECTION WAS OF A BRIGHTNESS COMPARABLE TO THAT OF A THIRD  
OR FOURTH MAGNITUDE STAR. THE TRAILING PART WAS MUCH BRIGHTER,  
AND IN THE ORDER OF A SECOND MAGNITUDE STAR. THERE WAS NO APPARENT  
TUMBLING MOTION. 2. SIZE. IMPOSSIBLE TO ESTIMATE SIZE BECAUSE OF  
APPARENT GREAT DISTANCE TO THE OBJECT. JUDGING BY REFLECTIVITY,  
OBJECT MUST BE OF A SIZE COMPARABLE TO OR LARGER THAN SPUTNIK II.  
How determined of",0.08990825688073395,5.02,"i Carlos  
OD with 09073  
and  
renolified at 1318-  
will be  
SQG767 YDB712 WYC673 WMPØ: 34  
HAT 2  
over to  
ANA 44 a  
pick up  
as  
)  
FP RJWFDN RJEDDN RJEDSQ RJEPHO  
DE RJUFAM 29.  
P 0 123452  
)  
FM SUPTUSAFA DENVER COLO  
44020  
TO RJEDDN/COMDR ADC  
CB  
RJWFDN/COMDR 34 ADIV (DEF)  
RJEDSE/COMDR ATIC  
RJEPHQ/OFFICE OF INFORMATION SERVICES HQ USAF  
RJEPHQ/AIR INTELLIGENCE HQ USAF  
not  
BT  
UNCLAS FROM COCFT 8894. UFO. THIS MESSAGE IS FORWARDED IN COMPLIANCE  
WITH AFR 220-20 A. DESCRIPTION OF OBJECT. 2. SHAPE. FROM APPEARANCE  
OF ITS ORBIT, OBJECT WOULD SEEM TO BE A SATELLITE-TYPE VEHICLE.  
OBJECT WAS EXAMINED THROUGH A (SIX POWER TELESCOPE AND APPEARED  
IN TWO PARTS OR AT LEAST TWO SECTIONS OF DIFFERING REFLECTIVITY,  
LEADING SECTION WAS OF A BRIGHTNESS COMPARABLE TO THAT OF A THIRD  
OR FOURTH MAGNITUDE STAR. THE TRAILING PART WAS MUCH BRIGHTER,  
AND IN THE ORDER OF A SECOND MAGNITUDE STAR. THERE WAS NO APPARENT  
TUMBLING MOTION. 2. SIZE. IMPOSSIBLE TO ESTIMATE SIZE BECAUSE OF  
APPARENT GREAT DISTANCE TO THE OBJECT. JUDGING BY REFLECTIVITY,  
OBJECT MUST BE OF A SIZE COMPARABLE TO OR LARGER THAN SPUTNIK II.  
How determined of",0.09900090826521345,3.38,"i Carlos  
OD with 09073  
and  
renolified at 1318-  
will be  
SQG767 YDB712 WYC673 WMPØ: 34  
HAT 2  
over to  
ANA 44 a  
pick up  
as  
)  
FP RJWFDN RJEDDN RJEDSQ RJEPHO  
DE RJUFAM 29.  
P 0 123452  
)  
FM SUPTUSAFA DENVER COLO  
44020  
TO RJEDDN/COMDR ADC  
CB  
RJWFDN/COMDR 34 ADIV (DEF)  
RJEDSE/COMDR ATIC  
RJEPHQ/OFFICE OF INFORMATION SERVICES HQ USAF  
RJEPHQ/ AIR INTELLIGENCE HQ USAF  
not  
BT  
UNCLAS FROM COCFT 8894. UFO. THIS MESSAGE IS FORWARDED IN COMPLIANCE  
WITH AFR 220-20 A. DESCRIPTION OF OBJECT. 2. SHAPE. FROM APPEARANCE  
OF ITS ORBIT, OBJECT WOULD SEEM TO BE A SATELLITE-TYPE VEHICLE.  
OBJECT WAS EXAMINED THROUGH A SIX POWER TELESCOPE AND APPEARED  
IN TWO PARTS OR AT LEAST TWO SECTIONS OF DIFFERING REFLECTIVITY,  
LEADING SECTION WAS OF A BRIGHTNESS COMPARABLE TO THAT OF A THIRD  
OR FOURTH MAGNITUDE STAR. THE TRAILING PART WAS MUCH BRIGHTER,  
AND IN THE ORDER OF A SECOND MAGNITUDE STAR. THERE WAS NO APPARENT  
TUMBLING MOTION. 2. SIZE. IMPOSSIBLE TO ESTIMATE SIZE BECAUSE OF  
APPARENT GREAT DISTANCE TO THE OBJECT. JUDGING BY REFLECTIVITY,  
OBJECT MUST BE OF A SIZE COMPARABLE TO OR LARGER THAN SPUTNIK II.  
How determined of  
/",0.10063463281958296,3.99
28951559,"AF FORM 112-PART II  
(CLASSIFICATION)  
APPROVED 1 JUNE 1948  
AIR INTELLIGENCE INFORMATION REPORT  
FROM (Agency)  
REPORT NO.  
Directorate of Intelligence  
TAC-IR-57-52  
PAGE  
2  
OF  
3  
PAGES  

1.  
Flying object reported as being oblong, bright orange in color, flying  
very slowly without a noise.  
16/1715  

2. The sighting was made initially at 162315Z and continued to be observed until about 162330Z at Lumberton, North Carolina.  
All witnesses listed below were at the same vantage point.  

3. Observation: Visual.  

4. Five (5) observers at Lumberton, N. C. saw the object passing from north to south.  

5.  
Lumberton, N. C.  
Reporting officer's evaluation of reliability of observers, no higher than F-6:  

6. Weather report taken from Weather Squadron, Pope Air Force Base, Fort Bragg, North Carolina, at 162200Z. Winds aloft: 230°-17 knots-14,000 feet. No Precipitation. Visibility: 10 miles.  

7. Sunset was officially listed at 162310Z in the Fort Bragg area with the sun shining brightly before dusk. There was no other meteorological activity.  

A/1c  
Pope Air Force Weather Station Observer, at approximately 162300Z, had seen an object and identified it as a jet plane flying at a high altitude from northeast to southwest and the sun shining on it caused it to be an odd color.  

Lt  
assigned to the Flight Operations Squadron, Pope Air Force Base, at the same time, observed a jet plane south of Fayetteville at a high altitude giving off a short vapor trail. He said that the trail did not seem to extend behind the plane as usual.  

Further information on what is believed to be the same jet aircraft flight, as mentioned above, can be found by referring to Flyobropt RWOPS 04832, Commanding  

NOTE: THIS DOCUMENT CONTAINS INFORMATION AFFECTING THE NATIONAL DEFENSE OF THE UNITED STATES WITHIN THE MEANING OF THE ESPIONAGE ACT, 50 U.S.C.-31 AND 32. AS AMENDED. ITS TRANSMISSION OR THE REVELATION OF ITS CONTENTS IN ANY MANNER TO AN UNAUTHORIZED PERSON IS PROHIBITED BY LAW.  
IT MAY NOT BE REPRODUCED IN WHOLE OR IN PART, BY OTHER THAN UNITED STATES AIR FORCE AGENCIES, EXCEPT BY PERMISSION OF THE DIRECTOR OF INTELLIGENCE, USAF.  
(CLASSIFICATION)",0.0014144271570014145,7.16,"AF FORM 112-PART II  
(CLASSIFICATION)  
APPROVED 1 JUNE 1948  
AIR INTELLIGENCE INFORMATION REPORT  

FROM (Agency)  
REPORT NO.  
Directorate of Intelligence  
TAC-IR-57-52  
PAGE  
2  
OF  
3  
PAGES  

1.  
Flying object reported as being oblong, bright orange in color, flying  
very slowly without a noise.  
16/1715  

2. The sighting was made initially at 162315Z and continued to be observed until about 162330Z at Lumberton, North Carolina.  
All witnesses listed below were at the same vantage point.  

3. Observation: Visual.  

4. Five (5) observers at Lumberton, N. C. saw the object passing from north to south.  

5.  
Lumberton, N. C.  
Reporting officer's evaluation of reliability of observers, no higher than F-6:  

6. Weather report taken from Weather Squadron, Pope Air Force Base, Fort Bragg, North Carolina, at 162200Z. Winds aloft: 230°-17 knots-14,000 feet.  
No Precipitation. Visibility: 10 miles.  

7. Sunset was officially listed at 162310Z in the Fort Bragg area with the sun shining brightly before dusk. There was no other meteorological activity.  

A/1c  
Pope Air Force Weather Station Observer, at approximately 162300Z, had seen an object and identified it as a jet plane flying at a high altitude from northeast to southwest and the sun shining on it caused it to be an odd color.  

Lt  
assigned to the Flight Operations Squadron, Pope Air Force Base, at the same time, observed a jet plane south of Fayetteville at a high altitude giving off a short vapor trail. He said that the trail did not seem to extend behind the plane as usual.  

Further information on what is believed to be the same jet aircraft flight, as mentioned above, can be found by referring to Flyobropt RWOPS 04832, Commanding  

NOTE: THIS DOCUMENT CONTAINS INFORMATION AFFECTING THE NATIONAL DEFENSE OF THE UNITED STATES WITHIN THE MEANING OF THE ESPIONAGE ACT, 50 U.S.C. 31 AND 32. AS AMENDED. ITS TRANSMISSION OR THE REVELATION OF ITS CONTENTS IN ANY MANNER TO AN UNAUTHORIZED PERSON IS PROHIBITED BY LAW.  
IT MAY NOT BE REPRODUCED IN WHOLE OR IN PART, BY OTHER THAN UNITED STATES AIR FORCE AGENCIES, EXCEPT BY PERMISSION OF THE DIRECTOR OF INTELLIGENCE, USAF.  
(CLASSIFICATION)",0.000942951438000943,12.9,"AF FORM 112-PART II  
(CLASSIFICATION)  
APPROVED 1 JUNE 1948  
AIR INTELLIGENCE INFORMATION REPORT  
FROM (Agency)  
REPORT NO.  
Directorate of Intelligence  
TAC-IR-57-52  
PAGE  
2  
OF  
3  
PAGES  

1. Flying object reported as being oblong, bright orange in color, flying very slowly without a noise.  
16/1715  

2. The sighting was made initially at 162315Z and continued to be observed until about 162330Z at Lumberton, North Carolina. All witnesses listed below were at the same vantage point.  

3. Observation: Visual.  

4. Five (5) observers at Lumberton, N. C. saw the object passing from north to south.  

5. Lumberton, N. C. Reporting officer's evaluation of reliability of observers, no higher than F-6:  

6. Weather report taken from Weather Squadron, Pope Air Force Base, Fort Bragg, North Carolina, at 162200Z. Winds aloft: 230°-17 knots-14,000 feet. No Precipitation. Visibility: 10 miles.  

7. Sunset was officially listed at 162310Z in the Fort Bragg area with the sun shining brightly before dusk. There was no other meteorological activity.  

A/1c Pope Air Force Weather Station Observer, at approximately 162300Z, had seen an object and identified it as a jet plane flying at a high altitude from northeast to southwest and the sun shining on it caused it to be an odd color.  

Lt assigned to the Flight Operations Squadron, Pope Air Force Base, at the same time, observed a jet plane south of Fayetteville at a high altitude giving off a short vapor trail. He said that the trail did not seem to extend behind the plane as usual.  

Further information on what is believed to be the same jet aircraft flight, as mentioned above, can be found by referring to Flyobropt RWOPS 04832, Commanding  

NOTE: THIS DOCUMENT CONTAINS INFORMATION AFFECTING THE NATIONAL DEFENSE OF THE UNITED STATES WITHIN THE MEANING OF THE ESPIONAGE ACT, 50 U.S.C.-31 AND 32. AS AMENDED. ITS TRANSMISSION OR THE REVELATION OF ITS CONTENTS IN ANY MANNER TO AN UNAUTHORIZED PERSON IS PROHIBITED BY LAW. IT MAY NOT BE REPRODUCED IN WHOLE OR IN PART. BY OTHER THAN UNITED STATES AIR FORCE AGENCIES, EXCEPT BY PERMISSION OF THE DIRECTOR OF INTELLIGENCE, USAF.  
(CLASSIFICATION)",0.000942951438000943,8.1,"AF FORM 112-PART II  
(CLASSIFICATION)  
APPROVED 1 JUNE 1948  
AIR INTELLIGENCE INFORMATION REPORT  
FROM (Agency)  
REPORT NO.  
Directorate of Intelligence  
TAC-IR-57-52  
PAGE  
2  
OF  
3  
PAGES  

1. Flying object reported as being oblong, bright orange in color, flying very slowly without a noise.  

2. The sighting was made initially at 162315Z and continued to be observed until about 162330Z at Lumberton, North Carolina. All witnesses listed below were at the same vantage point.  

3. Observation: Visual.  

4. Five (5) observers at Lumberton, N.C. saw the object passing from north to south.  

5. Lumberton, N.C. Reporting officer's evaluation of reliability of observers, no higher than F-6:  

6. Weather report taken from Weather Squadron, Pope Air Force Base, Fort Bragg, North Carolina, at 162200Z. Winds aloft: 230°-17 knots-14,000 feet. No Precipitation. Visibility: 10 miles.  

7. Sunset was officially listed at 162310Z in the Fort Bragg area with the sun shining brightly before dusk. There was no other meteorological activity.  

A/1C Pope Air Force Weather Station Observer, at approximately 162300Z, had seen an object and identified it as a jet plane flying at a high altitude from northeast to southwest and the sun shining on it caused it to be an odd color.  

Lt assigned to the Flight Operations Squadron, Pope Air Force Base, at the same time, observed a jet plane south of Fayetteville at a high altitude giving off a short vapor trail. He said that the trail did not seem to extend behind the plane as usual.  

Further information on what is believed to be the same jet aircraft flight, as mentioned above, can be found by referring to Flyobropt RWOPS 04832, Commanding  

NOTE: THIS DOCUMENT CONTAINS INFORMATION AFFECTING THE NATIONAL DEFENSE OF THE UNITED STATES WITHIN THE MEANING OF THE ESPIONAGE ACT, 50 U.S.C. 31 AND 32. AS AMENDED. ITS TRANSMISSION OR THE REVELATION OF ITS CONTENTS IN ANY MANNER TO AN UNAUTHORIZED PERSON IS PROHIBITED BY LAW. IT MAY NOT BE REPRODUCED IN WHOLE OR IN PART, BY OTHER THAN UNITED STATES AIR FORCE AGENCIES, EXCEPT BY PERMISSION OF THE DIRECTOR OF INTELLIGENCE, USAF.  
(CLASSIFICATION)",0.005657708628005658,8.08,"AF FORM 112-PART II  
(CLASSIFICATION)  
APPROVED 1 JUNE 1948  
AIR INTELLIGENCE INFORMATION REPORT  
FROM (Agency)  
REPORT NO.  
Directorate of Intelligence  
TAC-IR-57-52  
PAGE  
2  
OF  
3  
PAGES  

1. Flying object reported as being oblong, bright orange in color, flying very slowly without a noise.  
16/1715  

2. The sighting was made initially at 162315Z and continued to be observed until about 162330Z at Lumberton, North Carolina. All witnesses listed below were at the same vantage point.  

3. Observation: Visual.  

4. Five (5) observers at Lumberton, N.C. saw the object passing from north to south.  

5. Lumberton, N.C.  
Reporting officer's evaluation of reliability of observers, no higher than F-6:  

6. Weather report taken from Weather Squadron, Pope Air Force Base, Fort Bragg, North Carolina, at 162200Z. Winds aloft: 230°-17 knots-14,000 feet. No Precipitation. Visibility: 10 miles.  

7. Sunset was officially listed at 162310Z in the Fort Bragg area with the sun shining brightly before dusk. There was no other meteorological activity.  

A/1c  
Pope Air Force Weather Station Observer, at approximately 162300Z, had seen an object and identified it as a jet plane flying at a high altitude from northeast to southwest and the sun shining on it caused it to be an odd color.  

Lt  
assigned to the Flight Operations Squadron, Pope Air Force Base, at the same time, observed a jet plane south of Fayetteville at a high altitude giving off a short vapor trail. He said that the trail did not seem to extend behind the plane as usual.  

Further information on what is believed to be the same jet aircraft flight, as mentioned above, can be found by referring to Flyobropt RWOPS 04832, Commanding  

NOTE: THIS DOCUMENT CONTAINS INFORMATION AFFECTING THE NATIONAL DEFENSE OF THE UNITED STATES WITHIN THE MEANING OF THE ESPIONAGE ACT, 50 U.S.C.- 31 AND 32. AS AMENDED. ITS TRANSMISSION OR THE REVELATION OF ITS CONTENTS IN ANY MANNER TO AN UNAUTHORIZED PERSON IS PROHIBITED BY LAW. IT MAY NOT BE REPRODUCED IN WHOLE OR IN PART, BY OTHER THAN UNITED STATES AIR FORCE AGENCIES, EXCEPT BY PERMISSION OF THE DIRECTOR OF INTELLIGENCE, USAF.  
(CLASSIFICATION)",0.0023573785950023575,16.18,"AF FORM 112-PART II  
(CLASSIFICATION)  
APPROVED 1 JUNE 1948  
AIR INTELLIGENCE INFORMATION REPORT  
FROM (Agency)  
REPORT NO.  
Directorate of Intelligence  
TAC-IR-57-52  
PAGE  
2  
OF  
3  
PAGES  

1.  
Flying object reported as being oblong, bright orange in color, flying  
very slowly without a noise.  
16/1715  

2. The sighting was made initially at 162315Z and continued to be observed until about 162330Z at Lumberton, North Carolina.  
All witnesses listed below were at the same vantage point.  

3. Observation: Visual.  

4. Five (5) observers at Lumberton, N. C. saw the object passing from north to south.  

5.  
Lumberton, N. C.  
Reporting officer's evaluation of reliability of observers, no higher than F-6:  

6. Weather report taken from Weather Squadron, Pope Air Force Base, Fort Bragg, North Carolina, at 162200Z. Winds aloft: 230°-17 knots-14,000 feet.  
No Precipitation. Visibility: 10 miles.  

7. Sunset was officially listed at 162310Z in the Fort Bragg area with the sun shining brightly before dusk. There was no other meteorological activity.  

A/1C  
Pope Air Force Weather Station Observer, at approximately 162300Z, had seen an object and identified it as a jet plane flying at a high altitude from northeast to southwest and the sun shining on it caused it to be an odd color.  

Lt  
assigned to the Flight Operations Squadron, Pope Air Force Base, at the same time, observed a jet plane south of Fayetteville at a high altitude giving off a short vapor trail. He said that the trail did not seem to extend behind the plane as usual.  

Further information on what is believed to be the same jet aircraft flight, as mentioned above, can be found by referring to Flyobropt RWOPS 04832, Commanding  

NOTE: THIS DOCUMENT CONTAINS INFORMATION AFFECTING THE NATIONAL DEFENSE OF THE UNITED STATES WITHIN THE MEANING OF THE ESPIONAGE ACT, 50 U.S.C.-31 AND 32. AS AMENDED. ITS TRANSMISSION OR THE REVELATION OF ITS CONTENTS IN ANY MANNER TO AN UNAUTHORIZED PERSON IS PROHIBITED BY LAW.  
IT MAY NOT BE REPRODUCED IN WHOLE OR IN PART, BY OTHER THAN UNITED STATES AIR FORCE AGENCIES, EXCEPT BY PERMISSION OF THE DIRECTOR  
OF  
INTELLIGENCE, USAF.  
(CLASSIFICATION)",0.0014144271570014145,17.1,"AF FORM 112-PART II  
(CLASSIFICATION)  
APPROVED 1 JUNE 1948  

AIR INTELLIGENCE INFORMATION REPORT  

FROM (Agency)  
Directorate of Intelligence  

REPORT NO.  
TAC-IR-57-52  

PAGE  
2  
OF  
3  
PAGES  

1.  
Flying object reported as being oblong, bright orange in color, flying very slowly without a noise.  

16/1715  

2. The sighting was made initially at 162315Z and continued to be observed until about 162330Z at Lumberton, North Carolina. All witnesses listed below were at the same vantage point.  

3. Observation: Visual.  

4. Five (5) observers at Lumberton, N.C. saw the object passing from north to south.  

5.  
Lumberton, N.C.  
Reporting officer's evaluation of reliability of observers, no higher than F-6:  

6. Weather report taken from Weather Squadron, Pope Air Force Base, Fort Bragg, North Carolina, at 162200Z. Winds aloft: 230°-17 knots-14,000 feet. No Precipitation. Visibility: 10 miles.  

7. Sunset was officially listed at 162310Z in the Fort Bragg area with the sun shining brightly before dusk. There was no other meteorological activity.  

A/1c  
Pope Air Force Weather Station Observer, at approximately 162300Z, had seen an object and identified it as a jet plane flying at a high altitude from northeast to southwest and the sun shining on it caused it to be an odd color.  

Lt  
assigned to the Flight Operations Squadron, Pope Air Force Base, at the same time, observed a jet plane south of Fayetteville at a high altitude giving off a short vapor trail. He said that the trail did not seem to extend behind the plane as usual.  

Further information on what is believed to be the same jet aircraft flight, as mentioned above, can be found by referring to Flyobropt RWOPS 04832, Commanding  

NOTE: THIS DOCUMENT CONTAINS INFORMATION AFFECTING THE NATIONAL DEFENSE OF THE UNITED STATES WITHIN THE MEANING OF THE ESPIONAGE ACT, 50 U.S.C.-31 AND 32. AS AMENDED. ITS TRANSMISSION OR THE REVELATION OF ITS CONTENTS IN ANY MANNER TO AN UNAUTHORIZED PERSON IS PROHIBITED BY LAW. IT MAY NOT BE REPRODUCED IN WHOLE OR IN PART, BY OTHER THAN UNITED STATES AIR FORCE AGENCIES, EXCEPT BY PERMISSION OF THE DIRECTOR OF INTELLIGENCE, USAF.  

(CLASSIFICATION)",0.01272984441301273,7.07,"AF FORM 112-PART II  
(CLASSIFICATION)  
APPROVED 1 JUNE 1948  
AIR INTELLIGENCE INFORMATION REPORT  

FROM (Agency)  
REPORT NO.  
Directorate of Intelligence  
TAC-IR-57-52  

PAGE  
2  
OF  
3  
PAGES  

1. Flying object reported as being oblong, bright orange in color, flying very slowly without a noise.  
16/1715  

2. The sighting was made initially at 162315Z and continued to be observed until about 162330Z at Lumberton, North Carolina. All witnesses listed below were at the same vantage point.  

3. Observation: Visual.  

4. Five (5) observers at Lumberton, N. C. saw the object passing from north to south.  

5. Lumberton, N. C.  

Reporting officer's evaluation of reliability of observers, no higher than F-6:  

6. Weather report taken from Weather Squadron, Pope Air Force Base, Fort Bragg, North Carolina, at 162200Z. Winds aloft: 230°-17 knots-14,000 feet. No Precipitation. Visibility: 10 miles.  

7. Sunset was officially listed at 162310Z in the Fort Bragg area with the sun shining brightly before dusk. There was no other meteorological activity.  

A/1c Pope Air Force Weather Station Observer, at approximately 162300Z, had seen an object and identified it as a jet plane flying at a high altitude from northeast to southwest and the sun shining on it caused it to be an odd color.  

Lt assigned to the Flight Operations Squadron, Pope Air Force Base, at the same time, observed a jet plane south of Fayetteville at a high altitude giving off a short vapor trail. He said that the trail did not seem to extend behind the plane as usual.  

Further information on what is believed to be the same jet aircraft flight, as mentioned above, can be found by referring to Flyobropt RWOPS 04832, Commanding  

NOTE: THIS DOCUMENT CONTAINS INFORMATION AFFECTING THE NATIONAL DEFENSE OF THE UNITED STATES WITHIN THE MEANING OF THE ESPIONAGE ACT, 50 U.S.C.- 31 AND 32. AS AMENDED. ITS TRANSMISSION OR THE REVELATION OF ITS CONTENTS IN ANY MANNER TO AN UNAUTHORIZED PERSON IS PROHIBITED BY LAW. IT MAY NOT BE REPRODUCED IN WHOLE OR IN PART, BY OTHER THAN UNITED STATES AIR FORCE AGENCIES, EXCEPT BY PERMISSION OF THE DIRECTOR OF INTELLIGENCE, USAF.  

(CLASSIFICATION)",0.0014144271570014145,5.43,"AF FORM 112-PART II  
(CLASSIFICATION)  
APPROVED 1 JUNE 1948  
AIR INTELLIGENCE INFORMATION REPORT  

FROM (Agency)  
REPORT NO.  
Directorate of Intelligence  
TAC-IR-57-52  
PAGE  
2  
OF  
3  
PAGES  

1. Flying object reported as being oblong, bright orange in color, flying very slowly without a noise.  
16/1715  

2. The sighting was made initially at 162315Z and continued to be observed until about 162330Z at Lumberton, North Carolina. All witnesses listed below were at the same vantage point.  

3. Observation: Visual.  

4. Five (5) observers at Lumberton, N. C. saw the object passing from north to south.  

5. Lumberton, N. C.  
Reporting officer's evaluation of reliability of observers, no higher than F-6:  

6. Weather report taken from Weather Squadron, Pope Air Force Base, Fort Bragg, North Carolina, at 162200Z. Winds aloft: 230°-17 knots-14,000 feet. No Precipitation. Visibility: 10 miles.  

7. Sunset was officially listed at 162310Z in the Fort Bragg area with the sun shining brightly before dusk. There was no other meteorological activity.  

A/1c Pope Air Force Weather Station Observer, at approximately 162300Z, had seen an object and identified it as a jet plane flying at a high altitude from northeast to southwest and the sun shining on it caused it to be an odd color.  

Lt assigned to the Flight Operations Squadron, Pope Air Force Base, at the same time, observed a jet plane south of Fayetteville at a high altitude giving off a short vapor trail. He said that the trail did not seem to extend behind the plane as usual.  

Further information on what is believed to be the same jet aircraft flight, as mentioned above, can be found by referring to Flyobropt RWOPS 04832, Commanding  

NOTE: THIS DOCUMENT CONTAINS INFORMATION AFFECTING THE NATIONAL DEFENSE OF THE UNITED STATES WITHIN THE MEANING OF THE ESPIONAGE ACT, 50 U.S.C. 31 AND 32. AS AMENDED. ITS TRANSMISSION OR THE REVELATION OF ITS CONTENTS IN ANY MANNER TO AN UNAUTHORIZED PERSON IS PROHIBITED BY LAW. IT MAY NOT BE REPRODUCED IN WHOLE OR IN PART, BY OTHER THAN UNITED STATES AIR FORCE AGENCIES, EXCEPT BY PERMISSION OF THE DIRECTOR OF INTELLIGENCE, USAF.  
(CLASSIFICATION)",0.000942951438000943,5.53
28971645,"(TEL  
UNCLASSIFIED  
AF FORM 112  
2-8  
(CLASSIFICATION)  
APPROVED 1 JUNE 1948  

COUNTRY  
REPORT NO.  
(LEAVE BLANK)  
United States  

SUBJECT  
Within AIR INTELLIGENCE INFORMATION REPORT  
Unidentified Flying Objects Reporting  

AREA REPORTED ON  
Guadalupe Mission Priory  

FROM  
(Agency) Det. 1, 4679th Ground Observer Sqdn.  
PO Box 1935  
Pecos, New Mexico  
146 Quincy St. NE, Albuquerque, N. Mexico  

DATE OF REPORT  
DATE OF INFORMATION  
EVALUATION  
20 September 1957  
17 September 1957  

PREPARED BY (Officer)  
SOURCE  
CWO W-2 Charles W. Jones  

REFERENCES (Control number, directive, previous report, etc., as applicable)  
AFR 200-2  

SUMMARY: (Enter concise summary of report. Give significance in final one-sentence paragraph. List enclosures at lower left. Begin text of report on AF Form 112-Part II.)  

1. Description of object(s)  
a. Shape: Disk shape  
b. Size compared to a known object: Size of a grapefruit  
c. Color: White with yellow tint.  
d. Number: One.  
e. Formation, if more than one: N/A.  
f. Any discernible features or details: Vapor trail very long (dull blue in color) and disappeared instantly.  
g. Tail, trail, or exhaust, including size of same compared to size of object(s): Very long vapor trails.  
h. Any Sound. If heard, describe sound: N/A.  
i. Other pertinent or unusual features: N/A.  

2. Description of course of object(s):  
a. What first called the attention of observer(s) to the object(s): Sky was clear and was looking at the sky and saw the object.  
b. Angle of elevation and azimuth of the object(s) when first observed: From true North 180 degrees and from horizon 10 degrees.  
c. Angle of elevation and azimuth of object upon disappearance: From true North 325 degrees and from horizon 8 degrees  
d. Description of flight path and maneuvers of object: Southwest  
e. Manner of disappearance of object: It went behind trees.  
f. Length of time in sight: One (1) Second  

3. Manner of observation:  
a. Use one or any combination of the following items: Ground-visual, ground-electronic, air-electronic: Observed object through eyeglasses. Ground-visual.  
b. Statement as to optical aids used and description thereof: Eyeglasses.  

DISTRIBUTION BY ORIGINATOR  
Air Defense Command",0.13799126637554585,6.24,"UNCLASSIFIED  
AF FORM 112  
2-8  
(CLASSIFICATION)  
APPROVED 1 JUNE 1948  

COUNTRY  
REPORT NO.  
(LEAVE BLANK)  
United States  

SUBJECT  
Within AIR INTELLIGENCE INFORMATION REPORT  
Unidentified Flying Objects Reporting  

AREA REPORTED ON  
Guadalupe Mission Priory  

FROM  
(Agency) Det. 1, 4679th Ground Observer Sqdn.  
Pecos, New Mexico  
146 Quincy St. NE, Albuquerque, N. Mexico  

DATE OF REPORT  
DATE OF INFORMATION  
EVALUATION  
20 September 1957  
17 September 1957  

PREPARED BY (Officer)  
SOURCE  
CWO W-2 Charles W. Jones  

REFERENCES (Control number, directive, previous report, etc., as applicable)  
AFR 200-2  

SUMMARY: (Enter concise summary of report. Give significance in final one-sentence paragraph. List enclosures at lower left. Begin text of report on AF Form 112-Part II.)  

1. Description of object(s)  
a. Shape: Disk shape  
b. Size compared to a known object: Size of a grapefruit  
c. Color: White with yellow tint  
d. Number: One  
e. Formation, if more than one: N/A  
f. Any discernible features or details: Vapor trail very long (dull blue in color) and disappeared instantly  
g. Tail, trail, or exhaust, including size of same compared to size of object(s): Very long vapor trails  
h. Any Sound. If heard, describe sound: N/A  
i. Other pertinent or unusual features: N/A  

2. Description of course of object(s):  
a. What first called the attention of observer(s) to the object(s): Sky was clear and was looking at the sky and saw the object  
b. Angle of elevation and azimuth of the object(s) when first observed: From true North 180 degrees and from horizon 10 degrees  
c. Angle of elevation and azimuth of object upon disappearance: From true North 325 degrees and from horizon 8 degrees  
d. Description of flight path and maneuvers of object: Southwest  
e. Manner of disappearance of object: It went behind trees  
f. Length of time in sight: One (1) Second  

3. Manner of observation:  
a. Use one or any combination of the following items: Ground-visual, ground-electronic, air-electronic: Observed object through eyeglasses. Ground-visual  
b. Statement as to optical aids used and description thereof: Eyeglasses  

DISTRIBUTION BY ORIGINATOR  
Air Defense Command",0.13580786026200872,4.81,"(TEL UNCLASSIFIED AF FORM 112 2-8 (CLASSIFICATION) APPROVED 1 JUNE 1948 COUNTRY REPORT NO. (LEAVE BLANK) United States SUBJECT Within AIR INTELLIGENCE INFORMATION REPORT Unidentified Flying Objects Reporting AREA REPORTED ON Guadalup Mission Priory FROM (Agency) Det. 1, 4679th Ground Observer Sqdn. PO 1935 Pecos, New Mexico 146 Quincy St. NE, Albuquerque, N. Mexico DATE OF REPORT DATE OF INFORMATION EVALUATION 20 September 1957 17 September 1957 PREPARED BY (Officer) SOURCE CWO W-2 Charles W. Jones REFERENCES (Control number, directive, previous report, etc., as applicable) AFR 200-2 SUMMARY: (Enter concise summary of report. Give significance in final one-sentence paragraph. List enclosures at lower left. Begin text of report on AF Form 112-Part II.) 1. Description of object(s) a. Shape: Disk shape b. Size compared to a known object: Size of a grapefruit c. Color: White with yellow tint. d. Number: One. e. Formation, if more than one: N/A. f. Any discernible features or details: Vapor trail very long (dull blue in color) and disappeared instantly. g. Tail, trail, or exhaust, including size of same compared to size of object(s): Very long vapor trails. h. Any Sound. If heard, describe sound: N/A. i. Other pertinent or unusual features: N/A. 2. Description of course of object(s): a. What first called the attention of observer(s) to the object(s): Sky was clear and was looking at the sky and saw the object. b. Angle of elevation and azimuth of the object(s) when first observed: From true North 180 degrees and from horizon 10 degrees. c. Angle of elevation and azimuth of object upon disappearance: From true North 325 degrees and from horizon 8 degrees d. Description of flight path and maneuvers of object: Southwest e. Manner of disappearance of object: It went behind trees. f. Length of time in sight: One (1) Second 3. Manner of observation: a. Use one or any combination of the following items: Ground-visual, ground-electronic, air-electronic: Observed object through eyeglasses. Ground-visual. b. Statement as to optical aids used and description thereof: Eyeglasses. DISTRIBUTION BY ORIGINATOR Air Defense Command",0.13580786026200872,9.69,"UNCLASSIFIED  
AF FORM 112  
2-8  
(CLASSIFICATION)  
APPROVED 1 JUNE 1948  

COUNTRY  
REPORT NO.  
(LEAVE BLANK)  
United States  

SUBJECT  
AIR INTELLIGENCE INFORMATION REPORT  
Unidentified Flying Objects Reporting  

AREA REPORTED ON  
Guadalupe Mission Priory  

FROM  
(Agency) Det. 1, 4679th Ground Observer Sqdn.  
Pecos, New Mexico  
146 Quincy St. NE, Albuquerque, N. Mexico  

DATE OF REPORT  
DATE OF INFORMATION  
EVALUATION  
20 September 1957  
17 September 1957  

PREPARED BY (Officer)  
SOURCE  
CWO W-2 Charles W. Jones  

REFERENCES (Control number, directive, previous report, etc., as applicable)  
AFR 200-2  

SUMMARY: (Enter concise summary of report. Give significance in final one-sentence paragraph. List enclosures at lower left. Begin text of report on AF Form 112-Part II.)  

1. Description of object(s)  
a. Shape: Disk shape  
b. Size compared to a known object: Size of a grapefruit  
c. Color: White with yellow tint  
d. Number: One  
e. Formation, if more than one: N/A  
f. Any discernible features or details: Vapor trail very long (dull blue in color) and disappeared instantly  
g. Tail, trail, or exhaust, including size of same compared to size of object(s): Very long vapor trails  
h. Any Sound. If heard, describe sound: N/A  
i. Other pertinent or unusual features: N/A  

2. Description of course of object(s):  
a. What first called the attention of observer(s) to the object(s): Sky was clear and was looking at the sky and saw the object  
b. Angle of elevation and azimuth of the object(s) when first observed: From true North 180 degrees and from horizon 10 degrees  
c. Angle of elevation and azimuth of object upon disappearance: From true North 325 degrees and from horizon 8 degrees  
d. Description of flight path and maneuvers of object: Southwest  
e. Manner of disappearance of object: It went behind trees  
f. Length of time in sight: One (1) second  

3. Manner of observation:  
a. Use one or any combination of the following items: Ground-visual, ground-electronic, air-electronic: Observed object through eyeglasses. Ground-visual  
b. Statement as to optical aids used and description thereof: Eyeglasses  

DISTRIBUTION BY ORIGINATOR  
Air Defense Command",0.13449781659388646,8.74,"UNCLASSIFIED  
AF FORM 112  
APPROVED 1 JUNE 1948  

COUNTRY  
United States  

SUBJECT  
AIR INTELLIGENCE INFORMATION REPORT  
Unidentified Flying Objects Reporting  

AREA REPORTED ON  
Guadalupe Mission Priory  

FROM  
(Agency) Det. 1, 4679th Ground Observer Sqdn.  
Pecos, New Mexico  
146 Quincy St. NE, Albuquerque, N. Mexico  

DATE OF REPORT  
20 September 1957  

DATE OF INFORMATION  
17 September 1957  

PREPARED BY (Officer)  
CWO W-2 Charles W. Jones  

REFERENCES  
AFR 200-2  

SUMMARY:  
1. Description of object(s)  
a. Shape: Disk shape  
b. Size compared to a known object: Size of a grapefruit  
c. Color: White with yellow tint  
d. Number: One  
e. Formation, if more than one: N/A  
f. Any discernible features or details: Vapor trail very long (dull blue in color) and disappeared instantly  
g. Tail, trail, or exhaust, including size of same compared to size of object(s): Very long vapor trails  
h. Any Sound. If heard, describe sound: N/A  
i. Other pertinent or unusual features: N/A  

2. Description of course of object(s):  
a. What first called the attention of observer(s) to the object(s): Sky was clear and was looking at the sky and saw the object  
b. Angle of elevation and azimuth of the object(s) when first observed: From true North 180 degrees and from horizon 10 degrees  
c. Angle of elevation and azimuth of object upon disappearance: From true North 325 degrees and from horizon 8 degrees  
d. Description of flight path and maneuvers of object: Southwest  
e. Manner of disappearance of object: It went behind trees  
f. Length of time in sight: One (1) Second  

3. Manner of observation:  
a. Use one or any combination of the following items: Ground-visual, ground-electronic, air-electronic: Observed object through eyeglasses. Ground-visual  
b. Statement as to optical aids used and description thereof: Eyeglasses  

DISTRIBUTION BY ORIGINATOR  
Air Defense Command",0.2275109170305677,6.97,"UNCLASSIFIED  
AF FORM 112  
2-8  
(CLASSIFICATION)  
APPROVED 1 JUNE 1948  

COUNTRY  
REPORT NO.  
(LEAVE BLANK)  
United States  

SUBJECT  
AIR INTELLIGENCE INFORMATION REPORT  
Unidentified Flying Objects Reporting  

AREA REPORTED ON  
Guadalupe Mission Priory  

FROM  
(Agency) Det. 1, 4679th Ground Observer Sqdn.  
Pecos, New Mexico  
146 Quincy St. NE, Albuquerque, N. Mexico  

DATE OF REPORT  
DATE OF INFORMATION  
EVALUATION  
20 September 1957  
17 September 1957  

PREPARED BY (Officer)  
SOURCE  
CWO W-2 Charles W. Jones  

REFERENCES (Control number, directive, previous report, etc., as applicable)  
AFR 200-2  

SUMMARY: (Enter concise summary of report. Give significance in final one-sentence paragraph. List enclosures at lower left. Begin text of report on AF Form 112-Part II.)  

1. Description of object(s)  
a. Shape: Disk shape  
b. Size compared to a known object: Size of a grapefruit  
c. Color: White with yellow tint.  
d. Number: One.  
e. Formation, if more than one: N/A.  
f. Any discernible features or details: Vapor trail very long (dull blue in color) and disappeared instantly.  
g. Tail, trail, or exhaust, including size of same compared to size of object(s): Very long vapor trails.  
h. Any Sound. If heard, describe sound: N/A.  
i. Other pertinent or unusual features: N/A.  

2. Description of course of object(s):  
a. What first called the attention of observer(s) to the object(s): Sky was clear and was looking at the sky and saw the object.  
b. Angle of elevation and azimuth of the object(s) when first observed: From true North 180 degrees and from horizon 10 degrees.  
c. Angle of elevation and azimuth of object upon disappearance: From true North 325 degrees and from horizon 8 degrees.  
d. Description of flight path and maneuvers of object: Southwest  
e. Manner of disappearance of object: It went behind trees.  
f. Length of time in sight: One (1) second  

3. Manner of observation:  
a. Use one or any combination of the following items: Ground-visual, ground-electronic, air-electronic: Observed object through eyeglasses. Ground-visual.  
b. Statement as to optical aids used and description thereof: Eyeglasses.  

DISTRIBUTION BY ORIGINATOR  
Air Defense Command",0.12882096069868995,7.57,"(TEL  
UNCLASSIFIED  
AF FORM 112  
2-8  
(CLASSIFICATION)  
APPROVED 1 JUNE 1948  

COUNTRY  
REPORT NO.  
(LEAVE BLANK)  
United States  

SUBJECT  
Within AIR INTELLIGENCE INFORMATION REPORT  
Unidentified Flying Objects Reporting  

AREA REPORTED ON  
Gubdalup Mission Priory  

FROM  
(Agency) Det. 1, 4679th Ground Observer Sqdn.  
QF 1935  
Pecos, New Mexico  
146 Quincy St. NE, Albuquerque, N. Mexico  

DATE OF REPORT  
DATE OF INFORMATION  
EVALUATION  
20 September 1957  
17 September 1957  

PREPARED BY (Officer)  
SOURCE  
CWO W-2 Charles W. Jones  

REFERENCES (Control number, directive, previous report, etc., as applicable)  
AFR 200-2  

SUMMARY: (Enter concise summary of report. Give significance in final one-sentence paragraph. List inclosures at lower left. Begin text of report on AF Form 112-Part II.)  

1. Description of object(s)  
a. Shape: Disk shape  
b. Size compared to a known object: Size of a grapefruit  
c. Color: White with yellow tint.  
d. Number: One.  
e. Formation, if more than one: N/A.  
f. Any discernible features or details: Vapor trail very long (dull blue in color) and disappeared instantly.  
g. Tail, trail, or exhaust, including size of same compared to size of object(s): Very long vapor trails.  
h. Any Sound. If heard, describe sound: N/A.  
i. Other pertinent or unusual features: N/A.  

2. Description of course of object(s):  
a. What first called the attention of observer(s) to the object(s): Sky was clear and was looking at the sky and saw the object.  
b. Angle of elevation and azimuth of the object(s) when first observed: From true North 180 degrees and from horizon 10 degrees.  
c. Angle of elevation and azimuth of object upon disappearance: From true North 325 degrees and from horizon 8 degrees.  
d. Description of flight path and maneuvers of object: Southwest  
e. Manner of disappearance of object: It went behind trees.  
f. Length of time in sight: One (1) second  

3. Manner of observation:  
a. Use one or any combination of the following items: Ground-visual, ground electronic, air-electronic: Observed object through eyeglasses. Ground-visual.  
b. Statement as to optical aids used and description thereof: Eyeglasses.  

DISTRIBUTION BY ORIGINATOR  
Air Defense Command",0.13406113537117903,5.53,"(TEL  
UNCLASSIFIED  
AF FORM 112  
2-8  
(CLASSIFICATION)  
APPROVED 1 JUNE 1948  

COUNTRY  
United States  

REPORT NO.  
(LEAVE BLANK)  

SUBJECT  
Within AIR INTELLIGENCE INFORMATION REPORT  
Unidentified Flying Objects Reporting  

AREA REPORTED ON  
Gubdalup Mission Priory  

FROM  
(Agency) Det. 1, 4679th Ground Observer Sqdn.  
QF 1935  
Pecos, New Mexico  
146 Quincy St. NE, Albuquerque, N. Mexico  

DATE OF REPORT  
20 September 1957  

DATE OF INFORMATION  
17 September 1957  

EVALUATION  

PREPARED BY (Officer)  
CWO W-2 Charles W. Jones  

SOURCE  

REFERENCES (Control number, directive, previous report, etc., as applicable)  
AFR 200-2  

SUMMARY: (Enter concise summary of report. Give significance in final one-sentence paragraph. List inclosures at lower left. Begin text of report on AF Form 112-Part II.)  

1. Description of object(s)  
a. Shape: Disk shape  
b. Size compared to a known object: Size of a grapefruit  
c. Color: White with yellow tint.  
d. Number: One.  
e. Formation, if more than one: N/A.  
f. Any discernible features or details: Vapor trail very long (dull blue in color) and disappeared instantly.  
g. Tail, trail, or exhaust, including size of same compared to size of object(s): Very long vapor trails.  
h. Any Sound. If heard, describe sound: N/A.  
i. Other pertinent or unusual features: N/A.  

2. Description of course of object(s):  
a. What first called the attention of observer(s) to the object(s): Sky was clear and was looking at the sky and saw the object.  
b. Angle of elevation and azimuth of the object(s) when first observed: From true North 180 degrees and from horizon 10 degrees.  
c. Angle of elevation and azimuth of object upon disappearance: From true North 325 degrees and from horizon 8 degrees.  
d. Description of flight path and maneuvers of object: Southwest  
e. Manner of disappearance of object: It went behind trees.  
f. Length of time in sight: One (1) Second  

3. Manner of observation:  
a. Use one or any combination of the following items: Ground-visual, ground-electronic, air-electronic: Observed object through eyeglasses. Ground-visual.  
b. Statement as to optical aids used and description thereof: Eyeglasses.  

NOTE  

COMPASS  

A  

PLOT  

ATIC Concluse: Pul Meter  

INCLS.  
Description lt path, short charation, etc sugger true meten. 1 c number hear  

HORIZON PLOT  

Exported from the Worldon are  

DISTRIBUTION BY ORIGINATOR  

Air Defense Command",0.07589478223372143,6.55,"(TEL  
UNCLASSIFIED  
AF FORM 112  
2-8  
(CLASSIFICATION)  
APPROVED 1 JUNE 1948  

COUNTRY  
United States  

REPORT NO.  
(LEAVE BLANK)  

SUBJECT  
Within AIR INTELLIGENCE INFORMATION REPORT  
Unidentified Flying Objects Reporting  

AREA REPORTED ON  
Gubdalup Mission Priory  

FROM  
(Agency) Det. 1, 4679th Ground Observer Sqdn.  
QF 1935  
Pecos, New Mexico  
146 Quincy St. NE, Albuquerque, N. Mexico  

DATE OF REPORT  
20 September 1957  

DATE OF INFORMATION  
17 September 1957  

EVALUATION  
PREPARED BY (Officer)  
CWO W-2 Charles W. Jones  

SOURCE  
REFERENCES (Control number, directive, previous report, etc., as applicable)  
AFR 200-2  

SUMMARY: (Enter concise summary of report. Give significance in final one-sentence paragraph. List inclosures at lower left. Begin text of report on AF Form 112-Part II.)  

1. Description of object(s)  
a. Shape: Disk shape  
b. Size compared to a known object: Size of a grapefruit  
c. Color: White with yellow tint.  
d. Number: One.  
e. Formation, if more than one: N/A.  
f. Any discernible features or details: Vapor trail very long (dull blue in color) and disappeared instantly.  
g. Tail, trail, or exhaust, including size of same compared to size of object(s): Very long vapor trails.  
h. Any Sound. If heard, describe sound: N/A.  
i. Other pertinent or unusual features: N/A.  

2. Description of course of object(s):  
a. What first called the attention of observer(s) to the object(s): Sky was clear and was looking at the sky and saw the object.  
b. Angle of elevation and azimuth of the object(s) when first observed: From true North 180 degrees and from horizon 10 degrees.  
c. Angle of elevation and azimuth of object upon disappearance: From true North 325 degrees and from horizon 8 degrees.  
d. Description of flight path and maneuvers of object: Southwest  
e. Manner of disappearance of object: It went behind trees.  
f. Length of time in sight: One (1) second  

3. Manner of observation:  
a. Use one or any combination of the following items: Ground-visual, ground-electronic, air-electronic: Observed object through eyeglasses. Ground-visual.  
b. Statement as to optical aids used and description thereof: Eyeglasses.  

COMPASS  
PLOT  

ATIC Concluse: Pul Meter  
INCLS.  
Description lt path, short charation, etc sugger  
true meten. 1 c number hear  
HORIZON PLOT  

Exported from the Worldon are  
DISTRIBUTION BY ORIGINATOR  

this year  
S  
B  
10 above  
South  
Horizon  
WEST  
Air Defense Command  
8'mg NORTH",0.080338266384778,5.77
28981950,"SECURITY CLASSIFICATION  
JOINT MESSAGEFORM  
UNCLASSIFIED  
SPACE BELOW RESERVED FOR COMMUNICATION CENTER  
APR 14 21 06 '59  

PRECEDENCE  
TYPE MSG (Check)  
ACCOUNTING  
ORIG. OR REFERS TO  
CLASSIFICATION  
SYMBOL  
OF REFERENCE  
ACTION ROUTINE  
BOOK  
MULTI  
SINGLE  
INFO  
X  
AF  
AAC 50015  
CONF  

FROM:  
SPECIAL INSTRUCTIONS  
ATIC. WP-AFB  
M  

TO:  
AAC, ELMENDORF AFB, ALASKA ROKDAG  
/UNCLASSIFIED/FROM: AFCIN-4E4B +-716-E  
REF MSG ACS/INT AAC 50015, DTD 14 FEB 59, REQUEST ALL AVAILABLE  
INFO CONCERNING SUBJECT BALLOON AND EQUIPMENT BE FORWARDED TO THIS  
CENTER AS SOON AS POSSIBLE. WHEN THE EQUIPMENT IS RECOVERED,  
REQUEST IT BE FORWARDED TO THIS CENTER.  

COORDINATION  
For - George Col Rethman 9. Enjoyer 13 45  
AFCIN-4E not DATE H14/19  
Col Gilbert  

DATE  
TIME  
10  
0915  
MONTH  
YEAR  
APR  
1959  

SYMBOL  
SIGNATURE  
AFCIN-4E48  
17  
L.J. Harrell  

TYPED NAME AND TITLE (Signature, if required)  
TYPED (or stamped) NAME AND TITLE  
MAJ ROBERT J. FRIEND  
PHONE  
69216  

PAGE  
1  
NR. OF 1  

LOUIS J. HARRELL  
SECURITY CLASSIFICATION  
CAPTAIN, USAF  
ASSISTANT ADMINISTRATIVE OFFICER  
UNCLASSIFIED  

DD  
FORM  
MAY 55  
173  
REPLACES DD FORM 173, OCT 49, WHICH WILL BE USED UNTIL EXHAUSTED",0.18312387791741472,5.3,"SECURITY CLASSIFICATION  
JOINT MESSAGEFORM  
UNCLASSIFIED  
SPACE BELOW RESERVED FOR COMMUNICATION CENTER  
APR 14 21 06 '59  

PRECEDENCE  
TYPE MSG (Check)  
ACCOUNTING  
ORIG. OR REFERS TO  
CLASSIFICATION  
SYMBOL  
OF REFERENCE  

ACTION ROUTINE  
BOOK  
MULTI  
SINGLE  
INFO  
X  

AF  
AAC 50015  
CONF  

FROM:  
SPECIAL INSTRUCTIONS  
ATIC, WP-AFB  

TO:  
AAC, ELMENDORF AFB, ALASKA ROKDAG  

/UNCLASSIFIED/FROM: AFCIN-4E4 716-E  
REF MSG ACS/INT AAC 50015, DTD 14 FEB 59, REQUEST ALL AVAILABLE  
INFO CONCERNING SUBJECT BALLOON AND EQUIPMENT BE FORWARDED TO THIS  
CENTER AS SOON AS POSSIBLE. WHEN THE EQUIPMENT IS RECOVERED,  
REQUEST IT BE FORWARDED TO THIS CENTER.  

COORDINATION  
FOR - George Col Rethman 9. Enjoyer 13 45  
AFCIN-4E DATE H14/19  
Col Gilbert  

DATE  
TIME  
10  
0915  
MONTH  
YEAR  
APR  
1959  

SYMBOL  
SIGNATURE  
AFCIN-4E48  
17  
L.J. Harrell  

TYPED NAME AND TITLE (Signature, if required)  
TYPED (or stamped) NAME AND TITLE  

MAJ ROBERT J. FRIEND  
PHONE  
69216  
PAGE  
1  
NR. OF 1  
NA.  
PAGES  
LOUIS J. HARRELL  
SECURITY CLASSIFICATION  
CAPTAIN, USAF  
ASSISTANT ADMINISTRATIVE OFFICER  
UNCLASSIFIED  

DD  
FORM  
MAY 55  
173  
REPLACES DD FORM 173, OCT 49, WHICH WILL BE USED UNTIL EXHAUSTED",0.18043087971274685,5.61,"SECURITY CLASSIFICATION  
JOINT MESSAGEFORM  
UNCLASSIFIED  
SPACE BELOW RESERVED FOR COMMUNICATION CENTER  
APR 14 21 06 '59  

PRECEDENCE  
TYPE MSG (Check)  

ACCOUNTING  
ORIG. OR REFERS TO  
CLASSIFICATION  
SYMBOL  
OF REFERENCE  

ACTION ROUTINE  
BOOK  
MULTI  
SINGLE  
INFO  
X  
AF  
AAC 50015  
CONF  

FROM:  
SPECIAL INSTRUCTIONS  
ATIC, WP-AFB  

TO:  
AAC, ELMENDORF AFB, ALASKA ROKDAG  

/UNCLASSIFIED/FROM: AFCIN-4E4  
REF MSG ACS/INT AAC 50015, DTD 14 FEB 59, REQUEST ALL AVAILABLE  
INFO CONCERNING SUBJECT BALLOON AND EQUIPMENT BE FORWARDED TO THIS  
CENTER AS SOON AS POSSIBLE. WHEN THE EQUIPMENT IS RECOVERED,  
REQUEST IT BE FORWARDED TO THIS CENTER.  

COORDINATION  
FOR - George Col Rethman  
AFCIN-4E   

Col Gilbert  

DATE  
TIME  
10  
0915  
MONTH  
YEAR  
APR  
1959  

SYMBOL  
SIGNATURE  
AFCIN-4E4  

L.J. Harrell  

TYPED NAME AND TITLE (Signature, if required)  
TYPED (or stamped) NAME AND TITLE  

MAJ ROBERT J. FRIEND  

PHONE  
69216  

PAGE  
1  
NR. OF 1  

LOUIS J. HARRELL  
SECURITY CLASSIFICATION  
CAPTAIN, USAF  
ASSISTANT ADMINISTRATIVE OFFICER  
UNCLASSIFIED  

DD FORM  
MAY 55  
173  
REPLACES DD FORM 173, OCT 49, WHICH WILL BE USED UNTIL EXHAUSTED",0.17773788150807898,6.51,"SECURITY CLASSIFICATION  
JOINT MESSAGEFORM  
UNCLASSIFIED  
SPACE BELOW RESERVED FOR COMMUNICATION CENTER  
APR 14 21 06 '59  

PRECEDENCE  
TYPE MSG (Check)  
ACCOUNTING  
ORIG. OR REFERS TO  
CLASSIFICATION  
SYMBOL  
OF REFERENCE  
ACTION ROUTINE  

BOOK  
MULTI  
SINGLE  
INFO  
X  
AF  
AAC 50015  
CONF  

FROM:  
SPECIAL INSTRUCTIONS  
ATIC. WP-AFB  
M  

TO:  
AAC, ELMENDORF AFB, ALASKA ROKDAG  
/UNCLASSIFIED/FROM: AFCIN-4E4 716-E  
REF MSG ACS/INT AAC 50015, DTD 14 FEB 59, REQUEST ALL AVAILABLE  
INFO CONCERNING SUBJECT BALLOON AND EQUIPMENT BE FORWARDED TO THIS  
CENTER AS SOON AS POSSIBLE. WHEN THE EQUIPMENT IS RECOVERED,  
REQUEST IT BE FORWARDED TO THIS CENTER.  

COORDINATION  
for - George Col Rethman 9. Enjoyer 13 45  
AFCIN-4E DATE H14/19  
Col Gilbert  

DATE  
TIME  
10  
0915  
MONTH  
YEAR  
APR  
1959  

SYMBOL  
SIGNATURE  
AFCIN-4E4  
17  
L.J. Harrell  

TYPED NAME AND TITLE (Signature, if required)  
TYPED (or stamped) NAME AND TITLE  
MAJ ROBERT J. FRIEND  

PHONE  
69216  

PAGE  
1  
NR. OF 1  
LOUIS J. HARRELL  

SECURITY CLASSIFICATION  
CAPTAIN, USAF  
ASSISTANT ADMINISTRATIVE OFFICER  
UNCLASSIFIED  

DD FORM  
MAY 55  
173  
REPLACES DD FORM 173, OCT 49, WHICH WILL BE USED UNTIL EXHAUSTED",0.17953321364452424,8.97,"SECURITY CLASSIFICATION  
JOINT MESSAGEFORM  
UNCLASSIFIED  
SPACE BELOW RESERVED FOR COMMUNICATION CENTER  
APR 14 21 06 '59  

PRECEDENCE  
TYPE MSG (Check)  
ACCOUNTING  
ORIG. OR REFERS TO  
CLASSIFICATION  
SYMBOL  
OF REFERENCE  

ACTION ROUTINE  
BOOK  
MULTI  
SINGLE  
INFO  
X  
AF  
AAC 50015  
CONF  

FROM:  
SPECIAL INSTRUCTIONS  
ATIC, WP-AFB  
M  

TO:  
AAC, ELMENDORF AFB, ALASKA ROKDAG  
/UNCLASSIFIED/FROM: AFCIN-4E4g +-716-E  
REF MSG ACS/INT AAC 50015, DTD 14 FEB 59, REQUEST ALL AVAILABLE  
INFO CONCERNING SUBJECT BALLOON AND EQUIPMENT BE FORWARDED TO THIS  
CENTER AS SOON AS POSSIBLE. WHEN THE EQUIPMENT IS RECOVERED,  
REQUEST IT BE FORWARDED TO THIS CENTER.  

COORDINATION  
FOR - George Col Rethman 9. Enjoyer 13 45  
AFCIN-4E DATE H14/19  
Col Gilbert  

DATE  
TIME  
10  
0915  
MONTH  
YEAR  
APR  
1959  

SYMBOL  
SIGNATURE  
AFCIN-4E48  
L.J. Hanell  

TYPED NAME AND TITLE (Signature, if required)  
TYPED (or stamped) NAME AND TITLE  
MAJ ROBERT J. FRIEND  

PHONE  
69216  

PAGE  
1  
NR. OF 1  
NA.  
PAGES  

LOUIS J. HARRELL  
SECURITY CLASSIFICATION  
CAPTAIN, USAF  
ASSISTANT ADMINISTRATIVE OFFICER  
UNCLASSIFIED  

DD FORM  
MAY 55  
173  
REPLACES DD FORM 173, OCT 49, WHICH WILL BE USED UNTIL EXHAUSTED",0.17594254937163376,6.44,"SECURITY CLASSIFICATION  
JOINT MESSAGEFORM  
UNCLASSIFIED  
SPACE BELOW RESERVED FOR COMMUNICATION CENTER  
APR 14 21 06 '59  

PRECEDENCE  
TYPE MSG (Check)  
ACCOUNTING  
ORIG. OR REFERS TO  
CLASSIFICATION  
SYMBOL  
OF REFERENCE  
ACTION ROUTINE  
BOOK  
MULTI  
SINGLE  
INFO  
X  
AF  
AAC 50015  
CONF  

FROM:  
SPECIAL INSTRUCTIONS  
ATIC, WP-AFB  
M  

TO:  
AAC, ELMENDORF AFB, ALASKA ROKDAG  
/UNCLASSIFIED/FROM: AFCIN-4E4, 716-E  
REF MSG ACS/INT AAC 50015, DTD 14 FEB 59, REQUEST ALL AVAILABLE  
INFO CONCERNING SUBJECT BALLOON AND EQUIPMENT BE FORWARDED TO THIS  
CENTER AS SOON AS POSSIBLE. WHEN THE EQUIPMENT IS RECOVERED,  
REQUEST IT BE FORWARDED TO THIS CENTER.  

COORDINATION  
FOR - George Col Rethman  
AFCIN-4E DATE H14/19  
Col Gilbert  

DATE  
TIME  
10  
0915  
MONTH  
YEAR  
APR  
1959  

SYMBOL  
SIGNATURE  
AFCIN-4E4  
L.J. Harrell  

TYPED NAME AND TITLE (Signature, if required)  
TYPED (or stamped) NAME AND TITLE  
R  
MAJ ROBERT J. FRIEND  
T  
E  
PHONE  
69216  

PAGE  
1  
NR. OF 1  
NA.  
PAGES  
LOUIS J. HARRELL  

SECURITY CLASSIFICATION  
CAPTAIN, USAF  
ASSISTANT ADMINISTRATIVE OFFICER  
UNCLASSIFIED  

DD FORM  
MAY 55  
173  
REPLACES DD FORM 173, OCT 49, WHICH WILL BE USED UNTIL EXHAUSTED",0.17055655296229802,7.79,"SECURITY CLASSIFICATION  
JOINT MESSAGE FORM  
UNCLASSIFIED  
SPACE BELOW RESERVED FOR COMMUNICATION CENTER  
APR 14 21 06 '59  

PRECEDENCE  
TYPE MSG (Check)  
ACCOUNTING  
ORIG. OR REFERS TO  
CLASSIFICATION  
SYMBOL  
OF REFERENCE  
ACTION ROUTINE  
BOOK  
MULTI  
SINGLE  
INFO  
X  
AF  
AAC 50015  
CONF  

FROM:  
SPECIAL INSTRUCTIONS  
ATIC, WP-AFB  
M  

TO:  
AAC, ELMENDORF AFB, ALASKA ROKDAG  
/UNCLASSIFIED/FROM: AFCIN-4E4g +-716-E  

REF MSG ACS/INT AAC 50015, DTD 14 FEB 59, REQUEST ALL AVAILABLE  
INFO CONCERNING SUBJECT BALLOON AND EQUIPMENT BE FORWARDED TO THIS  
CENTER AS SOON AS POSSIBLE. WHEN THE EQUIPMENT IS RECOVERED,  
REQUEST IT BE FORWARDED TO THIS CENTER.  

COORDINATION  
for - George Col Rethman 9. Enjoyer 13 45  
AFCIN-4E not DATE H14/19  
Col Gilbert  

DATE  
TIME  
10  
0915  
MONTH  
YEAR  
APR  
1959  

SYMBOL  
SIGNATURE  
AFCITY-4E48  
17  
L.J. Hanell  
w  

TYPED NAME AND TITLE (Signature, if required)  
TYPED (or stamped) NAME AND TITLE  
R  
-  
MAJ ROBERT J. FRIEND  
T  
E  

PHONE  
69216  

PAGE  
1  
NR. OF 1  
a  
NA.  
PAGES  

LOUES J. HARRELL  
SECURITY CLASSIFICATION  
CAPTAIN, USAF  
ASSISTANT ADMINISTRATIVE OFFICER  
UNCLASSIFIED  

DD  
FORM  
' MAY 55  
173  
REPLACES DD FORM 173, OCT 49, WHICH WILL BE USED UNTIL EXHAUSTED",0.19169611307420495,3.21,"SECURITY CLASSIFICATION  
JOINT MESSAGE FORM  
UNCLASSIFIED  
SPACE BELOW RESERVED FOR COMMUNICATION CENTER  
APR 14 21 06 '59  

PRECEDENCE  
TYPE MSG (Check)  
ACCOUNTING  
ORIG. OR REFERS TO  
CLASSIFICATION  
SYMBOL  
OF REFERENCE  
ACTION ROUTINE  
BOOK  
MULTI  
SINGLE  
INFO  
X  

AF  
AAC 50015  
CONF  

FROM:  
SPECIAL INSTRUCTIONS  
ATIC, WP-AFB  
M  

TO:  
AAC, ELMENDORF AFB, ALASKA ROKDAG  
/UNCLASSIFIED/FROM: AFCIN-4E4g +-716-E  
REF MSG ACS/INT AAC 50015, DTD 14 FEB 59, REQUEST ALL AVAILABLE  
INFO CONCERNING SUBJECT BALLOON AND EQUIPMENT BE FORWARDED TO THIS  
CENTER AS SOON AS POSSIBLE. WHEN THE EQUIPMENT IS RECOVERED,  
REQUEST IT BE FORWARDED TO THIS CENTER.  

COORDINATION  
FOR - George Col Rethman 9. Enjoyer 13 45  
AFCIN-4E NOT DATE H14/19  
Col Gilbert  

DATE  
TIME  
10  
0915  
MONTH  
YEAR  
APR  
1959  

SYMBOL  
SIGNATURE  
AFCIN-4E48  
17  
L.J. Hanell  
w  

TYPED NAME AND TITLE (Signature, if required)  
TYPED (or stamped) NAME AND TITLE  
R  
-  
MAJ ROBERT J. FRIEND  
T  
E  

PHONE  
69216  

PAGE  
1  
NR. OF 1  
a  
NA.  
PAGES  

LOUIS J. HARRELL  
SECURITY CLASSIFICATION  
CAPTAIN, USAF  
ASSISTANT ADMINISTRATIVE OFFICER  
UNCLASSIFIED  

DD  
FORM  
MAY 55  
173  
REPLACES DD FORM 173, OCT 49, WHICH WILL BE USED UNTIL EXHAUSTED",0.18954827280779452,4.68,"SECURITY CLASSIFICATION  
JOINT MESSAGE FORM  
UNCLASSIFIED  
SPACE BELOW RESERVED FOR COMMUNICATION CENTER  
APR 14 21 06 '59  

PRECEDENCE  
TYPE MSG (Check)  
ACCOUNTING  
ORIG. OR REFERS TO  
CLASSIFICATION  
SYMBOL  
OF REFERENCE  
ACTION ROUTINE  
BOOK  
MULTI  
SINGLE  
INFO  
X  

AF  
AAC 50015  
CONF  

FROM:  
SPECIAL INSTRUCTIONS  
ATIC, WP-AFB  
M  

TO:  
AAC, ELMENDORF AFB, ALASKA ROKDAG  
/UNCLASSIFIED/FROM: AFCIN-4E4g +-716-E  
REF MSG ACS/INT AAC 50015, DTD 14 FEB 59, REQUEST ALL AVAILABLE  
INFO CONCERNING SUBJECT BALLOON AND EQUIPMENT BE FORWARDED TO THIS  
CENTER AS SOON AS POSSIBLE. WHEN THE EQUIPMENT IS RECOVERED,  
REQUEST IT BE FORWARDED TO THIS CENTER.  

COORDINATION  
for - George Col Rethman 9. Enjoyer 13 45  
AFCIN-4E not DATE H14/19  
Col Gilbert  

DATE  
TIME  
10  
0915  
MONTH  
YEAR  
APR  
1959  

SYMBOL  
SIGNATURE  
AFCITY-4E48  
17  
L.J. Hanell  
w  

TYPED NAME AND TITLE (Signature, if required)  
TYPED (or stamped) NAME AND TITLE  
R  
-  
MAJ ROBERT J. FRIEND  
T  
E  

PHONE  
69216  

PAGE  
1  

NR. OF 1  
a  

NA.  
PAGES  
LOUES J. HARRELL  

SECURITY CLASSIFICATION  
CAPTAIN, USAF  
ASSISTANT ADMINISTRATIVE OFFICER  
UNCLASSIFIED  

DD  
FORM  
' MAY 55  
173  
REPLACES DD FORM 173, OCT 49, WHICH WILL BE USED UNTIL EXHAUSTED",0.19169611307420495,4.91
28968489,"PROJECT 10073 RECORD CARD
1. DATE
2. LOCATION
12. CONCLUSIONS
Was Balloon
28 November 1956
Washington, D.C.
Probably Balloon
3. DATE-TIME GROUP
4. TYPE OF OBSERVATION
Possibly Balloon
Local
Ground-Visual
Ground-Radar
Was Aircraft
Probably Aircraft
GMT
28/1100Z
Air-Visual
Air-Intercept Radar
Possibly Aircraft
5. PHOTOS
6. SOURCE
Was Astronomical
Yes
Probably Astronomical
No
Civilian
Possibly Astronomical
7. LENGTH OF OBSERVATION
8. NUMBER OF OBJECTS
9. COURSE
Other
Insufficient Data for Evaluation
Unknown
ten minutes
one
North
10. BRIEF SUMMARY OF SIGHTING
11. COMMENTS
One object dome shaped, size of large
Of preparing officer, is possi-
beach umbrella, color white. Observer
ble light refraction. However,
first noted object through her bed-
there is not sufficient data for
room window. Watched object for 5 min-
a firm evaluation.
utes as it moved north and disappeared.
Shortly it reappeared and remained
in position for another 5 minutes and
again moved northward and disappeared.
ATIC FORM 329 (REV 26 SEP 52)",0.7152641878669276,3.98,"PROJECT 10073 RECORD CARD  
1. DATE  
28 November 1956  

2. LOCATION  
Washington, D.C.  

12. CONCLUSIONS  
Probably Balloon  

3. DATE-TIME GROUP  
28/1100Z  

4. TYPE OF OBSERVATION  
Ground-Visual  
Ground-Radar  
Air-Visual  
Air-Intercept Radar  

5. PHOTOS  
Yes  

6. SOURCE  
Civilian  

7. LENGTH OF OBSERVATION  
ten minutes  

8. NUMBER OF OBJECTS  
one  

9. COURSE  
North  

10. BRIEF SUMMARY OF SIGHTING  
One object dome-shaped, size of large beach umbrella, color white. Observer first noted object through her bedroom window. Watched object for 5 minutes as it moved north and disappeared. Shortly it reappeared and remained in position for another 5 minutes and again moved northward and disappeared.  

11. COMMENTS  
Of preparing officer, possible light refraction. However, there is not sufficient data for a firm evaluation.  

ATIC FORM 329 (REV 26 SEP 52)",0.2647352647352647,3.05,"PROJECT 10073 RECORD CARD  
1. DATE  
2. LOCATION  
12. CONCLUSIONS  
Was Balloon  
28 November 1956  
Washington, D.C.  
Probably Balloon  
3. DATE-TIME GROUP  
4. TYPE OF OBSERVATION  
Possibly Balloon  
Local  
Ground-Visual  
Ground-Radar  
Was Aircraft  
Probably Aircraft  
GMT  
28/1100Z  
Air-Visual  
Air-Intercept Radar  
Possibly Aircraft  
5. PHOTOS  
6. SOURCE  
Was Astronomical  
Yes  
Probably Astronomical  
No  
Civilian  
Possibly Astronomical  
7. LENGTH OF OBSERVATION  
8. NUMBER OF OBJECTS  
9. COURSE  
Other  
Insufficient Data for Evaluation  
Unknown  
ten minutes  
one  
North  
10. BRIEF SUMMARY OF SIGHTING  
11. COMMENTS  
One object dome shaped, size of large  
Of preparing officer, is possi-  
beach umbrella, color white. Observer  
ble light refraction. However,  
first noted object through her bed-  
there is not sufficient data for  
room window. Watched object for 5 min-  
a firm evaluation.  
utes as it moved north and disappeared.  
Shortly it reappeared and remained  
in position for another 5 minutes and  
again moved northward and disappeared.  
ATIC FORM 329 (REV 26 SEP 52)",0.7152641878669276,2.67,"PROJECT 10073 RECORD CARD  
1. DATE  
28 November 1956  

2. LOCATION  
Washington, D.C.  

3. DATE-TIME GROUP  
28/1100Z GMT  

4. TYPE OF OBSERVATION  
Ground-Visual  
Ground-Radar  
Air-Visual  
Air-Intercept Radar  

5. PHOTOS  
Yes  
No  

6. SOURCE  
Civilian  

7. LENGTH OF OBSERVATION  
ten minutes  

8. NUMBER OF OBJECTS  
one  

9. COURSE  
North  

10. BRIEF SUMMARY OF SIGHTING  
One object dome-shaped, size of large beach umbrella, color white. Observer first noted object through her bedroom window. Watched object for 5 minutes as it moved north and disappeared. Shortly it reappeared and remained in position for another 5 minutes and again moved northward and disappeared.  

11. COMMENTS  
Of preparing officer, possible light refraction. However, there is not sufficient data for a firm evaluation.  

12. CONCLUSIONS  
Probably Balloon  
Possibly Balloon  
Probably Aircraft  
Possibly Aircraft  
Probably Astronomical  
Possibly Astronomical  
Insufficient Data for Evaluation",0.0979020979020979,7.16,"PROJECT 10073 RECORD CARD  
1. DATE  
28 November 1956  

2. LOCATION  
Washington, D.C.  

3. DATE-TIME GROUP  
28/1100Z GMT  

4. TYPE OF OBSERVATION  
Ground-Visual  
Ground-Radar  
Air-Visual  
Air-Intercept Radar  

5. PHOTOS  
Yes  

6. SOURCE  
Civilian  

7. LENGTH OF OBSERVATION  
Ten minutes  

8. NUMBER OF OBJECTS  
One  

9. COURSE  
North  

10. BRIEF SUMMARY OF SIGHTING  
One object dome-shaped, size of large beach umbrella, color white. Observer first noted object through her bedroom window. Watched object for 5 minutes as it moved north and disappeared. Shortly, it reappeared and remained in position for another 5 minutes and again moved northward and disappeared.  

11. COMMENTS  
Of preparing officer, 112 possible light refraction. However, there is not sufficient data for a firm evaluation.  

12. CONCLUSIONS  
Probably Balloon  
Possibly Balloon  
Was Aircraft  
Probably Aircraft  
Possibly Aircraft  
Was Astronomical  
Probably Astronomical  
Possibly Astronomical  
Insufficient Data for Evaluation",0.06393606393606394,6.77,"PROJECT 10073 RECORD CARD  
1. DATE  
28 November 1956  

2. LOCATION  
Washington, D.C.  

3. DATE-TIME GROUP  
28/1100Z GMT  

4. TYPE OF OBSERVATION  
Ground-Visual  
Ground-Radar  
Air-Visual  
Air-Intercept Radar  

5. PHOTOS  
Yes  

6. SOURCE  
Civilian  

7. LENGTH OF OBSERVATION  
ten minutes  

8. NUMBER OF OBJECTS  
one  

9. COURSE  
North  

10. BRIEF SUMMARY OF SIGHTING  
One object dome shaped, size of large beach umbrella, color white. Observer first noted object through her bedroom window. Watched object for 5 minutes as it moved north and disappeared. Shortly it reappeared and remained in position for another 5 minutes and again moved northward and disappeared.  

11. COMMENTS  
Of preparing officer, possible light refraction, however, there is not sufficient data for a firm evaluation.  

12. CONCLUSIONS  
Probably Balloon",0.22477522477522477,6.55,"PROJECT 10073 RECORD CARD

1. DATE  
28 November 1956  

2. LOCATION  
Washington, D.C.  

3. DATE-TIME GROUP  
Local 28/1100Z  
GMT  

4. TYPE OF OBSERVATION  
ʘGround-Visualʘ  
Ground-Radar  
Air-Visual  
Air-Intercept Radar  

5. PHOTOS  
Yes  
ʘNoʘ  

6. SOURCE  
ʘCivilianʘ  
Other  

7. LENGTH OF OBSERVATION  
ten minutes  

8. NUMBER OF OBJECTS  
one  

9. COURSE  
North  

10. BRIEF SUMMARY OF SIGHTING  
One object dome shaped, size of large beach umbrella, color white. Observer first noted object through her bedroom window. Watched object for 5 minutes as it moved north and disappeared. Shortly it reappeared and remained in position for another 5 minutes and again moved northward and disappeared.  

11. COMMENTS  
Of preparing officer, possible light refraction. However, there is not sufficient data for a firm evaluation.  

12. CONCLUSIONS  
Possibly Balloon  
Probably Balloon  

Was Aircraft  
Probably Aircraft  
Possibly Aircraft  

Was Astronomical  
Probably Astronomical  
Possibly Astronomical  

Insufficient Data for Evaluation  

ATIC FORM 329 (REV 26 SEP 52)",0.0979020979020979,4.3,"PROJECT 10073 RECORD CARD

1. DATE  
28 November 1956

2. LOCATION  
Washington, D.C.

3. DATE-TIME GROUP  
Local  
28/1100Z

4. TYPE OF OBSERVATION  
ʘGround-Visualʘ  
Ground-Radar  
Air-Visual  
Air-Intercept Radar

5. PHOTOS  
Yes  ʘNoʘ

6. SOURCE  
Civilian  
Other

7. LENGTH OF OBSERVATION  
ten minutes

8. NUMBER OF OBJECTS  
one

9. COURSE  
North

10. BRIEF SUMMARY OF SIGHTING  
One object dome shaped, size of large beach umbrella, color white. Observer first noted object through her bedroom window. Watched object for 5 minutes as it moved north and disappeared. Shortly it reappeared and remained in position for another 5 minutes and again moved northward and disappeared.

11. COMMENTS  
Of preparing officer, 112 possible light refraction. However, there is not sufficient data for a firm evaluation.

12. CONCLUSIONS  
Possibly Balloon  
Was Balloon  
Probably Balloon  
Possibly Aircraft  
Was Aircraft  
Probably Aircraft  
Possibly Astronomical  
Was Astronomical  
Probably Astronomical  
Insufficient Data for Evaluation  
Unknown

ATIC FORM 329 (REV 26 SEP 52)",0.12438302073050346,4.1,"PROJECT 10073 RECORD CARD

1. DATE  
28 November 1956

2. LOCATION  
Washington, D.C.

3. DATE-TIME GROUP  
28/1100Z

4. TYPE OF OBSERVATION  
Local  
ʘGround-Visualʘ  
Ground-Radar  
Air-Visual  
Air-Intercept Radar  

5. PHOTOS  
Yes  
ʘNoʘ  

6. SOURCE  
Civilian  

7. LENGTH OF OBSERVATION  
ten minutes

8. NUMBER OF OBJECTS  
one

9. COURSE  
North

10. BRIEF SUMMARY OF SIGHTING  
One object dome shaped, size of large beach umbrella, color white. Observer first noted object through her bedroom window. Watched object for 5 minutes as it moved north and disappeared. Shortly it reappeared and remained in position for another 5 minutes and again moved northward and disappeared.

11. COMMENTS  
Of preparing officer, possible light refraction. However, there is not sufficient data for a firm evaluation.

12. CONCLUSIONS  
Possibly Balloon  
Probably Balloon  
Was Balloon  
Was Aircraft  
Probably Aircraft  
Possibly Aircraft  
Was Astronomical  
Probably Astronomical  
Possibly Astronomical  
Other  
Insufficient Data for Evaluation  
Unknown

ATIC FORM 329 (REV 26 SEP 52)",0.09217046580773043,4.26
28971456,"59117  
ATIC  
nyd lgt Waleton  
28 Aug 57 05/02  
28  
AUG 57 0750Z  
WPB057 YDA043 VYD039 VMC@231YQA017  
YY RJEPNB RJEDEN RJEDWP RJEPHQ RJESDB  
35 Larry 4E4  
DE RJESYQ 1B  
Y 280343Z  
FM COMDR 2047 AACSRON MAXWELL AFB ALA  
TO RJEPNE/COMDR EASTERN AIR DEFENSE COMMAND STEWART AFB N.Y.  
RJEDEN/COMDR AIR DEFENSE COMMAND ENT AFB COLORADO SPRINGS COLO  
RJEDWP/COMDR AIR TECHNICAL INTELLIGENCE CENTER WRIGHT PATTERSON AFB OHIO  
RJEPHQ/DIRECTOR OF INTELLIGENCE HEADQ USAF WASHINGTON 25 D.C.  
RJESDB/COMDR 35TH AIR DIVISION (DEFENSE), DOBBINS AFB MARIETTA GEORGIA  
BT.  
UFOB/2813ZBT  

1. DESCRIPTION OF OBJECT(S):  
A. ROUND LIKE A BALLOON ONLY WHITE LIGHT SEEN  
B. UNKNOWN  
C. UNKNOWN  
D. ONE  
E. NIL  
F. ONLY SAW A WHITE LIGHT.  
G. NO TRAIL  
H. NO SOUND HEARD  
I. NONE",,6.59,"59117  
ATIC  
nyd lgt Watertown  
28 Aug 57 05/02  
28  
AUG 57 07500  
WPB057 YDA043 VYD039 VMC@23IYQA017  
YY RJEPNB RJEDEN RJEDWP RJEPHQ RJESDB  
35 Larry 4E4  
DE RJESYQ 1B  
4- - 4xza  
Y 280343Z  
FM COMDR 2047 AACSRON MAXWELL AFB ALA  
TO RJEPNE/COMDR EASTERN AIR DEFENSE COMMAND STEWART AFB N.Y.  
RJEDEN/COMDR AIR DEFENSE COMMAND ENT AFB COLORADO SPRINGS COLO  
RJEDWP/COMDR AIR TECHNICAL INTELLIGENCE CENTER WRIGHT PATTERSON AFB OHIO  
RJEPHQ/DIRECTOR OF INTELLIGENCE HEADQ USAF WASHINGTON 25 D.C.  
RJESDB/COMDR 35TH AIR DIVISION (DEFENSE), DOBBINS AFB MARIETTA GEORGIA  
BT.  
UFOB/2813 ZBT  
1. DESCRIPTION OF OBJECT(S):  
A. ROUND LIKE A BALLOON ONLY WHITE LIGHT SEEN  
B. UNKNOWN  
C. UNKNOWN  
D. ONE  
E. N/A  
F. ONLY SAW A WHITE LIGHT.  
G. NO TRAIL  
H. NO SOUND HEARD  
I. NONE",,3.84,"59117  
ATIC  
nyd lgt Waterton  
28 Aug 57 05/02  
28  
AUG 57 07500  
WPB057 YDA043 VYD039 VMC023 IYQA017  
YY RJEPNB RJEDEN RJEDWP RJEPHQ RJESDB  
35 Larry 4E4  
DE RJESYQ 1B  
4- - 4xza  
Y 280343Z  
FM COMDR 2047 AACSRON MAXWELL AFB ALA  
TO RJEPNE/COMDR EASTERN AIR DEFENSE COMMAND STEWART AFB N.Y.  
RJEDEN/COMDR AIR DEFENSE COMMAND ENT AFB COLORADO SPRINGS COLO  
RJEDWP/COMDR AIR TECHNICAL INTELLIGENCE CENTER WRIGHT-PATTERSON AFB OHIO  
RJEPHQ/DIRECTOR OF INTELLIGENCE HQ USAF WASHINGTON 25 D.C.  
RJESDB/COMDR 35TH AIR DIVISION (DEFENSE), DOBBINS AFB MARIETTA GEORGIA  
BT.  
UFOB/2813 ZBT  

1. DESCRIPTION OF OBJECT(S):  
A. ROUND LIKE A BALLOON ONLY WHITE LIGHT SEEN  
B. UNKNOWN  
C. UNKNOWN  
D. ONE  
E. N/A  
F. ONLY SAW A WHITE LIGHT.  
G. NO TRAIL  
H. NO SOUND HEARD  
I. NONE",,4.62,"59117  
ATIC  
nyd lgt Waleton  
28 Aug 57 0500  

WPB057 YDA043 VYD039 VMC@23IYQA017  
YY RJEPNB RJEDEN RJEDWP RJEPHQ RJESDB  

DE RJESYQ 1B  
Y 280343Z  

FM COMDR 2047 AACSRON MAXWELL AFB ALA  
TO RJEPNE/COMDR EASTERN AIR DEFENSE COMMAND STEWART AFB N.Y.  
RJEDEN/COMDR AIR DEFENSE COMMAND ENT AFB COLORADO SPRINGS COLO  
RJEDWP/COMDR AIR TECHNICAL INTELLIGENCE CENTER WRIGHT PATTERSON AFB OHIO  
RJEPHQ/DIRECTOR OF INTELLIGENCE HEADQ USAF WASHINGTON 25 D.C.  
RJESDB/COMDR 35TH AIR DIVISION (DEFENSE), DOBBINS AFB MARIETTA GEORGIA  

BT.  
UFOB/2813 ZBT  

1. DESCRIPTION OF OBJECT(S):  
A. ROUND LIKE A BALLOON ONLY WHITE LIGHT SEEN  
B. UNKNOWN  
C. UNKNOWN  
D. ONE  
E. NIGHT  
F. ONLY SAW A WHITE LIGHT.  
G. NO TRAIL  
H. NO SOUND HEARD  
I. NONE",,4.45,"ATIC  
Unid lgt Walton  
28 Aug 57 0502  
28  
AUG 57 0750Z  
WPB057 YDA043 VYD039 VMC@231YQA017  
YY RJEPNB RJEDEN RJEDWP RJEPHQ RJESDB  
35 Larry 4E4  
DE RJESYQ 1B  
4- - 4xza  
Y 280343Z  
FM COMDR 2047 AACSRON MAXWELL AFB ALA  
TO RJEPNE/COMDR EASTERN AIR DEFENSE COMMAND STEWART AFB N.Y,  
RJEDEN/COMDR AIR DEFENSE COMMAND ENT AFB COLORADO SPRINGS COLO  
RJEDWP/COMDR AIR TECHNICAL INTELLIGENCE CENTER WRIGHT-PATTERSON AFB OHIO  
RJEPHQ/DIRECTOR OF INTELLIGENCE HQ USAF WASHINGTON 25 D.C.  
RJESDB/COMDR 35TH AIR DIVISION (DEFENSE), DOBBINS AFB MARIETTA GEORGIA  
BT.  
UFOB/2813ZBT  

1. DESCRIPTION OF OBJECT(S):  
A. ROUND LIKE A BALLOON ONLY WHITE LIGHT SEEN  
B. UNKNOWN  
C. UNKNOWN  
D. ONE  
E. NIGHT  
F. ONLY SAW A WHITE LIGHT.  
G. NO TRAIL  
H. NO SOUND HEARD  
I. NONE",,5.93,"ATIC  
nyd lgt Walton  
28 Aug 57 05/02  
28  
AUG 57 0750Z  
WPB057 YDA043 VYD039 VMC@23IYQA017  
YY RJEPNB RJEDEN RJEDWP RJEPHQ RJESDB  
35 Larry 4E4  
DE RJESYQ 1B  
4- - 4xza  
Y 280343Z  
FM COMDR 2047 AACSRON MAXWELL AFB ALA  
TO RJEPNE/COMDR EASTERN AIR DEFENSE COMMAND STEWART AFB N.Y.  
RJEDEN/COMDR AIR DEFENSE COMMAND ENT AFB COLORADO SPRINGS COLO  
RJEDWP/COMDR AIR TECHNICAL INTELLIGENCE CENTER WRIGHT PATTERSON AFB OHIO  
RJEPHQ/DIRECTOR OF INTELLIGENCE HQ USAF WASHINGTON 25 D.C.  
RJESDB/COMDR 35TH AIR DIVISION (DEFENSE), DOBBINS AFB MARIETTA GEORGIA  
BT.  
UFOB/2813ZBT  
1. DESCRIPTION OF OBJECT(S):  
A. ROUND LIKE A BALLOON ONLY WHITE LIGHT SEEN  
B. UNKNOWN  
C. UNKNOWN  
D. ONE  
E. NIGHT  
F. ONLY SAW A WHITE LIGHT.  
G. NO TRAIL  
H. NO SOUND HEARD  
I. NONE",,4.48,"59117  
ATIC  
nyd lgt Waleton  
28 AUG 57 05/02  
28 AUG 57 07500  
WPB057 YDA043 VYD039 VMC@23IYQA017  
YY RJEPNB RJEDEN RJEDWP RJEPHQ RJESDB  
35 Larry 4E4  
DE RJESYQ 1B  
4- - 4xza  
Y 280343Z  
FM COMDR 2047 AACSRON MAXWELL AFB ALA  
TO RJEPNE/COMDR EASTERN AIR DEFENSE COMMAND STEWART AFB N.Y,  
RJEDEN/COMDR AIR DEFENSE COMMAND ENT AFB COLORADO SPRINGS COLO  
RJEDWP/COMDR AIR TECHNICAL INTELLIGENCE CENTER WRIGHT PATTERSON AFB OHIO  
RJEPHQ/DIRECTOR OF INTELLIGENCE HEADQ USAF WASHINGTON 25 D.C.  
RJESDB/COMDR 35TH AIR DIVISION (DEFENSE), DOBBINS AFB MARIETTA GEORGIA  
BT.  
UFOB/2813 ZBT  

1. DESCRIPTION OF OBJECT(S):  
A. ROUND LIKE A BALLOON ONLY WHITE LIGHT SEEN  
B. UNKNOWN  
C. UNKNOWN  
D. ONE  
E. NIG.  
F. ONLY SAW A WHITE LIGHT.  
G. NO TRAIL  
H. NO SOUND HEARD  
I. NONE",,3.74,"59117  
ATIC  
nyd lgt Waleton  
28 AUG 57 05/02  
28 AUG 57 07500  
WPB057 YDA043 VYD039 VMC@23IYQA017  
YY RJEPNB RJEDEN RJEDWP RJEPHQ RJESDB  
35 Larry 4E4  
DE RJESYQ 1B  
4- - 4xza  
Y 280343Z  
FM COMDR 2047 AACSRON MAXWELL AFB ALA  
TO RJEPNE/COMDR EASTERN AIR DEFENSE COMMAND STEWART AFB N.Y,  
RJEDEN/COMDR AIR DEFENSE COMMAND ENT AFB COLORADO SPRINGS COLO  
RJEDWP/COMDR AIR TECHNICAL INTELLIGENCE CENTER WRIGHT PATTERSON AFB OHIO  
RJEPHQ/DIRECTOR OF INTELLIGENCE HEADQ USAF WASHINGTON 25 D.C.  
RJESDB/COMDR 35TH AIR DIVISION (DEFENSE), DOBBINS AFB MARIETTA GEORGIA  
BT.  
UFOB/2813 ZBT  

1. DESCRIPTION OF OBJECT(S):  
A. ROUND LIKE A BALLOON ONLY WHITE LIGHT SEEN  
B. UNKNOWN  
C. UNKNOWN  
D. ONE  
E. NIG.  
F. ONLY SAW A WHITE LIGHT.  
G. NO TRAIL  
H. NO SOUND HEARD  
I. NONE",,3.21,"59117  
ATIC  
nyd lgt Waleton  
28 AUG 57 05/02  
28 AUG 57 07500  
WPB057 YDA043 VYD039 VMC@23IYQA017  
YY RJEPNB RJEDEN RJEDWP RJEPHQ RJESDB  
35 Larry 4E4  
DE RJESYQ 1B  
4- - 4xza  
Y 280343Z  

FM COMDR 2047 AACSRON MAXWELL AFB ALA  
TO RJEPNE/COMDR EASTERN AIR DEFENSE COMMAND STEWART AFB N.Y,  
RJEDEN/COMDR AIR DEFENSE COMMAND ENT AFB COLORADO SPRINGS COLO  
RJEDWP/COMDR AIR TECHNICAL INTELLIGENCE CENTER WRIGHT PATTERSON AFB OHIO  
RJEPHQ/DIRECTOR OF INTELLIGENCE HEADQ USAF WASHINGTON 25 D.C.  
RJESDB/COMDR 35TH AIR DIVISION (DEFENSE), DOBBINS AFB MARIETTA GEORGIA  
BT.  

UFOB/2813 ZBT  

1. DESCRIPTION OF OBJECT(S):  
A. ROUND LIKE A BALLOON ONLY WHITE LIGHT SEEN  
B. UNKNOWN  
C. UNKNOWN  
D. ONE  
E. NIG.  
F. ONLY SAW A WHITE LIGHT.  
G. NO TRAIL  
H. NO SOUND HEARD  
I. NONE",,2.85
28964100,"Entered at the Post Office of New York As Second-Class Mail Matter  
NEW YORK HERALD TRIBUNE, THURSDAY

To Test Sodium in Ionosphere  
'Full Moon' Rocket Explosion in October  
By James E. Warner  
in the absence of a natural sodium layer in the sky.

WASHINGTON, Aug. 3.-The United States Air Force hopes to explode a sodium-vapor rocket sixty miles above the earth's surface this autumn, rivaling the light of a full moon at twilight, the Air Force announced today.

The projectile will be launched from Holloman Air Force Base, New Mexico, during the week of Oct. 14. It will be an Aerobee rocket, sisters of which have reached an altitude of 152 miles. Other rockets have attained a height of 250 miles.

Purpose of the experiment is, first, to find if there is a layer of sodium long suspected in the upper atmosphere, and second, to find how thick it is.

If the few pounds of sodium vapor ejected from the rocket shine brightly, scientists believe it will confirm existence of the sodium layer in the ionosphere. For technical reasons, scientists said, the ejected sodium would not glow or produce light if released lower, or produce artificial ""moonlight.""

The experiment also may provide data, according to Dr. Homer Newell of the Naval Research Laboratory, for the satellite which the United States proposes to launch by 1957. The satellite, rocket-propelled, will rise above the bonds of gravity and circle the earth at an altitude of between 200 and 300 miles.

A somewhat similar project was tried last winter, with no results, the Air Force said.

The Research and Development Command of the Air Force was ""scooped"" on its own announcement by a Briton, Professor D. R. Bates, of Queen's University, Belfast. It was the second time in a week that an American project had been announced abroad before it was released here. On Thursday, while a battery of scientists were briefing White House reporters on plans for the satellite, a Belgian scientist announced the American project in Brussels.

Professor Bates said he had proposed a similar experiment to the British Royal Society, which is joining the United States and Russia in attempts to explore outer space.

Dr. Newell, chief of the rocket sonde branch of the Naval Research Laboratory, in commenting on Professor Bates' revelation, noted that it is an Air Force project, research on which is being conducted at Cambridge, Mass. The Atomic Energy Commission said it was not participating in the project.

Later, a spokesman for the Air Force Research Center at Cambridge said the rocket will be fired during the week of Oct. 14 to an altitude of twenty to sixty miles above the earth's surface, depending on weather conditions. He said the Aerobee has climbed as high as 152 miles.

LONDON, Aug. 3 - Professor Bates, who will lead one of five university groups taking part in British rocket research programs, said today there are difficulties in releasing sodium vapor. Boiling of the metal to release the vapor has been suggested but has proved troublesome, he declared.

""The Americans may release a grenade from a rocket which, on exploding, would vaporize the metal,"" he said.

The upper atmosphere contains one part in a billion of sodium which produces a great deal of the light in the air, he explained, and by greatly increasing the amount he believed a ""full moon"" effect would be created.

He considers that the experiment would provide much information about the winds at extreme height, the temperature of the atmosphere and the chemical reactions going on in it.

The Royal Society, leading body of British scientists, disclosed that Britain is entering the field of exploring the earth's upper atmosphere with high altitude rockets. The British announcement added that a similar program has been started in France.

The Royal Society announcement said: ""It is very desirable that work should be carried out in other countries, to obtain data under different conditions and locations and employing different techniques.""",0.4485484334578902,21.86,"Entered at the Post Office of New York As Second-Class Mail Matter  
NEW YORK HERALD TRIBUNE. THURSDAY  

To Test Sodium in Ionosphere  
Full Moon' Rocket Explosion in October  
By James E. Warner  

WASHINGTON, Aug. 3.-The United States Air Force hopes to explode a sodium-vapor rocket sixty miles above the earth's surface this autumn, rivaling the light of a full moon at twilight, the Air Force announced today.  

The projectile will be launched from Holloman Air Force Base, New Mexico, during the week of Oct. 14. It will be an Aerobee rocket, sisters of which have reached an altitude of 152 miles. Other rockets have attained a height of 250 miles.  

Purpose of the experiment is, first, to find if there is a layer of sodium long suspected in the upper atmosphere, and second, to find how thick it is.  

If the few pounds of sodium vapor ejected from the rocket shine brightly, scientists believe it will confirm the existence of the sodium layer in the ionosphere. For technical reasons, scientists said, the ejected sodium would not glow or produce light if released lower, or in the absence of a natural sodium layer in the sky.  

The experiment also may provide data, according to Dr. Homer Newell of the Naval Research Laboratory, for the satellite which the United States proposes to launch by 1957. The satellite, rocket-propelled, will rise above the bonds of gravity and circle the earth at an altitude of between 200 and 300 miles.  

A somewhat similar project was tried last winter, with no results, the Air Force said.  

The Research and Development Command of the Air Force was ""scooped"" on its own announcement by a Briton, Professor D. R. Bates, of Queen's University, Belfast. It was the second time in a week that an American project had been announced abroad before it was released here. On Thursday, while a battery of scientists were briefing White House reporters on plans for the satellite, a Belgian scientist announced the American project in Brussels.  

Professor Bates said he had proposed a similar experiment to the British Royal Society, which is joining the United States and Russia in attempts to explore outer space.  

Dr. Newell, chief of the rocket sonde branch of the Naval Research Laboratory, in commenting on Professor Bates' revelation, noted that it is an Air Force project, research on which is being conducted at Cambridge, Mass. The Atomic Energy Commission said it was not participating in the project.  

Later, a spokesman for the Air Force Research Center at Cambridge said the rocket will be fired during the week of Oct. 14 to an altitude of twenty to sixty miles above the earth's surface, depending on weather conditions. He said the Aerobee has climbed as high as 152 miles.  

LONDON, Aug. 3.-Professor Bates, who will lead one of five university groups taking part in British rocket research programs, said today there are difficulties in releasing sodium vapor. Boiling of the metal to release the vapor has been suggested but has proved troublesome, he declared.  

""The Americans may release a grenade from a rocket which, on exploding, would vaporize the metal,"" he said.  

The upper atmosphere contains one part in a billion of sodium which produces a great deal of the light in the air, he explained, and by greatly increasing the amount he believed a ""full moon"" effect would be created.  

He considers that the experiment would provide much information about the winds at extreme height, the temperature of the atmosphere and the chemical reactions going on in it.  

The Royal Society, a leading body of British scientists, disclosed that Britain is entering the field of exploring the earth's upper atmosphere with high altitude rockets. The British announcement added that a similar program has been started in France.  

The Royal Society announcement said: ""It is very desirable that work should be carried out in other countries, to obtain data under different conditions and locations and employing different techniques.""",0.4363322793906295,20.67,"Entered at the Post Office of New York As Second-Class Mail Matter  
NEW YORK HERALD TRIBUNE. THURSDAY

To Test Sodium in Ionosphere  
Full Moon' Rocket Explosion in October  
By James E. Warner

WASHINGTON, Aug. 3.-The United States Air Force hopes to explode a sodium-vapor rocket sixty miles above the earth's surface this autumn, rivaling the light of a full moon at twilight, the Air Force announced today.

The projectile will be launched from Holloman Air Force Base, New Mexico, during the week of Oct. 14. It will be an aerobee rocket, sisters of which have reached an altitude of 152 miles. Other rockets have attained a height of 250 miles.

Purpose of the experiment is, first, to find if there is a layer of sodium long suspected in the upper atmosphere, and second, to find how thick it is. If the few pounds of sodium vapor ejected from the rocket shines brightly, scientists believe it will confirm the existence of the sodium layer in the ionosphere. For technical reasons, scientists said, the ejected sodium would not glow or produce light if released lower, or in the absence of a natural sodium layer in the sky.

The experiment also may provide data, according to Dr. Homer Newell of the Naval Research Laboratory, for the satellite which the United States proposes to launch by 1957. The satellite, rocket-propelled, will rise above the bonds of gravity and circle the earth at an altitude of between 200 and 300 miles.

A somewhat similar project was tried last winter, with no results, the Air Force said.

The Research and Development Command of the Air Force was ""scooped"" on its own announcement by a Briton, Professor D. R. Bates, of Queen's University, Belfast. It was the second time in a week that an American project had been announced abroad before it was released here. On Thursday, while a battery of scientists were briefing White House reporters on plans for the satellite, a Belgian scientist announced the American project in Brussels.

Professor Bates said he had proposed a similar experiment to the British Royal Society, which is joining the United States and Russia in attempts to explore outer space.

Dr. Newell, chief of the rocket sonde branch of the Naval Research Laboratory, in commenting on Professor Bates' revelation, noted that it is an Air Force project, research on which is being conducted at Cambridge, Mass. The Atomic Energy Commission said it was not participating in the project.

Later, a spokesman for the Air Force Research Center at Cambridge said the rocket will be fired during the week of Oct. 14 to an altitude of twenty to sixty miles above the earth's surface, depending on weather conditions. He said the Aerobee has climbed as high as 152 miles.

LONDON, Aug. 3.-Professor Bates, who will lead one of five university groups taking part in British rocket research programs, said today there are difficulties in releasing sodium vapor. Boiling of the metal to release the vapor has been suggested but has proved troublesome, he declared.

""The Americans may release a grenade from a rocket which, on exploding, would vaporize the metal,"" he said.

The upper atmosphere contains one part in a billion of sodium which produces a great deal of the light in the air, he explained, and by greatly increasing the amount he believed a ""full moon"" effect would be created.

He considers that the experiment would provide much information about the winds at extreme height, the temperature of the atmosphere and the chemical reactions going on in it.

The Royal Society, leading body of British scientists, disclosed that Britain is entering the field of exploring the earth's upper atmosphere with high altitude rockets. The British announcement added that a similar program has been started in France.

The Royal Society announcement said: ""It is very desirable that work should be carried out in other countries, to obtain data under different conditions and locations and employing different techniques.""",0.4363322793906295,11.56,"Entered at the Post Office of New York As Second-Class Mail Matter  
NEW YORK HERALD TRIBUNE. THURSDAY  
To Test Sodium in Ionosphere  
Full Moon' Rocket Explosion in October  
By James E. Warner  
in the absence of a natural sodium layer in the sky.  
WASHINGTON, Aug. 3.-The  
The experiment also may provide data, according to Dr.  
SODIUM VAPOR GLOW MAY RIVAL MOON;  
United States Air Force hopes  
Homer Newell of the Naval Research Laboratory, for the  
to explode a sodium-vapor rocket  
satellite which the United  
sixty miles above the earth's  
States proposes to launch by  
surface this autumn, rivaling  
1957. The satellite, rocket-propelled,  
the light of a full moon at twilight,  
will rise above the bonds  
the Air Force announced today.  
of gravity and circle the earth  
The projectile will be launched  
at an altitude of between 200  
from Holloman Air Force Base,  
and 300 miles.  
New Mexico, during the week  
A somewhat similar project  
of Oct. 14. It will be an aerobee  
was tried last winter, with no  
rocket, sisters of which have  
results, the Air Force said.  
reached an altitude of 152 miles.  
Other rockets have attained a  
VISIBILITY-  
The Research and Development  
height of 250 miles.  
Command of the Air Force  
100 MILES  
was ""scooped"" on its own announcement  
EASTWARD  
Purpose of the experiment is,  
by a Briton, Professor D. R. Bates, of Queen's University,  
first, to find if there is a layer  
Belfast. It was the second time in a week that an  
of sodium long suspected in the  
American project had been announced abroad before it was  
upper atmosphere, and second,  
released here. On Thursday,  
to find how thick it is.  
while a battery of scientists were  
If the few pounds of sodium  
briefing White House reporters  
vapor ejected from the rocket  
on plans for the satellite,  
shines brightly, scientists believe  
a Belgian scientist announced the  
it will confirm the existence of  
American project in Brussels.  
the sodium layer in the ionosphere.  
Professor Bates said he had  
For technical reasons, scientists said,  
proposed a similar experiment  
the ejected sodium would not glow  
to the British Royal Society,  
or produce light if released lower,  
which is joining the United  
States and Russia in attempts  
to explore outer space.  
Dr. Newell, chief of the rocket  
U.N. Control of Moon Plans  
sonde branch of the Naval Research Laboratory,  
3 New Plans  
in commenting on Professor Bates' revelation,  
For Air Force  
noted that it is an Air Force project,  
The Air Force  
research on which is being conducted  
development contracts  
at Cambridge, Mass. The Atomic Energy Commission said it was not  
including long-range  
participating in the project.  
interceptor expected to reach  
Later, a spokesman for the Air Force Research Center at  
1,300 miles an hour.  
Cambridge said the rocket will  
These contracts also call for  
be fired during the week of Oct. 14  
light bombers.  
to an altitude of twenty to sixty miles above the earth's  
These contracts are:  
surface, depending on weather conditions. He said the Aerobee  
1. Long-range interceptor production  
has climbed as high as 152 miles.  
by Convair, Fort Worth, Texas.  
2. Fighter-bomber production  
May the Grenade  
by Republic Aviation Corp.,  
LONDON, Aug. 3.-Professor Bates, who will lead one of  
Farmingdale, N.Y.  
five university groups taking part  
3. Tactical aircraft development  
in British rocket research programs,  
by Glenn L. Martin Co., Baltimore, and  
said today there are difficulties in releasing sodium vapor.  
North American Aviation, Inc. Los Angeles.  
Boiling of the metal to release  
the vapor has been suggested  
but has proved troublesome, he declared.  
The upper atmosphere contains one part in a billion of  
sodium which produces a great  
deal of the light in the air, he explained,  
and by greatly increasing the amount he believed  
a ""full moon"" effect would be created.  
He considers that the experiment  
would provide much information about the winds at extreme height,  
the temperature of the atmosphere and the chemical reactions going on in it.  
The Royal Society, leading body of British scientists, disclosed that Britain is entering  
the field of exploring the earth's upper atmosphere with high altitude rockets.  
The British announcement added that a similar program has been started in France.  
The Royal Society announcement said: ""It is very desirable that work should be carried out  
in other countries, to obtain data under different conditions and locations and employing different techniques.""",0.6917217591261857,20.31,"Entered at the Post Office of New York As Second-Class Mail Matter  
NEW YORK HERALD TRIBUNE. THURSDAY  

To Test Sodium in Ionosphere  
Full Moon' Rocket Explosion in October  
By James E. Warner  

WASHINGTON, Aug. 3.-The United States Air Force hopes to explode a sodium-vapor rocket sixty miles above the earth's surface this autumn, rivaling the light of a full moon at twilight, the Air Force announced today.  

The projectile will be launched from Holloman Air Force Base, New Mexico, during the week of Oct. 14. It will be an Aerobee rocket, sisters of which have reached an altitude of 152 miles. Other rockets have attained a height of 250 miles.  

Purpose of the experiment is, first, to find if there is a layer of sodium long suspected in the upper atmosphere, and second, to find how thick it is.  

If the few pounds of sodium vapor ejected from the rocket shines brightly, scientists believe it will confirm the existence of the sodium layer in the ionosphere. For technical reasons, scientists said, the ejected sodium would not glow or produce light if released lower, or in the absence of a natural sodium layer in the sky.  

The experiment also may provide data, according to Dr. Homer Newell of the Naval Research Laboratory, for the satellite which the United States proposes to launch by 1957. The satellite, rocket-propelled, will rise above the bonds of gravity and circle the earth at an altitude of between 200 and 300 miles.  

A somewhat similar project was tried last winter, with no results, the Air Force said.  

The Research and Development Command of the Air Force was ""scooped"" on its own announcement by a Briton, Professor D. R. Bates, of Queen's University, Belfast. It was the second time in a week that an American project had been announced abroad before it was released here. On Thursday, while a battery of scientists were briefing White House reporters on plans for the satellite, a Belgian scientist announced the American project in Brussels.  

Professor Bates said he had proposed a similar experiment to the British Royal Society, which is joining the United States and Russia in attempts to explore outer space.  

Dr. Newell, chief of the rocket sonde branch of the Naval Research Laboratory, in commenting on Professor Bates' revelation, noted that it is an Air Force project, research on which is being conducted at Cambridge, Mass. The Atomic Energy Commission said it was not participating in the project.  

Later, a spokesman for the Air Force Research Center at Cambridge said the rocket will be fired during the week of Oct. 14 to an altitude of twenty to sixty miles above the earth's surface, depending on weather conditions. He said the Aerobee has climbed as high as 152 miles.  

LONDON, Aug. 3.-Professor Bates, who will lead one of five university groups taking part in British rocket research programs, said today there are difficulties in releasing sodium vapor. Boiling of the metal to release the vapor has been suggested but has proved troublesome, he declared.  

""The Americans may release a grenade from a rocket which, on exploding, would vaporize the metal,"" he said.  

The upper atmosphere contains one part in a billion of sodium which produces a great deal of the light in the air, he explained, and by greatly increasing the amount he believed a ""full moon"" effect would be created.  

He considers that the experiment would provide much information about the winds at extreme height, the temperature of the atmosphere and the chemical reactions going on in it.  

The Royal Society, leading body of British scientists, disclosed that Britain is entering the field of exploring the earth's upper atmosphere with high altitude rockets. The British announcement added that a similar program has been started in France.  

The Royal Society announcement said: ""It is very desirable that work should be carried out in other countries, to obtain data under different conditions and locations and employing different techniques.""",0.4363322793906295,16.28,"Entered at the Post Office of New York As Second-Class Mail Matter  
NEW YORK HERALD TRIBUNE. THURSDAY  

To Test Sodium in Ionosphere  
Full Moon' Rocket Explosion in October  
By James E. Warner  

WASHINGTON, Aug. 3.-The United States Air Force hopes to explode a sodium-vapor rocket sixty miles above the earth's surface this autumn, rivaling the light of a full moon at twilight, the Air Force announced today.  

The projectile will be launched from Holloman Air Force Base, New Mexico, during the week of Oct. 14. It will be an Aerobee rocket, sisters of which have reached an altitude of 152 miles. Other rockets have attained a height of 250 miles.  

Purpose of the experiment is, first, to find if there is a layer of sodium long suspected in the upper atmosphere, and second, to find how thick it is. If the few pounds of sodium vapor ejected from the rocket shine brightly, scientists believe it will confirm the existence of the sodium layer in the ionosphere. For technical reasons, scientists said, the ejected sodium would not glow or produce light if released lower, or in the absence of a natural sodium layer in the sky.  

The experiment also may provide data, according to Dr. Homer Newell of the Naval Research Laboratory, for the satellite which the United States proposes to launch by 1957. The satellite, rocket-propelled, will rise above the bonds of gravity and circle the earth at an altitude of between 200 and 300 miles.  

A somewhat similar project was tried last winter, with no results, the Air Force said.  

The Research and Development Command of the Air Force was ""scooped"" on its own announcement by a Briton, Professor D. R. Bates, of Queen's University, Belfast. It was the second time in a week that an American project had been announced abroad before it was released here. On Thursday, while a battery of scientists were briefing White House reporters on plans for the satellite, a Belgian scientist announced the American project in Brussels.  

Professor Bates said he had proposed a similar experiment to the British Royal Society, which is joining the United States and Russia in attempts to explore outer space.  

Dr. Newell, chief of the rocket sonde branch of the Naval Research Laboratory, in commenting on Professor Bates' revelation, noted that it is an Air Force project, research on which is being conducted at Cambridge, Mass. The Atomic Energy Commission said it was not participating in the project.  

Later, a spokesman for the Air Force Research Center at Cambridge said the rocket will be fired during the week of Oct. 14 to an altitude of twenty to sixty miles above the earth's surface, depending on weather conditions. He said the Aerobee has climbed as high as 152 miles.  

LONDON, Aug. 3 - Professor Bates, who will lead one of five university groups taking part in British rocket research programs, said today there are difficulties in releasing sodium vapor. Boiling of the metal to release the vapor has been suggested but has proved troublesome, he declared.  

""The Americans may release a grenade from a rocket which, on exploding, would vaporize the metal,"" he said.  

The upper atmosphere contains one part in a billion of sodium which produces a great deal of the light in the air, he explained, and by greatly increasing the amount he believed a ""full moon"" effect would be created.  

He considers that the experiment would provide much information about the winds at extreme height, the temperature of the atmosphere, and the chemical reactions going on in it.  

The Royal Society, leading body of British scientists, disclosed that Britain is entering the field of exploring the earth's upper atmosphere with high altitude rockets. The British announcement added that a similar program has been started in France.  

The Royal Society announcement said: ""It is very desirable that work should be carried out in other countries, to obtain data under different conditions and locations and employing different techniques.""",0.4361885599310147,14.6,"2  
Entered at the Post Office of New York As Second-Class Mail Matter  
NEW YORK HERALD TRIBUNE. THURSD  

To Test Sodium in Ionosphere  
Full Moon' Rocket Explosion in October  
By James E. Warner  

in the absence of a natural so-  
dium layer in the sky.  
WASHINGTON, Aug. 3.-The  
The experiment also may pro-  
SODIUM VAPOR GLOW MAY RIVAL MOON;  
United States Air Force hopes  
vide data, according to Dr.  
to explode a sodium-vapor rocket  
Homer Newell of the Naval Re-  
sixty miles above the earth's  
search Laboratory, for the  
surface this autumn, rivaling  
satellite which the United  
the light of a full moon at twi-  
States proposes to launch by  
light, the Air Force announced  
1957. The satellite, rocket-pro-  
today.  
pelled, will rise above the bonds  
The projectile will be launched  
of gravity and circle the earth  
from Holloman Air Force Base,  
at an altitude of between 200  
New Mexico, during the week  
and 300 miles.  
of Oct. 14. It will be an Aerobee  
A somewhat similar project  
rocket, sisters of which have  
was tried last winter, with no  
reached an altitude of 152 miles.  
results, the Air Force said.  
Other rockets have attained a  

VISIBILITY-  
The Research and Develop-  
height of 250 miles.  
ment Command of the Air Force  

100 MILES  
was ""scooped"" on its own an-  
EASTWARD  
Purpose of the experiment is,  
first, to find if there is a layer  
nouncement by a Briton, Profes-  
UNITED  
of sodium long suspected in the  
sor D. R. Bates, of Queen's Uni-  
upper atmosphere, and second,  
versity, Belfast. It was the sec-  
STATES  
ond time in a week that an  
to find how thick it is.  
If the few pounds of sodium  
American project had been an-  
MEXICO  
vapor ejected from the rocket  
nounced abroad before it was  
shines brightly, scientists be-  
released here. On Thursday,  
lieve it will confirm existence of  
while a battery of scientists were  
the sodium layer in the iono-  
briefing White House reporters  
sphere. For technical reasons,  
on plans for the satellite,  
scientists said, the ejected so-  

PACIFIC  
GULF OF MEXICO  
scientists said, the ejected so-  
Belgian scientist announced the  
OCEAN  
dium would not glow or pro-  
American project in Brussels.  
duce light if released lower, or  
Professor Bates said he had  
proposed a similar experiment  
Herald Tribune-United  
to the British Royal Society,  
Artist's sketch showing how rocket will be shot up by United States scien-  
which is joining the United  
duce artificial ""moonlight.""  
States and Russia in attempts  
to explore outer space.  
Dr. Newell, chief of the rocket  
U.N. Control of Moon Plans  
3 New Planes  
sonde branch of the Naval Re-  
search Laboratory, in comment-  
For Air Force  
ing on Professor Bates' revela-  
Urged to Allay War Fears  
WASHINGTON  
tion, noted that it is an Air Force  
The Air Force  
project, research on which is be-  
A call for United Nations co-  
""Friendly and healthy compe-  
development con-  
ing conducted at: Cambridge  
ordination of the launching of  
tition between the scientists and  
new supersonic  
Mass: The Atomic Energy Com-  
satellites into outer space to  
the dreamers of all countries  
including long-  
mission said it was not partici-  
allay fears that the experiments  
healthy. But intense rivalry is  
tor expected to  
pating in the project.  
mask military projects was is-  
with some possible military de-  
1,300 miles an h-  
Later: spokesman for the  
sued yesterday by Clark M.  
jective in view is dangerous.  
tracts also call, 1  
Air Force Research Center at  
executive director  
Wants to Allay Fears  
Cambridge said the rocket will  
of American Association for  
program should  
or light bomb-  
be fired during the week of Oct.  
the United Nations,  
handled in such a way as  
These contract  
14 to an altitude of twenty to  
Mr. Eichelberger pointed out  
allay the fears of both peoples  
Long-range  
sixty miles above the earth's  
that a precedent exists in the  
and governments that what is  
Corp.  
surface, depending on weather  
proposed special U.N. agency  
being done for peaceful purposes  
Aircraft,  
conditions. He said the Aerobee  
for the peaceful use of atomic  
does not mask military projects  
capable of frightful destruction  
and North Am-  
has climbed as high as 152 miles.  
energy and suggested a similar  
Mr. Eichelberger suggested that  
Inc. Los Angelo-  

May the Grenade  
agency to supervise interna-  
the United States, which pro-  
Quotes Eisenhower's View  
posed a U.N. agency for the  
interceptor prod-  
LONDON, Aug. 3.-Professor  
fessor Bates, who will lead one of  
peaceful use of the atom, ""fol-  
Two Fighter-Bombers  
five university groups taking part  
In a communication to officers  
low this precedent by proposing  
2. Fighter-bomber  
in British rocket research pro-  
and chapters of the association,  
to other nations that they pool  
Bent-Republic  
grams, said today there are diffi-  
Mr. Eichelberger noted that  
their information and to the  
Farmingdale, L.I.  
culties in releasing sodium vapor.  
President Eisenhower and Amer-  
greatest extent the actual ex-  
American Aviat-  
Boiling of the metal to release  
ican scientists have emphasized  
perimentation in the launching  
duce fighter-bomb-  
the vapor has been suggested  
the peacetime role of the plan  
of an earth satellite suggest  
support.  

but has proved troublesome, he  
to send up a satellite within  
that this be done through  
3. Tactical  
declared.  
three years. He also mentioned  
the United Nations.""  
ment-Glenn L.  
their intention to share the  
""The Americans may release  
Baltimore, and  
scientific information gained  
a grenade from a rocket which,  
Monument Study Bill  
Co., Santa Mon-  
with other nations.  
on exploding, would vaporize the  
now produce je-  
""Unfortunately,"" Mr. Eichel-  
WASHINGTON, Aug. 3.-  
metal,"" he said.  
berger said, ""we cannot help but  
President Eisenhower today  
The upper atmosphere con-  
be reminded that our greatest  
signed a bill authorizing an in-  
Chilean Peso  
tains one part in a billion of  
rivals, the Russians, announced  
vestigation to determine the ad-  
sodium which produces a great  
some time ago that they were  
visability of erecting a battle  
SANTIAGO, A-  
deal of the light in the air, he  
striving to set up a space satel-  
monument in Brooklyn in honor  
slumping peso d-  
explained, and by greatly in-  
lite and that it would be the  
of 256 Maryland soldiers killed  
precedented low-  
creasing the amount he believed  
beginning of experiments lead-  
there during the Revolutionary  
United States  
a ""full moon"" effect would be  
ing to interplanetary flights.  
War.  
the Chilean fre-  
created.  

He considers that the experi-  
ment would provide much infor-  
mation about the winds at ex-  
treme height, the temperature of  
the atmosphere and the chemical  
reactions going on it.  
The Royal Society, leading  
body of British scientists, dis-  
closed that Britain is entering  
the field of exploring the earth's  
upper atmosphere with high al-  
titude rockets. The British an-  
nouncement added that a similar  
program has been started in  
France.  
The Royal Society announce-  
ment said: ""It is very desirable  
that work should be carried out  
in other countries, to obtain  
data under different conditions  
and locations and employing dif-  
ferent techniques.""",0.7271424476927486,24.61,"Entered at the Post Office of New York As Second-Class Mail Matter  
NEW YORK HERALD TRIBUNE. THURSD  
To Test Sodium in Ionosphere  
Full Moon' Rocket Explosion in October  
By James E. Warner  
in the absence of a natural sodium layer in the sky.  
WASHINGTON, Aug. 3.-The  
The experiment also may provide data, according to Dr.  
SODIUM VAPOR GLOW MAY RIVAL MOON;  
United States Air Force hopes  
Homer Newell of the Naval Research Laboratory, for the  
to explode a sodium-vapor rocket  
satellite which the United  
sixty miles above the earth's  
States proposes to launch by  
surface this autumn, rivaling  
1957. The satellite, rocket-propelled,  
the light of a full moon at twilight,  
will rise above the bonds  
the Air Force announced today.  
of gravity and circle the earth  
The projectile will be launched  
at an altitude of between 200  
from Holloman Air Force Base,  
and 300 miles.  
New Mexico, during the week  
A somewhat similar project  
of Oct. 14. It will be an aerobee  
was tried last winter, with no  
rocket, sisters of which have  
results, the Air Force said.  
reached an altitude of 152 miles.  
Other rockets have attained a  
VISIBILITY-  
The Research and Development  
height of 250 miles.  
Command of the Air Force  
100 MILES  
was ""scooped"" on its own announcement  
EASTWARD  
Purpose of the experiment is, first, to find if there is a layer  
by a Briton, Professor D. R. Bates, of Queen's University,  
UNITED  
of sodium long suspected in the  
Belfast. It was the second time in a week that an  
upper atmosphere, and second,  
American project had been announced abroad before it was  
STATES  
to find how thick it is.  
released here. On Thursday,  
If the few pounds of sodium  
while a battery of scientists were  
MEXICO  
vapor ejected from the rocket  
briefing White House reporters  
shines brightly, scientists believe it will confirm existence of  
on plans for the satellite,  
the sodium layer in the ionosphere. For technical reasons,  
PACIFIC  
GULF OF MEXICO  
scientists said, the ejected sodium would not glow or produce  
Belgian scientist announced the  
OCEAN  
light if released lower, or  
American project in Brussels.  
Professor Bates said he had  
proposed a similar experiment  
Herald Tribune-United  
to the British Royal Society,  
Artist's sketch showing how rocket will be shot up by United States scientists  
which is joining the United  
States and Russia in attempts  
to explore outer space.  
Dr. Newell, chief of the rocket  
U.N. Control of Moon Plans  
3 New Plans  
sonde branch of the Naval Research Laboratory, in commenting  
For Air Force  
on Professor Bates' revelation, noted that it is an Air Force  
The Air Force  
project, research on which is being conducted at: Cambridge,  
A call for United Nations co-ordination of the launching of  
development contracts  
Mass: The Atomic Energy Commission said it was not participating  
satellites into outer space to  
new supersonic aircraft,  
in the project.  
allay fears that the experiments  
including long-range interceptors expected to reach  
Later: spokesman for the Air Force Research Center at  
mask military projects was issued yesterday by Clark M.  
1,300 miles an hour. The contracts also call for light bombers.  
Cambridge said the rocket will  
executive director  
be fired during the week of Oct. 14 to an altitude of twenty to  
of the American Association for the United Nations.  
These contracts include:  
sixty miles above the earth's surface, depending on weather  
Mr. Eichelberger pointed out  
conditions. He said the Aerobee has climbed as high as 152 miles.  
that a precedent exists in the  
1. Long-range interceptor-Fairchild Engine and Airplane  
proposed special U. N. agency  
Corp.  
May the Grenade  
for the peaceful use of atomic  
LONDON, Aug. 3.-Professor Bates, who will lead one of  
energy and suggested a similar  
2. Fighter-bomber-Republic Aviation Corp., Farmingdale, N.Y.  
five university groups taking part in British rocket research programs,  
agency to supervise international satellite launchings.  
said today there are difficulties in releasing sodium vapor.  
Quotes Eisenhower's View  
3. Tactical fighter-bomber-Glenn L. Martin Co., Baltimore, and  
Boiling of the metal to release  
In a communication to officers  
Douglas Aircraft Co., Santa Monica, Calif.  
the vapor has been suggested  
and chapters of the association,  
but has proved troublesome, he declared.  
Mr. Eichelberger noted that  
American Aviation Co., Baltimore, to produce fighter-bombers for ground support.  
President Eisenhower and American scientists have emphasized  
""The Americans may release a grenade from a rocket which,  
the peacetime role of the plan  
on exploding, would vaporize the metal,"" he said.  
to send up a satellite within  
3. Tactical bomber-Glenn L. Martin Co., Baltimore, and  
three years. He also mentioned  
The upper atmosphere contains one part in a billion of  
their intention to share the  
Monument Study Bill  
sodium which produces a great deal of the light in the air, he explained,  
scientific information gained  
and by greatly increasing the amount he believed a ""full moon"" effect would be created.  
with other nations.  
WASHINGTON, Aug. 3.-  
President Eisenhower today  
He considers that the experiment would provide much information about the winds at extreme height, the temperature of the atmosphere and the chemical reactions going on in it.  
""Unfortunately,"" Mr. Eichelberger said, ""we cannot help but  
signed a bill authorizing an investigation to determine the advisability of erecting a battle  
The Royal Society, leading body of British scientists, disclosed that Britain is entering the field of exploring the earth's upper atmosphere with high-altitude rockets. The British announcement added that a similar program has been started in France.  
be reminded that our greatest rivals, the Russians, announced  
monument in Brooklyn in honor of 256 Maryland soldiers killed there during the Revolutionary War.  
some time ago that they were striving to set up a space satellite and that it would be the beginning of experiments leading to interplanetary flights.  
The Royal Society announcement said: ""It is very desirable that work should be carried out in other countries, to obtain data under different conditions and locations and employing different techniques.""",0.6848232250646737,22.65,"Entered at the Post Office of New York As Second-Class Mail Matter

NEW YORK HERALD TRIBUNE. THURSDAY

To Test Sodium in Ionosphere

By James E. Warner

WASHINGTON, Aug. 3.-The United States Air Force hopes to explode a sodium-vapor rocket sixty miles above the earth's surface this autumn, rivaling the light of a full moon at twilight, the Air Force announced today.

The projectile will be launched from Holloman Air Force Base, New Mexico, during the week of Oct. 14. It will be an aerobee rocket, sisters of which have reached an altitude of 152 miles. Other rockets have attained a height of 250 miles.

Purpose of the experiment is, first, to find if there is a layer of sodium long suspected in the upper atmosphere, and second, to find how thick it is.

If the few pounds of sodium vapor ejected from the rocket shines brightly, scientists believe it will confirm existence of the sodium layer in the ionosphere. For technical reasons, scientists said, the ejected sodium would not glow or produce light if released lower, or in the absence of a natural sodium layer in the sky.

The experiment also may provide data, according to Dr. Homer Newell of the Naval Research Laboratory, for the satellite which the United States proposes to launch by 1957. The satellite, rocket-propelled, will rise above the bonds of gravity and circle the earth at an altitude of between 200 and 300 miles.

A somewhat similar project was tried last winter, with no results, the Air Force said.

The Research and Development Command of the Air Force was ""scooped"" on its own announcement by a Briton, Professor D. R. Bates, of Queen's University, Belfast. It was the second time in a week that an American project had been announced abroad before it was released here. On Thursday, while a battery of scientists were briefing White House reporters on plans for the satellite, a Belgian scientist announced the American project in Brussels.

Professor Bates said he had proposed a similar experiment to the British Royal Society, which is joining the United States and Russia in attempts to explore outer space.

Dr. Newell, chief of the rocket sonde branch of the Naval Research Laboratory, in commenting on Professor Bates' revelation, noted that it is an Air Force project, research on which is being conducted at: Cambridge, Mass. The Atomic Energy Commission said it was not participating in the project.

Later: a spokesman for the Air Force Research Center at Cambridge said the rocket will be fired during the week of Oct. 14 to an altitude of twenty to sixty miles above the earth's surface, depending on weather conditions. He said the Aerobee has climbed as high as 152 miles.

LONDON, Aug. 3 - Professor Bates, who will lead one of five university groups taking part in British rocket research programs, said today there are difficulties in releasing sodium vapor. Boiling of the metal to release the vapor has been suggested but has proved troublesome, he declared.

""The Americans may release a grenade from a rocket which, on exploding, would vaporize the metal,"" he said.

The upper atmosphere contains one part in a billion of sodium which produces a great deal of the light in the air, he explained, and by greatly increasing the amount he believed a ""full moon"" effect would be created.

He considers that the experiment would provide much information about the winds at extreme height, the temperature of the atmosphere and the chemical reactions going on in it.

The Royal Society, leading body of British scientists, disclosed that Britain is entering the field of exploring the earth's upper atmosphere with high altitude rockets. The British announcement added that a similar program has been started in France.

The Royal Society announcement said: ""It is very desirable that work should be carried out in other countries, to obtain data under different conditions and locations and employing different techniques.""

U.N. Control of Moon Plans Urged to Allay War Fears

WASHINGTON - A call for United Nations coordination of the launching of satellites into outer space to allay fears that the experiments mask military projects was issued yesterday by Clark M. Eichelberger, executive director of the American Association for the United Nations.

Mr. Eichelberger pointed out that a precedent exists in the proposed special U.N. agency for the peaceful use of atomic energy and suggested a similar agency to supervise international satellite launchings.

In a communication to officers and chapters of the association, Mr. Eichelberger noted that President Eisenhower and American scientists have emphasized the peacetime role of the plan to send up a satellite within three years. He also mentioned their intention to share the scientific information gained with other nations.

""Unfortunately,"" Mr. Eichelberger said, ""we cannot help but be reminded that our greatest rivals, the Russians, announced some time ago that they were striving to set up a space satellite and that it would be the beginning of experiments leading to interplanetary flights.

""Friendly and healthy competition between the scientists and the dreamers of all countries is healthy. But intense rivalry with some possible military objective in view is dangerous.

""The program should be handled in such a way as to allay the fears of both peoples and governments that what is being done for peaceful purposes does not mask military projects capable of frightful destruction. Mr. Eichelberger suggested that the United States, which proposed a U.N. agency for the peaceful use of the atom, follow this precedent by proposing to other nations that they pool their information and to the greatest extent the actual experimentation in the launching of an earth satellite suggest that this be done through the United Nations.""

Monument Study Bill

WASHINGTON, Aug. 3 - President Eisenhower today signed a bill authorizing an investigation to determine the advisability of erecting a battle monument in Brooklyn in honor of 256 Maryland soldiers killed there during the Revolutionary War.

Chilean Peso

SANTIAGO, Aug. 3 - The slumping peso dropped to an unprecedented low against the United States dollar today as the Chilean free market...",0.12489221040528888,16.83
28937600,"(3031)  
UNCLASSIFIED  
HEADQUARTERS FIRST ARMY  
GOVERNORS ISLAND, NEW YORK 4, N.Y.  

MCS/ak  
AHFKB-OPN  
APR 18 1950  

SUBJECT: Unconventional Aircraft.  

TO:  
Commanding General  
Air Materiel Command  
Wright-Patterson Air Force Base  
Dayton, Ohio  
ATTN: DIRECTOR OF INTELLIGENCE  

The attached enclosures are forwarded for your information,  
evaluation and appropriate action.  

WILLIAM LAYER  
Colonel, General Staff Corps  

Incls:  
Assistant Chief of Staff, G-2  
Cy ltr fr Sig Corps  
Center & Ft. Monmouth,  
dtd 3 Apr 50, subject  
as above, w/6 incls.  
thereto.  

DOWNGRADED AT 3 YEAR INTERVALS:  
DECLASSIFIED  
YEARS  

UNCLASSIFIED",0.06840390879478828,5.11,"(3031)  
UNCLASSIFIED  
HEADQUARTERS FIRST ARMY  
GOVERNORS ISLAND, NEW YORK 4, N.Y.  

MCS/ak  
AHFKB-OPN  
APR 18 1950  

SUBJECT: Unconventional Aircraft.  
TO:  
Commanding General  
Air Materiel Command  
Wright-Patterson Air Force Base  
Dayton, Ohio  
ATTN: DIRECTOR OF INTELLIGENCE  

The attached enclosures are forwarded for your information,  
evaluation and appropriate action.  

WILLIAM LAYER  
Colonel, General Staff Corps  

Incls:  
Assistant Chief of Staff, G-2  
Cy ltr fr Sig Corps  
Center & Ft. Monmouth,  
dtd 3 Apr 50, subject  
as above, w/6 incls.  
thereto.  

DOWNGRADED AT 3 YEAR INTERVALS:  
DECL. AUTH:  
EO 10501  
UNCLASSIFIED",0.08306188925081433,5.66,"(3031)
UNCLASSIFIED
HEADQUARTERS FIRST ARMY
GOVERNORS ISLAND, NEW YORK 4, N.Y.

MCS/ak
AHFKB-OPN
APR 18 1950

SUBJECT: Unconventional Aircraft.

TO:
Commanding General
Air Materiel Command
Wright-Patterson Air Force Base
Dayton, Ohio
ATTN: DIRECTOR OF INTELLIGENCE

The attached enclosures are forwarded for your information, evaluation and appropriate action.

WILLIAM LAYER
Colonel, General Staff Corps
Assistant Chief of Staff, G-2

Incls:
Copy letter from Signal Corps
Center & Ft. Monmouth,
dated 3 Apr 50, subject
as above, with 6 enclosures
thereto.

DOWNGRADED AT 3 YEAR INTERVALS:
DECLASSIFIED
YEARS
UNCLASSIFIED",0.08143322475570032,4.05,"HEADQUARTERS FIRST ARMY  
GOVERNORS ISLAND, NEW YORK 4, N.Y.  

MCS/ak  
AHFKB-OPN  
APR 18 1950  

SUBJECT: Unconventional Aircraft.  

TO:  
Commanding General  
Air Materiel Command  
Wright-Patterson Air Force Base  
Dayton, Ohio  
ATTN: DIRECTOR OF INTELLIGENCE  

The attached enclosures are forwarded for your information, evaluation and appropriate action.  

WILLIAM LAYER  
Colonel, General Staff Corps  

Incls:  
Assistant Chief of Staff, G-2  
Cy ltr fr Sig Corps  
Center & Ft. Monmouth,  
dtd 3 Apr 50, subject  
as above, w/6 incls.  
thereto.  

DOWNGRADED AT 3 YEAR INTERVALS:  
DECL. AUTH: EO 12065  
UNCLASSIFIED",0.10912052117263844,3.38,"UNCLASSIFIED  
HEADQUARTERS FIRST ARMY  
GOVERNORS ISLAND, NEW YORK 4, N.Y.  
  
MCS/ak  
AHFKB-OPN  
APR 18 1950  
  
SUBJECT: Unconventional Aircraft.  
  
TO:  
Commanding General  
Air Materiel Command  
Wright-Patterson Air Force Base  
Dayton, Ohio  
ATTN: DIRECTOR OF INTELLIGENCE  
  
The attached enclosures are forwarded for your information, evaluation and appropriate action.  
  
WILLIAM LAYER  
Colonel, General Staff Corps  
  
Incls:  
Assistant Chief of Staff, G-2  
Cy ltr fr Sig Corps  
Center & Ft. Monmouth,  
dtd 3 Apr 50, subject  
as above, w/6 incls.  
thereto.  
  
DOWNGRADED AT 3 YEAR INTERVALS:  
DECL. ASSIFIED  
YEARS  
  
UNCLASSIFIED",0.07654723127035831,3.07,"UNCLASSIFIED  
HEADQUARTERS FIRST ARMY  
GOVERNORS ISLAND, NEW YORK 4, N.Y.  

MCS/ak  
AHFKB-OPN  
APR 18 1950  

SUBJECT: Unconventional Aircraft.  

TO:  
Commanding General  
Air Materiel Command  
Wright-Patterson Air Force Base  
Dayton, Ohio  
ATTN: DIRECTOR OF INTELLIGENCE  

The attached enclosures are forwarded for your information, evaluation and appropriate action.  

WILLIAM LAYER  
Colonel, General Staff Corps  

Incls:  
Assistant Chief of Staff, G-2  
Cy ltr fr Sig Corps  
Center & Ft. Monmouth,  
dtd 3 Apr 50, subject  
as above, w/6 incls.  
thereto.  

DOWNGRADED AT 3 YEAR INTERVALS:  
DECLASSIFIED  
UNCLASSIFIED",0.08306188925081433,3.28,"(3031)
UNCLASSIFIED
HEADQUARTERS FIRST ARMY
GOVERNORS ISLAND. NEW YORK 4, N.Y.

MCS/ak
AHFKB-OPN
APR 18 1950

SUBJECT: Unconventional Aircraft.

TO:
Commanding General
Air Materiel Command
Wright-Patterson Air Force Base
Dayton, Ohio
ATTN: DIRECTOR OF INTELLIGENCE

The attached inclosures are forwarded for your information, evaluation and appropriate action.

WILLIAM LAYER
Colonel, General Staff Corps
Assistant Chief of Staff, G-2

Incls:
Cy ltr fr Sig Corps
Center & Ft. Monmouth,
dtd 3 Apr 50, subject
as above, w/6 incls.
thereto.

DOWNGRADED AT 3 YEAR INTERVALS:
DECL. ASSIFIED

UNCLASSIFIED",0.05863192182410423,3.37,"(3031)  
UNCLASSIFIED  
HEADQUARTERS FIRST ARMY  
41)  
GOVERNORS ISLAND, NEW YORK 4, N.Y.  

MCS/ak  
AHFKB-OPN  
APR 18 1950  

SUBJECT: Unconventional Aircraft.  

TO:  
Commanding General  
Air Materiel Command  
Wright-Patterson Air Force Base  
Dayton, Ohio  
ATTN: DIRECTOR OF INTELLIGENCE  

The attached inclosures are forwarded for your information,  
evaluation and appropriate action.  

WILLIAM LAYER  
Colonel, General Staff Corps  

Incls:  
Assistant Chief of Staff, G-2  
Cy ltr fr Sig Corps  
Center & Ft. Monmouth,  
dtd 3 Apr 50, subject  
as above, w/6 incls.  
thereto.  

DOWNGRADED AT 3 YEAR INTERVALS:  
DECL. ASSIFIED  
YFADS  
UNCLASSIFIED",0.07980456026058631,3.58,"(3031)  
UNCLASSIFIED  
HEADQUARTERS FIRST ARMY  
41)  
GOVERNORS ISLAND. NEW YORK 4, N.Y.  
:  
MCS/ak  
AHFKB-OPN  
APR 18 1950  

SUBJECT: Unconventional Aircraft.  

TO:  
Commanding General  
Air Materiel Command  
Wright-Patterson Air Force Base  
Dayton, Ohio  
ATTN: DIRECTOR OF INTELLIGENCE  

The attached inclosures are forwarded for your information,  
evaluation and appropriate action.  

WILLIAM LAYER  
Colonel, General Staff Corps  

Incls:  
Assistant Chief of Staff, G-2  
Cy ltr fr Sig Corps  
Center & Ft. Monmouth,  
dtd 3 Apr 50, subject  
as above, w/6 incls.  
thereto.  

DOWNGRADED AT 3 YEAR INTERVALS:  
DECL. ASSIFIED  
YEARS  

UNCLASSIFIED",0.07654723127035831,2.56
28967827,"PAGE TWO RJEDEN 16  
(5) (A) OK 4653 PD  
(A)  
COLORADO GUARD AT ROCKY  
FLATS PD 3  
AURORA  
COLORADO GUARD AT ROCKY FLATS (38302)  
  
DENVER COLORADO GUARD AT ROCKY FLATS (0830Z)  
  
(B) N/A PD  
(7) (A) CLEAR AND CALM (3) SURFACE TWO HUNDRED DEGREES  
THIRTEEN KNOTS  
SIX THOUSAND FEET ONE NINE ZERO DEGREES  
TWO ZERO KNOTS  
TEN THOUSAND FEET TWO HUNDRED DEGREES  
ELEVEN KNOTS  
SIXTEEN THOUSAND FEET TWO SIX ZERO DEGREES  
ELEVEN KNOTS  
TWENTY THOUSAND FEET ZERO THREE ZERO DEGREES  
ELEVEN KNOTS  
THIRTY THOUSAND FEET ONE SEVEN ZERO DEGREES  
NINE KNOTS  
FIFTY THOUSAND FEET TWO EIGHT ZERO DEGREES  
THIRTY KNOTS PD  
(C) NONE PD  
(D) UNLIMITED PD  
(E) NONE PD  
(F) NONE PD  
(8) SEE ELEVEN PD  
(9) NONE APD  
PAGE THREE RJEDEN 16  
(10) UNKNOWN PD  
(11) ASSISTANT OPERATIONS CONTROL OFFICER PROBABLY METEORS PD  
(12) NONE PD  
04/08062  
BT  
OCT RJEDEN",0.054187192118226604,3.79,"PAGE TWO RJEDEN 16  
(5) (A) OK 4653 PD  
(A)  
COLORADO GUARD AT ROCKY  
FLATS PD 3  
AURORA  
COLORADO GUARD AT ROCKY FLATS (38302)  
pp  
S  
DENVER COLORADO GUARD AT ROCKY FLATS (0830Z) - os  
(B) N/A PD  
(7) (A) CLEAR AND CALM (3) SURFACE TWO HUNDRED DEGREES  
THIRTEEN KNOTS  
SIX THOUSAND FEET ONE NINE ZERO DEGREES  
TWENTY KNOTS  
TEN THOUSAND FEET TWO HUNDRED DEGREES  
ELEVEN KNOTS  
SIXTEEN THOUSAND FEET TWO SIX ZERO DEGREES  
ELEVEN KNOTS  
TWENTY THOUSAND FEET ZERO THREE ZERO DEGREES  
ELEVEN KNOTS  
THIRTY THOUSAND FEET ONE SEVEN ZERO DEGREES  
NINE KNOTS  
FIFTY THOUSAND FEET TWO EIGHT ZERO DEGREES  
THIRTY KNOTS PD  
(C) NONE PD  
(D) UNLIMITED PD  
(E) NONE PD  
(F) NONE PD  
(8) SEE ELEVEN PD  
(9) NONE APD  
PAGE THREE RJEDEN 16  
(10) UNKNOWN PD  
(11) ASSISTANT OPERATIONS CONTROL OFFICER PROBABLY METEORS PD  
(12) NONE PD  
04/08062  
BT  
OCT RJEDEN",0.06403940886699508,2.97,"PAGE TWO RJEDEN 16  
(5) (A) OK 4653 PD  
(A)  
COLORADO GUARD AT ROCKY  
FLATS PD 3  
AURORA  
COLORADO GUARD AT ROCKY FLATS (38302)  
pp  
S  
DENVER COLORADO GUARD AT ROCKY FLATS (0830Z) - os  
(B) N:A PD  
(7) (A) CLEAR AND CALM (3) SURFACE TWO HUNDRED DEGREES  
THIRTEEN KNOTS  
SIX THOUSAND FEET ONE NINE ZERO DEGREES  
TWO ZERO KNOTS  
TEN THOUSAND FEET TWO HUNDRED DEGREES  
ELEVEN KNOTS  
SIXTEEN THOUSAND FEET TWO SIX ZERO DEGREES  
ELEVEN KNOTS  
TWENTY THOUSAND FEET ZERO THREE ZERO DEGREES  
ELEVEN KNOTS  
THIRTY THOUSAND FEET ONE SEVEN ZERO DEGREES  
NINE KNOTS  
FIFTY THOUSAND FEET TWO EIGHT ZERO DEGREES  
THIRTY KNOTS PD  
(C) NONE PD  
(D) UNLIMITED PD  
(E) NONE PD  
(F) NONE PD  
(8) SEE ELEVEN PD  
(9) NONE APD  
PAGE THREE RJEDEN 16  
(10) UNKNOWN PD  
(11) ASSISTANT OPERATIONS CONTROL OFFICER PROBABLY METEORS PD  
(12) NONE PD  
04/08062  
BT  
OCT RJEDEN",0.05541871921182266,3.29,"PAGE TWO RJEDEN 16

(5) (A) OK 4653 PD

(A) COLORADO GUARD AT ROCKY FLATS PD 3

AURORA

COLORADO GUARD AT ROCKY FLATS (38302)

DENVER COLORADO GUARD AT ROCKY FLATS (0830Z) - OS

(B) N/A PD

(7) (A) CLEAR AND CALM (3) SURFACE TWO HUNDRED DEGREES

THIRTEEN KNOTS

SIX THOUSAND FEET ONE NINE ZERO DEGREES

TWENTY KNOTS

TEN THOUSAND FEET TWO HUNDRED DEGREES

ELEVEN KNOTS

SIXTEEN THOUSAND FEET TWO SIX ZERO DEGREES

ELEVEN KNOTS

TWENTY THOUSAND FEET ZERO THREE ZERO DEGREES

ELEVEN KNOTS

THIRTY THOUSAND FEET ONE SEVEN ZERO DEGREES

NINE KNOTS

FIFTY THOUSAND FEET TWO EIGHT ZERO DEGREES

THIRTY KNOTS PD

(C) NONE PD

(D) UNLIMITED PD

(E) NONE PD

(F) NONE PD

(8) SEE ELEVEN PD

(9) NONE APD

PAGE THREE RJEDEN 16

(10) UNKNOWN PD

(11) ASSISTANT OPERATIONS CONTROL OFFICER PROBABLY METEORS PD

(12) NONE PD

04/08062

BT

OCT RJEDEN",0.05788177339901478,5.1,"PAGE TWO RJEDEN 16  
(5) (A) OK 4653 PD  
: (A)  
COLORADO GUARD AT ROCKY  
FLATS PD 3  
AURORA  
COLORADO GUARD AT ROCKY FLATS (38302)  
pp  
S  
DENVER COLORADO GUARD AT ROCKY FLATS (0830Z) - os  
(B) N/A PD  
(7) (A) CLEAR AND CALM (3) SURFACE TWO HUNDRED DEGREES  
THIRTEEN KNOTS  
SIX THOUSAND FEET ONE NINE ZERO DEGREES  
TWO ZERO KNOTS  
TEN THOUSAND FEET TWO HUNDRED DEGREES  
ELEVEN KNOTS  
SIXTEEN THOUSAND FEET TWO SIX ZERO DEGREES  
ELEVEN KNOTS  
TWENTY THOUSAND FEET ZERO THREE ZERO DEGREES  
ELEVEN KNOTS  
THIRTY THOUSAND FEET ONE SEVEN ZERO DEGREES  
NINE KNOTS  
FIFTY THOUSAND FEET TWO EIGHT ZERO DEGREES  
THIRTY KNOTS PD  
(C) NONE PD  
(D) UNLIMITED PD  
(E) NONE PD  
(F) NONE PD  
(8) SEE ELEVEN PD  
(9) NONE APD  
PAGE THREE RJEDEN 16  
(10) UNKNOWN PD  
(11) ASSISTANT OPERATIONS CONTROL OFFICER PROBABLY METEORS PD  
(12) NONE PD  
04/08062  
BT  
OCT RJEDEN",0.05541871921182266,5.03,"PAGE TWO RJEDEN 16  
(5) (A) OK 4653 PD  
: (A)  
COLORADO GUARD AT ROCKY FLATS PD  
AURORA  
COLORADO GUARD AT ROCKY FLATS (38302)  
DENVER COLORADO GUARD AT ROCKY FLATS (0830Z) - OS  
(B) N/A PD  
(7) (A) CLEAR AND CALM (3) SURFACE TWO HUNDRED DEGREES  
THIRTEEN KNOTS  
SIX THOUSAND FEET ONE NINE ZERO DEGREES  
TWO ZERO KNOTS  
TEN THOUSAND FEET TWO HUNDRED DEGREES  
ELEVEN KNOTS  
SIXTEEN THOUSAND FEET TWO SIX ZERO DEGREES  
ELEVEN KNOTS  
TWENTY THOUSAND FEET ZERO THREE ZERO DEGREES  
ELEVEN KNOTS  
THIRTY THOUSAND FEET ONE SEVEN ZERO DEGREES  
NINE KNOTS  
FIFTY THOUSAND FEET TWO EIGHT ZERO DEGREES  
THIRTY KNOTS PD  
(C) NONE PD  
(D) UNLIMITED PD  
(E) NONE PD  
(F) NONE PD  
(8) SEE ELEVEN PD  
(9) NONE PD  
PAGE THREE RJEDEN 16  
(10) UNKNOWN PD  
(11) ASSISTANT OPERATIONS CONTROL OFFICER PROBABLY METEORS PD  
(12) NONE PD  
04/08062  
BT  
OCT RJEDEN",0.04926108374384237,5.63,"PAGE TWO RJEDEN 16

(5) (A) QK 4653 PD  
: (A)  
COLORADO GUARD AT ROCK FLATS PD  
AURORA  
COLORADO GUARD AT ROCK FLATS (38302)  
DENVER COLORADO GUARD AT ROCK FLATS (0830Z) - os  
(B) N:A PD  

(7) (A) CLEAR AND CALM (3) SURFACE TWO HUNDRED DEGREES  
THIRTEEN KNOTS  
SIX THOUSAND FEET ONE NINE ZERO DEGREES  
TWO ZERO KNOTS  
TEN THOUSAND FEET TWO HUNDRED DEGREES  
ELEVEN KNOTS  
SIXTEEN THOUSAND FEET TWO SIX ZERO DEGREES  
ELEVEN KNOTS  
TWENTY THOUSAND FEET ZERO THREE ZERO DEGREES  
ELEVEN KNOTS  
THIRTY THOUSAND FEET ONE SEVEN ZERO DEGREES  
NINE KNOTS  
FIFTY THOUSAND FEET TWO EIGHT ZERO DEGREES  
THIRTY KNOTS PD  
(C) NONE PD  
(D) UNLIMITED PD  
(E) NONE PD  
(F) NONE PD  

(8) SEE ELEVEN PD  
(9) NONE APD  

PAGE THREE RJEDEN 16

(10) UNKNOWN PD  
(11) ASSISTANT OPERATIONS CONTROL OFFICER PROBABLY METEORS PD  
(12) NONE PD  
04/08062  
BT  
OCT RJEDEN",0.04187192118226601,3.07,"PAGE TWO RJEDEN 16  
(5) (A) QK 4653 PD  
: (A)  
COLORADO GUARD AT ROCK  
FLATS PD 3  
AURORA  
COLORADO GUARD AT ROCK FLATS (38302)  
pp  
S  
DENVER COLORADO GUARD AT ROCK FLATS (0830Z) - os  
(B) N:A PD  
(7) (A) CLEAR AND CALM (3) SURFACE TWO HUNDRED DEGREES  
THIRTEEN KNOTS  
SIX THOUSAND FEET ONE NINE ZERO DEGREES  
TWO ZERO KNOTS  
TEN THOUSAND FEET TWO HUNDRED DEGREES  
ELEVEN KNOTS  
SIXTEEN THOUSAND FEET TWO SIX ZERO DEGREES  
ELEVEN KNOTS  
TWENTY THOUSAND FEET ZERO THREE ZERO DEGREES  
ELEVEN KNOTS  
THIRTY THOUSAND FEET ONE SEVEN ZERO DEGREES  
NINE KNOTS  
FIFTY THOUSAND FEET TWO EIGHT ZERO DEGREES  
THIRTY KNOTS PD  
(C) NONE PD  
(D) UNLIMITED PD  
(E) NONE PD  
(F) NONE PD  
(8) SEE ELEVEN PD  
(9) NONE APD  
PAGE THREE RJEDEN 16  
(10) UNKNOWN PD  
(11) ASSISTANT OPERATIONS CONTROL OFFICER PROBABLY METEORS PD  
(12) NONE PD  
04/08062  
BT  
OCT RJEDEN",0.04926108374384237,2.97,"PAGE TWO RJEDEN 16

(5) (A) QK 4653 PD  
(A) COLORADO GUARD AT ROCK FLATS PD  
AURORA  
COLORADO GUARD AT ROCK FLATS (38302)  
DENVER COLORADO GUARD AT ROCK FLATS (0830Z)  

(B) N/A PD

(7) (A) CLEAR AND CALM  
SURFACE TWO HUNDRED DEGREES THIRTEEN KNOTS  
SIX THOUSAND FEET ONE NINE ZERO DEGREES TWO ZERO KNOTS  
TEN THOUSAND FEET TWO HUNDRED DEGREES ELEVEN KNOTS  
SIXTEEN THOUSAND FEET TWO SIX ZERO DEGREES ELEVEN KNOTS  
TWENTY THOUSAND FEET ZERO THREE ZERO DEGREES ELEVEN KNOTS  
THIRTY THOUSAND FEET ONE SEVEN ZERO DEGREES NINE KNOTS  
FIFTY THOUSAND FEET TWO EIGHT ZERO DEGREES THIRTY KNOTS PD

(C) NONE PD  
(D) UNLIMITED PD  
(E) NONE PD  
(F) NONE PD

(8) SEE ELEVEN PD  
(9) NONE APD

PAGE THREE RJEDEN 16

(10) UNKNOWN PD  
(11) ASSISTANT OPERATIONS CONTROL OFFICER PROBABLY METEORS PD  
(12) NONE PD

04/08062  
BT  
OCT RJEDEN",0.05172413793103448,3.23
28992103,"PAGE THREE JUNE 27A  
DAY OBSERVER: AT NORTH, 121 DEGREES 57 MIN: WEST.  
CALIF.  

1. CLEAR  
2. WIND: 010/25 KTS: 1200 310/15 KTS: 1000 350/15 KTS  
2000 330/20 KTS: 1700 40% MTS: 5000 300/05 KTS  
280/25 KTS: 240/35  

3. CEILING NONE  
4. VISIBILITY 8 MILES  
5. NONE  
6. NONE  

7. PHENOMENON: GROUND FOG OFF SHORE 7 MILES.  
REPORTED (1200Z) PRECLUDED ATTEMPTED INTERCEPT CALL FROM AREA  

PAGE 27A  
CAPT AUSTIN: 3. ASST BASE OPERATIONS  
AF. CALIF. SIGHTING NOT INVESTIGATED DUE TO THE  
DISTANCE OF SITE FROM HAMILTON AFB. ABOVE INFORMATION WAS  
PASSED TO SAN FRANCISCO AIR DEFENSE SECTOR OFFICE WITHIN 32 MIN  
OF RECEIPT.  

1720172",0.38497652582159625,6.39,"PAGE THREE JUNE 27A  
DAY OR OBSERVER:  
IN NORTH, 121 DEGREES 57 MINUTES.  
CALIF.  

1. CLEAR  
2. WIND: 010/25 KTS; 1241 310/15 KTS; 10%. 3537 15 KTS  
2019: 330/20 KTS; 40% MTS; 5011: 3007 05 KTS  
2827 25 KTS; 2407 35  
3. CEILING NONE  
4. VISIBILITY 8 MILES  
5. NONE  
6. NONE  
7.  

PHENOMENON: GROUND OFU OFF SHORE 7 MILES.  
REPORTED (102021) PRECLUDED ATTEMPTED INTERCEPT  
CALLONS AREA  

PAGE 27A  
CAPT AUSTIN: 3. ASST BASE OPERATIONS  
AF. CALIF. SIGHTING NOT INVESTIGATED DUE TO THE  
OF SITE FROM HAMILTON AFB. ABOVE INFORMATION WAS  
PASSED TO SAN FRANCISCO AIR DEF SECTOR INT OFFICE WITHIN 32 MIN  
RECEIPT.  

1.720172",0.36384976525821594,4.77,"PAGE THREE, JUNE 27

DAY OR OBSERVER:

IN NORTH, 121 DEGREES 57 MIN: JUST IN, CALIF.

1. CLEAR

2. WIND: 010/25 KTS; 1241 310/15 KTS; 10% 3537/15 KTS
2019: 330/20/15; CTS: 40% MTS: 50%; 3007/05 KTS
2827/25 KTS; 2407/35

3. CEILING NONE

4. VISIBILITY 8 MILES

5. NONE

6. NONE

7. PHENOMENON: GROUND FOG OFF SHORE 7 MILES.

REPORTED (102021) PRECLUDED ATTEMPTED INTERCEPT CALL ON AREA

PAGE 27A

CAPT AUSTIN: 3. ASST BASE OPERATIONS

AF, CALIF. SIGHTING NOT INVESTIGATED DUE TO THE DISTANCE OF SITE FROM HAMILTON AFB. ABOVE INFORMATION WAS PASSED TO SAN FRANCISCO AIR DEF SECTOR OFFICE WITHIN 32 MINUTES OF RECEIPT.

1.720172",0.37089201877934275,5.57,"PAGE THREE JANUARY 27A

DAY OF OBSERVER:

IN NORTH, 121 DEGREES 57 MIN. JUST.

IN CALIF.

1. CLEAR

2. WIND: 010/25 KTS; 1241 310/15 KTS; 10% 3537 15 KTS; 2019: 330/20 175 KTS; 40% MTS; 50% 3007 05 KTS; 2827 25 KTS; 2407 35 KTS

3. CEILING NONE

4. VISIBILITY 8 MILES

5. NONE

6. NONE

7. PHENOMENON: GROUP OF UFO OFF SHORE 7 MILES. REPORTED (102021) PRECLUDED ATTEMPTED INTERCEPT

CALLONS AREA

PAGE 27A

CAPT AUSTIN: ASST BASE OPERATIONS

AF, CALIF. SIGHTING NOT INVESTIGATED DUE TO THE DISTANCE OF SITE FROM HAMILTON AFB. ABOVE INFORMATION WAS PASSED TO SAN FRANCISCO AIR DEFENSE SECTOR. INT OFFICE WITHIN 32 MIN OF RECEIPT.",0.37910798122065725,7.16,"PAGE THREE REVISED 27A

DAY OF OBSERVER:

IN NORTH, 121 DEGREES 57 MIN: JUST.

IN CALIF.

1. CLEAR

2. WIND: 010/25 KTS; 1241 310/15 KTS; 10% 3537 15 KTS

2019: 330/20 175 KTS; 40% KTS; 50% 3007 05 KTS

2827 25 KTS; 2407 35 KTS

3. CEILING NONE

4. VISIBILITY 8 MILES

5. NONE

6. NONE

7.

PHENOMENON: GROUP OF UFO OFF SHORE 7 MILES.

REPORTED (102021) PRECLUDED ATTEMPTED INTERCEPT

CALLONS AREA

PAGE 27A

CAPT AUSTIN: 3. ASST BASE OPERATIONS

AF, CALIF. SIGHTING NOT INVESTIGATED DUE TO THE

DISTANCE OF SITE FROM HAMILTON AFB. ABOVE INFORMATION WAS

PASSED TO SAN FRANCISCO AIR DEFENSE SECTOR. INT OFFICE WITHIN 32 MIN

RECEIPT.

1.720172",0.3732394366197183,8.1,"PAGE THREE REVISED 27A  
DAY OF OBSERVER:  

IN NORTH, 121 DEGREES 57 MIN: JUST.  
IN CALIF.  

1. CLEAR  
2. SFC: 010/25 KTS; 120: 310/15 KTS; 10,000: 350/15 KTS  
20,000: 330/20 KTS; 30,000: 40% KTS; 50,000: 300/05 KTS  
28,000: 25 KTS; 24,000: 35  

3. CEILING NONE  
4. VISIBILITY 8 MILES  
5. NONE  
6. NONE  

7. PHENOMENON: GROUND UFO OFF SHORE 7 MILES.  
REPORTED (102021) PRECLUDED ATTEMPTED INTERCEPT  
CALL ON AREA  

PAGE 27A  
CAPT AUSTIN: 3. ASST BASE OPERATIONS  
AF, CALIF. SIGHTING NOT INVESTIGATED DUE TO THE  
OF SITE FROM HAMILTON AFB. ABOVE INFORMATION WAS  
PASSED TO SAN FRANCISCO AIR DEF SECTOR INT OFFICE WITHIN 32 MIN  
RECEIPT.  

1.720172",0.3755868544600939,6.24,"PAGE THREE RJWZSE 27A

DAY OF OBSERVER: JUNE 12, 1947

LOCATION: NORTH, 121 DEGREES 57 MIN: JUST IN, CALIF.

TEL 1. CLEAR: WIND 010/25 KTS: 1241 310/15 KTS: 10%, 3537 15 KTS

TIME: 2019: 330/20 175: KTS: 40% MTS: 5011: 3007 05 KTS 2827 25 KTS: 2407 35

3. CEILING NONE

4. VISIBILITY 8 MILES

5. NONE

6. NONE

7. PHENOMENON: GROUND UFO OFF SHORE 7 MILES. REPORTED (102021) PRECLUDED ATTEMPTED INTERCEPT CALLONS AREA

PAGE 27A

CAPT AUSTIN: ASST BASE OPERATIONS AF, CALIF. SIGHTING NOT INVESTIGATED DUE TO THE DISTANCE OF SITE FROM HAMILTON AFB. ABOVE INFORMATION WAS PASSED TO SAN FRANCISCO AIR DEFENSE SECTOR OFFICE WITHIN 32 MINUTES OF RECEIPT.

1.720172",0.3685446009389671,6.04,"PAGE THREE RJWZSE 27A

DAY OF OBSERVER: IN NORTH, 121 DEGREES 57 MIN: JUST IN CALIF.

WEATHER:
1. CLEAR
2. WIND: 010/25 KTS: 1241 310/15 KTS: 10% 353715 KTS
   2019: 330/20 KTS: TTS: 40% MTS: 5011: 300705 KTS
   282725 KTS: 240735
3. CEILING NONE
4. VISIBILITY 5 MILES
5. NONE
6. NONE

PHENOMENON: GROUND UFO OFF SHORE 7 MILES.
REPORTED (102021) PRECLUDED ATTEMPTED INTERCEPT CALLONS AREA

PAGE 27A

CAPT AUSTIN: 3. ASST BASE OPERATIONS AF, CALIF. SIGHTING NOT INVESTIGATED DUE TO THE DISTANCE OF SITE FROM HAMILTON AFB. ABOVE INFORMATION WAS PASSED TO SAN FRANCISCO AIR DEFENSE SECTOR, INT OFFICE WITHIN 32 MIN OF RECEIPT.

1.720172",0.357981220657277,5.02,"PAGE THREE RJWZSE 27A

DAY OF OBSERVER: IN NORTH, 121 DEGREES 57 MIN: JUST. IN CALIF.

TEL 1. CLEAR: SI.: 010/25 KTS: 1241 310/15 KTS: 10%. 353715 KTS 2019: 330/20175: TTS: 40% MTS: 5011: 300705 KTS 282725 KTS: 240735

3. CEILING NONE

4. VISIBILITY 8 MILES

5. NONE

6. NONE

7. PHENOMENON: GROUND UFO OFF SHORE 7 MILES. REPORTED (102021) PRECLUDED ATTEMPTED INTERCEPT

CALLONS AREA

PAGE 27A

CAPT AUSTIN: 3. ASST BASE OPERATIONS AF. CALIF. SIGHTING NOT INVESTIGATED DUE TO THE DISTANCE OF SITE FROM HAMILTON AFB. ABOVE INFORMATION WAS PASSED TO SAN FRANCISCO AIR DEF SECTOR INT OFFICE WITHIN 32 MIN OF RECEIPT.

1.720172",0.357981220657277,5.31
28993442,"U.S. AIR FORCE TECHNICAL INFORMATION SHEET  
This questionnaire has been prepared so that you can give the U.S. Air Force as much information as possible concerning the unidentified aerial phenomenon that you have observed. Please try to answer as many questions as you possibly can. The information that you give will be used for research purposes, and will be regarded as confidential material. Your name will not be used in connection with any statements, conclusions, or publications without your permission. We request this personal information so that, if it is deemed necessary, we may contact you for further details.

1. When did you see the object?  
2. Time of day:  
Hour  
Minutes  
12th  
JULY  
Day  
Month  
Year  
(Circle One): A.M. or P.M.  
3. Time Zone:  
(Circle One): a. Eastern  
b. Central  
c. Mountain  
d. Pacific  
e. Other  
(Circle One): a. Daylight Saving  
b. Standard  
4. Where were you when you saw the object?  
Florida  
Nearest Postal Address  
City or Town  
State or Country  
Additional remarks:  
5. How long was object in sight?  
Hours  
Minutes  
Seconds  
5.1 How was time in sight determined?  
a. Certain  
b. Fairly certain  
c. Not very sure  
d. Just a guess  
6. What was the condition of the sky?  
DAY  
a. Bright  
b. Cloudy  
NIGHT  
a. Bright  
b. Cloudy  
7. IF you saw the object during DAYLIGHT, where was the SUN located as you looked at the object?  
(Circle One): a. In front of you  
b. In back of you  
c. To your right  
d. To your left  
e. Overhead  
f. Don't remember  

ATIC FORM FEB 60 164 This form supersedes ATIC 164, 1300544",0.050032916392363395,5.13,"U.S. AIR FORCE TECHNICAL INFORMATION SHEET  
This questionnaire has been prepared so that you can give the U.S. Air Force as much information as possible concerning the unidentified aerial phenomenon that you have observed. Please try to answer as many questions as you possibly can. The information that you give will be used for research purposes, and will be regarded as confidential material. Your name will not be used in connection with any statements, conclusions, or publications without your permission. We request this personal information so that, if it is deemed necessary, we may contact you for further details.

1. When did you see the object?  
2. Time of day:  
Hour  
Minutes  
12th  
JULY  
Day  
Month  
Year  
(Circle One):  
A.M.  
or  
P.M.  
3. Time Zone:  
(Circle One):  
a. Eastern  
b. Central  
c. Mountain  
d. Pacific  
e. Other  
(Circle One):  
a. Daylight Saving  
b. Standard  
4. Where were you when you saw the object?  
Nearest Postal Address  
City or Town  
State or Country  
Additional remarks:  
5. How long was object in sight?  
Hours  
Minutes  
Seconds  
5.1 How was time in sight determined?  
a. Certain  
b. Fairly certain  
c. Not very sure  
d. Just a guess  
6. What was the condition of the sky?  
DAY  
a. Bright  
b. Cloudy  
NIGHT  
a. Bright  
b. Cloudy  
7. IF you saw the object during DAYLIGHT, where was the SUN located as you looked at the object?  
(Circle One):  
a. In front of you  
b. In back of you  
c. To your right  
d. To your left  
e. Overhead  
f. Don't remember  

ATIC FORM FEB 60 164 This form supersedes ATIC 164, 1300544",0.04476629361421988,6.86,"U.S. AIR FORCE TECHNICAL INFORMATION SHEET  
This questionnaire has been prepared so that you can give the U.S. Air Force as much information as possible concerning the unidentified aerial phenomenon that you have observed. Please try to answer as many questions as you possibly can. The information that you give will be used for research purposes, and will be regarded as confidential material. Your name will not be used in connection with any statements, conclusions, or publications without your permission. We request this personal information so that, if it is deemed necessary, we may contact you for further details.

1. When did you see the object?  
2. Time of day: 0.00  
   Hour  
   Minutes  
   12th  
   JULY  
   Day  
   Month  
   Year  
   (Circle One):  
   A.M.  
   or  
   P.M.  
3. Time Zone:  
   (Circle One):  
   a. Eastern  
   b. Central  
   c. Mountain  
   d. Pacific  
   e. Other  
   (Circle One):  
   a. Daylight Saving  
   b. Standard  
4. Where were you when you saw the object?  
   Florida  
   Nearest Postal Address  
   City or Town  
   State or Country  
   Additional remarks:  
5. How long was object in sight?  
   3  
   Hours  
   Minutes  
   Seconds  
5.1 How was time in sight determined?  
   a. Certain  
   b. Fairly certain  
   c. Not very sure  
   d. Just a guess  
6. What was the condition of the sky?  
   DAY  
   a. Bright  
   b. Cloudy  
   NIGHT  
   a. Bright  
   b. Cloudy  
7. IF you saw the object during DAYLIGHT, where was the SUN located as you looked at the object?  
   (Circle One):  
   a. In front of you  
   b. In back of you  
   c. To your right  
   d. To your left  
   e. Overhead  
   f. Don't remember  

ATIC FORM FEB 60 164 This form supersedes ATIC 164, 1300544",0.05200789993416721,10.34,"U.S. AIR FORCE TECHNICAL INFORMATION SHEET

This questionnaire has been prepared so that you can give the U.S. Air Force as much information as possible concerning the unidentified aerial phenomenon that you have observed. Please try to answer as many questions as you possibly can. The information that you give will be used for research purposes, and will be regarded as confidential material. Your name will not be used in connection with any statements, conclusions, or publications without your permission. We request this personal information so that, if it is deemed necessary, we may contact you for further details.

1. When did you see the object?
2. Time of day: 
Hour 
Minutes 
12th 
JULY 
Day 
Month 
Year 
(Circle One): A.M. or P.M. 
3. Time Zone: 
(Circle One): a. Eastern 
b. Central 
c. Mountain 
d. Pacific 
e. Other 
(Circle One): a. Daylight Saving 
b. Standard 
4. Where were you when you saw the object? 
Nearest Postal Address 
City or Town 
State or Country 
Additional remarks: 
5. How long was object in sight? 
Hours 
Minutes 
Seconds 
5.1 How was time in sight determined? 
a. Certain 
b. Fairly certain 
c. Not very sure 
d. Just a guess 
6. What was the condition of the sky? 
DAY 
a. Bright 
b. Cloudy 
NIGHT 
a. Bright 
b. Cloudy 
7. IF you saw the object during DAYLIGHT, where was the SUN located as you looked at the object? 
(Circle One): a. In front of you 
b. In back of you 
c. To your right 
d. To your left 
e. Overhead 
f. Don't remember 

ATIC FORM FEB 60 164 This form supersedes ATIC 164, 1300544",0.04476629361421988,7.48,"U.S. AIR FORCE TECHNICAL INFORMATION SHEET

This questionnaire has been prepared so that you can give the U.S. Air Force as much information as possible concerning the unidentified aerial phenomenon that you have observed. Please try to answer as many questions as you possibly can. The information that you give will be used for research purposes, and will be regarded as confidential material. Your name will not be used in connection with any statements, conclusions, or publications without your permission. We request this personal information so that, if it is deemed necessary, we may contact you for further details.

1. When did you see the object?
2. Time of day:
Hour
Minutes
12th
JULY
Day
Month
Year
(Circle One):
A.M.
or
P.M.
3. Time Zone:
(Circle One): a. Eastern
b. Central
c. Mountain
d. Pacific
e. Other
(Circle One): a. Daylight Saving
b. Standard
4. Where were you when you saw the object?
Nearest Postal Address
City or Town
State or Country
Additional remarks:
5. How long was object in sight?
Hours
Minutes
Seconds
5.1 How was time in sight determined?
a. Certain
b. Fairly certain
c. Not very sure
d. Just a guess
6. What was the condition of the sky?
DAY
NIGHT
a. Bright
a. Bright
b. Cloudy
b. Cloudy
7. IF you saw the object during DAYLIGHT, where was the SUN located as you looked at the object?
(Circle One): a. In front of you
b. In back of you
c. To your right
d. To your left
e. Overhead
f. Don't remember

ATIC FORM FEB 60 164 This form supersedes ATIC 164, 1300544",0.05924950625411455,11.88,"U.S. AIR FORCE TECHNICAL INFORMATION SHEET  
This questionnaire has been prepared so that you can give the U.S. Air Force as much information as possible concerning the unidentified aerial phenomenon that you have observed. Please try to answer as many questions as you possibly can. The information that you give will be used for research purposes, and will be regarded as confidential material. Your name will not be used in connection with any statements, conclusions, or publications without your permission. We request this personal information so that, if it is deemed necessary, we may contact you for further details.

1. When did you see the object?  
2. Time of day:  
Hour  
Minutes  
12th  
JULY  
Day  
Month  
Year  
(Circle One):  
A.M.  
or  
P.M.  

3. Time Zone:  
(Circle One): a. Eastern  
b. Central  
c. Mountain  
d. Pacific  
e. Other  

(Circle One): a. Daylight Saving  
b. Standard  

4. Where were you when you saw the object?  
Nearest Postal Address  
City or Town  
State or Country  
Additional remarks:  

5. How long was object in sight?  
Hours  
Minutes  
Seconds  

5.1 How was time in sight determined?  
a. Certain  
b. Fairly certain  
c. Not very sure  
d. Just a guess  

6. What was the condition of the sky?  
DAY  
a. Bright  
b. Cloudy  

NIGHT  
a. Bright  
b. Cloudy  

7. IF you saw the object during DAYLIGHT, where was the SUN located as you looked at the object?  
(Circle One): a. In front of you  
b. In back of you  
c. To your right  
d. To your left  
e. Overhead  
f. Don't remember  

ATIC FORM FEB 60 164  
This form supersedes ATIC 164, 1300544",0.04476629361421988,11.24,"U.S. AIR FORCE TECHNICAL INFORMATION SHEET  
This questionnaire has been prepared so that you can give the U.S. Air Force as much information as possible concerning the unidentified aerial phenomenon that you have observed. Please try to answer as many questions as you possibly can. The information that you give will be used for research purposes, and will be regarded as confidential material. Your name will not be used in connection with any statements, conclusions, or publications without your permission. We request this personal information so that, if it is deemed necessary, we may contact you for further details.

1. When did you see the object?

2. Time of day: 0.00  
   Hour  
   Minutes  
   Day 12th  
   Month JULY  
   Year  
   (Circle One):  
   A.M.  
   or  
   P.M.

3. Time Zone:  
   (Circle One):  
   a. Eastern  
   b. Central  
   c. Mountain  
   d. Pacific  
   e. Other  
   (Circle One):  
   a. Daylight Saving  
   b. Standard

4. Where were you when you saw the object?  
   Nearest Postal Address  
   City or Town Florida  
   State or Country  
   Additional remarks:

5. How long was object in sight?  
   Hours 3  
   Minutes  
   Seconds

5.1 How was time in sight determined?  
   a. Certain  
   b. Fairly certain  
   c. Not very sure  
   d. Just a guess

6. What was the condition of the sky?  
   DAY  
   a. Bright  
   b. Cloudy  
   NIGHT  
   a. Bright  
   b. Cloudy

7. IF you saw the object during DAYLIGHT, where was the SUN located as you looked at the object?  
   (Circle One):  
   a. In front of you  
   b. In back of you  
   c. To your right  
   d. To your left  
   e. Overhead  
   f. Don't remember

ATIC FORM FEB 60 164  
This form supersedes ATIC 164, 1300544",0.044107965766951945,5.65,"U.S. AIR FORCE TECHNICAL INFORMATION SHEET  
This questionnaire has been prepared so that you can give the U.S. Air Force as much information as possible concerning the unidentified aerial phenomenon that you have observed. Please try to answer as many questions as you possibly can. The information that you give will be used for research purposes, and will be regarded as confidential material. Your name will not be used in connection with any statements, conclusions, or publications without your permission. We request this personal information so that, if it is deemed necessary, we may contact you for further details.

1. When did you see the object?  
2. Time of day: 0:00  
Hour  
Minutes  
12th  
JULY  
Day  
Month  
Year  
(Circle One):  
A.M.  
or  
P.M.  

3. Time Zone:  
(Circle One):  
a. Eastern  
b. Central  
c. Mountain  
d. Pacific  
e. Other  

(Circle One):  
a. Daylight Saving  
b. Standard  

4. Where were you when you saw the object?  
Nearest Postal Address  
FLorida  
City or Town  
State or Country  
Additional remarks:  

5. How long was object in sight?  
3  
Hours  
Minutes  
Seconds  

5.1 How was time in sight determined?  
a. Certain  
b. Fairly certain  
c. Not very sure  
d. Just a guess  

6. What was the condition of the sky?  
DAY  
a. Bright  
b. Cloudy  

NIGHT  
a. Bright  
b. Cloudy  

7. IF you saw the object during DAYLIGHT, where was the SUN located as you looked at the object?  
(Circle One):  
a. In front of you  
b. In back of you  
c. To your right  
d. To your left  
e. Overhead  
f. Don't remember  

ATIC FORM FEB 60 164  
This form supersedes ATIC 164, 1300544",0.05200789993416721,5.54,"U.S. AIR FORCE TECHNICAL INFORMATION SHEET

This questionnaire has been prepared so that you can give the U.S. Air Force as much information as possible concerning the unidentified aerial phenomenon that you have observed. Please try to answer as many questions as you possibly can. The information that you give will be used for research purposes, and will be regarded as confidential material. Your name will not be used in connection with any statements, conclusions, or publications without your permission. We request this personal information so that, if it is deemed necessary, we may contact you for further details.

1. When did you see the object?  
Day 12th  
Month JULY  
Year  

2. Time of day:  
Hour 0  
Minutes 00  
(Circle One): A.M. or P.M.  

3. Time Zone:  
(Circle One): a. Eastern  
b. Central  
c. Mountain  
d. Pacific  
e. Other  

4. Where were you when you saw the object?  
Nearest Postal Address  
City or Town Florida  
State or Country  
Additional remarks:  

5. How long was object in sight?  
Hours 3  
Minutes  
Seconds  

5.1 How was time in sight determined?  
a. Certain  
b. Fairly certain  
c. Not very sure  
d. Just a guess  

6. What was the condition of the sky?  
DAY  
a. Bright  
b. Cloudy  
NIGHT  
a. Bright  
b. Cloudy  

7. IF you saw the object during DAYLIGHT, where was the SUN located as you looked at the object?  
(Circle One): a. In front of you  
b. In back of you  
c. To your right  
d. To your left  
e. Overhead  
f. Don't remember  

ATIC FORM FEB 60 164 This form supersedes ATIC 164, 1300544",0.06254114549045425,6.52
28950512,"at 52

WEST PACIFIC
HYDROGRAPHIC Bulletin
October 9, 1952 - 1357 G. M. T., lat. 17°39' N., lon. 169°40' W.,
meteor, medium brilliance, long blue train. Appeared at altitude
45° bearing north, traveled horizontally, and disappeared bearing 010°.",0.02857142857142857,2.54,"WEST PACIFIC
HYDROGRAPHIC Bulletin
October 9, 1952 - 1357 G. M. T., lat. 17°39' N., lon. 169°40' W.,
meteor, medium brilliance, long blue train. Appeared at altitude
45° bearing north, traveled horizontally, and disappeared bearing 010°.",0.04897959183673469,1.67,"at 52

WEST PACIFIC
HYDROGRAPHIC Bulletin
October 9, 1952 - 1357 G. M. T., lat. 17°39' N., lon. 169°40' W.,
meteor, medium brilliance, long blue train. Appeared at altitude
45° bearing north, traveled horizontally, and disappeared bearing 010°.",0.02857142857142857,1.52,"WEST PACIFIC  
HYDROGRAPHIC Bulletin  
October 9, 1952 - 1357 G.M.T., lat. 17°39' N., lon. 169°40' W.,  
meteor, medium brilliance, long blue train. Appeared at altitude  
45° bearing north, traveled horizontally, and disappeared bearing 010°.",0.04081632653061224,2.16,"WEST PACIFIC  
HYDROGRAPHIC Bulletin  
October 9, 1952 - 1357 G.M.T., lat. 17°39' N., lon. 169°40' W.,  
meteor, medium brilliance, long blue train. Appeared at altitude  
45° bearing north, traveled horizontally, and disappeared bearing 010°.",0.04081632653061224,1.89,"WEST PACIFIC HYDROGRAPHIC Bulletin October 9, 1952 - 1357 G.M.T., lat. 17°39' N., lon. 169°40' W., meteor, medium brilliance, long blue train. Appeared at altitude 45° bearing north, traveled horizontally, and disappeared bearing 010°.",0.04081632653061224,1.69,"at 52

WEST PACIFIC
HYDROGRAPHIC Bulletin

October 9, 1952 - 1357 G.M.T., lat. 17°39' N., lon. 169°40' W., meteor, medium brilliance, long blue train. Appeared at altitude 45° bearing north, traveled horizontally, and disappeared bearing 010°.",0.02040816326530612,1.12,"at 52

(
(
WEST PACIFIC
HYDROGRAPHIC Bulletin
October 9, 1952 - 1357 G.M.T., lat. 17°39' N., lon. 169°40' W.,
meteor, medium brilliance, long blue train. Appeared at altitude
45° bearing north, traveled horizontally, and disappeared bear-
ing 010°.",0.044534412955465584,1.24,"at 52  
(  
(  
WEST PACIFIC  
HYDROGRAPHIC Bulletin  
October 9, 1952-1357 G.M.T., lat. 17°39' N., lon. 169°40' W.,  
meteor, medium brilliance, long blue train. Appeared at altitude  
45° bearing north, traveled horizontally, and disappeared bear-  
ing 010°.",0.053061224489795916,1.38
28944179,Civilian officers in a group of four signed over,0.7029702970297029,0.59,"Civilian
3
officers in
of four signed
over",0.7029702970297029,1.51,Civilian officers in office signed over,0.7029702970297029,0.66,Civilian offers in reports of UFO sightings over four signed statements.,0.6732673267326733,0.87,Civilian reports of four sightings over,0.6732673267326733,1.02,Civilian reports of four sightings over,0.6732673267326733,0.72,Civilian offers ir of four signed over,0.7227722772277227,0.82,Civilian offers ir of four signed over,0.7227722772277227,0.55,"Civilian

3

offers in

of four signed

over",0.7128712871287128,0.88
28973402,"NATIONAL ARCHIVES MICROFILM PUBLICATIONS  
Microfilm Publication T1206  
PROJECT BLUE BOOK  
Roll 30  
Case Files of Individual Sightings  
File Nos. 5170-5385  
November 16-21, 1957  
LITTERA SCRIPTA MANET  
*  
1934  
*  
THE NATIONAL ARCHIVES  
NATIONAL ARCHIVES AND RECORDS SERVICE  
GENERAL SERVICES ADMINISTRATION  
WASHINGTON: 1976",0.022082018927444796,1.49,"NATIONAL ARCHIVES MICROFILM PUBLICATIONS  
Microfilm Publication T1206  
PROJECT BLUE BOOK  
Roll 30  
Case Files of Individual Sightings  
File Nos. 5170-5385  
November 16-21, 1957  
LITTERA SCRIPTA MANET  
*  
1934  
*  
THE NATIONAL ARCHIVES  
NATIONAL ARCHIVES AND RECORDS SERVICE  
GENERAL SERVICES ADMINISTRATION  
WASHINGTON: 1976",0.022082018927444796,1.78,"NATIONAL ARCHIVES MICROFILM PUBLICATIONS  
Microfilm Publication T1206  
PROJECT BLUE BOOK  
Roll 30  
Case Files of Individual Sightings  
File Nos. 5170-5385  
November 16-21, 1957  
LITTERA SCRIPTA MANET  
*  
1934  
*  
THE NATIONAL ARCHIVES  
NATIONAL ARCHIVES AND RECORDS SERVICE  
GENERAL SERVICES ADMINISTRATION  
WASHINGTON: 1976",0.022082018927444796,1.33,"NATIONAL ARCHIVES MICROFILM PUBLICATIONS  
Microfilm Publication T1206  
PROJECT BLUE BOOK  
Roll 30  
Case Files of Individual Sightings  
File Nos. 5170-5385  
November 16-21, 1957  

LITTERA SCRIPTA MANET  

THE NATIONAL ARCHIVES  
NATIONAL ARCHIVES AND RECORDS SERVICE  
GENERAL SERVICES ADMINISTRATION  
WASHINGTON: 1976",0.050473186119873815,2.08,"NATIONAL ARCHIVES MICROFILM PUBLICATIONS  
Microfilm Publication T1206  
PROJECT BLUE BOOK  
Roll 30  
Case Files of Individual Sightings  
File Nos. 5170-5385  
November 16-21, 1957  

LITTERA SCRIPTA MANET  
*  
1934  
*  

THE NATIONAL ARCHIVES  
NATIONAL ARCHIVES AND RECORDS SERVICE  
GENERAL SERVICES ADMINISTRATION  
WASHINGTON: 1976",0.022082018927444796,2.19,"NATIONAL ARCHIVES MICROFILM PUBLICATIONS  
Microfilm Publication T1206  
PROJECT BLUE BOOK  
Roll 30  
Case Files of Individual Sightings  
File Nos. 5170-5385  
November 16-21, 1957  

LITTERA SCRIPTA MANET  

THE NATIONAL ARCHIVES  
NATIONAL ARCHIVES AND RECORDS SERVICE  
GENERAL SERVICES ADMINISTRATION  
WASHINGTON: 1976",0.050473186119873815,6.89,"NATIONAL ARCHIVES MICROFILM PUBLICATIONS  
Microfilm Publication T1206  
PROJECT BLUE BOOK  
Roll 30  
Case Files of Individual Sightings  
File Nos. 5170-5385  
November 16-21, 1957  

LITTERA SCRIPTA MANET  
*  
1934  
*  

THE NATIONAL ARCHIVES  
NATIONAL ARCHIVES AND RECORDS SERVICE  
GENERAL SERVICES ADMINISTRATION  
WASHINGTON: 1976",0.022082018927444796,1.54,"NATIONAL ARCHIVES MICROFILM PUBLICATIONS  
Microfilm Publication T1206  
PROJECT BLUE BOOK  
Roll 30  
Case Files of Individual Sightings  
File Nos. 5170-5385  
November 16-21, 1957  

LITTERA SCRIPTA MANET  
*  
1934  
*  

THE NATIONAL ARCHIVES  
NATIONAL ARCHIVES AND RECORDS SERVICE  
GENERAL SERVICES ADMINISTRATION  
WASHINGTON: 1976",0.022082018927444796,1.47,"NATIONAL ARCHIVES MICROFILM PUBLICATIONS  
Microfilm Publication T1206  
PROJECT BLUE BOOK  
Roll 30  
Case Files of Individual Sightings  
File Nos. 5170-5385  
November 16-21, 1957  

LITTERA SCRIPTA MANET  
*  
1934  
*  

THE NATIONAL ARCHIVES  
NATIONAL ARCHIVES AND RECORDS SERVICE  
GENERAL SERVICES ADMINISTRATION  
WASHINGTON: 1976",0.022082018927444796,2.63
28978398,"SPUTNIK 3  
EQUATORIAL CROSSINGS  
17 MAY 1958  
ALL TIMES GIVEN ARE ZULU TIMES  

BOSTON  
CHICAGO  
SAN FRANCISCO  
NEW ORLEANS  
WASHINGTON  

3/1  
3/5  
3/4  
3/3  
3/2  
3/1  
2/9  
2/8  
2/7  

COMPUTED BY NTPC  
FOR OFFICIAL USE ONLY",0.635,2.97,"SPUTNIK 3  
EQUATORIAL CROSSINGS  
17 MAY 1958  
ALL TIMES GIVEN ARE ZULU TIMES  

BOSTON  
CHICAGO  
SAN  
NEW  
WASHINGTON  
ORLEANS  

3/1  
3/5  
3/4  
3/3  
3/2  
3/0  
2/9  
2/8  
2/6  
2/5  

COMPUTED BY NTPC  
FOR OFFICIAL USE ONLY",0.6237113402061856,7.27,"SPUTNIK 3  
EQUATORIAL CROSSINGS  
17 MAY 1958  
ALL TIMES GIVEN ARE ZULU TIMES  

JOSTO  
CHICAGO  
SAN  
NEW  
WASHINGTON  
ORLEANS  

3/1  
3/5  
3/4  
3/3  
3/2  
3/0  
2/9  
2/8  
2/6  

COMPUTED BY NTPC  
FOR OFFICIAL USE ONLY",0.6137566137566137,3.59,"SPUTNIK 3  
EQUATORIAL CROSSINGS  
17 MAY 1958  
ALL TIMES GIVEN ARE ZULU TIMES  

CHICAGO  
SAN  
NEW ORLEANS  

COMPUTED BY NTPC  
FOR OFFICIAL USE ONLY",0.4632352941176471,1.6,"SPUTNIK 3  
EQUATORIAL CROSSINGS  
17 MAY 1958  
ALL TIMES GIVEN ARE ZULU TIMES  

CHICAGO  
SAN ANTONIO  
NEW ORLEANS  

COMPUTED BY NTPC  
FOR OFFICIAL USE ONLY",0.4930555555555556,1.57,"SPUTNIK 3  
EQUATORIAL CROSSINGS  
17 MAY 1958  
ALL TIMES GIVEN ARE ZULU TIMES  

BOSTON  
CHICAGO  
SAN FRANCISCO  
NEW ORLEANS  
WASHINGTON  

COMPUTED BY NTPC  
FOR OFFICIAL USE ONLY",0.5548780487804879,1.47,"SPUTNIK 3  
EQUATORIAL CROSSINGS  
17 MAY 1958  
ALL TIMES GIVEN ARE ZULU TIMES

00  
N  
50  
JOSTO%  
CHICAGO  
5%  
SAN  
NEW  
WASHINGTON  
ORLEANS  
A  
N  
2  
O  
X  
N  
2  
OF  
2  
O  
3/L  
3/5  
3/4  
3/3  
3R  
3  
219  
2/8  
2/C  
L  
51  
COMPUTED BY NTPC  
FOR OFFICIAL USE ONLY",0.6741071428571429,2.02,"SPUTNIK 3  
EQUATORIAL CROSSINGS  
17 MAY 1958  
ALL TIMES GIVEN ARE ZULU TIMES  

00  
N  
so  
JOSTO%  
CHICAGO  
5%  
SAN  
NEW  
WASHINGTON  
ORLEANS  
a  
N  
2  
o  
x  
N  
2  
of  
2  
O  
3/L  
3/5  
3/4  
3/3  
3R  
3  
219  
2/8  
2/C  
L  
51  
COMPUTED BY NTPC  
FOR OFFICIAL USE ONLY",0.6741071428571429,1.74,"SPUTNIK 3  
EQUATORIAL CROSSINGS  
17 MAY 1958  
ALL TIMES GIVEN ARE ZULU TIMES  

CHICAGO  
SAN  
NEW  
WASHINGTON  
ORLEANS  

JOSTO%  
5%  

COMPUTED BY NTPC  
FOR OFFICIAL USE ONLY",0.535031847133758,1.74
28961780,"JEDUPAAR TECHNICAL INTEL CENTER WRIGHT PATTERSON AFB /ATTN ATIAA-207  
INFO BEPU/DNI  
ZEN/COMNAVEASTCONAD  
Y 212246Z  
FM CMDR FLTT SVC CNTR MAXWELL AFB ALA  
TO JEDIN COMMANDER ADC ENT AFB COLORADO SPRINGS COLO  
JEPHQ CHIEF OF STAFF USAF WASHINGTON 25 DC  
BEPC/COMEASTSEAFRON  
11 attn  
(CIRVIS/  
2.  
ANG 034  
3. atemaz  
PILOT OF ANG 034 SIGHTED LARGE UNIDENTIFIED OBJECT  
4. state  
COLOR SILVER RESEMBLING DELTA WING OVER THE CITY OF  
NEW ORLEANS AT 1600 ESTIMATED 15000 FT  
OBJECT MOTIONLESS  
NONE  
212246Z APR JESYQ  
OT in  
INNING  
NI",0.06451612903225806,2.25,"JEDSUPAIR TECHNICAL INTEL CEN WRIGHT PATTERSON AFB /ATTN ATIAA-207  
INFO BEPU/DNI  
ZEN/COMNAVEASTCONAD  
Y 212246Z  
FM CMDR FLTT SVC CNTR MAXWELL AFB ALA  
TO JEDSUPAIR COMMANDER ADC ENT AFB COLORADO SPRINGS COLO  
JEPHQ. CHIEF OF STAFF USAF WASHINGTON 25 DC  
BEPC/COMEASTSEAFRON  
11 attn  
(CIRVIS/  
2.  
ANG 034  
3. atemaz  
PILOT OF ANG 034 SIGHTED LARGE UNIDENTIFIED OBJECT  
4. COLOR SILVER RESEMBLING DELTA WING OVER THE CITY OF  
NEW ORLEANS AT 1600 ESTIMATED 15000 FT  
OBJECT MOTIONLESS  
NONE  
212246Z APR JESYQ  
OT in  
INNING  
NI",0.0777988614800759,3.68,"JEDWARR TECHNICAL INTEL CEN WRIGHT PATTERSON AFB /ATTN ATIAA-207  
INFO BEPU/DNI  
ZEN/COMNAVEASTCONAD  
Y 212246Z  
FM CMDR FLTT SVC CNTR MAXWELL AFB ALA  
TO JEDWARR COMMANDER ADC ENT AFB COLORADO SPRINGS COLO  
JEPHQ. CHIEF OF STAFF USAF WASHINGTON 25 DC  
BEPC/COMEASTSEAFRON  
11 attn  
(CIRVIS/  
2.  
ANG 034  
3. atemaz  
PILOT OF ANG 034 SIGHTED LARGE UNIDENTIFIED OBJECT 4. state  
COLOR SILVER RESEMBLING DELTA WING OVER THE CITY OF  
NEW ORLEANS AT 1600 ESTIMATED 15000 FT  
OBJECT MOTIONLESS  
NONE  
21/2246Z APR JESYQ  
OT in  
INNING  
NI",0.06072106261859583,2.87,"JEDUPAAR TECHNICAL INTEL. CEN WRIGHT PATTERSON AFB /ATTN ATIAA-207  
INFO BEPU/DNI  
ZEN/COMNAVEASTCONAD  
Y 212246Z  
FM CMDR FLTT SVC CNTR MAXWELL AFB ALA  
TO JEDIN COMMANDER ADC ENT AFB COLORADO SPRINGS COLO  
JEPHQ. CHIEF OF STAFF USAF WASHINGTON 25 DC  
BEPC/COMEASTSEAFRON  
1. ATTENTION (CIRVIS/  
2. ANG 034  
3. ATEMA  
PILOT OF ANG 034 SIGHTED LARGE UNIDENTIFIED OBJECT  
4. STATE COLOR SILVER RESEMBLING DELTA WING OVER THE CITY OF  
NEW ORLEANS AT 1600 ESTIMATED 15000 FT  
OBJECT MOTIONLESS  
NONE  
212246Z APR JESYQ  
OUT IN  
ENDING",0.08159392789373814,3.48,"JEDUPAAR TECHNICAL INTEL CENTER WRIGHT PATTERSON AFB /ATTN ATIAA-207  
INFO BEPU/DNI  
ZEN/COMNAVEASTCONAD  
Y 212246Z  
FM CMDR FLTT SVC CNTR MAXWELL AFB ALA  
TO JEDIN COMMANDER ADC ENT AFB COLORADO SPRINGS COLO  
JEPHQ. CHIEF OF STAFF USAF WASHINGTON 25 DC  
BEPC/COMEASTSEAFRON  
11 attached  
(CIRVIS/  
2.  
ANG 034  
3. atemaz  
PILOT OF ANG 034 SIGHTED LARGE UNIDENTIFIED OBJECT  
4. state  
COLOR SILVER RESEMBLING DELTA WING OVER THE CITY OF  
NEW ORLEANS AT 1600 ESTIMATED 15000 FT  
OBJECT MOTIONLESS  
NONE  
212246Z APR JESYQ  
OT in  
INNING  
NI",0.07020872865275142,4.84,"JEDUPAAR TECHNICAL INTEL CENTER WRIGHT-PATTERSON AFB /ATTN ATIAA-207  
INFO BEPU/DNI  
ZEN/COMNAVEASTCONAD  
Y 212246Z  
FM CMDR FLTT SVC CNTR MAXWELL AFB ALA  
TO JEDIN COMMANDER ADC ENT AFB COLORADO SPRINGS COLO  
JEPHQ CHIEF OF STAFF USAF WASHINGTON 25 DC  
BEPC/COMEASTSEAFRON  
1.  
(CIRVIS/  
2.  
ANG 034  
3.  
PILOT OF ANG 034 SIGHTED LARGE UNIDENTIFIED OBJECT  
COLOR SILVER RESEMBLING DELTA WING OVER THE CITY OF  
NEW ORLEANS AT 1600 ESTIMATED 15000 FT  
OBJECT MOTIONLESS  
NONE  
212246Z APR JESYQ  
OT  
INNING  
NI",0.11005692599620494,3.46,"JEDUPAAR TECHNICAL INTEL. CEN WRIGHT PATTERSON AFB /ATTN ATIAA-207  
INFO BEPU/DNI  
ZEN/COMNAVEASTCONAD  
Y 212246Z  
FY CMDR FLTT SVC CNTR MAXWELL AFB ALA  
TO JEDEN COMMANDER ADC ENT AFB COLORADO SPRINGS COLO  
JEPHQ. CHIEF OF STAFF USAF WASHINGTON 25 DC  
BEPC/COMEASTSEAFRON  
11 atta  
(CIRVIS/  
2.  
ANG 034  
3. atemaz  
PILOT OF ANG 034 SIGHTED LARGE UNIDENTIFIED OBJECT  
4. state  
COLOR SILVER RESEMBLING DELTA WING OVER THE CITY OF  
NEW ORLEANS AT 1600 ESTIMATED 15000 FT  
OBJECT MOTIONLESS  
NONE  
21/2246Z APR JESYQ  
OT in  
INNING  
NI",0.05313092979127135,2.76,"JEDUPAAR TECHNICAL INTEL. CEN WRIGHT PATTERSON AFB /ATTN ATIAA-207  
INFO BEPU/DNI  
ZEN/COMNAVEASTCONAD  
Y 212246Z  
FY CMDR FLTT SVC CNTR MAXWELL AFB ALA  
TO JEDEN COMMANDER ADC ENT AFB COLORADO SPRINGS COLO  
JEPHQ. CHIEF OF STAFF USAF WASHINGTON 25 DC  
BEPC/COMEASTSEAFON  

11 atta  
(CIRVIS/  

2.  
ANG 034  

3. atemaz  
PILOT OF ANG 034 SIGHTED LARGE UNIDENTIFIED OBJECT  

4. state  
COLOR SILVER RESEMBLING DELTA WING OVER THE CITY OF  
NEW ORLEANS AT 16000 ESTIMATED 15000 FT  
OBJECT MOTIONLESS  

NONE  
21/2246Z APR JESYQ  
OT in  
INNING  
NI",0.051233396584440226,2.56,"JEDUPAAR TECHNICAL INTEL. CEN WRIGHT PATTERSON AFB /ATTN ATIAA-207  
INFO BEPU/DNI  
ZEN/COMNAVEASTCONAD  
Y 212246Z  
FY CMDR FLTT SVC CNTR MAXWELL AFB ALA  
TO JEDEN COMMANDER ADC ENT AFB COLORADO SPRINGS COLO  
JEPHQ. CHIEF OF STAFF USAF WASHINGTON 25 DC  
BEPC/COMEASTSEAFRON  
11 atta  
(CIRVIS/  
2.  
ANG 034  
3. atemaz  
PILOT OF ANG 034 SIGHTED LARGE UNIDENTIFIED OBJECT  
4. state  
COLOR SILVER RESEMBLING DELTA WING OVER THE CITY OF  
NEW ORLEANS AT 16000 ESTIMATED 15000 FT  
OBJECT MOTIONLESS  
NONE  
21/2246Z APR JESYQ  
OT in  
INNING  
NI",0.05313092979127135,2.87
28944035,"Force Base  
Rantoul, Illinois  
12 July 1952  
Copy of -  
At approximately 2045 hours one radiosonde balloon with lantern  
attached was observed traveling towards NNE at altitude of 1500-  
2000 feet. At approximately 2100 hours, I observed a rocket-like  
ball of fire (with a short orange or red tail of flame) traveling  
at a high rate of speed towards the NE. No noise was heard and after  
about seven (7) seconds, this flare disappeared. There were no  
other objects noted in the sky at this time.  
This observation was made at the rear of building P-103A,  
at CHANUTE AFB, Ill.  
PAUL T. HANLON  
Major, USAF  
AO 492045  
Chanute AFB, Ill.  
COPY  
UNCLASSIFIED",0.04696969696969697,4.39,"Farce Base  
Rantoul, Illinois  
12 July 1952  
Copy of -  
At approximately 2045 hours one radiosonde balloon with lantern  
attached was observed traveling towards NNE at altitude of 1500-  
2000 feet. At approximately 2100 hours, I observed a rocket-like  
ball of fire (with a short orange or red tail of flame) traveling  
at a high rate of speed towards the NE. No noise was heard and after  
about seven (7) seconds, this flare disappeared. There were no  
other objects noted in the sky at this time.  
This observation was made at the rear of building P-103A,  
at CHANUTE AFB, Ill.  
PAUL T. HANLON  
Major, USAF  
AO 492045  
Chanute AFB, Ill.  
COPY  
UNCLASSIFIED",0.048484848484848485,2.47,"Force Base  
Rantoul, Illinois  
12 July 1952  
Copy of -  
At approximately 2045 hours one radiosonde balloon with lantern  
attached was observed traveling towards NNE at altitude of 1500-  
2000 feet. At approximately 2100 hours, I observed a rocket-like  
ball of fire (with a short orange or red tail of flame) traveling  
at a high rate of speed towards the NE. No noise was heard and after  
about seven (7) seconds, this flare disappeared. There were no  
other objects noted in the sky at this time.  
This observation was made at the rear of building P-103A,  
at CHANUTE AFB, Ill.  
PAUL T. HANLON  
Major, USAF  
AO 492045  
Chanute AFB, Ill.  
COPY  
UNCLASSIFIED",0.04696969696969697,4.61,"Force Base  
Rantoul, Illinois  
12 July 1952  

Copy of -  
At approximately 2045 hours one radiosonde balloon with lantern  
attached was observed traveling towards NNE at altitude of 1500-  
2000 feet. At approximately 2100 hours, I observed a rocket-like  
ball of fire (with a short orange or red tail of flame) traveling  
at a high rate of speed towards the NE. No noise was heard and after  
about seven (7) seconds, this flare disappeared. There were no  
other objects noted in the sky at this time.  

This observation was made at the rear of building P-103A,  
at CHANUTE AFB, Ill.  

PAUL T. HANLON  
Major, USAF  
AO 492045  
Chanute AFB, Ill.  

COPY  
UNCLASSIFIED",0.04696969696969697,4.5,"Base Page  
Rantoul, Illinois  
12 July 1952  

Copy of -  
At approximately 2045 hours one radiosonde balloon with lantern  
attached was observed traveling towards NNE at altitude of 1500-  
2000 feet. At approximately 2100 hours, I observed a rocket-like  
ball of fire (with a short orange or red tail of flame) traveling  
at a high rate of speed towards the NE. No noise was heard and after  
about seven (7) seconds, this flare disappeared. There were no  
other objects noted in the sky at this time.  

This observation was made at the rear of building P-103A,  
at CHANUTE AFB, Ill.  

PAUL T. HANLON  
Major, USAF  
AO 492045  
Chanute AFB, Ill.  

COPY  
UNCLASSIFIED",0.05606060606060606,3.69,"Base Page  
Rantoul, Illinois  
12 July 1952  

Copy of -  
At approximately 2045 hours, one radiosonde balloon with lantern  
attached was observed traveling towards NNE at altitude of 1500-  
2000 feet. At approximately 2100 hours, I observed a rocket-like  
ball of fire (with a short orange or red tail of flame) traveling  
at a high rate of speed towards the NE. No noise was heard and after  
about seven (7) seconds, this flare disappeared. There were no  
other objects noted in the sky at this time.  

This observation was made at the rear of building P-103A,  
at CHANUTE AFB, Ill.  

PAUL T. HANLON  
Major, USAF  
AO 492045  
Chanute AFB, Ill.  

COPY  
UNCLASSIFIED",0.05757575757575758,4.5,"Farce Base  
Rantoul, Illinois  
12 July 1952  

Copy of -  

At approximately 2045 hours one radiosonde balloon with lantern attached was observed traveling towards NNE at altitude of 1500-2000 feet. At approximately 2100 hours, I observed a rocket-like ball of fire (with a short orange or red tail of flame) traveling at a high rate of speed towards the NE. No noise was heard and after about seven (7) seconds, this flare disappeared. There were no other objects noted in the sky at this time.

This observation was made at the rear of building P-103A, at CHANUTE AFB, Ill.

PAUL T. HANLON  
Major, USAF  
AO 492045  
Chanute AFB, Ill.

COPY  

UNCLASSIFIED",0.04696969696969697,2.77,"Farce Base  
Rantoul, Illinois  
12 July 1952  

Copy of -  

At approximately 2045 hours one radiosonde balloon with lantern attached was observed traveling towards NNE at altitude of 1500-2000 feet. At approximately 2100 hours, I observed a rocket-like ball of fire (with a short orange or red tail of flame) traveling at a high rate of speed towards the NE. No noise was heard and after about seven (7) seconds, this flare disappeared. There were no other objects noted in the sky at this time.  

This observation was made at the rear of building P-103A, at CHANUTE AFB, Ill.  

PAUL T. HANLON  
Major, USAF  
AO 492045  
Chanute AFB, Ill.  

COPY  

UNCLASSIFIED",0.04696969696969697,3.49,"Farce Base  
Rantoul, Illinois  
12 July 1952  
Copy of -

At approximately 2045 hours one radiosonde balloon with lantern attached was observed traveling towards NNE at altitude of 1500-2000 feet. At approximately 2100 hours, I observed a rocket-like ball of fire (with a short orange or red tail of flame) traveling at a high rate of speed towards the NE. No noise was heard and after about seven (7) seconds, this flare disappeared. There were no other objects noted in the sky at this time.

This observation was made at the rear of building P-103A, at CHANUTE AFB, Ill.

PAUL T. HANLON  
Major, USAF  
AO 492045  
Chanute AFB, Ill.  
COPY  
UNCLASSIFIED",0.04696969696969697,2.34
28998146,"Page 9  
U.S. AIR FORCE TECHNICAL INFORMATION SHEET  
(SUMMARY DATA)  
In order that your information may be filed and coded as accurately as possible, please use  
the following space to write out a short description of the event that you observed. You may re-  
peat information that you have already given in the questionnaire, and add any further comments,  
statements, or sketches that you believe are important. Try to present the details of the observa-  
tion in the order in which they occurred. Additional pages of the same size paper may be attached  
if they are needed.  
NAME  
(Do Not Write in This Space)  
CODE:  
SIGNATURE  
DATE  
5/19/62",0.044444444444444446,3.5,"Page 9  
U.S. AIR FORCE TECHNICAL INFORMATION SHEET  
(SUMMARY DATA)  

In order that your information may be filed and coded as accurately as possible, please use the following space to write out a short description of the event that you observed. You may repeat information that you have already given in the questionnaire, and add any further comments, statements, or sketches that you believe are important. Try to present the details of the observation in the order in which they occurred. Additional pages of the same size paper may be attached if they are needed.  

NAME  
(Do Not Write in This Space)  
CODE:  
SIGNATURE  
DATE  
5/19/62",0.051118210862619806,2.46,"Page 9  
U.S. AIR FORCE TECHNICAL INFORMATION SHEET  
(SUMMARY DATA)  

In order that your information may be filed and coded as accurately as possible, please use  
the following space to write out a short description of the event that you observed. You may re-  
peat information that you have already given in the questionnaire, and add any further comments,  
statements, or sketches that you believe are important. Try to present the details of the observa-  
tion in the order in which they occurred. Additional pages of the same size paper may be attached  
if they are needed.  

NAME  
(Do Not Write in This Space)  
CODE:  
SIGNATURE  
DATE  
5/19/62",0.044444444444444446,2.25,"Page 9

U.S. AIR FORCE TECHNICAL INFORMATION SHEET  
(SUMMARY DATA)  

In order that your information may be filed and coded as accurately as possible, please use the following space to write out a short description of the event that you observed. You may repeat information that you have already given in the questionnaire, and add any further comments, statements, or sketches that you believe are important. Try to present the details of the observation in the order in which they occurred. Additional pages of the same size paper may be attached if they are needed.

NAME  
(Do Not Write in This Space)  
CODE:  
SIGNATURE  
DATE  
5/19/62",0.051118210862619806,2.46,"Page 9  
U.S. AIR FORCE TECHNICAL INFORMATION SHEET  
(SUMMARY DATA)  

In order that your information may be filed and coded as accurately as possible, please use the following space to write out a short description of the event that you observed. You may repeat information that you have already given in the questionnaire, and add any further comments, statements, or sketches that you believe are important. Try to present the details of the observation in the order in which they occurred. Additional pages of the same size paper may be attached if they are needed.  

NAME  
(Do Not Write in This Space)  
CODE:  
SIGNATURE  
DATE  
5/19/62",0.051118210862619806,3.89,"Page 9

U.S. AIR FORCE TECHNICAL INFORMATION SHEET

(SUMMARY DATA)

In order that your information may be filed and coded as accurately as possible, please use the following space to write out a short description of the event that you observed. You may repeat information that you have already given in the questionnaire, and add any further comments, statements, or sketches that you believe are important. Try to present the details of the observation in the order in which they occurred. Additional pages of the same size paper may be attached if they are needed.

NAME

(Do Not Write in This Space)

CODE:

SIGNATURE

DATE

5/19/62",0.051118210862619806,2.65,"Page 9  
U.S. AIR FORCE TECHNICAL INFORMATION SHEET  
(SUMMARY DATA)  
In order that your information may be filed and coded as accurately as possible, please use  
the following space to write out a short description of the event that you observed. You may re-  
peat information that you have already given in the questionnaire, and add any further comments,  
statements, or sketches that you believe are important. Try to present the details of the observa-  
tion in the order in which they occurred. Additional pages of the same size paper may be attached  
if they are needed.  

NAME  
(Do Not Write in This Space)  

CODE:  

SIGNATURE  

DATE  
5/19/62",0.044444444444444446,1.65,"Page 9

U.S. AIR FORCE TECHNICAL INFORMATION SHEET  
(SUMMARY DATA)

In order that your information may be filed and coded as accurately as possible, please use the following space to write out a short description of the event that you observed. You may repeat information that you have already given in the questionnaire, and add any further comments, statements, or sketches that you believe are important. Try to present the details of the observation in the order in which they occurred. Additional pages of the same size paper may be attached if they are needed.

NAME

(Do Not Write in This Space)

CODE:

SIGNATURE

DATE  
5/19/62",0.051118210862619806,1.43,"Page 9  
U.S. AIR FORCE TECHNICAL INFORMATION SHEET  
(SUMMARY DATA)  

In order that your information may be filed and coded as accurately as possible, please use the following space to write out a short description of the event that you observed. You may repeat information that you have already given in the questionnaire, and add any further comments, statements, or sketches that you believe are important. Try to present the details of the observation in the order in which they occurred. Additional pages of the same size paper may be attached if they are needed.  

NAME  
(Do Not Write in This Space)  

CODE:  

SIGNATURE  

DATE  
5/19/62",0.051118210862619806,1.54
28934472,"UNCLASSIFIED

3. Local flight schedules of commercial, private and military aircraft flying in vicinity at the time: (Check Canadian activity if close to border) None

4. Possible releases of testing devices in vicinity sent aloft by Ordnance Navy, Air Force, Army, Weather Units, (for release and track of lighted synoptic balloon and other information), Research Organizations or any other: None

5. If object contacted earth, obtain soil samples within and without depression or spot where object landed for purposes of making comparison of soils. Point of contact with earth not determined.

6. Obtain photographs (or original negatives) where available; if not, secure sketches of: None obtained a. Object b. Surrounding terrain where object was observed c. Place where object contacted earth (if this happened) d. Maneuvers e. Formation (if more than two)

7. Secure signed statements. None obtained.

8. Obtain fragments or physical evidence where possible. None obtained.

Interviewed by: T. COOPER Capt, FA, DIO

DOWNGRADED AT 3 YEAR INTERVALS DECLASSIFIED AFTER 12 YEARS.

UNCLASSIFIED DOD DIR 5200.10 42375",0.01073345259391771,3.17,"UNCLASSIFIED

3. Local flight schedules of commercial, private and military aircraft flying in vicinity at the time: (Check Canadian activity if close to border) None

4. Possible releases of testing devices in vicinity sent aloft by Ordnance Navy, Air Force, Army, Weather Units, (for release and track of lighted synoptic balloon and other information), Research Organizations or any other: None

5. If object contacted earth, obtain soil samples within and without depression or spot where object landed for purposes of making comparison of soils. Point of contact with earth not determined.

6. Obtain photographs (or original negatives) where available; if not, secure sketches of: None obtained a. Object b. Surrounding terrain where object was observed c. Place where object contacted earth (if this happened) d. Maneuvers e. Formation (if more than two)

7. Secure/signed statements. None obtained.

8. Obtain fragments or physical evidence where possible. None obtained.

Interviewed by: T. COOPER Capt, FA, DIO

DOWNGRADED AT 3 YEAR INTERVALS DECLASSIFIED AFTER 18 YEARS.

UNCLASSIFIED DOD DIR 5200.10 42375",0.01073345259391771,2.56,"UNCLASSIFIED

3. Local flight schedules of commercial, private and military aircraft flying in vicinity at the time: (Check Canadian activity if close to border) None

4. Possible releases of testing devices in vicinity sent aloft by Ordnance Navy, Air Force, Army, Weather Units, (for release and track of lighted synoptic balloon and other information), Research Organizations or any other: None

5. If object contacted earth, obtain soil samples within and without depression or spot where object landed for purposes of making comparison of soils. Point of contact with earth not determined.

6. Obtain photographs (or original negatives) where available; if not, secure sketches of: None obtained a. Object b. Surrounding terrain where object was observed c. Place where object contacted earth (if this happened) d. Maneuvers e. Formation (if more than two)

7. Secure/signed statements. None obtained.

8. Obtain fragments or physical evidence where possible. None obtained.

Interviewed by: T. COOPER Capt, FA, DIO

DOWNGRADED AT 3 YEAR INTERVALS DECLASSIFIED AFTER 12 YEARS.

UNCLASSIFIED DOD DIR 5200.10 42375",0.009838998211091235,2.25,"UNCLASSIFIED

3. Local flight schedules of commercial, private and military aircraft flying in vicinity at the time: (Check Canadian activity if close to border) None

4. Possible releases of testing devices in vicinity sent aloft by Ordnance Navy, Air Force, Army, Weather Units, (for release and track of lighted synoptic balloon and other information), Research Organizations or any other: None

5. If object contacted earth, obtain soil samples within and without depression or spot where object landed for purposes of making comparison of soils. Point of contact with earth not determined.

6. Obtain photographs (or original negatives) where available; if not, secure sketches of: None obtained a. Object b. Surrounding terrain where object was observed c. Place where object contacted earth (if this happened) d. Maneuvers e. Formation (if more than two)

7. Secure/signed statements. None obtained.

8. Obtain fragments or physical evidence where possible. None obtained.

Interviewed by: T. COOPER Capt, FA, DIO

DOWNGRADED AT 3 YEAR INTERVALS DECLASSIFIED AFTER 18 YEARS. UNCLASSIFIED DOD DIR 5200.10 42375",0.01073345259391771,5.72,"UNCLASSIFIED

3. Local flight schedules of commercial, private and military aircraft flying in vicinity at the time:  
(Check Canadian activity if close to border)  
None  

4. Possible releases of testing devices in vicinity sent aloft by Ordnance, Navy, Air Force, Army, Weather Units, (for release and track of lighted synoptic balloon and other information), Research Organizations or any other:  
None  

5. If object contacted earth, obtain soil samples within and without depression or spot where object landed for purposes of making comparison of soils.  
Point of contact with earth not determined.  

6. Obtain photographs (or original negatives) where available; if not, secure sketches of:  
None obtained  
a. Object  
b. Surrounding terrain where object was observed  
c. Place where object contacted earth (if this happened)  
d. Maneuvers  
e. Formation (if more than two)  

7. Secure signed statements.  
None obtained.  

8. Obtain fragments or physical evidence where possible.  
None obtained.  

Interviewed by:  
T. COOPER  
Capt, USAF, DIO  

DOWNGRADED AT 3 YEAR INTERVALS  
DECLASSIFIED AFTER 12 YEARS.  

UNCLASSIFIED  
DOD DIR 5200.10  
42375",0.014311270125223614,4.74,"UNCLASSIFIED

3. Local flight schedules of commercial, private and military aircraft flying in vicinity at the time:  
(Check Canadian activity if close to border)  
None  

4. Possible releases of testing devices in vicinity sent aloft by Ordnance Navy, Air Force, Army, Weather Units, (for release and track of lighted synoptic balloon and other information), Research Organizations or any other:  
None  

5. If object contacted earth, obtain soil samples within and without depression or spot where object landed for purposes of making comparison of soils.  
Point of contact with earth not determined.  

6. Obtain photographs (or original negatives) where available; if not, secure sketches of:  
None obtained  
a. Object  
b. Surrounding terrain where object was observed  
c. Place where object contacted earth (if this happened)  
d. Maneuvers  
e. Formation (if more than two)  

7. Secure signed statements.  
None obtained.  

8. Obtain fragments or physical evidence where possible.  
None obtained.  

Interviewed by:  
T. COOPER  
Capt, FA, DIO  

DOWNGRADED AT 3 YEAR INTERVALS  
DECLASSIFIED AFTER 12 YEARS.  
UNCLASSIFIED  
DOD DIR 5200.10  
42375",0.01073345259391771,5.42,"UNCLASSIFIED

3. Local flight schedules of commercial, private and military aircraft flying in vicinity at the time: (Check Canadian activity if close to border) None

4. Possible releases of testing devices in vicinity sent aloft by Ordnance, Navy, Air Force, Army, Weather Units, (for release and track of lighted synoptic balloon and other information), Research Organizations or any other: None

5. If object contacted earth, obtain soil samples within and without depression or spot where object landed for purposes of making comparison of soils. Point of contact with earth not determined.

6. Obtain photographs (or original negatives) where available; if not, secure sketches of: None obtained a. Object b. Surrounding terrain where object was observed c. Place where object contacted earth (if this happened) d. Maneuvers e. Formation (if more than two)

7. Secure/signed statements. None obtained.

8. Obtain fragments or physical evidence where possible. None obtained.

Interviewed by: T. COOPER Capt, FA, DIO

DOWNGRADED AT 3 YEAR INTERVALS DECLASSIFIED AFTER 18 YEARS. UNCLASSIFIED

DOD DIR 5200.10 42375",0.011627906976744186,3.58,"UNCLASSIFIED

3. Local flight schedules of commercial, private and military aircraft flying in vicinity at the time: (Check Canadian activity if close to border) None

4. Possible releases of testing devices in vicinity sent aloft by Ordnance Navy, Air Force, Army, Weather Units, (for release and track of lighted synoptic balloon and other information), Research Organizations or any other: None

5. If object contacted earth, obtain soil samples within and without depression or spot where object landed for purposes of making comparison of soils. Point of contact with earth not determined.

6. Obtain photographs (or original negatives) where available; if not, secure sketches of: None obtained a. Object b. Surrounding terrain where object was observed c. Place where object contacted earth (if this happened) d. Maneuvers e. Formation (if more than two)

7. Secure/signed statements. None obtained.

8. Obtain fragments or physical evidence where possible. None obtained.

Interviewed by: T. COOPER Capt, FA, DIO

DOWNGRADED AT 3 YEAR INTERVALS DECLASSIFIED AFTER 18 YEARS.

UNCLASSIFIED DOD DIR 5200.10 42375",0.01073345259391771,3.79,"UNCLASSIFIED

3. Local flight schedules of commercial, private, and military aircraft flying in vicinity at the time: (Check Canadian activity if close to border) None

4. Possible releases of testing devices in vicinity sent aloft by Ordnance Navy, Air Force, Army, Weather Units, (for release and track of lighted synoptic balloon and other information), Research Organizations or any other: None

5. If object contacted earth, obtain soil samples within and without depression or spot where object landed for purposes of making comparison of soils. Point of contact with earth not determined.

6. Obtain photographs (or original negatives) where available; if not, secure sketches of: None obtained a. Object b. Surrounding terrain where object was observed c. Place where object contacted earth (if this happened) d. Maneuvers e. Formation (if more than two)

7. Secure/signed statements. None obtained.

8. Obtain fragments or physical evidence where possible. None obtained.

Interviewed by: T. COOPER Capt, FA, DIO

DOWNGRADED AT 3 YEAR INTERVALS DECLASSIFIED AFTER 18 YEARS. UNCLASSIFIED DOD DIR 5200.10 42375",0.009838998211091235,3.48
28936287,"UNCLASSIFIED  
350.09  
15 August 1949  

SUBJECT: Report of Sighting of ""Flying Discs""  

3. ""No definite conclusions as to the identity or nature of the objects were reached by this Detachment, since accurate observations could not be made. Therefore, the foregoing information is essentially that furnished by Mr.  

FOR THE COMMANDING OFFICER:  

PAUL O. MCGINNIS  
1st Lt, USAF  

CC:  
Hq USAF  
S-2  
Hq AACS  
1800th AACS Wg  
1801st AACS Gp  

DOWNGRADED AT 3 YEAR INTERVALS:  
DECLASSIFIED AFTER 12 YEARS  

DOD DIR  
UNCLASSIFIED",0.02594810379241517,2.36,"UNCLASSIFIED  
350.09  
15 August 1949  

SUBJECT: Report of Sighting of ""Flying Discs""  

3. ""No definite conclusions as to the identity or nature of the objects were reached by this Detachment, since accurate observations could not be made. Therefore, the foregoing information is essentially that furnished by Mr.

FOR THE COMMANDING OFFICER:  
PAUL D. MCGINNIS  
1st Lt, USAF  

CC:  
Hq USAF  
S-2  
Hq AACS  
1800th AACS Wg  
1801st AACS Gp  

DOWNGRADED AT 3 YEAR INTERVALS:  
DECLASSIFIED AFTER 12 YEARS  
DOD DIR  

UNCLASSIFIED",0.027944111776447105,2.05,"UNCLASSIFIED  
350.09  
15 August 1949  

SUBJECT: Report of Sighting of ""Flying Discs""  

3. ""No definite conclusions as to the identity or nature of the objects were reached by this Detachment, since accurate observations could not be made. Therefore, the foregoing information is essentially that furnished by Mr.  

FOR THE COMMANDING OFFICER:  
PAUL O. MCGINNIS  
1st Lt, USAF  

CC:  
Hq USAF  
S-2  
Hq AACS  
1800th AACS Wg  
1801st AACS Gp  

DOWNGRADED AT 3 YEAR INTERVALS:  
DECLASSIFIED AFTER 12 YEARS  
DOD DIR  

UNCLASSIFIED",0.02594810379241517,2.76,"UNCLASSIFIED  
350.09  
15 August 1949  

SUBJECT: Report of Sighting of ""Flying Discs""  

3. ""No definite conclusions as to the identity or nature of the objects were reached by this Detachment, since accurate observations could not be made. Therefore, the foregoing information is essentially that furnished by Mr.  

FOR THE COMMANDING OFFICER:  

PAUL D. MCGINNIS  
1st Lt, USAF  

CC:  
Hq USAF  
S-2  
Hq AACS  
1800th AACS Wg  
1801st AACS Gp  

DOWNGRADED AT 3 YEAR INTERVALS:  
DECLASSIFIED AFTER 12 YEARS  
DOD DIR  

UNCLASSIFIED",0.027944111776447105,4.2,"UNCLASSIFIED  
350.09  
15 August 1949  

SUBJECT: Report of Sighting of ""Flying Discs""  

3. ""No definite conclusions as to the identity or nature of the objects were reached by this Detachment, since accurate observations could not be made. Therefore, the foregoing information is essentially that furnished by Mr.  

FOR THE COMMANDING OFFICER:  
PAUL D. MCGINNIS  
1st Lt, USAF  

CC:  
Hq USAF  
S-2  
Hq AACS  
1800th AACS Wg  
1801st AACS Gp  

DOWNGRADED AT 3 YEAR INTERVALS:  
DECLASSIFIED AFTER 12 YEARS  
DOD DIR  

UNCLASSIFIED",0.027944111776447105,2.97,"UNCLASSIFIED  
350.09  
15 August 1949  

SUBJECT: Report of Sighting of ""Flying Discs""  

3. ""No definite conclusions as to the identity or nature of the objects were reached by this Detachment, since accurate observations could not be made. Therefore, the foregoing information is essentially that furnished by Mr.  

FOR THE COMMANDING OFFICER:  
PAUL O. MCGINNIS  
1st Lt, USAF  

CC:  
Hq USAF  
S-2  
Hq AACS  
1800th AACS Wg  
1801st AACS Gp  

DOWNGRADED AT 3 YEAR INTERVALS:  
DECLASSIFIED AFTER 12 YEARS  
DOD DIR  

UNCLASSIFIED",0.02594810379241517,3.07,"UNCLASSIFIED

350.09  
15 August 1949

SUBJECT: Report of Sighting of ""Flying Discs""

3. ""No definite conclusions as to the identity or nature of the ob-  
jects were reached by this Detachment, since accurate observations could  
not be made. Therefore, the foregoing information is essentially that  
furnished by Mr.

FOR THE COMMANDING OFFICER:  
PAUL O MCGINNIS  
1st Lt, USAF

CC:  
Hq USAF  
S-2  
Hq AACS  
1800th AACS Wg  
1801st AACS Gp

DOWNGRADED AT 3 YEAR INTERVALS:  
DECLASSIFIED AFTER 12 YEARS  
DOD DIP

UNCLASSIFIED

2",0.017928286852589643,5.61,"UNCLASSIFIED  
350.09  
15 August 1949  

SUBJECT: Report of Sighting of ""Flying Discs""  

3. ""No definite conclusions as to the identity or nature of the ob-  
jects were reached by this Detachment, since accurate observations could  
not be made. Therefore, the foregoing information is essentially that  
furnished by Mr.

FOR THE COMMANDING OFFICER:  
PAUL O MCGINNIS  
1st Lt, USAF  

CC:  
Hq USAF  
S-2  
Hq AACS  
1800th AACS Wg  
1801st AACS Gp  

DOWNGRADED AT 3 YEAR INTERVALS:  
DECLASSIFIED AFTER 12 YEARS  
DOD DIP  

UNCLASSIFIED  
2",0.017928286852589643,2.65,"UNCLASSIFIED  
350.09  
15 August 1949  

SUBJECT: Report of Sighting of ""Flying Discs""  

3. ""No definite conclusions as to the identity or nature of the ob-  
jects were reached by this Detachment, since accurate observations could  
not be made. Therefore, the foregoing information is essentially that  
furnished by Mr.  

FOR THE COMMANDING OFFICER:  
PAUL O. MCGINNIS  
1st Lt, USAF  

CC:  
Hq USAF  
S-2  
Hq AACS  
1800th AACS Wg  
1801st AACS Gp  

DOWNGRADED AT 3 YEAR INTERVALS:  
DECLASSIFIED AFTER 12 YEARS  
DOD DIR  

UNCLASSIFIED  
2",0.02186878727634195,2.39
28939248,"NO CASE (INFORMATION)

29 May 51

SOURCE: MENZEL - WORLD OF FLYING SAUCERS

DOWNEY, CALIFORNIA

Other Winged UFOs

During the era of the saucers, winged creatures were responsible for many UFO stories. But winged creatures do not stay put, and in flying away they usually take with them the evidence that the alleged spaceships were actually only birds or insects.

One such incident occurred at Downey, California, on May 29, 1951. Late in the afternoon three technical writers for North American Aviation were standing outdoors chatting and looking at the sky when suddenly they noticed about thirty glowing, meteorlike objects moving in the east, about 45 degrees above the horizon. They made no sound and left no trail. Emitting an intense electric-blue light, the objects made fantastic right-angled turns and swept across the sky in an undulating vertical formation, apparently covering about 90 degrees of sky in about 25 seconds. The diameters of the objects were estimated at 30 feet and the speed at 1700 miles an hour [11].

Many persons concluded that the unknowns must be interplanetary in origin because, as Life magazine commented, no natural object hurtling at such a speed could execute a right-angled turn, and no known machine could fly so fast without making a sound or leaving a trail. No one could quarrel with this statement, but it has no obvious relation to the incident in question. Technical writers are not necessarily trained observers, and these witnesses had no way to make a reliable estimate of the height of the objects. Without an accurate estimate of at least one quantity—true altitude, true size, or true speed—the others are meaningless. The unknowns were probably birds, but they could equally well have been butterflies, bits of paper, or merely ashes blowing over the two-story building.",0.004915346805024577,11.2,"NO CASE (INFORMATION)

29 May 51

SOURCE: MENZEL - WORLD OF FLYING SAUCERS

DOWNEY, CALIFORNIA

Other Winged UFOs

During the era of the saucers, winged creatures were responsible for many UFO stories. But winged creatures do not stay put, and in flying away they usually take with them the evidence that the alleged spaceships were actually only birds or insects.

One such incident occurred at Downey, California, on May 29, 1951. Late in the afternoon three technical writers for North American Aviation were standing outdoors chatting and looking at the sky when suddenly they noticed about thirty glowing, meteorlike objects moving in the east, about 45 degrees above the horizon. They made no sound and left no trail. Emitting an intense electric-blue light, the objects made fantastic right-angled turns and swept across the sky in an undulating vertical formation, apparently covering about 90 degrees of sky in about 25 seconds. The diameters of the objects were estimated at 30 feet and the speed at 1700 miles an hour [11].

Many persons concluded that the unknowns must be interplanetary in origin because, as Life magazine commented, no natural object hurtling at such a speed could execute a right-angled turn, and no known machine could fly so fast without making a sound or leaving a trail. No one could quarrel with this statement, but it has no obvious relation to the incident in question. Technical writers are not necessarily trained observers, and these witnesses had no way to make a reliable estimate of the height of the objects. Without an accurate estimate of at least one quantity—true altitude, true size, or true speed—the others are meaningless. The unknowns were probably birds, but they could equally well have been butterflies, bits of paper, or merely ashes blowing over the two-story building.",0.004915346805024577,6.62,"NO CASE (INFORMATION)

29 May 51

SOURCE: MENZEL - WORLD OF FLYING SAUCERS

DOWNEY, CALIFORNIA

Other Winged UFOs

During the era of the saucers, winged creatures were responsible for many UFO stories. But winged creatures do not stay put, and in flying away they usually take with them the evidence that the alleged spaceships were actually only birds or insects.

One such incident occurred at Downey, California, on May 29, 1951. Late in the afternoon three technical writers for North American Aviation were standing outdoors chatting and looking at the sky when suddenly they noticed about thirty glowing, meteorlike objects moving in the east, about 45 degrees above the horizon. They made no sound and left no trail. Emitting an intense electric-blue light, the objects made fantastic right-angled turns and swept across the sky in an undulating vertical formation, apparently covering about 90 degrees of sky in about 25 seconds. The diameters of the objects were estimated at 30 feet and the speed at 1700 miles an hour [11].

Many persons concluded that the unknowns must be interplanetary in origin because, as Life magazine commented, no natural object hurtling at such a speed could execute a right-angled turn, and no known machine could fly so fast without making a sound or leaving a trail. No one could quarrel with this statement, but it has no obvious relation to the incident in question. Technical writers are not necessarily trained observers, and these witnesses had no way to make a reliable estimate of the height of the objects. Without an accurate estimate of at least one quantity—true altitude, true size, or true speed—the others are meaningless. The unknowns were probably birds, but they could equally well have been butterflies, bits of paper, or merely ashes blowing over the two-story building.",0.004915346805024577,8.09,"NO CASE INFORMATION

29 May 51  
SOURCE: MENZEL - WORLD OF FLYING SAUCERS  
DOWNEY, CALIFORNIA  

Other Winged UFOs  
During the era of the saucers, winged creatures were responsible for many UFO stories. But winged creatures do not stay put, and in flying away they usually take with them the evidence that the alleged spaceships were actually only birds or insects.  

One such incident occurred at Downey, California, on May 29, 1951. Late in the afternoon three technical writers for North American Aviation were standing outdoors chatting and looking at the sky when suddenly they noticed about thirty glowing, meteorlike objects moving in the east, about 45 degrees above the horizon. They made no sound and left no trail. Emitting an intense electric-blue light, the objects made fantastic right-angled turns and swept across the sky in an undulating vertical formation, apparently covering about 90 degrees of sky in about 25 seconds. The diameters of the objects were estimated at 30 feet and the speed at 1700 miles an hour [11].  

Many persons concluded that the unknowns must be interplanetary in origin because, as Life magazine commented, no natural object hurtling at such a speed could execute a right-angled turn, and no known machine could fly so fast without making a sound or leaving a trail. No one could quarrel with this statement, but it has no obvious relation to the incident in question. Technical writers are not necessarily trained observers, and these witnesses had no way to make a reliable estimate of the height of the objects. Without an accurate estimate of at least one quantity—true altitude, true size, or true speed—the others are meaningless. The unknowns were probably birds, but they could equally well have been butterflies, bits of paper, or merely ashes blowing over the two-story building.",0.006007646095030038,5.34,"NO CASE INFORMATION

29 May 51

SOURCE: MENZEL - WORLD OF FLYING SAUCERS

DOWNEY, CALIFORNIA

Other Winged UFOs

During the era of the saucers, winged creatures were responsible for many UFO stories. But winged creatures do not stay put, and in flying away they usually take with them the evidence that the alleged spaceships were actually only birds or insects.

One such incident occurred at Downey, California, on May 29, 1951. Late in the afternoon three technical writers for North American Aviation were standing outdoors chatting and looking at the sky when suddenly they noticed about thirty glowing, meteorlike objects moving in the east, about 45 degrees above the horizon. They made no sound and left no trail. Emitting an intense electric-blue light, the objects made fantastic right-angled turns and swept across the sky in an undulating vertical formation, apparently covering about 90 degrees of sky in about 25 seconds. The diameters of the objects were estimated at 30 feet and the speed at 1700 miles an hour [11].

Many persons concluded that the unknowns must be interplanetary in origin because, as Life magazine commented, no natural object hurtling at such a speed could execute a right-angled turn, and no known machine could fly so fast without making a sound or leaving a trail. No one could quarrel with this statement, but it has no obvious relation to the incident in question. Technical writers are not necessarily trained observers, and these witnesses had no way to make a reliable estimate of the height of the objects. Without an accurate estimate of at least one quantity—true altitude, true size, or true speed—the others are meaningless. The unknowns were probably birds, but they could equally well have been butterflies, bits of paper, or merely ashes blowing over the two-story building.",0.006007646095030038,4.7,"NO CASE (INFORMATION)

29 May 51  
SOURCE: MENZEL - WORLD OF FLYING SAUCERS  
DOWNEY, CALIFORNIA  

Other Winged UFOs  

During the era of the saucers, winged creatures were responsible for many UFO stories. But winged creatures do not stay put, and in flying away they usually take with them the evidence that the alleged spaceships were actually only birds or insects.  

One such incident occurred at Downey, California, on May 29, 1951. Late in the afternoon three technical writers for North American Aviation were standing outdoors chatting and looking at the sky when suddenly they noticed about thirty glowing, meteorlike objects moving in the east, about 45 degrees above the horizon. They made no sound and left no trail. Emitting an intense electric-blue light, the objects made fantastic right-angled turns and swept across the sky in an undulating vertical formation, apparently covering about 90 degrees of sky in about 25 seconds. The diameters of the objects were estimated at 30 feet and the speed at 1700 miles an hour.  

Many persons concluded that the unknowns must be interplanetary in origin because, as Life magazine commented, no natural object hurtling at such a speed could execute a right-angled turn, and no known machine could fly so fast without making a sound or leaving a trail. No one could quarrel with this statement, but it has no obvious relation to the incident in question. Technical writers are not necessarily trained observers, and these witnesses had no way to make a reliable estimate of the height of the objects. Without an accurate estimate of at least one quantity-true altitude, true size, or true speed-the others are meaningless. The unknowns were probably birds, but they could equally well have been butterflies, bits of paper, or merely ashes blowing over the two-story building.",0.007646095030038231,7.78,"NO CASE (INFORMATION)  
29 May 51  
SOURCE: MENZEL - WORLD OF FLYING SAUCERS  
DOWNEY, CALIFORNIA  

Other Winged UFOs  

During the era of the saucers, winged creatures were responsible for many UFO stories. But winged creatures do not stay put, and in flying away they usually take with them the evidence that the alleged spaceships were actually only birds or insects.  

One such incident occurred at Downey, California, on May 29, 1951. Late in the afternoon three technical writers for North American Aviation were standing outdoors chatting and looking at the sky when suddenly they noticed about thirty glowing, meteorlike objects moving in the east, about 45 degrees above the horizon. They made no sound and left no trail. Emitting an intense electric-blue light, the objects made fantastic right-angled turns and swept across the sky in an undulating vertical formation, apparently covering about 90 degrees of sky in about 25 seconds. The diameters of the objects were estimated at 30 feet and the speed at 1700 miles an hour [11].  

Many persons concluded that the unknowns must be interplanetary in origin because, as Life magazine commented, no natural object hurtling at such a speed could execute a right-angled turn, and no known machine could fly so fast without making a sound or leaving a trail. No one could quarrel with this statement, but it has no obvious relation to the incident in question. Technical writers are not necessarily trained observers, and these witnesses had no way to make a reliable estimate of the height of the objects. Without an accurate estimate of at least one quantity-true altitude, true size, or true speed-the others are meaningless. The unknowns were probably birds, but they could equally well have been butterflies, bits of paper, or merely ashes blowing over the two-story building.",0.004915346805024577,4.25,"NO CASE (INFORMATION)

29 May 51

SOURCE: MENZEL - WORLD OF FLYING SAUCERS

DOWNEY, CALIFORNIA

Other Winged UFOs

During the era of the saucers, winged creatures were responsible for many UFO stories. But winged creatures do not stay put, and in flying away they usually take with them the evidence that the alleged spaceships were actually only birds or insects.

One such incident occurred at Downey, California, on May 29, 1951. Late in the afternoon three technical writers for North American Aviation were standing outdoors chatting and looking at the sky when suddenly they noticed about thirty glowing, meteorlike objects moving in the east, about 45 degrees above the horizon. They made no sound and left no trail. Emitting an intense electric-blue light, the objects made fantastic right-angled turns and swept across the sky in an undulating vertical formation, apparently covering about 90 degrees of sky in about 25 seconds. The diameters of the objects were estimated at 30 feet and the speed at 1700 miles an hour [11].

Many persons concluded that the unknowns must be interplanetary in origin because, as Life magazine commented, no natural object hurtling at such a speed could execute a right-angled turn, and no known machine could fly so fast without making a sound or leaving a trail. No one could quarrel with this statement, but it has no obvious relation to the incident in question. Technical writers are not necessarily trained observers, and these witnesses had no way to make a reliable estimate of the height of the objects. Without an accurate estimate of at least one quantity-true altitude, true size, or true speed-the others are meaningless. The unknowns were probably birds, but they could equally well have been butterflies, bits of paper, or merely ashes blowing over the two-story building.",0.004915346805024577,6.08,"NO CASE (INFORMATION)

29 May 51

SOURCE: MENZEL - WORLD OF FLYING SAUCERS

DOWNEY, CALIFORNIA

Other Winged UFOs

During the era of the saucers, winged creatures were responsible for many UFO stories. But winged creatures do not stay put, and in flying away they usually take with them the evidence that the alleged spaceships were actually only birds or insects.

One such incident occurred at Downey, California, on May 29, 1951. Late in the afternoon three technical writers for North American Aviation were standing outdoors chatting and looking at the sky when suddenly they noticed about thirty glowing, meteorlike objects moving in the east, about 45 degrees above the horizon. They made no sound and left no trail. Emitting an intense electric-blue light, the objects made fantastic right-angled turns and swept across the sky in an undulating vertical formation, apparently covering about 90 degrees of sky in about 25 seconds. The diameters of the objects were estimated at 30 feet and the speed at 1700 miles an hour [11].

Many persons concluded that the unknowns must be interplanetary in origin because, as Life magazine commented, no natural object hurtling at such a speed could execute a right-angled turn, and no known machine could fly so fast without making a sound or leaving a trail. No one could quarrel with this statement, but it has no obvious relation to the incident in question. Technical writers are not necessarily trained observers, and these witnesses had no way to make a reliable estimate of the height of the objects. Without an accurate estimate of at least one quantity-true altitude, true size, or true speed-the others are meaningless. The unknowns were probably birds, but they could equally well have been butterflies, bits of paper, or merely ashes blowing over the two-story building.",0.004915346805024577,3.08
28940961,"EXTRACT FROM STATUS REPORT 11  
DATE: 22 or 29 Mar 52  
TIME (Local) Unknown  
LOCATION: Colmar Manor, Md.  
LENGTH OF TIME OBSERVED: Unknown  
SOUND: Unknown  
SPEED: High  
ALTITUDE: High  
HEADING: Unknown  
SOURCE: Civilian  
ACTION OR No conclusions. No investigation  
DESCRIPTION OF INCIDENT: Source reports observing formation of lights arranged  
similar to letter ""C"". Objects oval in shape and  
grey in color.  
UNCLASSIFIED",0.06046511627906977,3.06,"EXTRACT FROM STATUS REPORT 1

DATE: 22 or 29 Mar 52  
TIME (Local) Unknown  
LOCATION: Colmar Manor, Md.  
LENGTH OF TIME OBSERVED: Unknown  
SOUND: Unknown  
SPEED: High  
ALTITUDE: High  
HEADING: Unknown  
SOURCE: Civilian  
ACTION OR No conclusions. No investigation  

DESCRIPTION OF INCIDENT: Source reports observing formation of lights arranged similar to letter ""C"". Objects oval in shape and grey in color.  

UNCLASSIFIED",0.06046511627906977,2.35,"EXTRACT FROM STATUS REPORT #1  
DATE: 22 or 29 Mar 52  
TIME (Local) Unknown  
LOCATION: Colmar Manor, Md.  
LENGTH OF TIME OBSERVED: Unknown  
SOUND: Unknown  
SPEED: High  
ALTITUDE: High  
HEADING: Unknown  
SOURCE: Civilian  
ACTION OR No conclusions. No investigation  
DESCRIPTION OF INCIDENT: Source reports observing formation of lights arranged  
similar to letter ""C"". Objects oval in shape and  
grey in color.  
UNCLASSIFIED",0.05813953488372093,2.54,"EXTRACT FROM STATUS REPORT 11  
DATE: 22 or 29 Mar 52  
TIME (Local) Unknown  
LOCATION: Colmar Manor, Md.  
LENGTH OF TIME OBSERVED: Unknown  
SOUND: Unknown  
SPEED: High  
ALTITUDE: High  
HEADING: Unknown  
SOURCE: Civilian  
ACTION OR No conclusions. No investigation  
DESCRIPTION OF INCIDENT: Source reports observing formation of lights arranged  
similar to letter ""C"". Objects oval in shape and  
grey in color.  
UNCLASSIFIED",0.06046511627906977,4.85,"EXTRACT FROM STATUS REPORT 11  
DATE: 22 or 29 Mar 52  
TIME (Local) Unknown  
LOCATION: Colmar Manor, Md.  
LENGTH OF TIME OBSERVED: Unknown  
SOUND: Unknown  
SPEED: High  
ALTITUDE: High  
HEADING: Unknown  
SOURCE: Civilian  
ACTION OR CONCLUSIONS: No investigation  
DESCRIPTION OF INCIDENT: Source reports observing formation of lights arranged similar to letter ""C"". Objects oval in shape and grey in color.  
UNCLASSIFIED",0.06744186046511629,4.39,"EXTRACT FROM STATUS REPORT 11  
DATE: 22 or 29 Mar 52  
TIME (Local) Unknown  
LOCATION: Colmar Manor, Md.  
LENGTH OF TIME OBSERVED: Unknown  
SOUND: Unknown  
SPEED: High  
ALTITUDE: High  
HEADING: Unknown  
SOURCE: Civilian  
ACTION OR No conclusions. No investigation  
DESCRIPTION OF INCIDENT: Source reports observing formation of lights arranged  
similar to letter ""C"". Objects oval in shape and  
grey in color.  
UNCLASSIFIED",0.06046511627906977,2.41,"EXTRACT FROM STATUS REPORT 11  
6  
DATE: 22 or 29 Mar 52  
TIME (Local) Unknown  
LOCATION: Colmar Manor, Md.  
LENGTH OF TIME OBSERVED: Unknown  
SOUND: Unknown  
SPEED: High  
ALTITUDE: High  
HEADING: Unknown  
SOURCE: Civilian  
ACTION OR No conclusions. No investigation  
DESCRIPTION OF INCIDENT: Source reports observing formation of lights arranged  
similar to letter ""C"". Objects oval in shape and  
grey in color.  
UNCLASSIFIED",0.05813953488372093,1.17,"EXTRACT FROM STATUS REPORT #1  
6  
DATE: 22 or 29 Mar 52  
TIME (Local) Unknown  
LOCATION: Colmar Manor, Md.  
LENGTH OF TIME OBSERVED: Unknown  
SOUND: Unknown  
SPEED: High  
ALTITUDE: High  
HEADING: Unknown  
SOURCE: Civilian  
ACTION OR CONCLUSIONS: No conclusions. No investigation.  
DESCRIPTION OF INCIDENT: Source reports observing formation of lights arranged similar to letter ""C"". Objects oval in shape and grey in color.  
UNCLASSIFIED",0.023255813953488372,2.15,"EXTRACT FROM STATUS REPORT 11  
DATE: 22 or 29 Mar 52  
TIME (Local) Unknown  
LOCATION: Colmar Manor, Md.  
LENGTH OF TIME OBSERVED: Unknown  
SOUND: Unknown  
SPEED: High  
ALTITUDE: High  
HEADING: Unknown  
SOURCE: Civilian  
ACTION OR No conclusions. No investigation  
DESCRIPTION OF INCIDENT: Source reports observing formation of lights arranged  
similar to letter ""C"". Objects oval in shape and  
grey in color.  
UNCLASSIFIED",0.06046511627906977,1.84
28977130,"UNCLASSIFIED  
31ST ADIT (DEF) SNELLING AFS ST PAUL MINN  
4. TIME AND DATE OF SIGHTING (A) 231521Z FEB (B) NIGHT.  
5. LOCATION OF OBSERVERS  
(A) ROBBINSDALE, MINN.  
(B) LAKE PEPIN, WISCONSIN.  
6. INFORMATION ON OBSERVERS. (A) CIVILIAN  
X  
MINNEAPOLIS MINNESOTA, UNK, PRESIDENT  
JUNIOR ASTRONOMY CLUB. CIVILIAN (SEE COMMENT #11) LAKE PEPIN,  
WISCONSIN MEMBER OF ASTRONOMY CLUB AGE 65.  
7. WEATHER.  
(A) CLEAR WITH A QUARTER MOON PRESENT.  
(B) SURFACE WIND UP TO 16 KNOTS OUT OF THE SOUTH-SOUTH-WEST.  
ALTITUDE  
DIRECTION  
VELOCITY  
6,000  
300  
25  
10,000  
300  
35  
16,000  
320  
45  
20,000  
320  
45  
30,000  
330  
45  
50,000  
330  
55  
80,000  
340  
15  
(C) NONE.  
(D) 10 MILES.  
(E) SCATTERED HIGH THIN CIRRUS  
(F) N/A  
8. N/A.  
9. N/A.  
10. N/A.  
11. Assistant DIRECTOR OF INTELLIGENCE 31ST AIR DIVISION, MR.  
WAS CONTACTED AND AFTER OBTAINING ABOVE INFORMATION  
ON 27 FEB, I CONCLUDED THAT SOME OBJECT WAS SEEN TO FALL IN LAKE  
PEPIN, WISCONSIN. WHAT THIS OBJECT IS OR WAS CAN ONLY BE DETERMINED  
UNCLASSIFIED",0.023958333333333335,8.33,"UNCLASSIFIED  
31ST ADIT (DEF) SNELLING AFS ST PAUL MINN  
4. TIME AND DATE OF SIGHTING (A) 23/0215Z FEB (B) NIGHT.  
5. LOCATION OF OBSERVERS  
(A) ROBBINSDALE, MINN.  
(B) LAKE PEPIN, WISCONSIN.  
6. INFORMATION ON OBSERVERS. (A) CIVILIAN  
X  
MINNEAPOLIS MINNESOTA, UNK, PRESIDENT  
JUNIOR ASTRONOMY CLUB. CIVILIAN (SEE COMMENT #11) LAKE PEPIN,  
WISCONSIN MEMBER OF ASTRONOMY CLUB AGE 65.  
7. WEATHER.  
(A) CLEAR WITH A QUARTER MOON PRESENT.  
(B) SURFACE WIND UP TO 16 KNOTS OUT OF THE SOUTH-SOUTH-WEST.  
ALTITUDE  
DIRECTION  
VELOCITY  
6,000  
300  
25  
10,000  
300  
35  
16,000  
320  
45  
20,000  
320  
45  
30,000  
330  
45  
50,000  
330  
55  
80,000  
340  
15  
(C) NONE.  
(D) 10 MILES.  
(E) SCATTERED HIGH THIN CIRRUS  
(F) N/A  
8. N/A.  
9. N/A.  
10. N/A.  
11. ASSISTANT DIRECTOR OF INTELLIGENCE 31ST AIR DIVISION, MR.  
WAS CONTACTED AND AFTER OBTAINING ABOVE INFORMATION  
ON 27 FEB, I CONCLUDED THAT SOME OBJECT WAS SEEN TO FALL IN LAKE  
PEPIN, WISCONSIN. WHAT THIS OBJECT IS OR WAS CAN ONLY BE DETERMINED  
LATER.  
UNCLASSIFIED",0.019689119170984457,6.03,"UNCLASSIFIED  
31ST ADIV (DEF) SNELLING AFS ST PAUL MINN  
4. TIME AND DATE OF SIGHTING (A) 230215Z FEB (B) NIGHT.  
5. LOCATION OF OBSERVERS  
(A) ROBBINSDALE, MINN.  
(B) LAKE PEPIN, WISCONSIN.  
6. INFORMATION ON OBSERVERS. (A) CIVILIAN  
X  
MINNEAPOLIS MINNESOTA, UNKNOWN, PRESIDENT  
JUNIOR ASTRONOMY CLUB. CIVILIAN (SEE COMMENT #11) LAKE PEPIN,  
WISCONSIN MEMBER OF ASTRONOMY CLUB AGE 65.  
7. WEATHER.  
(A) CLEAR WITH A QUARTER MOON PRESENT.  
(B) SURFACE WIND UP TO 16 KNOTS OUT OF THE SOUTH-SOUTHWEST.  
ALTITUDE  
DIRECTION  
VELOCITY  
6,000  
300  
25  
10,000  
300  
35  
16,000  
320  
45  
20,000  
320  
45  
30,000  
330  
45  
50,000  
330  
55  
80,000  
340  
15  
(C) NONE.  
(D) 10 MILES.  
(E) SCATTERED HIGH THIN CIRRUS  
(F) N/A  
8. N/A.  
9. N/A.  
10. N/A.  
11. Assistant DIRECTOR OF INTELLIGENCE 31ST AIR DIVISION, MR. [REDACTED]  
WAS CONTACTED AND AFTER OBTAINING ABOVE INFORMATION  
ON 27 FEB, I CONCLUDED THAT SOME OBJECT WAS SEEN TO FALL IN LAKE  
PEPIN, WISCONSIN. WHAT THIS OBJECT IS OR WAS CAN ONLY BE DETERMINED  
BY FURTHER INVESTIGATION.  
UNCLASSIFIED",0.05115346038114343,6.12,"UNCLASSIFIED  
31ST ADIV (DEF) SNELLING AFS ST PAUL MINN  
4. TIME AND DATE OF SIGHTING (A) 23/0215Z FEB (B) NIGHT.  
5. LOCATION OF OBSERVERS  
ROBBINSDALE, MINN.  
(B) LAKE PEPIN, WISCONSIN.  
6. INFORMATION ON OBSERVERS. (A) CIVILIAN  
MINNEAPOLIS MINNESOTA, UNK, PRESIDENT  
JUNIOR ASTRONOMY CLUB. CIVILIAN (SEE COMMENT #11) LAKE PEPIN,  
WISCONSIN MEMBER OF ASTRONOMY CLUB AGE 65.  
7. WEATHER.  
(A) CLEAR WITH A QUARTER MOON PRESENT.  
(B) SURFACE WIND UP TO 16 KNOTS OUT OF THE SOUTH-SOUTHWEST.  
ALTITUDE  
DIRECTION  
VELOCITY  
6,000  
300  
25  
10,000  
300  
35  
16,000  
320  
45  
20,000  
320  
45  
30,000  
330  
45  
50,000  
330  
55  
80,000  
340  
15  
(C) NONE.  
(D) 10 MILES.  
(E) SCATTERED HIGH THIN CIRRUS (F) N/A  
8. N/A.  
9. N/A.  
10. N/A.  
11. Assistant DIRECTOR OF INTELLIGENCE 31ST AIR DIVISION, MR.  
WAS CONTACTED AND AFTER OBTAINING ABOVE INFORMATION  
ON 27 FEB, I CONCLUDED THAT SOME OBJECT WAS SEEN TO FALL IN LAKE  
PEPIN, WISCONSIN. WHAT THIS OBJECT IS OR WAS CAN ONLY BE DETERMINED  
UNCLASSIFIED",0.014583333333333334,6.22,"UNCLASSIFIED  
31ST ADIT (DEF) SNELLING AFS ST PAUL MINN  
4. TIME AND DATE OF SIGHTING (A) 230215Z FEB (B) NIGHT.  
5. LOCATION OF OBSERVERS  
(A) ROBBINSDALE, MINN.  
(B) LAKE PEPIN, WISCONSIN.  
6. INFORMATION ON OBSERVERS. (A) CIVILIAN  
MINNEAPOLIS, MINNESOTA, UNKNOWN, PRESIDENT  
JUNIOR ASTRONOMY CLUB. CIVILIAN (SEE COMMENT #11) LAKE PEPIN,  
WISCONSIN, MEMBER OF ASTRONOMY CLUB, AGE 65.  
7. WEATHER.  
(A) CLEAR WITH A QUARTER MOON PRESENT.  
(B) SURFACE WIND UP TO 16 KNOTS OUT OF THE SOUTH-SOUTHWEST.  
ALTITUDE  
DIRECTION  
VELOCITY  
6,000  
300  
25  
10,000  
300  
35  
16,000  
320  
45  
20,000  
320  
45  
30,000  
330  
45  
50,000  
330  
55  
80,000  
340  
15  
(C) NONE.  
(D) 10 MILES.  
(E) SCATTERED HIGH THIN CIRRUS  
(F) N/A  
8. N/A.  
9. N/A.  
10. N/A.  
11. ASSISTANT DIRECTOR OF INTELLIGENCE 31ST AIR DIVISION, MR.  
WAS CONTACTED AND AFTER OBTAINING ABOVE INFORMATION  
ON 27 FEB, I CONCLUDED THAT SOME OBJECT WAS SEEN TO FALL IN LAKE  
PEPIN, WISCONSIN. WHAT THIS OBJECT IS OR WAS CAN ONLY BE DETERMINED  
LATER.  
UNCLASSIFIED",0.026859504132231406,5.66,"UNCLASSIFIED
31ST ADIT (DEF) SNELLING AFS ST PAUL MINN
4. TIME AND DATE OF SIGHTING (A) 23/0215Z FEB (B) NIGHT.
5. LOCATION OF OBSERVERS
(A) ROBBINSDALE, MINN.
(B) LAKE PEPIN, WISCONSIN.
6. INFORMATION ON OBSERVERS. (A) CIVILIAN
X
MINNEAPOLIS MINNESOTA, UNK, PRESIDENT
JUNIOR ASTRONOMY CLUB. CIVILIAN (SEE COMMENT #11) LAKE PEPIN,
WISCONSIN MEMBER OF ASTRONOMY CLUB AGE 65.
7. WEATHER.
(A) CLEAR WITH A QUARTER MOON PRESENT.
(B) SURFACE WIND UP TO 16 KNOTS OUT OF THE SOUTH-SOUTH-WEST.
ALTITUDE
DIRECTION
VELOCITY
6,000
300
25
10,000
300
35
16,000
320
45
20,000
320
45
30,000
330
45
50,000
330
55
80,000
340
15
(C) NONE.
(D) 10 MILES.
(E) SCATTERED HIGH THIN CIRRUS (F) N/A
8. N/A.
9. N/A.
10. N/A.
11. ASSISTANT DIRECTOR OF INTELLIGENCE 31ST AIR DIVISION, MR. [REDACTED] WAS CONTACTED AND AFTER OBTAINING ABOVE INFORMATION ON 27 FEB, I CONCLUDED THAT SOME OBJECT WAS SEEN TO FALL IN LAKE PEPIN, WISCONSIN. WHAT THIS OBJECT IS OR WAS CAN ONLY BE DETERMINED.
UNCLASSIFIED",0.031958762886597936,5.86,"UNCLASSIFIED  
31ST ADIT (DEF) SNELLING AFS ST PAUL MINN  

4. TIME AND DATE OF SIGHTING  
(A) 23/02152 FEB  
(B) NIGHT.  

5. LOCATION OF OBSERVERS  
(A) ROBBINSDALE, MINN.  
(B) LAKE PEPIN, WISCONSIN.  

6. INFORMATION ON OBSERVERS.  
(A) CIVILIAN  
ʘMINNEAPOLIS MINNESOTA, UNK, PRESIDENT JUNIOR ASTRONOMY CLUB.ʘ  
(B) CIVILIAN (SEE COMMENT #11) LAKE PEPIN, WISCONSIN MEMBER OF ASTRONOMY CLUB AGE 65.  

7. WEATHER.  
(A) CLEAR WITH A QUARTER MOON PRESENT.  
(B) SURFACE WIND UP TO 16 KNOTS OUT OF THE SOUTH-SOUTH-WEST.  
ALTITUDE  
DIRECTION  
VELOCITY  
6,000  300  25  
10,000  300  35  
16,000  320  45  
20,000  320  45  
30,000  330  45  
50,000  330  55  
80,000  340  15  
(C) NONE.  
(D) 10 MILES.  
(E) SCATTERED HIGH THIN CIRRUS  
(F) N/A  

8. N/A.  
9. N/A.  
10. N/A.  

11. Assistant DIRECTOR OF INTELLIGENCE 31ST AIR DIVISION, MR WAS CONTACTED AND AFTER OBTAINING ABOVE INFORMATION ON 27 FEB, I CONCLUDED THAT SOME OBJECT WAS SEEN TO FALL IN LAKE PEPIN, WISCONSIN. WHAT THIS OBJECT IS OR WAS CAN ONLY BE DETERMINED  

OIN  

UNCLASSIFIED",0.018691588785046728,4.58,"UNCLASSIFIED  
31ST ADIT (DEF) SNELLING AFS ST PAUL MINN  

4. TIME AND DATE OF SIGHTING  
(A) 23/02152 FEB  
(B) NIGHT.  

5. LOCATION OF OBSERVERS  
ROBBINSDALE, MINN.  
(B) LAKE PEPIN, WISCONSIN.  

6. INFORMATION ON OBSERVERS.  
(A) CIVILIAN  
X  
MINNEAPOLIS MINNESOTA, UNK, PRESIDENT JUNIOR ASTRONOMY CLUB.  
CIVILIAN (SEE COMMENT #11) LAKE PEPIN, WISCONSIN MEMBER OF ASTRONOMY CLUB AGE 65.  

7. WEATHER.  
(A) CLEAR WITH A QUARTER MOON PRESENT.  
(B) SURFACE WIND UP TO 16 KNOTS OUT OF THE SOUTH-SOUTH-WEST.  
ALTITUDE  
DIRECTION  
VELOCITY  
6,000  
300  
25  
10,000  
300  
35  
16,000  
320  
45  
20,000  
320  
45  
30,000  
330  
45  
50,000  
330  
55  
80,000  
340  
15  
(C) NONE.  
(D) 10 MILES.  
(E) SCATTERED HIGH THIN CIRRUS  
(F) N/A  

8. N/A.  

9. N/A.  

10. N/A.  

11. Assistant DIRECTOR OF INTELLIGENCE 31ST AIR DIVISION, MR WAS CONTACTED AND AFTER OBTAINING ABOVE INFORMATION ON 27 FEB, I CONCLUDED THAT SOME OBJECT WAS SEEN TO FALL IN LAKE PEPIN, WISCONSIN WHAT THIS OBJECT IS OR WAS CAN ONLY BE DETERMINED  

UNCLASSIFIED",0.015625,3.82,"UNCLASSIFIED  
31ST ADIT (DEF) SNELLING AFS ST PAUL MINN  

4. TIME AND DATE OF SIGHTING  
(A) 23/02152 FEB  
(B) NIGHT.  

5. LOCATION OF OBSERVERS  
(A) ROBBINSDALE, MINN.  
(B) LAKE PEPIN, WISCONSIN.  

6. INFORMATION ON OBSERVERS.  
(A) CIVILIAN  
X MINNEAPOLIS MINNESOTA, UNK, PRESIDENT  
JUNIOR ASTRONOMY CLUB.  
(B) CIVILIAN (SEE COMMENT #11)  
LAKE PEPIN, WISCONSIN MEMBER OF ASTRONOMY CLUB AGE 65.  

7. WEATHER.  
(A) CLEAR WITH A QUARTER MOON PRESENT.  
(B) SURFACE WIND UP TO 16 KNOTS OUT OF THE SOUTH-SOUTH-WEST.  

ALTITUDE  
DIRECTION  
VELOCITY  
6,000  
300  
25  
10,000  
300  
35  
16,000  
320  
45  
20,000  
320  
45  
30,000  
330  
45  
50,000  
330  
55  
80,000  
340  
15  

(C) NONE.  
(D) 10 MILES.  
(E) SCATTERED HIGH THIN CIRRUS  
(F) N/A  

8. N/A.  
9. N/A.  
10. N/A.  

11. Assistant DIRECTOR OF INTELLIGENCE 31ST AIR DIVISION, MR.  
WAS CONTACTED AND AFTER OBTAINING ABOVE INFORMATION  
ON 27 FEB, I CONCLUDED THAT SOME OBJECT WAS SEEN TO FALL IN LAKE  
PEPIN, WISCONSIN. WHAT THIS OBJECT IS OR WAS CAN ONLY BE DETERMINED  

UNCLASSIFIED",0.02598752598752599,5.2
28973982,"03202  
7 Nov 57  
ATIC  
Air Intelligence  
7 Nov 57 07:35  
Nov 7 07:28 57  
WPC076 YDD059 WYCO52 WDD072 DNA021 DNFO02  
RR RJEDDN RJEDWP RJEPHQ  
DE RJWFDN 2F  
R 070435Z  
FM COMDR 685TH ACWRON  
TO RJEDDN/COMDR ADC ENT  
RJWFDN/COMDR 34TH ADD  
RJEDWP/COMDR AIR TECHNICAL INTELLIGENCE CENTER  
RJEPHQ/DIR OF INTELLIGENCE HQ USAF  
BT  
UNCLAS FROM OPS 800 UFOB IN ACCORDANCE WITH AFR 200-2, 12  
AUG 1954, AND ADCR 200-7, 29 JAN 1955, THE FOLLOWING IS SUBMITTED.  
(1) (A) ROUND LIKE A BALL  
(B) AIRCRAFT-SIZE  
(C) BRIGHT RED  
(D) ONE (1)  
(E) N/A  
(F) NEGATIVE  
(G) NEGATIVE  
PAGE TWO RJWFDN 2F  
(H) NEGATIVE",0.09121621621621621,4.19,"03202  
7 Nov 57  
ATIC  
Arlington  
3  
3  
7 Nov 57 07:35  
Nov 7 07:28 57  
WPC076 YDD059 WYCO52 WDDO72 DNA021 DNFO02  
4-4X2a  
RR RJEDDN RJEDWP RJEPHQ  
other  
H  
DE RJWFDN 2F  
R 070435Z  
FM COMDR 685TH ACWRON  
TO RJEDDN/COMDR ADC ENT  
RJWFDN/COMDR 34TH ADD  
RJEDWP/COMDR AIR TECHNICAL INTELLIGENCE CEN  
RJEPHQ/DIR OF INTELLIGENCE HQ USAF  
BT  
UNCLAS FROM OPS 800 UFOB IN ACCORDANCE WITH AFR 200-2, 12  
AUG 1954, AND ADCR 200-7, 29 JAN 1955, THE FOLLOWING IS SUBMITTED.  
(1) (A) ROUND LIKE A BALL  
(B) AIRCRAFT-SIZE  
(C) BRIGHT RED  
(D) ONE (1)  
(E) N/A  
(F) NEGATIVE  
(G) NEGATIVE  
PAGE TWO RJWFDN 2F  
(H) NEGATIVE",0.08108108108108109,4.71,"03202  
7 Nov 57  
ATIC  
Arlington  
3  
3  
7 Nov 57 07 35  
Nov 7 07 28 57  
WPC076 YDD059 WYCO52 WDD072DNA021DNFO02  
4-4X2a  
RR RJEDDN RJEDWP RJEPHQ  
other  
H  
DE RJWFDN 2F  
R 070435Z  
FM COMDR 685TH ACWRON  
TO RJEDDN/COMDR ADC ENT  
RJWFDN/COMDR 34TH ADD  
RJEDWP/COMDR AIR TECHNICAL INTELLIGENCE CEN  
RJEPHQ/DIR OF INTELLIGENCE HQ USAF  
BT  
UNCLAS FROM OPS 800 UFOB IN ACCORDANCE WITH AFR 200-2, 12  
AUG 1954, AND ADCR 200-7, 29 JAN 1955, THE FOLLOWING IS SUBMITTED.  
(1) (A) ROUND LIKE A BALL  
(B) AIRCRAFT-SIZE  
(C) BRIGHT RED  
(D) ONE (1)  
(E) N/A  
(F) NEGATIVE  
(G) NEGATIVE  
PAGE TWO RJWFDN 2F  
(H) NEGATIVE",0.07601351351351351,3.87,"03202  
7 Nov 57  
ATIC  
Arlington, VA  
7 Nov 57 07:35  
Nov 7 07:28 57  
WPC076 YDD059 WYCO52 WDD072 DNA021 DNFO02  
4-4X2a  
RR RJEDDN RJEDWP RJEPHQ  
Other  
H  
DE RJWFDN 2F  
R 070435Z  
FM COMDR 685TH ACWRON  
TO RJEDDN/COMDR ADC ENT  
RJWFDN/COMDR 34TH ADD  
RJEDWP/COMDR AIR TECHNICAL INTELLIGENCE CTR  
RJEPHQ/DIR OF INTELLIGENCE HQ USAF  
BT  
UNCLAS FROM OPS 800 UFOB IN ACCORDANCE WITH AFM 200-2, 12  
AUG 1954, AND ADCR 200-7, 29 JAN 1955, THE FOLLOWING IS SUBMITTED.  
(1) (A) ROUND LIKE A BALL  
(B) AIRCRAFT-SIZE  
(C) BRIGHT RED  
(D) ONE (1)  
(E) N/A  
(F) NEGATIVE  
(G) NEGATIVE  
PAGE TWO RJWFDN 2F  
(H) NEGATIVE",0.08783783783783784,4.32,"03202  
7 Nov 57  
ATIC  
Arlington, NY  

7 Nov 57 07:35  
Nov 7 07:28 57  
WPC076 YDD059 WYCO52 WDDO72 DNA021 DNFO02  
4-4X2a  
RR RJEDDN RJEDWP RJEPHQ  

DE RJWFDN 2F  
R 070435Z  
FM COMDR 685TH ACWRON  
TO RJEDDN/COMDR ADC ENT  
RJWFDN/COMDR 34TH ADD  
RJEDWP/COMDR AIR TECHNICAL INTELLIGENCE CENTER  
RJEPHQ/DIR OF INTELLIGENCE HQ USAF  

BT  
UNCLAS FROM OPS 800 UFOB IN ACCORDANCE WITH AFB 200-2, 12 AUG 1954, AND ADCR 200-7, 29 JAN 1955, THE FOLLOWING IS SUBMITTED.  
(1) (A) ROUND LIKE A BALL  
(B) AIRCRAFT-SIZE  
(C) BRIGHT RED  
(D) ONE (1)  
(E) N/A  
(F) NEGATIVE  
(G) NEGATIVE  

PAGE TWO RJWFDN 2F  
(H) NEGATIVE",0.07263513513513513,4.58,"03202  
7 Nov 57  
ATIC  
Arlington, NY  

7 Nov 57 07:35  
Nov 7 07:28 57  
WPC076 YDD059 WYCO52 WDD072 DNA021 DNFO02  
4-4X2a  
RR RJEDDN RJEDWP RJEPHQ  

DE RJWFDN 2F  
R 070435Z  
FM COMDR 685TH ACWRON  
TO RJEDDN/COMDR ADC ENT  
RJWFDN/COMDR 34TH ADD  
RJEDWP/COMDR AIR TECHNICAL INTELLIGENCE CENTER  
RJEPHQ/DIR OF INTELLIGENCE HQ USAF  
BT  

UNCLAS FROM OPS 800 UFOB IN ACCORDANCE WITH AFB 200-2, 12 AUG 1954, AND ADCR 200-7, 29 JAN 1955, THE FOLLOWING IS SUBMITTED.  
(1) (A) ROUND LIKE A BALL  
(B) AIRCRAFT-SIZE  
(C) BRIGHT RED  
(D) ONE (1)  
(E) N/A  
(F) NEGATIVE  
(G) NEGATIVE  
PAGE TWO RJWFDN 2F  
(H) NEGATIVE",0.07432432432432433,4.02,"03202  
7 nov 57  
ATIC  
Artina ny  
3  
3  
7 Nov 57 07 35  
Nov 7 07 28 57  
WPC076 YDD059 WYCO52 WDDO72 DNA021 DNFO02  
4-4X2a  
RR RJEDDN RJEDWP RJEPHQ  
other  
H  
DE RJWFDN 2F  
R 070435Z  
FM COMDR 685TH ACWRON  
TO RJEDDN/COMDR ADC ENT  
RJWFDN/COMDR 34TH ADD  
RJEDWP/COMDR AIR TECHNICAL INTELLIGENCE CEN  
RJEPHQ/DIR OF INTELLIGENCE HQ USAF  
BT  
UNCLAS FROM OPS 800 UFOB IN ACCORDANCE WITH AFB 200-2, 12  
AUG 1954, AND ADCR 200-7, 29 JAN 1955, THE FOLLOWING IS SUBMITTED.  
(1) (A) ROUND LIKE A BALL  
(B) AIRCRAFT-SIZE  
(C) BRIGHT RED  
(D) ONE (1)  
(E) N/A  
(F) NEGATIVE  
(G) NEGATIVE  
PAGE TWO RJWFDN 2F  
(H) NEGATIVE",0.06756756756756757,3.89,"03202  
7 Nov 57  
ATIC  
Artina ny  
3  

7 Nov 57 07 35  
Nov 7 07 28 57  
WPC076 YDD059 WYCO52 WDDO72 DNA021 DNFO02  
4-4X2a  
RR RJEDDN RJEDWP RJEPHQ  
other  
H  
DE RJWFDN 2F  
R 070435Z  

FM COMDR 685TH ACWRON  
TO RJEDDN/COMDR ADC ENT  
RJWFDN/COMDR 34TH ADD  
RJEDWP/COMDR AIR TECHNICAL INTELLIGENCE CEN  
RJEPHQ/DIR OF INTELLIGENCE HQ USAF  

BT  

UNCLAS FROM OPS 800 UFOB IN ACCORDANCE WITH AFB 200-2, 12 AUG 1954, AND ADCR 200-7, 29 JAN 1955, THE FOLLOWING IS SUBMITTED.  

(1) (A) ROUND LIKE A BALL  
(B) AIRCRAFT-SIZE  
(C) BRIGHT RED  
(D) ONE (1)  
(E) N/A  
(F) NEGATIVE  
(G) NEGATIVE  

PAGE TWO RJWFDN 2F  
(H) NEGATIVE",0.06925675675675676,2.97,"03202  
7 Nov 57  
ATIC  
Artina ny  
3  
3  
7 Nov 57 07 35  
Nov 7 07 28 57  
WPC076 YDD059 WYCO52 WDDO72 DNA021 DNFO02  
4-4X2a  
RR RJEDDN RJEDWP RJEPHQ  
other  
H  
DE RJWFDN 2F  
R 070435Z  
FM COMDR 685TH ACWRON  
TO RJEDDN/COMDR ADC ENT  
RJWFDN/COMDR 34TH ADD  
RJEDWP/COMDR AIR TECHNICAL INTELLIGENCE CEN  
RJEPHQ/DIR OF INTELLIGENCE HQ USAF  
BT  
UNCLAS FROM OPS 800 UFOB IN ACCORDANCE WITH AFB 200-2, 12  
AUG 1954, AND ADCR 200-7, 29 JAN 1955, THE FOLLOWING IS SUBMITTED.  
(1) (A) ROUND LIKE A BALL  
(B) AIRCRAFT-SIZE  
(C) BRIGHT RED  
(D) ONE (1)  
(E) N/A  
(F) NEGATIVE  
(G) NEGATIVE  
PAGE TWO RJWFDN 2F  
(H) NEGATIVE",0.06756756756756757,2.34
28932295,"POSTING THE GUARD  
Those Discs Again  
Lt. George Gorman of the 178th  
Ftr. Sq. at Fargo, N. D., won't forget the night of 1 Oct. That was the night he flew into a story that hit the front pages of newspapers all over the country and brought back last year's tales of flying discs.  
Gorman took off into a clear night and flew two hours with little more to do than watch the northern lights play tag. But when he brought his F-51 back over Fargo, to his left and below he saw a strange light. And here is Lieutenant Gorman's own story:  
""At first it seemed like just another running light on an airplane. But it wasn't. For when seen over the lights of the town it had no wings. It was just a light. It seemed to be about eight inches in diameter.  
""I watched it for a time, then followed as it circled over the town to make sure it wasn't just another airplane. Then I called the tower. ""According to them, there were no other ships reported in the area -- just mine and a cub. I asked them to check National Guard operations and their report was the same.  
""I reported the position of the object and went after it in a diving turn to the left. It was flying at about 4,500 feet and, as I approached, the light blinked on and off several times, then brightened and picked up speed.  
The Mustang was wide open but the light pulled away, keeping in a tight left turn. ""It turned twice around me as I made a single circle,"" the lieutenant reported. ""It must have been pushing 600 miles an hour.""  
Lieutenant Gorman said he resisted an impulse then and there to go home and count fingers and toes. ""It is hard,"" he said, ""to believe your own eyes when something with no wings walks off and leaves you standing still.""  
The tower had seen the light, too, and was checking it through binoculars. The glasses showed the fighter pilot making a head-on shot at the light. The rate of closure was terrific.  
The lieutenant said he ""ducked as the object passed over and made a climbing turn to the left. I pulled around again, trying to cut it off. No luck.  
""We went through another head-on pass with the object taking the initiative. At 7,000 feet we both pulled up but the object did the better job. It climbed to 17,000 feet. I pulled up so quickly the F-51 hit a high-speed stall but got to 14,000 anyway. I leveled out but didn't try to get above that point. No oxygen.""  
Then the light came back to Lieutenant Gorman's altitude. He turned, dropping to 11,000 feet, where the light made a quick turn and tried another head-on pass. Then, in a final burst of speed, it went straight up and out of sight.  
Said the lieutenant, ""I don't mind parting. I split-S'd out.""  

CONGRESSMAN JOSEPH MARTIN JR., center, Speaker of the House, observes an air control intercept field telephone conducted at Camp Edwards, Mass. by the Fighter Wing Air National Guard during the operation. Also present was Congressman Richard Wigglesworth, extreme right, who was among the important Federal Officials who conducted a tour of inspection of the Officers and Men at the Camp.  

THE NATIONAL GUARDSMAN",0.28456453003736704,13.74,"POSTING THE GUARD  
Those Discs Again  
Lt. George Gorman of the 178th  
Ftr. Sq. at Fargo, N. D., won't for-  
get the night of 1 Oct. That was  
the night he flew into a story that  
hit the front pages of newspapers  
all over the country and brought  
back last year's tales of flying discs.  
Gorman took off into a clear night  
and flew two hours with little more  
to do than watch the northern  
lights play tag. But when he  
brought his F-51 back over Fargo,  
to his left and below he saw a  
strange light. And here is Lieu-  
tenant Gorman's own story:  
""At first it seemed like just an-  
other running light on an airplane.  
But it wasn't. For when seen over  
the lights of the town it had no  
wings. It was just a light. It seemed  
to be about eight inches in diameter.  
""I watched it for a time, then  
followed as it circled over the town  
to make sure it wasn't just another  
airplane. Then I called the tower.  
""According to them, there were  
no other ships reported in the area  
--just mine and a cub. I asked them  
to check National Guard operations  
and their report was the same.  
""I reported the position of the  
object and went after it in a diving  
turn to the left. It was flying at  
about 4,500 feet and, as I ap-  
proached, the light blinked on and  
off several times, then brightened  
and picked up speed.  
The Mustang was wide open but  
the light pulled away, keeping in  
a tight left turn. ""It turned twice  
around me as I made a single cir-  
cle,"" the lieutenant reported. ""It  
must have been pushing 600 miles  
an hour.""  
Lieutenant Gorman said he re-  
sisted an impulse then and there  
to go home and count fingers and  
toes. ""It is hard,"" he said, ""to be-  
lieve your own eyes when some-  
thing with no wings walks off and  
leaves you standing still.""  
The tower had seen the light, too,  
and was checking it through binoc-  
ulars. The glasses showed the  
fighter pilot making a head-on shot  
at the light. The rate of closure  
was terrific.  
The lieutenant said he ""ducked  
as the object passed over and made  
a climbing turn to the left. I  
pulled around again, trying to cut  
it off. No luck.  
""We went through another head-  
on pass with the object taking the  
initiative. At 7,000 feet we both  
pulled up but the object did the  
better job. It climbed to 17,000  
feet. I pulled up so quickly the  
F-51 hit a high speed stall but got  
to 14,000 anyway. I leveled out but  
didn't try to get above that point.  
No oxygen.""  
Then the light came back to Lieu-  
tenant Gorman's altitude. He turned,  
dropping to 11,000 feet, where the  
light made a quick turn and tried  
another head-on pass. Then, in a  
final burst of speed, it went straight  
up and out of sight.  
Said the lieutenant, ""I don't mind  
parting. I split-S'd out.""  
CONGRESSMAN JOSEPH MARTIN JR., center, Speaker of the  
House, watched an air control intercept field telephone conducted at Camp  
Edwards, Mass. by the Fighter Wing Air National Guard during  
the operation. To his right is Congressman Richard B. Wigglesworth, who was among the important Federal Officials  
who conducted a tour of inspection of the Officers and Men at the Camp.  
THE NATIONAL GUARDSMAN",0.2811152630066111,13.82,"POSTING THE GUARD  
Those Discs Again  
Lt. George Gorman of the 178th  
Ftr. Sq. at Fargo, N. D., won't forget the night of 1 Oct. That was the night he flew into a story that hit the front pages of newspapers all over the country and brought back last year's tales of flying discs. Gorman took off into a clear night and flew two hours with little more to do than watch the northern lights play tag. But when he brought his F-51 back over Fargo, to his left and below he saw a strange light. And here is Lieutenant Gorman's own story:  
""At first it seemed like just another running light on an airplane. But it wasn't. For when seen over the lights of the town it had no wings. It was just a light. It seemed to be about eight inches in diameter.  
""I watched it for a time, then followed as it circled over the town to make sure it wasn't just another airplane. Then I called the tower.  
""According to them, there were no other ships reported in the area -- just mine and a cub. I asked them to check National Guard operations and their report was the same.  
""I reported the position of the object and went after it in a diving turn to the left. It was flying at about 4,500 feet and, as I approached, the light blinked on and off several times, then brightened and picked up speed.  
""The Mustang was wide open but the light pulled away, keeping in a tight left turn. ""It turned twice around me as I made a single circle,"" the lieutenant reported. ""It must have been pushing 600 miles an hour.""  
Lieutenant Gorman said he resisted an impulse then and there to go home and count fingers and toes. ""It is hard,"" he said, ""to believe your own eyes when something with no wings walks off and leaves you standing still.""  
The tower had seen the light, too, and was checking it through binoculars. The glasses showed the fighter pilot making a head-on shot at the light. The rate of closure was terrific.  
The lieutenant said he ""ducked as the object passed over and made a climbing turn to the left. I pulled around again, trying to cut it off. No luck.  
""We went through another head-on pass with the object taking the initiative. At 7,000 feet we both pulled up but the object did the better job. It climbed to 17,000 feet. I pulled up so quickly the F-51 hit a high speed stall but got to 14,000 anyway. I leveled out but didn't try to get above that point. No oxygen.""  
Then the light came back to Lieutenant Gorman's altitude. He turned, dropping to 11,000 feet, where the light made a quick turn and tried another head-on pass. Then, in a final burst of speed, it went straight up and out of sight.  
Said the lieutenant, ""I don't mind parting. I split-S'd out.""",0.2471974705375108,10.65,"POSTING THE GUARD  
Those Discs Again  
Lt. George Gorman of the 178th Ftr. Sq. at Fargo, N.D., won't forget the night of 1 Oct. That was the night he flew into a story that hit the front pages of newspapers all over the country and brought back last year's tales of flying discs. Gorman took off into a clear night and flew two hours with little more to do than watch the northern lights play tag. But when he brought his F-51 back over Fargo, to his left and below he saw a strange light. And here is Lieutenant Gorman's own story:  
""At first it seemed like just another running light on an airplane. But it wasn't. For when seen over the lights of the town it had no wings. It was just a light. It seemed to be about eight inches in diameter.  
""I watched it for a time, then followed as it circled over the town to make sure it wasn't just another airplane. Then I called the tower.  
""According to them, there were no other ships reported in the area—just mine and a cub. I asked them to check National Guard operations and their report was the same.  
""I reported the position of the object and went after it in a diving turn to the left. It was flying at about 4,500 feet and, as I approached, the light blinked on and off several times, then brightened and picked up speed.  
The Mustang was wide open but the light pulled away, keeping in a tight left turn. ""It turned twice around me as I made a single circle,"" the lieutenant reported. ""It must have been pushing 600 miles an hour.""  
The tower had seen the light, too, and was checking it through binoculars. The glasses showed the fighter pilot making a head-on shot at the light. The rate of closure was terrific.  
The lieutenant said he ""ducked as the object passed over and made a climbing turn to the left. I pulled around again, trying to cut it off. No luck.  
""We went through another head-on pass with the object taking the initiative. At 7,000 feet we both pulled up but the object did the better job. It climbed to 17,000 feet. I pulled up so quickly the F-51 hit a high-speed stall but got to 14,000 anyway. I leveled out but didn't try to get above that point. No oxygen.""  
Then the light came back to Lieutenant Gorman's altitude. He turned, dropping to 11,000 feet, where the light made a quick turn and tried another head-on pass. Then, in a final burst of speed, it went straight up and out of sight.  
Said the lieutenant, ""I don't mind parting. I split-S'd out.""",0.3101465938488071,9.34,"POSTING THE GUARD  
Those Discs Again  
Lt. George Gorman of the 178th  
Ftr. Sq. at Fargo, N. D., won't forget the night of 1 Oct. That was the night he flew into a story that hit the front pages of newspapers all over the country and brought back last year's tales of flying discs. Gorman took off into a clear night and flew two hours with little more to do than watch the northern lights play tag. But when he brought his F-51 back over Fargo, to his left and below he saw a strange light. And here is Lieutenant Gorman's own story:

""At first it seemed like just another running light on an airplane. But it wasn't. For when seen over the lights of the town it had no wings. It was just a light. It seemed to be about eight inches in diameter. I watched it for a time, then followed as it circled over the town to make sure it wasn't just another airplane. Then I called the tower.

""According to them, there were no other ships reported in the area—just mine and a cub. I asked them to check National Guard operations and their report was the same.

""I reported the position of the object and went after it in a diving turn to the left. It was flying at about 4,500 feet and, as I approached, the light blinked on and off several times, then brightened and picked up speed.

The Mustang was wide open but the light pulled away, keeping in a tight left turn. ""It turned twice around me as I made a single circle,"" the lieutenant reported. ""It must have been pushing 600 miles an hour.""

The tower had seen the light, too, and was checking it through binoculars. The glasses showed the fighter pilot making a head-on shot at the light. The rate of closure was terrific. The lieutenant said he ""ducked as the object passed over and made a climbing turn to the left. I pulled around again, trying to cut it off. No luck.

""We went through another head-on pass with the object taking the initiative. At 7,000 feet we both pulled up but the object did the better job. It climbed to 17,000 feet. I pulled up so quickly the F-51 hit a high-speed stall but got to 14,000 anyway. I leveled out but didn't try to get above that point. No oxygen.""

Then the light came back to Lieutenant Gorman's altitude. He turned, dropping to 11,000 feet, where the light made a quick turn and tried another head-on pass. Then, in a final burst of speed, it went straight up and out of sight.

Said the lieutenant, ""I don't mind admitting I was scared. I split-S'd out.""",0.30842196033342917,8.37,"POSTING THE GUARD  
Those Discs Again  

Lt. George Gorman of the 178th Ftr. Sq. at Fargo, N. D., won't forget the night of 1 Oct. That was the night he flew into a story that hit the front pages of newspapers all over the country and brought back last year's tales of flying discs. Gorman took off into a clear night and flew two hours with little more to do than watch the northern lights play tag. But when he brought his F-51 back over Fargo, to his left and below he saw a strange light. And here is Lieutenant Gorman's own story:  

""At first it seemed like just another running light on an airplane. But it wasn't. For when seen over the lights of the town it had no wings. It was just a light. It seemed to be about eight inches in diameter.  

""I watched it for a time, then followed as it circled over the town to make sure it wasn't just another airplane. Then I called the tower.  

""According to them, there were no other ships reported in the area -- just mine and a cub. I asked them to check National Guard operations and their report was the same.  

""I reported the position of the object and went after it in a diving turn to the left. It was flying at about 4,500 feet and, as I approached, the light blinked on and off several times, then brightened and picked up speed.  

""The Mustang was wide open but the light pulled away, keeping in a tight left turn. ""It turned twice around me as I made a single circle,"" the lieutenant reported. ""It must have been pushing 600 miles an hour.""  

The tower had seen the light, too, and was checking it through binoculars. The glasses showed the fighter pilot making a head-on shot at the light. The rate of closure was terrific.  

The lieutenant said he ""ducked as the object passed over and made a climbing turn to the left. I pulled around again, trying to cut it off. No luck.  

""We went through another head-on pass with the object taking the initiative. At 7,000 feet we both pulled up but the object did the better job. It climbed to 17,000 feet. I pulled up so quickly the F-51 hit a high-speed stall but got to 14,000 anyway. I leveled out but didn't try to get above that point. No oxygen.""  

Then the light came back to Lieutenant Gorman's altitude. He turned, dropping to 11,000 feet, where the light made a quick turn and tried another head-on pass. Then, in a final burst of speed, it went straight up and out of sight.  

Said the lieutenant, ""I don't mind parting. I split-S'd out.""  

CONGRESSMAN JOSEPH MARTIN JR. center, Speaker of the House, attended an air control intercept field telephone exercise conducted at Camp Edwards, Mass. by the Fighter Wing Air National Guard during the operation. Also present was Congressman Wigglesworth, extreme right, who was among the important Federal Officials who conducted a tour of inspection of the Officers and Men at the Camp.  

THE NATIONAL GUARDSMAN",0.3469387755102041,13.83,"POSTING THE GUARD  
Those Discs Again

Lt. George Gorman of the 178th Ftr. Sq. at Fargo, N.D., won't forget the night of 1 Oct. That was the night he flew into a story that hit the front pages of newspapers all over the country and brought back last year's tales of flying discs. Gorman took off into a clear night and flew two hours with little more to do than watch the northern lights play tag. But when he brought his F-51 back over Fargo, to his left and below he saw a strange light. And here is Lieutenant Gorman's own story:

""At first it seemed like just an- other running light on an airplane. But it wasn't. For when seen over the lights of the town it had no wings. It was just a light. It seemed to be about eight inches in diameter.

""I watched it for a time, then followed as it circled over the town to make sure it wasn't just another airplane. Then I called the tower. ""According to them, there were no other ships reported in the area --just mine and a cub. I asked them to check National Guard operations and their report was the same.

""I reported the position of the object and went after it in a diving turn to the left. It was flying at about 4,500 feet and, as I approached, the light blinked on and off several times, then brightened and picked up speed.

The Mustang was wide open but the light pulled away, keeping in a tight left turn. ""It turned twice around me as I made a single circle,"" the lieutenant reported. ""It must have been pushing 600 miles an hour.""

The tower had seen the light, too, and was checking it through binoculars. The glasses showed the fighter pilot making a head-on shot at the light. The rate of closure was terrific.

The lieutenant said he ""ducked as the object passed over and made a climbing turn to the left. I pulled around again, trying to cut it off. No luck.

""We went through another head- on pass with the object taking the initiative. At 7,000 feet we both pulled up but the object did the better job. It climbed to 17,000 feet. I pulled up so quickly the F-51 hit a high-speed stall but got to 14,000 anyway. I leveled out but didn't try to get above that point. No oxygen.""

Then the light came back to Lieutenant Gorman's altitude. He turned, dropping to 11,000 feet, where the light made a quick turn and tried another head-on pass. Then, in a final burst of speed, it went straight up and out of sight.

Said the lieutenant, ""I don't mind parting. I split-S'd out.""

CONGRESSMAN JOSEPH MARTIN JR. center, Speaker of the air control intercept field telephone conducted at Camp Mass. by the Fighter Wing Air National Guard structurally during this week the operation to Some Martic. Also Wigglesworth extreme right who was among the important Federal Officials who conducted a tour of inspection of the Officers and Men at the Camp.

THE NATIONAL GUARDSMAN",0.3414774360448405,7.33,"POSTING THE GUARD  
Those Discs Again  
Lt. George Gorman of the 178th  
Ftr. Sq. at Fargo, N. D., won't for-  
get the night of 1 Oct. That was  
the night he flew into a story that  
hit the front pages of newspapers  
all over the country and brought  
back last year's tales of flying discs.  
Gorman took off into a clear night  
and flew two hours with little more  
to do than watch the northern  
lights play tag. But when he  
brought his F-51 back over Fargo,  
to his left and below he saw a  
strange light. And here is Lieu-  
tenant Gorman's own story:  
""At first it seemed like just an-  
other running light on an airplane.  
But it wasn't. For when seen over  
the lights of the town it had no  
wings. It was just a light. It seemed  
to be about eight inches in diameter.  
""I watched it for a time, then  
followed as it circled over the town  
to make sure it wasn't just another  
airplane. Then I called the tower.  
""According to them, there were  
no other ships reported in the area  
--just mine and a cub. I asked them  
to check National Guard operations  
and their report was the same.  
""I reported the position of the  
object and went after it in a diving  
turn to the left. It was flying at  
about 4,500 feet and, as I ap-  
proached, the light blinked on and  
off several times, then brightened  
and picked up speed.  
The Mustang was wide open but  
the light pulled away, keeping in  
a tight left turn. ""It turned twice  
around me as I made a single cir-  
cle,"" the lieutenant reported. ""It  
must have been pushing 600 miles  
an hour.""  
The tower had seen the light, too,  
and was checking it through binoc-  
ulars. The glasses showed the  
fighter pilot making a head-on shot  
at the light. The rate of closure  
was terrific.  
The lieutenant said he ""ducked  
as the object passed over and made  
a climbing turn to the left. I  
pulled around again, trying to cut  
it off. No luck.  
""We went through another head-  
on pass with the object taking the  
initiative. At 7,000 feet we both  
pulled up but the object did the  
better job. It climbed to 17,000  
feet. I pulled up so quickly the  
F-51 hit a high speed stall but got  
to 14,000 anyway. I leveled out but  
didn't try to get above that point.  
No oxygen.""  
Then the light came back to Lieu-  
tenant Gorman's altitude. He turned,  
dropping to 11,000 feet, where the  
light made a quick turn and tried  
another head-on pass. Then, in a  
final burst of speed, it went straight  
up and out of sight.  
Said the lieutenant, ""I don't mind  
parting. I split-S'd out.""  
--Ray Matjasic, Cleveland Plain Dealer  

CONGRESSMAN JOSEPH MARTIN JR., center, Speaker of the  
Mass. by the Fighter Wing Air National Guard, conducted a four of inspection of the Officers and Men at the Camp.  
Also Wigglesworth, extreme right, who was among the important Federal Officials  
who conducted a tour of inspection of the Officers and Men at the Camp.  

THE NATIONAL GUARDSMAN",0.33917792469100316,7.82,"POSTING THE GUARD  
Those Discs Again

Lt. George Gorman of the 178th Ftr. Sq. at Fargo, N.D., won't forget the night of 1 Oct. That was the night he flew into a story that hit the front pages of newspapers all over the country and brought back last year's tales of flying discs. Gorman took off into a clear night and flew two hours with little more to do than watch the northern lights play tag. But when he brought his F-51 back over Fargo, to his left and below he saw a strange light. And here is Lieutenant Gorman's own story:  

""At first it seemed like just another running light on an airplane. But it wasn't. For when seen over the lights of the town it had no wings. It was just a light. It seemed to be about eight inches in diameter.  

""I watched it for a time, then followed as it circled over the town to make sure it wasn't just another airplane. Then I called the tower.  

""According to them, there were no other ships reported in the area--just mine and a cub. I asked them to check National Guard operations and their report was the same.  

""I reported the position of the object and went after it in a diving turn to the left. It was flying at about 4,500 feet and, as I approached, the light blinked on and off several times, then brightened and picked up speed. The Mustang was wide open but the light pulled away, keeping in a tight left turn. ""It turned twice around me as I made a single circle,"" the lieutenant reported. ""It must have been pushing 600 miles an hour.""  

The tower had seen the light, too, and was checking it through binoculars. The glasses showed the fighter pilot making a head-on shot at the light. The rate of closure was terrific.  

The lieutenant said he ""ducked as the object passed over and made a climbing turn to the left. I pulled around again, trying to cut it off. No luck.  

""We went through another head-on pass with the object taking the initiative. At 7,000 feet we both pulled up but the object did the better job. It climbed to 17,000 feet. I pulled up so quickly the F-51 hit a high speed stall but got to 14,000 anyway. I leveled out but didn't try to get above that point. No oxygen.""  

Then the light came back to Lieutenant Gorman's altitude. He turned, dropping to 11,000 feet, where the light made a quick turn and tried another head-on pass. Then, in a final burst of speed, it went straight up and out of sight.  

Said the lieutenant, ""I don't mind parting. I split-S'd out.""  

CONGRESSMAN JOSEPH MARTIN JR., center, Speaker of the House, observed an air control intercept field telephone operation conducted at Camp Edwards, Mass. by the Fighter Wing Air National Guard. Also present were Congressman Wigglesworth, extreme right, who was among the important Federal Officials who conducted a tour of inspection of the Officers and Men at the Camp.  

THE NATIONAL GUARDSMAN",0.3429146306409888,7.76
28997081,"Page 3  
16. Tell in a few words the following things about the object.  
a. Sound  
b. Color  
17. Draw a picture that will show the shape of the object or objects. Label and include in your sketch any details of the object that you saw such as wings, protrusions, etc., and especially exhaust trails or vapor trails. Place an arrow beside the drawing to show the direction the object was moving.  
18. The edges of the object were:  
(Circle One): a. Fuzzy or blurred  
b. Like a bright star  
c. Sharply outlined  
d. Don't remember  
e. Other  
19. IF there was MORE THAN ONE object, then how many were there? Draw a picture of how they were arranged, and put an arrow to show the direction that they were traveling.",0.0,1.43,"Page 3
16. Tell in a few words the following things about the object.
a. Sound
b. Color
17. Draw a picture that will show the shape of the object or objects. Label and include in your sketch any details of the object that you saw such as wings, protrusions, etc., and especially exhaust trails or vapor trails. Place an arrow beside the drawing to show the direction the object was moving.
18. The edges of the object were:
(Circle One): a. Fuzzy or blurred
b. Like a bright star
c. Sharply outlined
d. Don't remember
e. Other
19. IF there was MORE THAN ONE object, then how many were there? Draw a picture of how they were arranged, and put an arrow to show the direction that they were traveling.",0.0,1.84,"Page 3

16. Tell in a few words the following things about the object.  
a. Sound  
b. Color  

17. Draw a picture that will show the shape of the object or objects. Label and include in your sketch any details of the object that you saw such as wings, protrusions, etc., and especially exhaust trails or vapor trails. Place an arrow beside the drawing to show the direction the object was moving.

18. The edges of the object were:  
(Circle One):  
a. Fuzzy or blurred  
b. Like a bright star  
c. Sharply outlined  
d. Don't remember  
e. Other  

19. IF there was MORE THAN ONE object, then how many were there? Draw a picture of how they were arranged, and put an arrow to show the direction that they were traveling.",0.0,1.9,"Page 3

16. Tell in a few words the following things about the object.  
a. Sound  
b. Color  

17. Draw a picture that will show the shape of the object or objects. Label and include in your sketch any details of the object that you saw such as wings, protrusions, etc., and especially exhaust trails or vapor trails. Place an arrow beside the drawing to show the direction the object was moving.

18. The edges of the object were:  
(Circle One):  
a. Fuzzy or blurred  
b. Like a bright star  
c. Sharply outlined  
d. Don't remember  
e. Other  

19. IF there was MORE THAN ONE object, then how many were there? Draw a picture of how they were arranged, and put an arrow to show the direction that they were traveling.",0.0,3.33,"Page 3

16. Tell in a few words the following things about the object.  
a. Sound  
b. Color  

17. Draw a picture that will show the shape of the object or objects. Label and include in your sketch any details of the object that you saw such as wings, protrusions, etc., and especially exhaust trails or vapor trails. Place an arrow beside the drawing to show the direction the object was moving.

18. The edges of the object were:  
(Circle One):  
a. Fuzzy or blurred  
b. Like a bright star  
c. Sharply outlined  
d. Don't remember  
e. Other  

19. IF there was MORE THAN ONE object, then how many were there? Draw a picture of how they were arranged, and put an arrow to show the direction that they were traveling.",0.0,2.66,"Page 3

16. Tell in a few words the following things about the object.
a. Sound
b. Color

17. Draw a picture that will show the shape of the object or objects. Label and include in your sketch any details of the object that you saw such as wings, protrusions, etc., and especially exhaust trails or vapor trails. Place an arrow beside the drawing to show the direction the object was moving.

18. The edges of the object were:
(Circle One): 
a. Fuzzy or blurred
b. Like a bright star
c. Sharply outlined
d. Don't remember
e. Other

19. IF there was MORE THAN ONE object, then how many were there? Draw a picture of how they were arranged, and put an arrow to show the direction that they were traveling.",0.0,2.46,"Page 3

16. Tell in a few words the following things about the object.  
a. Sound  
b. Color  

17. Draw a picture that will show the shape of the object or objects. Label and include in your sketch any details of the object that you saw such as wings, protrusions, etc., and especially exhaust trails or vapor trails. Place an arrow beside the drawing to show the direction the object was moving.

18. The edges of the object were:  
(Circle One):  
a. Fuzzy or blurred  
b. Like a bright star  
c. Sharply outlined  
d. Don't remember  
e. Other  

19. IF there was MORE THAN ONE object, then how many were there? Draw a picture of how they were arranged, and put an arrow to show the direction that they were traveling.",0.0,2.87,"Page 3

16. Tell in a few words the following things about the object.  
a. Sound  
b. Color  

17. Draw a picture that will show the shape of the object or objects. Label and include in your sketch any details of the object that you saw such as wings, protrusions, etc., and especially exhaust trails or vapor trails. Place an arrow beside the drawing to show the direction the object was moving.

18. The edges of the object were:  
(Circle One):  
a. Fuzzy or blurred  
b. Like a bright star  
c. Sharply outlined  
d. Don't remember  
e. Other  

19. IF there was MORE THAN ONE object, then how many were there? Draw a picture of how they were arranged, and put an arrow to show the direction that they were traveling.",0.0,1.94,"Page 3

16. Tell in a few words the following things about the object.
a. Sound
b. Color

17. Draw a picture that will show the shape of the object or objects. Label and include in your sketch any details of the object that you saw such as wings, protrusions, etc., and especially exhaust trails or vapor trails. Place an arrow beside the drawing to show the direction the object was moving.

18. The edges of the object were:
(Circle One): a. Fuzzy or blurred
b. Like a bright star
c. Sharply outlined
d. Don't remember
e. Other

19. IF there was MORE THAN ONE object, then how many were there?
Draw a picture of how they were arranged, and put an arrow to show the direction that they were traveling.",0.0,1.84
28984028,GIST. Sunny,0.7586206896551724,0.53,Lost. Sunny,0.7931034482758621,0.49,65ST. 75mBny,0.8275862068965517,0.75,656th. 7th AF Base Unit,0.7931034482758621,0.79,657B. 7th Army,0.896551724137931,0.61,"Project Blue Book was the code name for the systematic study of unidentified flying objects (UFOs) by the United States Air Force from March 1952 to its termination on December 17, 1969. The project, headquartered at Wright-Patterson Air Force Base, Ohio, was initially directed by Captain Edward J. Ruppelt and followed projects of a similar nature such as Project Sign established in 1947, and Project Grudge in 1949. Project Blue Book had two goals, namely, to determine if UFOs were a threat to national security, and to scientifically analyze UFO-related data.",0.9504424778761061,2.05,"I'm sorry, but without the original text or context, I'm unable to correct the OCR errors. Could you please provide the text you would like me to correct?",0.9090909090909091,0.68,"I'm sorry, but I need more context or content to provide a corrected version of the text. Could you please provide the text you want corrected?",0.8811188811188811,1.16,"I'm sorry, but I cannot correct the text as it appears to be an alphanumeric code and not a sentence or phrase with OCR errors. If you have more text that needs correction, please provide it.",0.9057591623036649,2.36
28984612,"DEPARTMENT OF THE AIR FORCE  
21 SEPTEMBER 59  
STAFF MESSAGE DIVISION  
UNCLASSIFIED MESSAGE  
INCOMING  

AF IN: 54036 (24 Sep 59) B/A/ncm  

FOR  
ACTION: CIN  
INFO: OOP SAFS  

DE RJAOKH 40  
P 240630Z ZEX ZNJ  
FM FIW 51/NAHA AB OKI  
TO RJWFAL/ADC-E T AFB COLO  
RJEDSO/ATIC WPAFB OHIO  
RJEZHO/ACS HQ USAF WASH DC  
RJEZHO/OIS HQ USAF WASH DC  
RJHPKM/PACAF HICKAM AFB TH  
INFO RJAOKC/ADIV DEQE KADENA AB OKI  
RJAPAA/AF: 5 FUCHU AS JAP  

BT  
UNCLAS/E FTO/51WIC 51-9-51. SUBJ IS UFO REPORT. DATA REQD BY AFR  
200-2 FOLLOWS: ITEM ALPHA: DESCRIPTION:, (1) ROUND (2) PEA SIZE AT  
ARM'S LENGTH (3) WHITE TO BURNING RED (4) ONE (5) NONE (6) BRIGHT  
FLASH WITH FLAMING TAIL; (7) TRAIL SIMILAR TO ONE FOLLOWING A  
METEOR; (8) NONE; (9) BALL OF FIRE; THERE WAS LIGHTNING IN AREA  
PRIOR TO AND FOLLOWING THE INITIAL SIGHTING. ITEM BRAVO: DESCRIPTION  
OF COURSE OF OBJECT: (1) FLASH OF LIGHT SEEN BY OBSERVERS. (2)  
070 DEGREES AZIMUTH; ABOVE 40M FEET ALT. (3) AZIMUTH THE SAME AS ITEM  
BRAVO (2), OBJECT SEEMED TO BURST APART AND THEN DISAPPEARED FROM  
SIGHT AS A METEOR WOULD AFTER HITTING THE EARTH'S ATMOSPHERE; (4)",0.026241799437675725,6.33,"DEPARTMENT OF THE AIR FORCE  
21 SES 59  
STAFF MESSAGE DIVISION  
UNCLASSIFIED MESSAGE  
INCOMING  
AF IN: 54036 (24 Sep 59) B/A/ncm  

ACTION: CIN  
INFO: OOP SAFS  

DE RJAOKH 40  
P 240630Z ZEX ZNJ  
FM FIW 51/NAHA AB OKI  
TO RJWFAL/ADC-E T AFB COLO  
RJEDSO/ATIC WPAFB OHIO  
RJEZHO/ACS I HOUSAF WASH DC  
RJEZHO/OIS HOUSAF WASH DC  
RJHPKM/PACAF HICKAM AFB TH  
INFO RJAOKC/ADIV OEQE KADENA AB OKI  
RJAPAA/AF: 5 FUCHU AS JAP  
BT  
UNCLAS/E Fm T 0/51WIC 51-9-51. SUBJ IS UFO REPORT. DATA REQD BY AFR  
200-2 FOLLOWS: ITEM ALPHA: DESCRIPTION:, (1) ROUND (2) PEA SIZE-AT  
ARM'S LENGTH (3) WHITE TO BURNING RED (4) ONE (5) NONE (6) BRIGHT  
FLASH WITH FLAMING TAIL; (7) TRAIL SIMILAR TO ONE FOLLOWING A  
METEOR; (8) NONE; (9) BALL OF FIRE; THERE WAS LIGHTNING IN AREA  
PRIOR TO AND FOLLOWING THE INITIAL SIGHTING, ITEM BRAVO: DESCRIPTION  
OF COURSE OF OBJECT: (1) FLASH OF LIGHT SEEN BY OBSERVERS. (2)  
070 DEGREES AZIMUTH; ABOVE 40M FEET ALT. (3) AZIMUTH THE SAME AS ITEM  
BRAVO (2), OBJECT SEEMED TO BURST APART AND THEN DISAPPEARED FROM  
SIGHT AS A METEOR WOULD AFTER HITTING THE EARTH'S ATMOSPHERE; (4)",0.016037735849056604,7.2,"DEPARTMENT OF THE AIR FORCE  
21 SES 59  
STAFF MESSAGE DIVISION  
UNCLASSIFIED MESSAGE  
INCOMING  
AF IN: 54036 (24 Sep 59) B/A/ncm  

ACTION: CIN  
INFO: OOP SAFS  

DE RJAOKH 40  
P 240630Z ZEX ZNJ  
FM FIW 51/NAHA AB OKI  
TO RJWFAL/ADC-E T AFB COLO  
RJEDSO/ATIC WPAFB OHIO  
RJEZHO/ACS HQ USAF WASH DC  
RJEZHO/OIS HQ USAF WASH DC  
RJHPKM/PACAF HICKAM AFB TH  
INFO RJAOKC/ADIV DEQE KADENA AB OKI  
RJAPAA/AF: 5 FUCHU AS JAP  
BT  
UNCLAS/E FIRT 0/51WIC 51-9-51. SUBJ IS UFO REPORT. DATA REQD BY AFR  
200-2 FOLLOWS: ITEM ALPHA: DESCRIPTION: (1) ROUND (2) PEA SIZE-AT  
ARM'S LENGTH (3) WHITE TO BURNING RED (4) ONE (5) NONE (6) BRIGHT  
FLASH WITH FLAMING TAIL; (7) TRAIL SIMILAR TO ONE FOLLOWING A  
METEOR; (8) NONE; (9) BALL OF FIRE; THERE WAS LIGHTNING IN AREA  
PRIOR TO AND FOLLOWING THE INITIAL SIGHTING, ITEM BRAVO: DESCRIPTION  
OF COURSE OF OBJECT: (1) FLASH OF LIGHT SEEN BY OBSERVERS. (2)  
070 DEGREES AZIMUTH; ABOVE 40M FEET ALT. (3) AZIMUTH THE SAME AS ITEM  
BRAVO(2), OBJECT SEEMED TO BURST APART AND THEN DISAPPEARED FROM  
SIGHT AS A METEOR WOULD AFTER HITTING THE EARTH'S ATMOSPHERE; (4)",0.021718602455146365,7.57,"DEPARTMENT OF THE AIR FORCE  
21 SEP 59  
STAFF MESSAGE DIVISION  
UNCLASSIFIED MESSAGE  
INCOMING  
AF IN : 54036 (24 Sep 59) B/A/ncm  

ACTION : CIN  
INFO : COF SAFS  

DE RJAOKH 40  
P 240630Z ZEX ZNJ  
FM FIW 51/NAHA AB OKI  
TO RJWFAL/ADC-E T AFB COLO  
RJEDSO/ATIC WPAFB OHIO  
RJEZHO/ACS I HOUSAF WASH DC  
RJEZHO/OIS HOUSAF WASH DC  
RJHPKM/PACAF HICKAM AFB TH  
INFO RJAOKC/ADIV OEQE KADENA AB OKI  
RJAPAA/AF: 5 FUCHU AS JAP  
BT  
UNCLAS/E Fm T O/51WIC 51-9-51. SUBJ IS UFO REPORT. DATA REQD BY AFR  
200-2 FOLLOWS: ITEM ALPHA: DESCRIPTION: (1) ROUND (2) PEA SIZE AT  
ARM'S LENGTH (3) WHITE TO BURNING RED (4) ONE (5) NONE (6) BRIGHT  
FLASH WITH FLAMING TAIL; (7) TRAIL SIMILAR TO ONE FOLLOWING A  
METEOR; (8) NONE; (9) BALL OF FIRE; THERE WAS LIGHTNING IN AREA  
PRIOR TO AND FOLLOWING THE INITIAL SIGHTING. ITEM BRAVO: DESCRIPTION  
OF COURSE OF OBJECT: (1) FLASH OF LIGHT SEEN BY OBSERVERS. (2)  
070 DEGREES AZIMUTH; ABOVE 40M FEET ALT. (3) AZIMUTH THE SAME AS ITEM  
BRAVO(2), OBJECT SEEMED TO BURST APART AND THEN DISAPPEARED FROM  
SIGHT AS A METEOR WOULD AFTER HITTING THE EARTH'S ATMOSPHERE; (4)",0.022620169651272386,5.99,"DEPARTMENT OF THE AIR FORCE  
21 SEP 59  
STAFF MESSAGE DIVISION  
UNCLASSIFIED MESSAGE  
INCOMING  
AF IN : 54036 (24 Sep 59) B/A/ncm  

ACTION : CIN  
INFO : OOP SAFS  

DE RJAOKH 40  
P 240630Z ZEX ZNJ  
FM FIW 51/NAHA AB OKI  
TO RJWFAL/ADC-E T AFB COLO  
RJEDSO/ATIC WPAFB OHIO  
RJEZHO/ACS I HOUSAF WASH DC  
RJEZHO/OIS HOUSAF WASH DC  
RJHPKM/PACAF HICKAM AFB TH  
INFO RJAOKC/ADIV DEQE KADENA AB OKI  
RJAPAA/AF: 5 FUCHU AS JAP  
BT  
UNCLAS/E Fm T 0/51WIC 51-9-51. SUBJ IS UFO REPORT. DATA REQD BY AFR  
200-2 FOLLOWS: ITEM ALPHA: DESCRIPTION:, (1) ROUND (2) PEA SIZE-AT  
ARM'S LENGTH (3) WHITE TO BURNING RED (4) ONE (5) NONE (6) BRIGHT  
FLASH WITH FLAMING TAIL; (7) TRAIL SIMILAR TO ONE FOLLOWING A  
METEOR; (8) NONE; (9) BALL OF FIRE; THERE WAS LIGHTNING IN AREA  
PRIOR TO AND FOLLOWING THE INITIAL SIGHTING, ITEM BRAVO: DESCRIPTION  
OF COURSE OF OBJECT: (1) FLASH OF LIGHT SEEN BY OBSERVERS. (2)  
070 DEGREES AZIMUTH; ABOVE 40M FEET ALT. (3) AZIMUTH THE SAME AS ITEM  
BRAVO(2), OBJECT SEEMED TO BURST APART AND THEN DISAPPEARED FROM  
SIGHT AS A METEOR WOULD AFTER HITTING THE EARTH'S ATMOSPHERE; (4)",0.01977401129943503,6.61,"DEPARTMENT OF THE AIR FORCE  
21 SEP 59  
STAFF MESSAGE DIVISION  
UNCLASSIFIED MESSAGE  
INCOMING  
AF IN : 54036 (24 Sep 59) B/A/ncm  

ACTION : CIN  
INFO : OOP SAFS  

DE RJAOKH 40  
P 240630Z ZEX ZNJ  
FM FIW 51/NAHA AB OKI  
TO RJWFAL/ADC-E T AFB COLO  
RJEDSO/ATIC WPAFB OHIO  
RJEZHO/ACS I HOUSAF WASH DC  
RJEZHO/OIS HOUSAF WASH DC  
RJHPKM/PACAF HICKAM AFB TH  
INFO RJAOKC/ADIV DEQE KADENA AB OKI  
RJAPAA/AF: 5 FUCHU AS JAP  
BT  
UNCLAS/E F T 0/51WIC 51-9-51. SUBJ IS UFO REPORT. DATA REQD BY AFR  
200-2 FOLLOWS: ITEM ALPHA: DESCRIPTION:, (1) ROUND (2) PEA SIZE AT  
ARM'S LENGTH (3) WHITE TO BURNING RED (4) ONE (5) NONE (6) BRIGHT  
FLASH WITH FLAMING TAIL; (7) TRAIL SIMILAR TO ONE FOLLOWING A  
METEOR; (8) NONE; (9) BALL OF FIRE; THERE WAS LIGHTNING IN AREA  
PRIOR TO AND FOLLOWING THE INITIAL SIGHTING, ITEM BRAVO: DESCRIPTION  
OF COURSE OF OBJECT: (1) FLASH OF LIGHT SEEN BY OBSERVERS. (2)  
070 DEGREES AZIMUTH; ABOVE 40M FEET ALT. (3) AZIMUTH THE SAME AS ITEM  
BRAVO (2), OBJECT SEEMED TO BURST APART AND THEN DISAPPEARED FROM  
SIGHT AS A METEOR WOULD AFTER HITTING THE EARTH'S ATMOSPHERE; (4)",0.018832391713747645,7.27,"DEPARTMENT OF THE AIR FORCE  
21 SEP 59  
STAFF MESSAGE DIVISION  
UNCLASSIFIED MESSAGE  
INCOMING  

AF IN : 54036 (24 Sep 59) B/A/ncm  

ACTION : CIN  
INFO : OOP SAFS  

DE RJAOKH 40  
P 240630Z ZEX ZNJ  
FM FIW 51/NAHA AB OKI  
TO RJWFAL/ADC-E T AFB COLO  
RJEDSO/ATIC WPAFB OHIO  
RJEZHO/ACS I HOUSAF WASH DC  
RJEZHO/OIS HOUSAF WASH DC  
RJHPKM/PACAF HICKAM AFB TH  
INFO RJAOKC/ADIV OEQE KADENA AB OKI  
RJAPAA/AF: 5 FUCHU AS JAP  

BT  
UNCLAS/E Fm T 0/51WIC 51-9-51. SUBJ IS UFO REPORT. DATA REQD BY AFR 200-2 FOLLOWS:  

ITEM ALPHA: DESCRIPTION: (1) ROUND (2) PEA SIZE-AT ARM'S LENGTH (3) WHITE TO BURNING RED (4) ONE (5) NONE (6) BRIGHT FLASH WITH FLAMING TAIL; (7) TRAIL SIMILAR TO ONE FOLLOWING A METEOR; (8) NONE; (9) BALL OF FIRE; THERE WAS LIGHTNING IN AREA PRIOR TO AND FOLLOWING THE INITIAL SIGHTING.

ITEM BRAVO: DESCRIPTION OF COURSE OF OBJECT: (1) FLASH OF LIGHT SEEN BY OBSERVERS. (2) 070 DEGREES AZIMUTH; ABOVE 40M FEET ALT. (3) AZIMUTH THE SAME AS ITEM BRAVO (2), OBJECT SEEMED TO BURST APART AND THEN DISAPPEARED FROM SIGHT AS A METEOR WOULD AFTER HITTING THE EARTH'S ATMOSPHERE.",0.02077431539187913,3.68,"DEPARTMENT OF THE AIR FORCE  
21 SEP 59  
STAFF MESSAGE DIVISION  
UNCLASSIFIED MESSAGE  

INCOMING  

AF IN: 54036 (24 Sep 59) B/A/ncm  

ACTION: CIN  
INFO: OOP SAFS  

DE RJAOKH 40  
P 240630Z ZEX ZNJ  
FM FIW 51/NAHA AB OKI  
TO RJWFAL/ADC-E T AFB COLO  
RJEDSO/ATIC WPAFB OHIO  
RJEZHO/ACS I HOUSAF WASH DC  
RJEZHO/OIS HOUSAF WASH DC  
RJHPKM/PACAF HICKAM AFB TH  
INFO RJAOKC/ADIV OEQE KADENA AB OKI  
RJAPAA/AF: 5 FUCHU AS JAP  

BT  

UNCLAS/E Fm T 0/51WIC 51-9-51. SUBJ IS UFO REPORT. DATA REQD BY AFR  
200-2 FOLLOWS: ITEM ALPHA: DESCRIPTION:, (1) ROUND (2) PEA SIZE-AT  
ARM'S LENGTH (3) WHITE TO BURNING RED (4) ONE (5) NONE (6) BRIGHT  
FLASH WITH FLAMING TAIL; (7) TRAIL SIMILAR TO ONE FOLLOWING A  
METEOR; (8) NONE; (9) BALL OF FIRE; THERE WAS LIGHTNING IN AREA  
PRIOR TO AND FOLLOWING THE INITIAL SIGHTING. ITEM BRAVO: DESCRIPTION  
OF COURSE OF OBJECT: (1) FLASH OF LIGHT SEEN BY OBSERVERS. (2)  
070 DEGREES AZIMUTH; ABOVE 40M FEET ALT. (3) AZIMUTH THE SAME AS ITEM  
BRAVO(2), OBJECT SEEMED TO BURST APART AND THEN DISAPPEARED FROM  
SIGHT AS A METEOR WOULD AFTER HITTING THE EARTH'S ATMOSPHERE; (4)",0.015108593012275733,3.69,"DEPARTMENT OF THE AIR FORCE  
21 SEP 59  
STAFF MESSAGE DIVISION  
UNCLASSIFIED MESSAGE  
INCOMING  

AF IN: 54036 (24 Sep 59) B/A/ncm  
for  

ACTION: CIN  
INFO: OOP SAFS  

DE RJAOKH 40  
P 240630Z ZEX ZNJ  
FM FIW 51/NAHA AB OKI  
TO RJWFAL/ADC-E T AFB COLO  
RJEDSO/ATIC WPAFB OHIO  
RJEZHO/ACS I HOUSAF WASH DC  
RJEZHO/OIS HOUSAF WASH DC  
RJHPKM/PACAF HICKAM AFB TH  
INFO RJAOKC/ADIV OEQE KADENA AB OKI  
RJAPAA/AF: 5 FUCHU AS JAP  

BT  
UNCLAS E FIRT 0/51WIC 51-9-51. SUBJ IS UFO REPORT. DATA REQD BY AFR 200-2 FOLLOWS:  
ITEM ALPHA: DESCRIPTION:  
(1) ROUND  
(2) PEA SIZE AT ARM'S LENGTH  
(3) WHITE TO BURNING RED  
(4) ONE  
(5) NONE  
(6) BRIGHT FLASH WITH FLAMING TAIL  
(7) TRAIL SIMILAR TO ONE FOLLOWING A METEOR  
(8) NONE  
(9) BALL OF FIRE; THERE WAS LIGHTNING IN AREA PRIOR TO AND FOLLOWING THE INITIAL SIGHTING  

ITEM BRAVO: DESCRIPTION OF COURSE OF OBJECT:  
(1) FLASH OF LIGHT SEEN BY OBSERVERS  
(2) 070 DEGREES AZIMUTH; ABOVE 40M FEET ALT  
(3) AZIMUTH THE SAME AS ITEM BRAVO (2), OBJECT SEEMED TO BURST APART AND THEN DISAPPEARED FROM SIGHT AS A METEOR WOULD AFTER HITTING THE EARTH'S ATMOSPHERE",0.027384324834749764,5.02
28933052,"UNCLASSIFIED  
in 1949 was heard by two men. An aerial and ground search conducted in the vicinity of Lamesa, Texas, for physical evidence was negative. A report from a ten-year-old boy in Amherst, Texas, reporting a sound accompanying the aerial phenomena, was obtained.

DETAILS:  
1. A telephone call from Mr. CHARLES NAFFZIGER, Administrative Supervisor, DO #17, Kirtland AFB, Kirtland Field, New Mexico, on the morning of 31 January 1949, instructed this office to ascertain the azimuth, elevation, and direction of a peculiar light observed near Walker AFB at 1755 hours, 30 January 1949, by Sgt EDWARD P. McCRARY.

2. This is a joint report of Special Agents JACK B. WILLIAMS, LEWIS S. RICKETT, and the writer.

AT ROSWELL, NEW MEXICO  
3. The Municipal Airport, Sheriff's Office, and Police Department of Roswell, New Mexico, were contacted on 31 January 1949 and advised that no report had been received in their agencies of an aerial phenomena the preceding day. The Continental, Pioneer, and Charter Service Air Lines stated on this date that no flares had been utilized by any of their personnel in or near Roswell.

AT WALKER AFB, ROSWELL, NEW MEXICO  
4. Sgt RAYMOND D. PLATT, AF 12252077 (MOS 766); Sgt EDWARD P. McCRARY, AF 18141615 (MOS 552); S Sgt DONALD J. McKENNA, AF 19214055 (MOS 561); Cpl WILLIAM J. BRYANT, AF 11268902 (MOS 552); and Pvt ROGER M. JOHNSON, AF 31271834 (MOS 552) all of 1900-4 AACS Detachment, Walker AFB, Sgt DANIEL SULLIVAN, AF 11108867 (MOS 213); and JAN MODIT, Special Agent of Office of Special Investigations, Walker AFB, Roswell, New Mexico, were interviewed on 31 January 1949 and the following facts obtained: On 30 January 1949 at 1755 hours, a blue-green light resembling a flare was observed traveling on a horizontal line. This light came out of the North headed South at an estimated altitude of 2,000 feet, moving slowly, and disappeared in the vicinity of SE Walker Air Force Base. To some observers, this phenomena disappeared in its entirety while other statements mentioned a disappearance as a disintegration into a shower of smaller lighted fragments such as a shower of sparks. The only sound accompanying this object was heard by Sgt McCRARY, who described it as a high-pitched whining noise similar to that of a blowtorch. All of these observers sighted this light from a position West of it while facing East.

5. Obtaining the services of an engineer's transit, the following information was secured by making a reading from points of observation:  
First observed at 52° magnetic.  
Last observed at 37° magnetic.  
Elevation of 22°.  

-2- UNCLASSIFIED",0.011494252873563218,6.67,"UNCLASSIFIED  
In 1944 was heard by two men. An aerial and ground search conducted in the vicinity of Lamesa, Texas, for physical evidence was negative. A report from a ten-year-old boy in Amherst, Texas, reporting a sound accompanying the aerial phenomena, was obtained.

DETAILS:  
1. A telephone call from Mr. CHARLES NAFFZIGER, Administrative Supervisor, DO #17, Kirtland AFB, Kirtland Field, New Mexico, on the morning of 31 January 1949, instructed this office to ascertain the azimuth, elevation, and direction of a peculiar light observed near Walker AFB at 1755 hours, 30 January 1949, by Sgt EDWARD P. McCRARY.

2. This is a joint report of Special Agents JACK B. WILLIAMS, LEWIS S. RICKETT, and the writer.

AT ROSWELL, NEW MEXICO  
3. The Municipal Airport, Sheriff's Office, and Police Department of Roswell, New Mexico, were contacted on 31 January 1949 and advised that no report had been received in their agencies of an aerial phenomena the preceding day. The Continental, Pioneer, and Charter Service Air Lines stated on this date that no flares had been utilized by any of their personnel in or near Roswell.

AT WALKER AFB, ROSWELL, NEW MEXICO  
4. Sgt RAYMOND D. PLATT, AF 12252077 (MOS 766); Sgt EDWARD P. McCRARY, AF 18141615 (MOS 552); S Sgt DONALD J. McKENNA, AF 19214055 (MOS 561); Cpl WILLIAM J. BRYANT AF 11268902 (MOS 552); and Pvt ROGER M. JOHNSON, AF 31271834 (MOS 552) all of 1900-4 AACS Detachment, Walker AFB, Sgt DANIEL SULLIVAN, AF 11108867 (MOS 213); and JAN MODIT, Special Agent of Office of Special Investigations, Walker AFB, Roswell, New Mexico, were interviewed on 31 January 1949 and the following facts obtained: On 30 January 1949 at 1755 hours, a blue-green light resembling a flare was observed traveling on a horizontal line. This light came out of the North headed South at an estimated altitude of 2,000 feet, moving slowly, and disappeared in the vicinity of SE Walker Air Force Base. To some observers, this phenomena disappeared in its entirety while other statements mentioned a disappearance as a disintegration into a shower of smaller lighted fragments such as a shower of sparks. The only sound accompanying this object was heard by Sgt McCRARY, who described it as a high-pitched whining noise similar to that of a blowtorch. All of these observers sighted this light from a position West of it while facing East.

5. Obtaining the services of an engineer's transit, the following information was secured by making a reading from points of observation:  
First observed at 52° magnetic.  
Last observed at 37° magnetic.  
Elevation of 22°.  

-2- UNCLASSIFIED  
246",0.00996168582375479,6.95,"UNCLASSIFIED  
in 1944 was heard by two men. An aerial and ground search conducted in the vicinity of Lamesa, Texas, for physical evidence was negative. A report from a ten-year-old boy in Amherst, Texas, reporting a sound accompanying the aerial phenomena, was obtained.  

DETAILS:  
1. A telephone call from Mr. CHARLES NAFFZIGER, Administrative Supervisor, DO #17, Kirtland AFB, Kirtland Field, New Mexico, on the morning of 31 January 1949, instructed this office to ascertain the azimuth, elevation, and direction of a peculiar light observed near Walker AFB at 1755 hours, 30 January 1949, by Sgt EDWARD P. McCRARY.  

2. This is a joint report of Special Agents JACK B. WILLIAMS, LEWIS S. RICKETT, and the writer.  

AT ROSWELL, NEW MEXICO  
3. The Municipal Airport, Sheriff's Office, and Police Department of Roswell, New Mexico, were contacted on 31 January 1949 and advised that no report had been received in their agencies of an aerial phenomena the preceding day. The Continental, Pioneer, and Charter Service Air Lines stated on this date that no flares had been utilized by any of their personnel in or near Roswell.  

AT WALKER AFB, ROSWELL, NEW MEXICO  
4. Sgt RAYMOND D. PLATT, AF 12252077 (MOS 766); Sgt EDWARD P. McCRARY, AF 18141615 (MOS 552); S Sgt DONALD J. McKENNA, AF 19214055 (MOS 561); Cpl WILLIAM J. BRYANT AF 11268902 (MOS 552); and Pvt ROGER M. JOHNSON, AF 31271834 (MOS 552) all of 1900-4 AACS Detachment, Walker AFB, Sgt DANIEL SULLIVAN, AF 11108867 (MOS 213); and JAN MODIT, Special Agent of Office of Special Investigations, Walker AFB, Roswell, New Mexico, were interviewed on 31 January 1949 and the following facts obtained:  

On 30 January 1949 at 1755 hours, a blue-green light resembling a flare was observed traveling on a horizontal line. This light came out of the North headed South at an estimated altitude of 2,000 feet, moving slowly, and disappeared in the vicinity of SE Walker Air Force Base. To some observers, this phenomena disappeared in its entirety while other statements mentioned a disappearance as a disintegration into a shower of smaller lighted fragments such as a shower of sparks. The only sound accompanying this object was heard by Sgt McCRARY, who described it as a high-pitched whining noise similar to that of a blowtorch. All of these observers sighted this light from a position West of it while facing East.  

5. Obtaining the services of an engineer's transit, the following information was secured by making a reading from points of observation:  
First observed at 52° magnetic.  
Last observed at 37° magnetic.  
Elevation of 22°.  

-2- UNCLASSIFIED  
246",0.00996168582375479,6.78,"UNCLASSIFIED

in 1949 was heard by two men. An aerial and ground search conducted in the vicinity of Lamesa, Texas, for physical evidence was negative. A report from a ten-year-old boy in Amherst, Texas, reporting a sound accompanying the aerial phenomena, was obtained.

DETAILS:

1. A telephone call from Mr. CHARLES NAFFZIGER, Administrative Supervisor, DO #17, Kirtland AFB, Kirtland Field, New Mexico, on the morning of 31 January 1949, instructed this office to ascertain the azimuth, elevation, and direction of a peculiar light observed near Walker AFB at 1755 hours, 30 January 1949, by Sgt EDWARD P. McCRARY.

2. This is a joint report of Special Agents JACK B. WILLIAMS, LEWIS S. RICKETT, and the writer.

AT ROSWELL, NEW MEXICO

3. The Municipal Airport, Sheriff's Office, and Police Department of Roswell, New Mexico, were contacted on 31 January 1949 and advised that no report had been received in their agencies of an aerial phenomena the preceding day. The Continental, Pioneer, and Charter Service Air Lines stated on this date that no flares had been utilized by any of their personnel in or near Roswell.

AT WALKER AFB, ROSWELL, NEW MEXICO

4. Sgt RAYMOND D. PLATT, AF 12252077 (MOS 766); Sgt EDWARD P. McCRARY, AF 18141615 (MOS 552); S Sgt DONALD J. McKENNA, AF 19214055 (MOS 561); Cpl WILLIAM J. BRYANT, AF 11268902 (MOS 552); and Pvt ROGER M. JOHNSON, AF 31271834 (MOS 552), all of 1900-4 AACS Detachment, Walker AFB; Sgt DANIEL SULLIVAN, AF 11108867 (MOS 213); and JAN MODIT, Special Agent of Office of Special Investigations, Walker AFB, Roswell, New Mexico, were interviewed on 31 January 1949 and the following facts obtained: On 30 January 1949 at 1755 hours, a blue-green light resembling a flare was observed traveling on a horizontal line. This light came out of the North headed South at an estimated altitude of 2,000 feet, moving slowly, and disappeared in the vicinity of SE Walker Air Force Base. To some observers, this phenomena disappeared in its entirety while other statements mentioned a disappearance as a disintegration into a shower of smaller lighted fragments such as a shower of sparks. The only sound accompanying this object was heard by Sgt McCRARY, who described it as a high-pitched whining noise similar to that of a blowtorch. All of these observers sighted this light from a position West of it while facing East.

5. Obtaining the services of an engineer's transit, the following information was secured by making a reading from points of observation: First observed at 52° magnetic. Last observed at 37° magnetic. Elevation of 22°.

-2- UNCLASSIFIED",0.011494252873563218,7.75,"UNCLASSIFIED

In 1949, a peculiar aerial phenomenon was heard by two men. An aerial and ground search conducted in the vicinity of Lamesa, Texas, for physical evidence was negative. A report from a ten-year-old boy in Amherst, Texas, reporting a sound accompanying the aerial phenomena, was obtained.

DETAILS:

1. A telephone call from Mr. CHARLES NAFFZIGER, Administrative Supervisor, DO #17, Kirtland AFB, Kirtland Field, New Mexico, on the morning of 31 January 1949, instructed this office to ascertain the azimuth, elevation, and direction of a peculiar light observed near Walker AFB at 1755 hours, 30 January 1949, by Sgt EDWARD P. McCRARY.

2. This is a joint report of Special Agents JACK B. WILLIAMS, LEWIS S. RICKETT, and the writer.

AT ROSWELL, NEW MEXICO

3. The Municipal Airport, Sheriff's Office, and Police Department of Roswell, New Mexico, were contacted on 31 January 1949 and advised that no report had been received in their agencies of an aerial phenomena the preceding day. The Continental, Pioneer, and Charter Service Air Lines stated on this date that no flares had been utilized by any of their personnel in or near Roswell.

AT WALKER AFB, ROSWELL, NEW MEXICO

4. Sgt RAYMOND D. PLATT, AF 12252077 (MOS 766); Sgt EDWARD P. McCRARY, AF 18141615 (MOS 552); S Sgt DONALD J. McKENNA, AF 19214055 (MOS 561); Cpl WILLIAM J. BRYANT, AF 11268902 (MOS 552); and Pvt ROGER M. JOHNSON, AF 31271834 (MOS 552), all of 1900-4 AACS Detachment, Walker AFB; Sgt DANIEL SULLIVAN, AF 11108867 (MOS 213); and JAN MODIT, Special Agent of Office of Special Investigations, Walker AFB, Roswell, New Mexico, were interviewed on 31 January 1949 and the following facts obtained:

On 30 January 1949 at 1755 hours, a blue-green light resembling a flare was observed traveling on a horizontal line. This light came out of the North headed South at an estimated altitude of 2,000 feet, moving slowly, and disappeared in the vicinity of SE Walker Air Force Base. To some observers, this phenomenon disappeared in its entirety while other statements mentioned a disappearance as a disintegration into a shower of smaller lighted fragments such as a shower of sparks. The only sound accompanying this object was heard by Sgt McCRARY, who described it as a high-pitched whining noise similar to that of a blowtorch. All of these observers sighted this light from a position West of it while facing East.

5. Obtaining the services of an engineer's transit, the following information was secured by making a reading from points of observation:

First observed at 52° (magnetic). Last observed at 37° magnetic. Elevation of 22°.

-2- UNCLASSIFIED",0.02356518434055492,9.22,"UNCLASSIFIED

In 1944, a sound was heard by two men. An aerial and ground search conducted in the vicinity of Lamesa, Texas, for physical evidence was negative. A report from a ten-year-old boy in Amherst, Texas, reporting a sound accompanying the aerial phenomena, was obtained.

DETAILS:
1. A telephone call from Mr. CHARLES NAFFZIGER, Administrative Supervisor, DO #17, Kirtland AFB, Kirtland Field, New Mexico, on the morning of 31 January 1949, instructed this office to ascertain the azimuth, elevation, and direction of a peculiar light observed near Walker AFB at 1755 hours, 30 January 1949, by Sgt EDWARD P. McCRARY.

2. This is a joint report of Special Agents JACK B. WILLIAMS, LEWIS S. RICKETT, and the writer.

AT ROSWELL, NEW MEXICO
3. The Municipal Airport, Sheriff's Office, and Police Department of Roswell, New Mexico, were contacted on 31 January 1949 and advised that no report had been received in their agencies of an aerial phenomena the preceding day. The Continental, Pioneer, and Charter Service Air Lines stated on this date that no flares had been utilized by any of their personnel in or near Roswell.

AT WALKER AFB, ROSWELL, NEW MEXICO
4. Sgt RAYMOND D. PLATT, AF 12252077 (MOS 766); Sgt EDWARD P. McCRARY, AF 18141615 (MOS 552); S Sgt DONALD J. McKENNA, AF 19214055 (MOS 561); Cpl WILLIAM J. BRYANT AF 11268902 (MOS 552); and Pvt ROGER M. JOHNSON, AF 31271834 (MOS 552), all of 1900-4 AACS Detachment, Walker AFB, Sgt DANIEL SULLIVAN, AF 11108867 (MOS 213); and JAN MODIT, Special Agent of Office of Special Investigations, Walker AFB, Roswell, New Mexico, were interviewed on 31 January 1949 and the following facts obtained: On 30 January 1949 at 1755 hours, a blue-green light resembling a flare was observed traveling on a horizontal line. This light came out of the North headed South at an estimated altitude of 2,000 feet, moving slowly, and disappeared in the vicinity of SE Walker Air Force Base. To some observers, this phenomena disappeared in its entirety while other statements mentioned a disappearance as a disintegration into a shower of smaller lighted fragments such as a shower of sparks. The only sound accompanying this object was heard by Sgt McCRARY, who described it as a high-pitched whining noise similar to that of a blowtorch. All of these observers sighted this light from a position West of it while facing East.

5. Obtaining the services of an engineer's transit, the following information was secured by making a reading from points of observation:
First observed at 52° magnetic.
Last observed at 37° magnetic.
Elevation of 22°.

-2- UNCLASSIFIED",0.013793103448275862,9.62,"UNCLASSIFIED

In 1944 was heard by two men. An aerial and ground search conducted in the vicinity of Lamesa, Texas, for physical evidence was negative. A report from a ten-year-old boy in Amherst, Texas, reporting a sound accompaniment with the aerial phenomena, was obtained.

DETAILS:
1. A telephone call from Mr. CHARLES NAFFZIGER, Administrative Supervisor, DO #17, Kirtland AFB, Kirtland Field, New Mexico, on the morning of 31 January 1949, instructed this office to ascertain the azimuth, elevation, and direction of a peculiar light observed near Walker AFB at 1755 hours, 30 January 1949, by Sgt EDWARD P. McCRARY.

2. This is a joint report of Special Agents JACK B. WILLIAMS, LEWIS S. RICKETT, and the writer.

AT ROSWELL, NEW MEXICO
3. The Municipal Airport, Sheriff's Office, and Police Department of Roswell, New Mexico, were contacted on 31 January 1949 and advised that no report had been received in their agencies of an aerial phenomena the preceding day. The Continental, Pioneer, and Charter Service Air Lines stated on this date that no flares had been utilized by any of their personnel in or near Roswell.

AT WALKER AFB, ROSWELL, NEW MEXICO
4. Sgt RAYMOND D. PLATT, AF 12252077 (MOS 766); Sgt EDWARD P. McCRARY, AF 18141615 (MOS 552); S Sgt DONALD J. McKENNA, AF 19214055 (MOS 561); Cpl WILLIAM J. BRYANT, AF 11268902 (MOS 552); and Pvt ROGER M. JOHNSON, AF 31271834 (MOS 552), all of 1900-4 AACS Detachment, Walker AFB, Sgt DANIEL SULLIVAN, AF 11108867 (MOS 213); and JAN MODIT, Special Agent of Office of Special Investigations, Walker AFB, Roswell, New Mexico, were interviewed on 31 January 1949 and the following facts obtained: On 30 January 1949 at 1755 hours, a blue-green light resembling a flare was observed traveling on a horizontal line. This light came out of the North headed South at an estimated altitude of 2,000 feet, moving slowly, and disappeared in the vicinity of SE Walker Air Force Base. To some observers, this phenomena disappeared in its entirety while other statements mentioned a disappearance as a disintegration into a shower of smaller lighted fragments such as a shower of sparks. The only sound accompanying this object was heard by Sgt McCRARY, who described it as a high-pitched whining noise similar to that of a blowtorch. All of these observers sighted this light from a position West of it while facing East.

5. Obtaining the services of an engineer's transit, the following information was secured by making a reading from points of observation:
First observed at 52° magnetic.
Last observed at 37° magnetic.
Elevation of 22°.

-2- UNCLASSIFIED

246",0.009578544061302681,6.99,"UNCLASSIFIED

In 1944 was heard by two men. An aerial and ground search conducted in the vicinity of Lamesa, Texas, for physical evidence was negative. A report from a ten-year-old boy in Amherst, Texas, reporting a sound accompaniment with the aerial phenomena, was obtained.

DETAILS:

1. A telephone call from Mr. CHARLES NAFFZIGER, Administrative Supervisor, DO #17, Kirtland AFB, Kirtland Field, New Mexico, on the morning of 31 January 1949, instructed this office to ascertain the azimuth, elevation, and direction of a peculiar light observed near Walker AFB at 1755 hours, 30 January 1949, by Sgt EDWARD P. McCRARY.

2. This is a joint report of Special Agents JACK B. WILLIAMS, LEWIS S. RICKETT, and the writer.

AT ROSWELL, NEW MEXICO

3. The Municipal Airport, Sheriff's Office, and Police Department of Roswell, New Mexico, were contacted on 31 January 1949 and advised that no report had been received in their agencies of an aerial phenomena the preceding day. The Continental, Pioneer, and Charter Service Air Lines stated on this date that no flares had been utilized by any of their personnel in or near Roswell.

AT WALKER AFB, ROSWELL, NEW MEXICO

4. Sgt RAYMOND D. PLATT, AF 12252077 (MOS 766); Sgt EDWARD P. McCRARY, AF 18141615 (MOS 552); S Sgt DONALD J. McKENNA, AF 19214055 (MOS 561); Cpl WILLIAM J. BRYANT, AF 11268902 (MOS 552); and Pvt ROGER M. JOHNSON, AF 31271834 (MOS 552) all of 1900-4 AACS Detachment, Walker AFB, Sgt DANIEL SULLIVAN, AF 11108867 (MOS 213); and JAN MODIT, Special Agent of Office of Special Investigations, Walker AFB, Roswell, New Mexico, were interviewed on 31 January 1949 and the following facts obtained: On 30 January 1949 at 1755 hours, a blue-green light resembling a flare was observed traveling on a horizontal line. This light came out of the North headed South at an estimated altitude of 2,000 feet, moving slowly, and disappeared in the vicinity of SE Walker Air Force Base. To some observers, this phenomena disappeared in its entirety while other statements mentioned a disappearance as a disintegration into a shower of smaller lighted fragments such as a shower of sparks. The only sound accompanying this object was heard by Sgt McCRARY, who described it as a high-pitched whining noise similar to that of a blowtorch. All of these observers sighted this light from a position West of it while facing East.

5. Obtaining the services of an engineer's transit, the following information was secured by making a reading from points of observation: First observed at 52° magnetic. Last observed at 37° magnetic. Elevation of 22°.

-2- UNCLASSIFIED

246",0.00996168582375479,6.12,"UNCLASSIFIED

In 1944 was heard by two men. An aerial and ground search conducted in the vicinity of Lamesa, Texas, for physical evidence was negative. A report from a ten-year-old boy in Amherst, Texas, reporting a sound accompaniment with the aerial phenomena, was obtained.

DETAILS:

1. A telephone call from Mr. CHARLES NAFFZIGER, Administrative Supervisor, DO #17, Kirtland AFB, Kirtland Field, New Mexico, on the morning of 31 January 1949, instructed this office to ascertain the azimuth, elevation, and direction of a peculiar light observed near Walker AFB at 1755 hours, 30 January 1949, by Sgt EDWARD P. McCRARY.

2. This is a joint report of Special Agents JACK B. WILLIAMS, LEWIS S. RICKETT, and the writer.

AT ROSWELL, NEW MEXICO

3. The Municipal Airport, Sheriff's Office, and Police Department of Roswell, New Mexico, were contacted on 31 January 1949 and advised that no report had been received in their agencies of an aerial phenomena the preceding day. The Continental, Pioneer, and Charter Service Air Lines stated on this date that no flares had been utilized by any of their personnel in or near Roswell.

AT WALKER AFB, ROSWELL, NEW MEXICO

4. Sgt RAYMOND D. PLATT, AF 12252077 (MOS 766); Sgt EDWARD P. McCRARY, AF 18141615 (MOS 552); S Sgt DONALD J. McKENNA, AF 19214055 (MOS 561); Cpl WILLIAM J. BRYANT, AF 11268902 (MOS 552); and Pvt ROGER M. JOHNSON, AF 31271834 (MOS 552) all of 1900-4 AACS Detachment, Walker AFB, Sgt DANIEL SULLIVAN, AF 11108867 (MOS 213); and JAN MODIT, Special Agent of Office of Special Investigations, Walker AFB, Roswell, New Mexico, were interviewed on 31 January 1949 and the following facts obtained: On 30 January 1949 at 1755 hours, a blue-green light resembling a flare was observed traveling on a horizontal line. This light came out of the North headed South at an estimated altitude of 2,000 feet, moving slowly, and disappeared in the vicinity of SE Walker Air Force Base. To some observers, this phenomena disappeared in its entirety while other statements mentioned a disappearance as a disintegration into a shower of smaller lighted fragments such as a shower of sparks. The only sound accompanying this object was heard by Sgt McCRARY, who described it as a high-pitched whining noise similar to that of a blowtorch. All of these observers sighted this light from a position West of it while facing East.

5. Obtaining the services of an engineer's transit, the following information was secured by making a reading from points of observation: First observed at 52° magnetic. Last observed at 3730 magnetic. Elevation of 22°.

-2- UNCLASSIFIED

246",0.00996168582375479,9.73
28992561,"PRIORITY ZNR UUUUU 13272 FM JAMES CONNALLY AFB TX TO AETC RANDOLPH AFB TX INFO CITY AFB OKLA INFO HQ USAF WASH DC UNCLAS FOR AFCIN. USAF/INO. PARA 15A, AFR 200-2. (1) ROUND. (2) PINK/RED. (3) K4) NONE. (5) (6) NONE. (7) NONE. (8) NONE. PARA 15B (1) OBSERVER MOTION LOCATION OF (2) 3.0 (3) 10 DEG (4) ERRATIC, FOUR (5) ANOMALOUS COURSE (6) FADED, THEN TO PARA (1) EYE. (2) N/A. (3) 153715Z. (4) NIGHT. (5) 10 DEG FIRST.",,4.19,"PRIORITY ZNR UUUU 13272  
FM JAMES CONNALLY AFB TX  
TO AFCCOL NORAD CITY AFB OKLA  
INFO AIG 820/ATCO  
INFO OSAF WASH DC  
UNCLAS  
FOR AFCIN (SAFOT)  
PARA 15A, AFR 200-2. (+) ROUND. (7) PINK/RED. (3)  
(4) ONE. (5) (6) NONE. (1) (8) NONE.  
PARA 15B  
(1) OBSERVER  
NOT  
LOCATION OF  
(7)  
3.0  
(3) 10 DEG  
(1) ERRATIC,  
FOUR  
ON  
COURSE  
(5)  
FADED,  
TO  
PARA  
(1)  
EYE.  
(3)  
N/A.  
(1) 153715Z.  
(7) NIGHT.  
DEG FIR",,7.47,"PRIORITY  
ZNR UUUUU  
13272  
FM JAMES CONNALLY AFB TX  
TO AFOC COLORADO SPRINGS CO  
INFO CITY AFB OKLA  
INFO AFISRA SAN ANTONIO TX  
INFO HQ USAF WASHINGTON DC  
BT  
UNCLAS  
FOR OFFICIAL USE ONLY  
AFCIN  
SAFOI  
PARA 15A, AFR 200-2. (1) ROUND. (2) PINHEAD. (3) UNKNOWN. (4) NONE. (5) UNDETERMINED. (6) NONE. (7) UNKNOWN. (8) NONE.  
PARA 15B  
(1) OBSERVER  
(2) MOTION  
(3) LOCATION OF SIGHTING  
(4) DATE/TIME OF SIGHTING  
(5) DURATION  
(6) COURSE  
(7) ALTITUDE  
(8) DISTANCE  
(9) SPEED  
(10) DIRECTION  
(11) WEATHER  
(12) REMARKS  
PARA 15C  
(1) EYEWITNESS ACCOUNT  
(2) PHOTOGRAPHIC EVIDENCE  
(3) RADAR EVIDENCE  
(4) INTERVIEWS  
(5) OTHER EVIDENCE  
BT  
#1537157  
NNNN",,4.88,"PRIORITY  
ZNR  
13272  
FM JAMES CONNALLY AFB TX  
TO  
HQ AFSCOLO  
CITY AFB OKLA  
INFO  
HQ USAF WASH  
DC  
DTG  
UNCLAS  
FOR  
AFCIN  
SAFOI  
PARA 15A, AFR 200-2. (+) ROUND. (7) PINHEAD. (3)  
(4)  
ONE. (5) (6) NONE. (1) (8) NONE.  
PARA 155  
(1)  
OBSERVER  
NOT  
LOCATION OF  
(7)  
30  
(3) 10 DEG  
(1)  
ERRATIC,  
FOUR  
ON  
COURSE  
(5)  
FADED,  
TO  
PARA  
(1)  
EYE.  
3  
N/A.  
(1)  
153715Z.  
(7)  
NIGHT.  
DEG  
FIR",,4.33,"PRIORITY  
ZNR  
13272  
FM JAMES CONNALLY AFB TEX  
TO 1/2 4E  
OUT AFB COLO  
CITY AFB OKLA  
ANDREWS AFB  
HQ USAF WASH  
DC  
DT  
UNCLAS  
FOR  
AFCIN  
SAFOT  
PARA 15A, AFR 200-2. (+) ROUND. (7) PINHEAD. (3)  
(4)  
ONE. (5) (6) NONE. (1) (8) NONE.  
PARA 15B  
(1)  
OBSERVER  
NOT  
LOCATION OF  
(7)  
3.0  
(3) 10 DEG  
(1)  
ERRATIC,  
FOUR  
AN  
COURSE  
(5)  
FADED,  
TO  
PARA  
(1)  
EYE.  
N/A.  
(1)  
153715Z.  
(7)  
NIGHT.  
DEG  
FIR",,6.86,"PRIORITY  
ZNR UUUUU  
13272  
FM JAMES CONNALLY AFB TX  
TO AFOCOLO  
CITY AFB OKLA  
INFO AFOSI WASH DC  
UNCLAS  
FOR AFCIN  
SAFOT  
PARA 15A, AFR 200-2. (+) ROUND. (7) PINKISH. (3)  
K4  
ONE. (5) NONE. (6) NONE. (1) (8) NONE.  
PARA 15B  
(1)  
OBSERVER  
NOT  
LOCATION OF  
(7)  
3.0  
(3) 10 DEG  
(1)  
ERRATIC,  
FOUR  
AN  
COURSE  
(5)  
FADED,  
TO  
PARA  
(1)  
EYE.  
(3)  
N/A.  
(1)  
153715Z.  
(7)  
NIGHT.  
DEG  
FIR",,5.43,"PRIORITY  
ZNR  
13272  
FM JAME CONNALLY AFB TEX  
or 1/2 4E  
EUT AFB COLO  
N  
CITY AF: OKLA  
AJEDSO/ATIO  
OHTO  
U.A.  
RJEZHO/OSAF WASH  
DC  
DT  
UNCLAS:  
FOR  
AFCIN.  
SAFOT.  
PARA 15A, AFR 200-2. (+) ROUND. (7) PINKHEAD. (3)  
K4)  
ONE. (5) . (6) NONE. (1) (8) NONE.  
PARA 15B  
(1)  
OBSERVER  
MOT  
LOCATION OF  
(7)  
3.0  
(3) 10 DEG  
(i)  
ERRATIC,  
FOUR  
AN  
COURSE  
(5)  
FADED,  
T  
6  
8  
TO  
PARA  
(1)  
EYE.  
3  
N/A.  
(1)  
1537157.  
(7)  
NIGHT.  
DEG  
FIR",,3.97,"PRIORITY  
ZNR  
13272  
FM JAME CONNALLY AFB TX  
or 1/2 4E  
EUT AFB COLO  
N  
CITY AF: OKLA  
AJEDSO/ATIO  
OHTO  
U.A.  
RJEZHO/OSAF WASH  
DC  
DT  
UNCLA:  
FOR  
AFCIN).  
SAFOT).  
PARA 15A, AFR 200-2. (+) ROUND. (7) PINK-HEADED. (3)  
K4)  
ONE. (5) . (6) NONE. (1) (8) NONE.  
PARA 155  
(1)  
OBSERVER  
NOT  
LOCATION OF  
7)  
3.0  
(3).10 DEG  
(i)  
ERRATIC,  
FOUR  
AN  
COURSE  
(5)  
FADED,  
T  
6  
8  
TO  
PARA  
(1)  
EYE.  
3  
N/A.  
(1)  
1537157.  
(7)  
NIGHT.  
DEG  
FIR",,4.0,"PRIORITY  
ZNR  
13272  
FM JAMES CONNALLY AFB TX  
or 1/2 4E  
EUT AFB COLO  
N  
CITY AF: OKLA  
AJEDSO/ATIO  
OHTO  
U.S.A.  
RJEZHO/OSAF WASH  
DC  
DT  
UNCLA:  
FOR  
AFCIN).  
SAFOT).  
PARA 15A, AFR 200-2. (+) ROUND. (7) PINKHEAD. (3)  
K4)  
ONE. (5) . (6) NONE. (1) (8) NONE.  
PARA 155  
(1)  
OBSERVER  
MOT  
LOCATION OF  
7)  
3.0  
(3).10 DEG  
(i)  
ERRATIC,  
FOUR  
AN  
COURSE  
(5)  
FADED,  
T  
6  
8  
TO  
PARA  
(1)  
EYE.  
3  
N/A.  
(1)  
1537157.  
(7)  
NIGHT.  
DEG  
FIR",,3.48
28997278,"NAVAL MESSAGE  
UNCLASSIFIED  
25  
NAVY DEPARTMENT  
PRECEDENCE  
(ACTION)  
RELEASED BY  
DRAFTED BY  
EXT. NO.  
PRIORITY  
DISTRIBUTION  
(INFO)  
AFIN: 28368 (14 May 62) S/cgd  
AF DIST: CIN-14  
P 140815Z  
OOP--2  
FM USS FORRESTAL  
OOP-CP-1  
SAFS-3  
TO USAF PAC  
DIA-7  
INFO CNO  
(27)  
CINCPACFLT  
COMHAWSEAFRON  
CTF 8  
CTG 8.3  
CTU 8.3.7  
COMDESFLOT FIVE  
COMCORTRON FIVE  
UNCLAS  
A. CINCPACFLT INST 03561.34 NOTAL  
B. CINCPACFLT INST 3820.3 NOTAL  
1. UFO. IN ACCORDANCE ENCL 1 REF B FOLLOWING REPORTED.  
A. ROUND B. PEA. SIZE OF FIRST MAGNITUDE STAR. SOLID GLOW NO  
TAIL. C. ORANGISH WHITE WITH YELLOW CAST. D. ONE  
2. A. FIRST CALLED TO ATTENTION BY MOVEMENT IN RELATION TO STARS.  
B. 50 DEGREES BEARING 010T. C. 52 DEGREES BEARING 070T. D. COURSE SOUTH  
SOUTHEAST. E. DISAPPEARED BEHIND CLOUDS. F. IN VIEW FULL MINUTE.  
3. A. SIGHTED VISUALLY B. NO OPTICAL AIDS  
4. A. SIGHTED 140710Z B. MOONLIGHT NIGHT SKY SIX TENTHS CLOUD COVERAGE.  
C. BRIDGE OF SHIP 05-21N 157-28W D. SIGHTED BY OOD, BOATSWAIN, OF WATCH,  
LOOKOUT AND ENTIRE BRIDGE WATCH. OOD AND SEVERAL WATCH STANDERS  
HAVE PREVIOUSLY SIGHTED CONFIRMED SATELLITES, COMPLETELY RELIABLE.  
NO AIRCRAFT CONTACTS ON RADAR AT TIME OF SIGHTING.  
-  
92......000  
-  
SECNAV UNSECNAV ASTSECNAV (R&D) 00 09 093 09M 09D 03 33.34.35 05 05  
07 72 76 94 IP NAVAIDE FLAGPLOT BFR CMC JCS CSA CSAF CIA NIC COGARD  
-  
CONTROL NO.  
CIRCUIT NO. PAGE OF PAGES TIME OF RECEIPT  
DATE TIME GROUP  
56582/JF/LT/3  
B043  
1  
1  
1206Z 14 MAY  
140815Z MAY 62  
UNCLASSIFIED",0.027932960893854747,5.53,"NAVAL MESSAGE  
UNCLASSIFIED  
25  
NAVY DEPARTMENT  
PRECEDENCE  
(ACTION)  
RELEASED BY  
DRAFTED BY  
EXT. NO.  
PRIORITY  
MAJORITY  
(INFO)  
AFIN : 28368 (14 May 62) S/cgd  
AF DIST: CIN-14  
P 140815Z  
OOP--2  
FM USS FORRESTAL  
OOP-CP-1  
SAFS-3  
TO USAF PAC  
DIA-7  
INFO CNO  
(27)  
CINCPACFLT  
COMHAWSEAFRON  
CTF 8  
CTG 8.3  
CTU 8.3.7  
COMDESFLOT FIVE  
COMCORTRON FIVE  
UNCLAS  
A. CINCPACFLT INST 03561.34 NOTAL  
B. CINCPACFLT INST 3820.3 NOTAL  
1. UFO. IN ACCORDANCE ENCL 1 REF B FOLLOWING REPORTED.  
A. ROUND B. PEA. SIZE OF FIRST MAGNITUDE STAR. SOLID GLOW NO  
TAIL. C. ORANGISH WHITE WITH YELLOW CAST D. ONE  
2. A. FIRST CALLED TO ATTENTION BY MOVEMENT IN RELATION TO STARS.  
B. 50 DEGREES BEARING 010T. C. 52 DEGREES BEARING 070T. D. COURSE SOUTH  
SOUTHEAST. E. DISAPPEARED BEHIND CLOUDS. F. IN VIEW FULL MINUTE.  
3. A. SIGHTED VISUALLY B. NO OPTICAL AIDS  
4. A. SIGHTED 140710Z B. MOONLIGHT NIGHT SKY SIX TENTHS CLOUD COVERAGE.  
C. BRIDGE OF SHIP 05-21N 157-28W D. SIGHTED BY OOD, BOATSWAIN, OF WATCH,  
LOOKOUT AND ENTIRE BRIDGE WATCH. OOD AND SEVERAL WATCH STANDERS  
HAVE PREVIOUSLY SIGHTED CONFIRMED SATELLITES, COMPLETELY RELIABLE.  
NO AIRCRAFT CONTACTS ON RADAR AT TIME OF SIGHTING.  
-  
92......000  
IN-  
SECNAV UNSECNAV ASTSECNAV (R&D) 00 09 093 09M 09D 03 33.34.35 05 05  
07 72 76 94 IP NAVAIDE FLAGPLOT BFR CMC JCS CSA CSAF CIA NIC COGARD  
-  
CONTROL NO.  
CIRCUIT NO. PAGE OF PAGES TIME OF RECEIPT  
DATE TIME GROUP  
56582/JF/LT/3  
B043  
1  
1  
1206Z 14 MAY  
140815Z MAY 62  
UNCLASSIFIED",0.026573426573426574,5.11,"NAVAL MESSAGE  
UNCLASSIFIED  
25  
NAVY DEPARTMENT  
PRECEDENCE  
(ACTION)  
RELEASED BY  
DRAFTED BY  
EXT. NO.  
PRIORITY  
PRIORITY  
(INFO)  
AFIN: 28368 (14 May 62) S/cgd  
AF DIST: CIN-14  
P 140815Z  
OOP--2  
FM USS FORSTER  
OOP-CP-1  
SAFS-3  
TO USAF PAC  
DIA-7  
INFO CNO  
(27)  
CINCPACFLT  
COMHAWSEAFRON  
CTF 8  
CTG 8.3  
CTU 8.3.7  
COMDESFLOT FIVE  
COMCORTRON FIVE  
UNCLAS  
A. CINCPACFLT INST 03561.34 NOTAL  
B. CINCPACFLT INST 3820.3 NOTAL  
1. UFO. IN ACCORDANCE ENCL 1 REF B FOLLOWING REPORTED.  
A. ROUND B. PEAR SIZE OF FIRST MAGNITUDE STAR. SOLID GLOW NO  
TAIL. C. ORANGISH WHITE WITH YELLOW CAST D. ONE  
2. A. FIRST ALERTED TO ATTENTION BY MOVEMENT IN RELATION TO STARS.  
B. 50 DEGREES BEARING 010T. C. 52 DEGREES BEARING 070T. D. COURSE SOUTH  
SOUTHEAST. E. DISAPPEARED BEHIND CLOUDS. F. IN VIEW FULL MINUTE.  
3. A. SIGHTED VISUALLY B. NO OPTICAL AIDS  
4. A. SIGHTED 140710Z B. MOONLIT NIGHT SKY SIX TENTHS CLOUD COVERAGE.  
C. BRIDGE OF SHIP 05-21N 157-28W D. SIGHTED BY OOD, BOATSWAIN, OF WATCH,  
LOOKOUT AND ENTIRE BRIDGE WATCH. OOD AND SEVERAL WATCH STANDERS  
HAVE PREVIOUSLY SIGHTED CONFIRMED SATELLITES, COMPLETELY RELIABLE.  
NO AIRCRAFT CONTACTS ON RADAR AT TIME OF SIGHTING.  
-  
92......000  
-  
SECNAV UNSECNAV ASTSECNAV (R&D) 00 09 093 09M 09D 03 33.34.35 05 05  
07 72 76 94 IP NAVAIDE FLAGPLOT BFR CMC JCS CSA CSAF CIA NIC COGARD  
-  
CONTROL NO.  
CIRCUIT NO. PAGE OF PAGES TIME OF RECEIPT  
DATE TIME GROUP  
56582/JF/LT/3  
B043  
1  
1  
1206Z 14 MAY  
140815Z MAY 62  
UNCLASSIFIED",0.02247191011235955,4.82,"NAVAL MESSAGE  
UNCLASSIFIED  

25  
NAVY DEPARTMENT  

PRECEDENCE  
(ACTION)  

RELEASED BY  
DRAFTED BY  
EXT. NO.  

PRIORITY  
DISTRIBUTION  
(INFO)  

AFIN : 28368 (14 May 62) S/cgd  
AF DIST: CIN-14  
P 140815Z  

FM USS FORSTER  
TO USAF PAC  
INFO CNO  
CINCPACFLT  
COMHAWSEAFRON  
CTF 8  
CTG 8.3  
CTU 8.3.7  
COMDESFLOT FIVE  
COMCORTRON FIVE  

UNCLAS  
A. CINCPACFLT INST 03561.34 NOTAL  
B. CINCPACFLT INST 3820.3 NOTAL  

1. UFO. IN ACCORDANCE ENCL 1 REF B FOLLOWING REPORTED.  
A. ROUND B. PEARL SIZE OF FIRST MAGNITUDE STAR. SOLID GLOW NO TAIL.  
C. ORANGISH WHITE WITH YELLOW CAST D. ONE  

2. A. FIRST CALLED TO ATTENTION BY MOVEMENT IN RELATION TO STARS.  
B. 50 DEGREES BEARING 010T. C. 52 DEGREES BEARING 070T.  
D. COURSE SOUTH SOUTHEAST. E. DISAPPEARED BEHIND CLOUDS.  
F. IN VIEW FULL MINUTE.  

3. A. SIGHTED VISUALLY B. NO OPTICAL AIDS  

4. A. SIGHTED 140710Z B. MOONLIGHT NIGHT SKY SIX TENTHS CLOUD COVERAGE.  
C. BRIDGE OF SHIP 05-21N 157-28W  
5. SIGHTED BY OOD, BOATSWAIN, OF WATCH, LOOKOUT AND ENTIRE BRIDGE WATCH.  
OOD AND SEVERAL WATCH STANDERS HAVE PREVIOUSLY SIGHTED CONFIRMED SATELLITES, COMPLETELY RELIABLE.  
NO AIRCRAFT CONTACTS ON RADAR AT TIME OF SIGHTING.  

SECNAV UNSECNAV ASTSECNAV (R&D)  
CONTROL NO.  
CIRCUIT NO. PAGE OF PAGES TIME OF RECEIPT  
DATE TIME GROUP  
56582/JF/LT/3  
B043  
1  
1  
1206Z 14 MAY  
140815Z MAY 62  
UNCLASSIFIED",0.1279887482419128,8.39,"NAVAL MESSAGE  
UNCLASSIFIED  
25  
NAVY DEPARTMENT  
PRECEDENCE  
(ACTION)  
RELEASED BY  
DRAFTED BY  
EXT. NO.  
PRIORITY  
DISTRIBUTION  
(INFO)  
AFIN : 28368 (14 May 62) S/cgd  
AF DIST: CIN-14  
P 140815Z  
COP--2  
FM USS FORRESTAL  
COP-CP-1  
SAFS-3  
TO USAF PAC  
DIA-7  
INFO CNO  
(27)  
CINCPACFLT  
COMHAWSEAFRON  
CTF 8  
CTG 8.3  
CTU 8.3.7  
COMDESFLOT FIVE  
COMCORTRON FIVE  
UNCLAS  
A. CINCPACFLT INST 03561.34 NOTAL  
B. CINCPACFLT INST 3820.3 NOTAL  

1. UFO. IN ACCORDANCE ENCL 1 REF B FOLLOWING REPORTED.  
A. ROUND B. PEAK. SIZE OF FIRST MAGNITUDE STAR. SOLID GLOW NO  
TAIL. C. ORANGISH WHITE WITH YELLOW CAST D. ONE  

2. A. FIRST CALLED TO ATTENTION BY MOVEMENT IN RELATION TO STARS.  
B. 50 DEGREES BEARING 010T. C. 52 DEGREES BEARING 070T. D. COURSE SOUTH  
SOUTHEAST. E. DISAPPEARED BEHIND CLOUDS. F. IN VIEW FULL MINUTE.  

3. A. SIGHTED VISUALLY B. NO OPTICAL AIDS  

4. A. SIGHTED 140710Z B. MOONLIGHT NIGHT SKY SIX TENTHS CLOUD COVERAGE.  
C. BRIDGE OF SHIP 05-21N 157-28W D. SIGHTED BY OOD, BOATSWAIN, OF WATCH,  
LOOKOUT AND ENTIRE BRIDGE WATCH. OOD AND SEVERAL WATCH STANDERS  
HAVE PREVIOUSLY SIGHTED CONFIRMED SATELLITES, COMPLETELY RELIABLE.  
NO AIRCRAFT CONTACTS ON RADAR AT TIME OF SIGHTING.  

SECNAV UNSECNAV ASTSECNAV (R&D) 00 09 093 09M 09D 03 33.34.35 05 05  
07 72 76 94 IP NAVAIDE FLAGPLOT BFR CMC JCS CSA CSAF CIA NIC COGARD  

CONTROL NO.  
CIRCUIT NO. PAGE OF PAGES TIME OF RECEIPT  
DATE TIME GROUP  
56582/JF/LT/3  
B043  
1  
1  
1206Z 14 MAY  
140815Z MAY 62  
UNCLASSIFIED",0.03938115330520394,7.99,"NAVAL MESSAGE  
UNCLASSIFIED  
25  
NAVY DEPARTMENT  
PRECEDENCE  
(ACTION)  
RELEASED BY  
DRAFTED BY  
EXT. NO.  
PRIORITY  
DISTRIBUTION  
(INFO)  
AFIN : 28368 (14 May 62) S/cgd  
AF DIST: CIN-14  
P 140815Z  
OOP--2  
FM USS FORRESTAL  
OOP-CP-1  
SAFS-3  
TO USAF PAC  
DIA-7  
INFO CNO  
(27)  
CINCPACFLT  
COMHAWSEAFRON  
CTF 8  
CTG 8.3  
CTU 8.3.7  
COMDESFLOT FIVE  
COMCORTRON FIVE  
UNCLAS  
A. CINCPACFLT INST 03561.34 NOTAL  
B. CINCPACFLT INST 3820.3 NOTAL  
1. UFO. IN ACCORDANCE ENCL 1 REF B FOLLOWING REPORTED.  
A. ROUND B. PEARL SIZE OF FIRST MAGNITUDE STAR. SOLID GLOW NO TAIL.  
C. ORANGISH WHITE WITH YELLOW CAST D. ONE  
2. A. FIRST CALLED TO ATTENTION BY MOVEMENT IN RELATION TO STARS.  
B. 50 DEGREES BEARING 010T. C. 52 DEGREES BEARING 070T. D. COURSE SOUTH SOUTHEAST.  
E. DISAPPEARED BEHIND CLOUDS. F. IN VIEW FULL MINUTE.  
3. A. SIGHTED VISUALLY B. NO OPTICAL AIDS  
4. A. SIGHTED 140710Z B. MOONLIGHT NIGHT SKY SIX TENTHS CLOUD COVERAGE.  
C. BRIDGE OF SHIP 05-21N 157-28W  
5. SIGHTED BY OOD, BOATSWAIN, OF WATCH, LOOKOUT AND ENTIRE BRIDGE WATCH. OOD AND SEVERAL WATCH STANDERS HAVE PREVIOUSLY SIGHTED CONFIRMED SATELLITES, COMPLETELY RELIABLE.  
NO AIRCRAFT CONTACTS ON RADAR AT TIME OF SIGHTING.  
-  
92......000  
In-  
SECNAV UNSECNAV ASTSECNAV (R&D) 00 09 093 09M 09D 03 33.34.35 05 05 07 72 76 94 IP NAVAIDE FLAGPLOT BFR CMC JCS CSA CSAF CIA NIC COGARD  
-  
CONTROL NO.  
CIRCUIT NO. PAGE OF PAGES TIME OF RECEIPT  
DATE TIME GROUP  
56582/JF/LT/3  
B043  
1  
1  
1206Z 14 MAY  
140815Z MAY 62  
UNCLASSIFIED",0.030662020905923345,12.5,"NAVAL MESSAGE  
UNCLASSIFIED  
25  
NAVY DEPARTMENT  
  
PRECEDENCE  
(ACTION)  
RELEASED BY  
DRAFTED BY  
EXT. NO.  
PRIORITY  
DOTORITY  
(INFO)  
  
AFIN: 28368 (14 May 62) S/cgd  
AF DIST: CIN-14  
P 140815Z  
OOP--2  
FM USS FORSTER  
OOP-CP-1  
SAFS-3  
TO USAF PAC  
DIA-7  
INFO CNO  
(27)  
CINCPACFLT  
COMHAWSEAFRON  
CTF 8  
CTG 8.3  
CTU 8.3.7  
COMDESFLOT FIVE  
COMCORTRON FIVE  
  
UNCLAS  
A. CINCPACFLT INST 03561.34 NOTAL  
B. CINCPACFLT INST 3820.3 NOTAL  
  
1. UFO. IN ACCORDANCE ENCL 1 REF B FOLLOWING REPORTED.  
A. ROUND B. PEA. SIZE OF FIRST MAGNITUDE STAR. SOLID GLOW NO  
TAIL. C. ORANGISH WHITE WITH YELLOW CAST D. ONE  
  
2. A. FIRST ALLED TO ATTENTION BY MOVEMENT IN RELATION TO STARS.  
B. 50 DEGREES BEARING O IOT. C. 52 DEGREES BEARING O7OT. D. COURSE SOUTH  
SOUTH EAST. E. DISAPPEARED BEHIND CLOUDS. F. IN VIEW FULL MINUTE.  
  
3. A. SIGHTED VISUALLY B. NO OPTICAL AIDS  
  
4. A. SIGHTED 140710Z B. MOONLIGHT NIGHT SKY SIX TENTHS CLOUD COVERAGE.  
C. BRIDGE OF SHIP 05-2 1N 157-28W D. SIGHTED BY OOD, BOATSWAIN, OF WATCH,  
LOOKOUT AND ENTIRE BRIDGE WATCH. OOD AND SEVERAL WATCH STANDERS  
HAVE PREVIOUSLY SIGHTED CONFIRMED SATELLITES, COMPLETELY RELIABLE.  
NO AIRCRAFT CONTACTS ON RADAR AT TIME OF SIGHTING.  
  
-  
92......000  
In-  
SECNAV UNSECNAV ASTSECNAV (R&D) 00 09 093 09M 09D 03 33.34.35 05 05  
07 72 76 94 IP NAVAIDE FLAGPLOT BFR CMC JCS CSA CSAF CIA NIC COGARD  
-  
CONTROL NO.  
CIRCUIT NO. PAGE OF PAGES TIME OF RECEIPT  
DATE TIME GROUP  
56582/JF/LT/3  
B043  
1  
1  
1206Z 14 MAY  
140815Z MAY 62  
UNCLASSIFIED",0.026592022393282014,4.8,"NAVAL MESSAGE  
UNCLASSIFIED  
25  
NAVY DEPARTMENT  
PRECEDENCE  
(ACTION)  
RELEASED BY  
DRAFTED BY  
EXT. NO.  
PRIORITY  
DOTORITY  
(INFO)  
AFIN: 28368 (14 May 62) S/cgd  
AF DIST: CIN-14  
P 140815Z  
OOP--2  
FM USS FORSTER  
OOP-CP-1  
SAFS-3  
TO USAF PAC  
DIA-7  
INFO CNO  
(27)  
CINCPACFLT  
COMHAWSEAFRON  
CTF 8  
CTG 8.3  
CTU 8.3.7  
COMDESFLOT FIVE  
COMCORTRON FIVE  
UNCLAS  
A. CINCPACFLT INST 03561.34 NOTAL  
B. CINCPACFLT INST 3820.3 NOTAL  
1. UFO. IN ACCORDANCE ENCL 1 REF B FOLLOWING REPORTED.  
A. ROUND B. PEA. SIZE OF FIRST MAGNITUDE STAR. SOLID GLOW NO  
TAIL. C. ORANGISH WHITE WITH YELLOW CAST D. ONE  
2. A. FIRST CALLED TO ATTENTION BY MOVEMENT IN RELATION TO STARS.  
E. 50 DEGREES BEARING 010T. C. 52 DEGREES BEARING 070T. D. COURSE SOUTH  
SOUTH EAST. E. DISAPPEARED BEHIND CLOUDS. F. IN VIEW FULL MINUTE.  
3. A. SIGHTED VISUALLY B. NO OPTICAL AIDS  
4. A. SIGHTED 140710Z B. MOONLIGHT NIGHT SKY SIX TENTHS CLOUD COVERAGE.  
C. BRIDGE OF SHIP 05-21N 157-28W 5. SIGHTED BY OOD, BOATSWAIN, OF WATCH,  
LOOKOUT AND ENTIRE BRIDGE WATCH. OOD AND SEVERAL WATCH STANDERS  
HAVE PREVIOUSLY SIGHTED CONFIRMED SATELLITES, COMPLETELY RELIABLE.  
NO AIRCRAFT CONTACTS ON RADAR AT TIME OF SIGHTING.  
-  
92......000  
In-  
SECNAV UNSECNAV ASTSECNAV (R&D) 00 09 093 09M 09D 03 33.34.35 05 05  
07 72 76 94 IP NAVAIDE FLAGPLOT BFR CMC JCS CSA CSAF CIA NIC COGARD  
-  
CONTROL NO.  
CIRCUIT NO. PAGE OF PAGES TIME OF RECEIPT  
DATE TIME GROUP  
56582/JF/LT/3  
B043  
1  
1  
1206Z 14 MAY  
140815Z MAY 62  
UNCLASSIFIED",0.02100840336134454,5.02,"NAVAL MESSAGE  
UNCLASSIFIED  
25  
NAVY DEPARTMENT  

PRECEDENCE  
(ACTION)  
RELEASED BY  
DRAFTED BY  
EXT. NO.  
PRIORITY  
DOTORITY  
(INFO)  

AFIN : 28368 (14 May 62) S/cgd  
AF DIST: CIN-14  
P 140815Z  
OOP--2  

FM USS FORSTER  
OOP-CP-1  
SAFS-3  

TO USAF PAC  
DIA-7  

INFO CNO  
(27)  
CINCPACFLT  
COMHAWSEAFRON  
CTF 8  
CTG 8.3  
CTU 8.3.7  
COMDESFLOT FIVE  
COMCORTRON FIVE  

UNCLAS  

A. CINCPACFLT INST 03561.34 NOTAL  
B. CINCPACFLT INST 3820.3 NOTAL  

1. UFO. IN ACCORDANCE ENCL 1 REF B FOLLOWING REPORTED.  
A. ROUND B. PEA. SIZE OF FIRST MAGNITUDE STAR. SOLID GLOW NO TAIL.  
C. ORANGISH WHITE WITH YELLOW CAST D. ONE  

2. A. FIRST CALLED TO ATTENTION BY MOVEMENT IN RELATION TO STARS.  
E. 50 DEGREES BEARING O ʘ10Tʘ. C. 52 DEGREES BEARING ʘ70Tʘ.  
D. COURSE SOUTH SOUTHEAST. E. DISAPPEARED BEHIND CLOUDS.  
F. IN VIEW FULL MINUTE.  

3. A. SIGHTED VISUALLY B. NO OPTICAL AIDS  

4. A. SIGHTED 140710Z B. MOONLIGHT NIGHT SKY SIX TENTHS CLOUD COVERAGE.  
C. BRIDGE OF SHIP 05-21N 157-28W  

5. SIGHTED BY OOD, BOATSWAIN, OF WATCH, LOOKOUT AND ENTIRE BRIDGE WATCH.  
OOD AND SEVERAL WATCH STANDERS HAVE PREVIOUSLY SIGHTED CONFIRMED  
SATELLITES, COMPLETELY RELIABLE. NO AIRCRAFT CONTACTS ON RADAR AT TIME  
OF SIGHTING.  

-  
92......000  
In-  
SECNAV UNSECNAV ASTSECNAV (R&D) 00 09 093 09M 09D 03 33.34.35 05 05  
07 72 76 94 IP NAVAIDE FLAGPLOT BFR CMC JCS CSA CSAF CIA NIC COGARD  
-  

CONTROL NO.  
CIRCUIT NO. PAGE OF PAGES TIME OF RECEIPT  
DATE TIME GROUP  
56582/JF/LT/3  
B043  
1  
1  
1206Z 14 MAY  
140815Z MAY 62  
UNCLASSIFIED",0.024509803921568627,5.38
29000562,"July 6, 1964

Dear Mr.

This is in reply to your recent inquiry concerning an Unidentified Flying Object you observed in April 1963. As a matter of general policy, the Air Force does not send evaluations of sightings unless specifically requested at the time the report is forwarded.

The information in the form you furnished was not comprehensive enough to enable our project office to evaluate the sighting. Portions of the data requested were missing such as the direction and duration of the sighting. Also, the speed estimated at 500 mph is inconsistent with motion ascribed to the object.

Your report is now carried in our files as ""Conflicting Data."" No indication is presented in the form that this was not a misinterpreted conventional object or a natural phenomenon.

Sincerely,

MASTON M. JACKS  
Major, USAF  
Public Information Division  
Office of Information  
Street  
Joliet, Illinois",0.0,3.83,"July 6, 1964

Dear Mr.

This is in reply to your recent inquiry concerning an Unidentified Flying Object you observed in April 1963. As a matter of general policy, the Air Force does not send evaluations of sightings unless specifically requested at the time the report is forwarded.

The information in the form you furnished was not comprehensive enough to enable our project office to evaluate the sighting. Portions of the data requested were missing such as the direction and duration of the sighting. Also, the speed estimated at 500 mph is inconsistent with motion ascribed to the object.

Your report is now carried in our files as ""Conflicting Data."" No indication is presented in the form that this was not a misinterpreted conventional object or a natural phenomena.

Sincerely,

MASTON M. JACKS  
Major, USAF  
Public Information Division  
Office of Information  
Street  
Joliet, Illinois",0.002254791431792559,3.08,"July 6, 1964

Dear Mr. [Name],

This is in reply to your recent inquiry concerning an Unidentified Flying Object you observed in April 1963. As a matter of general policy, the Air Force does not send evaluations of sightings unless specifically requested at the time the report is forwarded.

The information in the form you furnished was not comprehensive enough to enable our project office to evaluate the sighting. Portions of the data requested were missing such as the direction and duration of the sighting. Also, the speed estimated at 500 mph is inconsistent with motion ascribed to the object.

Your report is now carried in our files as ""Conflicting Data."" No indication is presented in the form that this was not a misinterpreted conventional object or a natural phenomenon.

Sincerely,

MASTON M. JACKS  
Major, USAF  
Public Information Division  
Office of Information  
[Street Address]  
Joliet, Illinois",0.019889502762430938,3.37,"July 6, 1964

Dear Mr.

This is in reply to your recent inquiry concerning an Unidentified Flying Object you observed in April 1963. As a matter of general policy, the Air Force does not send evaluations of sightings unless specifically requested at the time the report is forwarded.

The information in the form you furnished was not comprehensive enough to enable our project office to evaluate the sighting. Portions of the data requested were missing such as the direction and duration of the sighting. Also, the speed estimated at 500 mph is inconsistent with motion ascribed to the object.

Your report is now carried in our files as ""Conflicting Data."" No indication is presented in the form that this was not a misinterpreted conventional object or a natural phenomenon.

Sincerely,

MASTON M. JACKS  
Major, USAF  
Public Information Division  
Office of Information  
Joliet, Illinois",0.007891770011273957,5.74,"July 6, 1964

Dear Mr. [Name],

This is in reply to your recent inquiry concerning an Unidentified Flying Object you observed in April 1963. As a matter of general policy, the Air Force does not send evaluations of sightings unless specifically requested at the time the report is forwarded.

The information in the form you furnished was not comprehensive enough to enable our project office to evaluate the sighting. Portions of the data requested were missing, such as the direction and duration of the sighting. Also, the speed estimated at 500 mph is inconsistent with motion ascribed to the object.

Your report is now carried in our files as ""Conflicting Data."" No indication is presented in the form that this was not a misinterpreted conventional object or a natural phenomenon.

Sincerely,

MASTON M. JACKS  
Major, USAF  
Public Information Division  
Office of Information  
[Street Address]  
Joliet, Illinois",0.02097130242825607,3.99,"July 6, 1964

Dear Mr. [Name],

This is in reply to your recent inquiry concerning an Unidentified Flying Object you observed in April 1963. As a matter of general policy, the Air Force does not send evaluations of sightings unless specifically requested at the time the report is forwarded.

The information in the form you furnished was not comprehensive enough to enable our project office to evaluate the sighting. Portions of the data requested were missing such as the direction and duration of the sighting. Also, the speed estimated at 500 mph is inconsistent with motion ascribed to the object.

Your report is now carried in our files as ""Conflicting Data."" No indication is presented in the form that this was not a misinterpreted conventional object or a natural phenomenon.

Sincerely,

MASTON M. JACKS  
Major, USAF  
Public Information Division  
Office of Information  
[Street Address]  
Joliet, Illinois",0.019889502762430938,4.3,"July 6, 1964

Dear Mr.

This is in reply to your recent inquiry concerning an Unidentified Flying Object you observed in April 1963. As a matter of general policy, the Air Force does not send evaluations of sightings unless specifically requested at the time the report is forwarded.

The information in the form you furnished was not comprehensive enough to enable our project office to evaluate the sighting. Portions of the data requested were missing such as the direction and duration of the sighting. Also, the speed estimated at 500 mph is inconsistent with motion ascribed to the object.

Your report is now carried in our files as ""Conflicting Data."" No indication is presented in the form that this was not a misinterpreted con-ventional object or a natural phenomena.

Sincerely,

MASTON M. JACKS  
Major, USAF  
Public Information Division  
Office of Information  
Street  
Joliet, Illinois",0.0033821871476888386,2.35,"July 6, 1964

Dear Mr.

This is in reply to your recent inquiry concerning an Unidentified Flying Object you observed in April 1963. As a matter of general policy, the Air Force does not send evaluations of sightings unless specifically requested at the time the report is forwarded.

The information in the form you furnished was not comprehensive enough to enable our project office to evaluate the sighting. Portions of the data requested were missing such as the direction and duration of the sighting. Also, the speed estimated at 500 mph is inconsistent with motion ascribed to the object.

Your report is now carried in our files as ""Conflicting Data."" No indication is presented in the form that this was not a misinterpreted con-ventional object or a natural phenomena.

Sincerely,  
MASTON M. JACKS  
Major, USAF  
Public Information Division  
Office of Information  

Street  
Joliet, Illinois",0.0033821871476888386,2.19,"July 6, 1964

Dear Mr.

This is in reply to your recent inquiry concerning an Unidentified Flying Object you observed in April 1963. As a matter of general policy, the Air Force does not send evaluations of sightings unless specifically requested at the time the report is forwarded.

The information in the form you furnished was not comprehensive enough to enable our project office to evaluate the sighting. Portions of the data requested were missing such as the direction and duration of the sighting. Also, the speed estimated at 500 mph is inconsistent with motion ascribed to the object.

Your report is now carried in our files as ""Conflicting Data."" No indication is presented in the form that this was not a misinterpreted conventional object or a natural phenomena.

Sincerely,

MASTON M. JACKS  
Major, USAF  
Public Information Division  
Office of Information  
Street  
Joliet, Illinois",0.002254791431792559,1.7
28992462,"U.S. AIR FORCE TECHNICAL INFORMATION SHEET  
This questionnaire has been prepared so that you can give the U.S. Air Force as much information as possible concerning the unidentified aerial phenomenon that you have observed. Please try to answer as many questions as you possibly can. The information that you give will be used for research purposes, and will be regarded as confidential material. Your name will not be used in connection with any statements, conclusions, or publications without your permission. We request this personal information so that, if it is deemed necessary, we may contact you for further details.

1. When did you see the object?  
2. Time of day:  
Hour  
Minutes  
(Circle One): A.M. or P.M.  

3. Time Zone:  
(Circle One):  
a. Eastern  
b. Central  
c. Mountain  
d. Pacific  
e. Other  

(Circle One):  
a. Daylight Saving  
b. Standard  

4. Where were you when you saw the object?  
Nearest Postal Address  
City or Town: Centerville  
State or Country: Ohio  
Additional remarks:  

5. How long was object in sight?  
Hours  
Minutes  
Seconds  

5.1 How was time in sight determined?  
a. Certain  
b. Fairly certain  
c. Not very sure  
d. Just a guess  

6. What was the condition of the sky?  
DAY  
a. Bright  
b. Cloudy  

NIGHT  
a. Bright  
b. Cloudy  

7. If you saw the object during DAYLIGHT, where was the SUN located as you looked at the object?  
(Circle One):  
a. In front of you  
b. In back of you  
c. To your right  
d. To your left  
e. Overhead  
f. Don't remember  

ATIC FORM FEB 60 164  
This form supersedes ATIC 164, 13 Oct 54.",0.04786885245901639,9.11,"U.S. AIR FORCE TECHNICAL INFORMATION SHEET  
This questionnaire has been prepared so that you can give the U.S. Air Force as much information as possible concerning the unidentified aerial phenomenon that you have observed. Please try to answer as many questions as you possibly can. The information that you give will be used for research purposes, and will be regarded as confidential material. Your name will not be used in connection with any statements, conclusions, or publications without your permission. We request this personal information so that, if it is deemed necessary, we may contact you for further details.

1. When did you see the object?  
2. Time of day:  
Hour  
Minutes  
Day  
Month  
Year  
(Circle One): A.M. or P.M.  
3. Time Zone:  
(Circle One):  
a. Eastern  
b. Central  
c. Mountain  
d. Pacific  
e. Other  
(Circle One):  
a. Daylight Saving  
b. Standard  
4. Where were you when you saw the object?  
Nearest Postal Address  
City or Town  
State or Country  
Additional remarks:  
5. How long was object in sight?  
Hours  
Minutes  
Seconds  
5.1 How was time in sight determined?  
a. Certain  
b. Fairly certain  
c. Not very sure  
d. Just a guess  
6. What was the condition of the sky?  
DAY  
a. Bright  
b. Cloudy  
NIGHT  
a. Bright  
b. Cloudy  
7. IF you saw the object during DAYLIGHT, where was the SUN located as you looked at the object?  
(Circle One):  
a. In front of you  
b. In back of you  
c. To your right  
d. To your left  
e. Overhead  
f. Don't remember  

ATIC FORM 164 FEB 60  
This form supersedes ATIC 164, 13 Oct 54.",0.04852459016393443,6.65,"U.S. AIR FORCE TECHNICAL INFORMATION SHEET  
This questionnaire has been prepared so that you can give the U.S. Air Force as much information as possible concerning the unidentified aerial phenomenon that you have observed. Please try to answer as many questions as you possibly can. The information that you give will be used for research purposes, and will be regarded as confidential material. Your name will not be used in connection with any statements, conclusions, or publications without your permission. We request this personal information so that, if it is deemed necessary, we may contact you for further details.

1. When did you see the object?  
2. Time of day:  
Hour  
Minutes  
Day  
Month  
Year  
(Circle One): A.M. or P.M.  
3. Time Zone:  
(Circle One):  
a. Eastern  
b. Central  
c. Mountain  
d. Pacific  
e. Other  
(Circle One): a. Daylight Saving  
b. Standard  
4. Where were you when you saw the object?  
Nearest Postal Address  
City or Town  
State or Country  
Additional remarks:  
5. How long was object in sight?  
Hours  
Minutes  
Seconds  
5.1 How was time in sight determined?  
a. Certain  
b. Fairly certain  
c. Not very sure  
d. Just a guess  
6. What was the condition of the sky?  
DAY  
a. Bright  
b. Cloudy  
NIGHT  
a. Bright  
b. Cloudy  
7. IF you saw the object during DAYLIGHT, where was the SUN located as you looked at the object?  
(Circle One):  
a. In front of you  
b. In back of you  
c. To your right  
d. To your left  
e. Overhead  
f. Don't remember  

ATIC FORM FEB 60 164  
This form supersedes ATIC 164, 13 Oct 54.",0.043278688524590166,7.17,"U.S. AIR FORCE TECHNICAL INFORMATION SHEET  
This questionnaire has been prepared so that you can give the U.S. Air Force as much information as possible concerning the unidentified aerial phenomenon that you have observed. Please try to answer as many questions as you possibly can. The information that you give will be used for research purposes, and will be regarded as confidential material. Your name will not be used in connection with any statements, conclusions, or publications without your permission. We request this personal information so that, if it is deemed necessary, we may contact you for further details.

1. When did you see the object?  
2. Time of day:  
   Hour  
   Minutes  
   Day  
   Month  
   Year  
   (Circle One): A.M. or P.M.  

3. Time Zone:  
   (Circle One):  
   a. Eastern  
   b. Central  
   c. Mountain  
   d. Pacific  
   e. Other  

4. Where were you when you saw the object?  
   Nearest Postal Address  
   City or Town  
   State or Country  
   Additional remarks:  

5. How long was object in sight?  
   Hours  
   Minutes  
   Seconds  

5.1 How was time in sight determined?  
   a. Certain  
   b. Fairly certain  
   c. Not very sure  
   d. Just a guess  

6. What was the condition of the sky?  
   DAY  
   a. Bright  
   b. Cloudy  

   NIGHT  
   a. Bright  
   b. Cloudy  

7. IF you saw the object during DAYLIGHT, where was the SUN located as you looked at the object?  
   (Circle One):  
   a. In front of you  
   b. In back of you  
   c. To your right  
   d. To your left  
   e. Overhead  
   f. Don't remember  

ATIC FORM FEB 60 164  
This form supersedes ATIC 164, 13 Oct 54.",0.07278688524590164,7.39,"U.S. AIR FORCE TECHNICAL INFORMATION SHEET  
This questionnaire has been prepared so that you can give the U.S. Air Force as much information as possible concerning the unidentified aerial phenomenon that you have observed. Please try to answer as many questions as you possibly can. The information that you give will be used for research purposes, and will be regarded as confidential material. Your name will not be used in connection with any statements, conclusions, or publications without your permission. We request this personal information so that, if it is deemed necessary, we may contact you for further details.  

1. When did you see the object?  

2. Time of day:  
Hour  
Minutes  
Day  
Month  
Year  
(Circle One):  
A.M. or P.M.  

3. Time Zone:  
(Circle One):  
a. Eastern  
b. Central  
c. Mountain  
d. Pacific  
e. Other  

(Circle One):  
a. Daylight Saving  
b. Standard  

4. Where were you when you saw the object?  
Nearest Postal Address  
City or Town  
State or Country  
Additional remarks:  

5. How long was object in sight?  
Hours  
Minutes  
Seconds  

5.1 How was time in sight determined?  
a. Certain  
b. Fairly certain  
c. Not very sure  
d. Just a guess  

6. What was the condition of the sky?  
DAY  
a. Bright  
b. Cloudy  

NIGHT  
a. Bright  
b. Cloudy  

7. If you saw the object during DAYLIGHT, where was the SUN located as you looked at the object?  
(Circle One):  
a. In front of you  
b. In back of you  
c. To your right  
d. To your left  
e. Overhead  
f. Don't remember  

ATIC FORM FEB 60 164  
This form supersedes ATIC 164, 13 Oct 54.",0.043278688524590166,7.15,"U.S. AIR FORCE TECHNICAL INFORMATION SHEET  
This questionnaire has been prepared so that you can give the U.S. Air Force as much information as possible concerning the unidentified aerial phenomenon that you have observed. Please try to answer as many questions as you possibly can. The information that you give will be used for research purposes, and will be regarded as confidential material. Your name will not be used in connection with any statements, conclusions, or publications without your permission. We request this personal information so that, if it is deemed necessary, we may contact you for further details.

1. When did you see the object?  
2. Time of day:  
   Hour  
   Minutes  
   Day  
   Month  
   Year  
   (Circle One): A.M. or P.M.  
3. Time Zone:  
   (Circle One):  
   a. Eastern  
   b. Central  
   c. Mountain  
   d. Pacific  
   e. Other  
   (Circle One):  
   a. Daylight Saving  
   b. Standard  
4. Where were you when you saw the object?  
   Nearest Postal Address  
   City or Town  
   State or Country  
   Additional remarks:  
5. How long was object in sight?  
   Hours  
   Minutes  
   Seconds  
5.1 How was time in sight determined?  
   a. Certain  
   b. Fairly certain  
   c. Not very sure  
   d. Just a guess  
6. What was the condition of the sky?  
   DAY  
   a. Bright  
   b. Cloudy  
   NIGHT  
   a. Bright  
   b. Cloudy  
7. IF you saw the object during DAYLIGHT, where was the SUN located as you looked at the object?  
   (Circle One):  
   a. In front of you  
   b. In back of you  
   c. To your right  
   d. To your left  
   e. Overhead  
   f. Don't remember  

ATIC FORM FEB 60 164  
This form supersedes ATIC 164, 13 Oct 54.",0.043278688524590166,8.81,"U.S. AIR FORCE TECHNICAL INFORMATION SHEET

This questionnaire has been prepared so that you can give the U.S. Air Force as much information as possible concerning the unidentified aerial phenomenon that you have observed. Please try to answer as many questions as you possibly can. The information that you give will be used for research purposes, and will be regarded as confidential material. Your name will not be used in connection with any statements, conclusions, or publications without your permission. We request this personal information so that, if it is deemed necessary, we may contact you for further details.

1. When did you see the object?

2. Time of day:  
Hour   01  
Minutes   15  
Day   61  
Month  
Year  
(Circle One):  
A.M. or P.M.

3. Time Zone:  
(Circle One):  
a. Eastern  
b. Central  
c. Mountain  
d. Pacific  
e. Other  
(Circle One):  
a. Daylight Saving  
b. Standard

4. Where were you when you saw the object?  
Nearest Postal Address  
Centerville  
City or Town  
Ohio  
State or Country  
Additional remarks:

5. How long was object in sight?  
Hours  
Minutes  
Seconds

5.1 How was time in sight determined?  
a. Certain  
b. Fairly certain  
c. Not very sure  
d. Just a guess

6. What was the condition of the sky?  
DAY  
a. Bright  
b. Cloudy  
NIGHT  
a. Bright  
b. Cloudy

7. IF you saw the object during DAYLIGHT, where was the SUN located as you looked at the object?  
(Circle One):  
a. In front of you  
b. In back of you  
c. To your right  
d. To your left  
e. Overhead  
f. Don't remember

ATIC FORM FEB 60 164  
This form supersedes ATIC 164, 13 Oct 54.",0.05311475409836065,11.03,"U.S. AIR FORCE TECHNICAL INFORMATION SHEET

This questionnaire has been prepared so that you can give the U.S. Air Force as much information as possible concerning the unidentified aerial phenomenon that you have observed. Please try to answer as many questions as you possibly can. The information that you give will be used for research purposes, and will be regarded as confidential material. Your name will not be used in connection with any statements, conclusions, or publications without your permission. We request this personal information so that, if it is deemed necessary, we may contact you for further details.

1. When did you see the object?

2. Time of day:  
   Hour: 01  
   Minutes: 15  
   Day  
   Month  
   Year  
   (Circle One):  
   A.M. or P.M.

3. Time Zone:  
   (Circle One):  
   a. Eastern  
   b. Central  
   c. Mountain  
   d. Pacific  
   e. Other  
   (Circle One):  
   a. Daylight Saving  
   b. Standard

4. Where were you when you saw the object?  
   Nearest Postal Address: Centerville  
   City or Town: Ohio  
   State or Country  
   Additional remarks:

5. How long was object in sight?  
   Hours  
   Minutes  
   Seconds

5.1 How was time in sight determined?  
   a. Certain  
   b. Fairly certain  
   c. Not very sure  
   d. Just a guess

6. What was the condition of the sky?  
   DAY  
   a. Bright  
   b. Cloudy  
   NIGHT  
   a. Bright  
   b. Cloudy

7. IF you saw the object during DAYLIGHT, where was the SUN located as you looked at the object?  
   (Circle One):  
   a. In front of you  
   b. In back of you  
   c. To your right  
   d. To your left  
   e. Overhead  
   f. Don't remember

ATIC  
FORM  
FEB 60  
164  
This form supersedes ATIC 164, 13 Oct 54.",0.05573770491803279,15.95,"U.S. AIR FORCE TECHNICAL INFORMATION SHEET

This questionnaire has been prepared so that you can give the U.S. Air Force as much information as possible concerning the unidentified aerial phenomenon that you have observed. Please try to answer as many questions as you possibly can. The information that you give will be used for research purposes, and will be regarded as confidential material. Your name will not be used in connection with any statements, conclusions, or publications without your permission. We request this personal information so that, if it is deemed necessary, we may contact you for further details.

1. When did you see the object?

2. Time of day: 
   Hour 01
   Minutes 15
   Day
   Month
   Year
   (Circle One): 
   A.M. or P.M.

3. Time Zone:
   (Circle One):
   a. Eastern
   b. Central
   c. Mountain
   d. Pacific
   e. Other
   (Circle One): 
   a. Daylight Saving
   b. Standard

4. Where were you when you saw the object?
   Nearest Postal Address: Centerville
   City or Town: Ohio
   State or Country
   Additional remarks:

5. How long was object in sight?
   Hours
   Minutes
   Seconds

5.1 How was time in sight determined?
   a. Certain
   b. Fairly certain
   c. Not very sure
   d. Just a guess

6. What was the condition of the sky?
   DAY
   a. Bright
   b. Cloudy
   NIGHT
   a. Bright
   b. Cloudy

7. IF you saw the object during DAYLIGHT, where was the SUN located as you looked at the object?
   (Circle One): 
   a. In front of you
   b. In back of you
   c. To your right
   d. To your left
   e. Overhead
   f. Don't remember

ATIC FORM FEB 60
164
This form supersedes ATIC 164, 13 Oct 54.",0.05573770491803279,7.52
28987698,"Page 5  
25. Where were you located when you saw the object?  
26. Were you (Circle One)  
(Circle One):  
a. In the business section of a city?  
a. Inside a building  
b. In the residential section of a city?  
b. In a car  
c. In open countryside?  
c. Outdoors  
d. Near an airfield?  
d. In an airplane (type)  
e. Flying over a city?  
e. At sea  
f. Flying over open country?  
f. Other  
g. Other  
27. What were you doing at the time you saw the object, and how did you happen to notice it?  
28. IF you were MOVING IN AN AUTOMOBILE or other vehicle at the time, then complete the following questions:  
28.1 What direction were you moving? (Circle One)  
a. North  
c. East  
e. South  
g. West  
b. Northeast  
d. Southeast  
f. Southwest  
h. Northwest  
28.2 How fast were you moving?  
miles per hour.  
28.3 Did you stop at any time while you were looking at the object?  
(Circle One)  
Yes  
No  
29. What direction were you looking when you first saw the object? (Circle One)  
g. West  
a. North  
c. East  
e. South  
h. Northwest  
b. Northeast  
d. Southeast  
f. Southwest  
i. Overhead  
30. What direction were you looking when you last saw the object? (Circle One)  
g. West  
a. North  
c. East  
e. South  
h. Northwest  
b. Northeast  
d. Southeast  
f. Southwest  
i. Overhead  
31. If you are familiar with bearing terms (angular direction), try to estimate the number of degrees the object was  
from true North (thru east) and also the number of degrees it was upward from the horizon (elevation).  
31.1 When it first appeared:  
a. From true North 250 degrees.  
b. From horizon 70-20 degrees.  
31.2 When it disappeared:  
a. From true North  
degrees.  
b. From horizon  
degrees.",0.1835323695788812,25.26,"Page 5  
25. Where were you located when you saw the object?  
26. Were you (Circle One)  
(Circle One):  
a. In the business section of a city?  
a. Inside a building  
b. In the residential section of a city?  
b. In a car  
c. In open countryside?  
c. Outdoors  
d. Near an airfield?  
d. In an airplane (type)  
e. Flying over a city?  
e. At sea  
f. Flying over open country?  
f. Other  
g. Other  

27. What were you doing at the time you saw the object, and how did you happen to notice it?  
28. IF you were MOVING IN AN AUTOMOBILE or other vehicle at the time, then complete the following questions:  
28.1 What direction were you moving? (Circle One)  
a. North  
b. Northeast  
c. East  
d. Southeast  
e. South  
f. Southwest  
g. West  
h. Northwest  

28.2 How fast were you moving?  
miles per hour.  

28.3 Did you stop at any time while you were looking at the object?  
(Circle One)  
Yes  
No  

29. What direction were you looking when you first saw the object? (Circle One)  
a. North  
b. Northeast  
c. East  
d. Southeast  
e. South  
f. Southwest  
g. West  
h. Northwest  
i. Overhead  

30. What direction were you looking when you last saw the object? (Circle One)  
a. North  
b. Northeast  
c. East  
d. Southeast  
e. South  
f. Southwest  
g. West  
h. Northwest  
i. Overhead  

31. If you are familiar with bearing terms (angular direction), try to estimate the number of degrees the object was from true North (thru east) and also the number of degrees it was upward from the horizon (elevation).  

31.1 When it first appeared:  
a. From true North 250 degrees.  
b. From horizon 70-20 degrees.  

31.2 When it disappeared:  
a. From true North  
degrees.  
b. From horizon  
degrees.",0.11879321181646763,6.88,"Page 5  
25. Where were you located when you saw the object?  
26. Were you (Circle One)  
(Circle One):  
a. In the business section of a city?  
a. Inside a building  
b. In the residential section of a city?  
b. In a car  
c. In open countryside?  
c. Outdoors  
d. Near an airfield?  
d. In an airplane (type)  
e. Flying over a city?  
e. At sea  
f. Flying over open country?  
f. Other  
g. Other  
27. What were you doing at the time you saw the object, and how did you happen to notice it?  
  
28. IF you were MOVING IN AN AUTOMOBILE or other vehicle at the time, then complete the following questions:  
28.1 What direction were you moving? (Circle One)  
a. North  
c. East  
e. South  
g. West  
b. Northeast  
d. Southeast  
f. Southwest  
h. Northwest  
28.2 How fast were you moving?  
_____ miles per hour.  
28.3 Did you stop at any time while you were looking at the object?  
(Circle One)  
Yes  
No  
29. What direction were you looking when you first saw the object? (Circle One)  
g. West  
a. North  
c. East  
e. South  
h. Northwest  
b. Northeast  
d. Southeast  
f. Southwest  
i. Overhead  
30. What direction were you looking when you last saw the object? (Circle One)  
g. West  
a. North  
c. East  
e. South  
h. Northwest  
b. Northeast  
d. Southeast  
f. Southwest  
i. Overhead  
31. If you are familiar with bearing terms (angular direction), try to estimate the number of degrees the object was  
from true North (through east) and also the number of degrees it was upward from the horizon (elevation).  
31.1 When it first appeared:  
a. From true North _____ degrees.  
b. From horizon _____ degrees.  
31.2 When it disappeared:  
a. From true North _____ degrees.  
b. From horizon _____ degrees.",0.19950433705080545,6.24,"Page 5  
25. Where were you located when you saw the object?
26. Were you (Circle One)
(Circle One):
a. In the business section of a city?
a. Inside a building
b. In the residential section of a city?
b. In a car
c. In open countryside?
c. Outdoors
d. Near an airfield?
d. In an airplane (type)
e. Flying over a city?
e. At sea
f. Flying over open country?
f. Other
g. Other
27. What were you doing at the time you saw the object, and how did you happen to notice it?
28. IF you were MOVING IN AN AUTOMOBILE or other vehicle at the time, then complete the following questions:
28.1 What direction were you moving? (Circle One)
a. North
c. East
e. South
g. West
b. Northeast
d. Southeast
f. Southwest
h. Northwest
28.2 How fast were you moving?
miles per hour.
28.3 Did you stop at any time while you were looking at the object?
(Circle One)
Yes
No
29. What direction were you looking when you first saw the object? (Circle One)
g. West
a. North
c. East
e. South
h. Northwest
b. Northeast
d. Southeast
f. Southwest
i. Overhead
30. What direction were you looking when you last saw the object? (Circle One)
g. West
a. North
c. East
e. South
h. Northwest
b. Northeast
d. Southeast
f. Southwest
i. Overhead
31. If you are familiar with bearing terms (angular direction), try to estimate the number of degrees the object was
from true North (thru east) and also the number of degrees it was upward from the horizon (elevation).
31.1 When it first appeared:
a. From true North 250 degrees.
b. From horizon 70-20 degrees.
31.2 When it disappeared:
a. From true North
degrees.
b. From horizon
degrees.",0.1835323695788812,7.07,"Page 5

25. Where were you located when you saw the object?

26. Were you (Circle One)
(Circle One):
a. In the business section of a city?
b. In the residential section of a city?
c. In open countryside?
d. Near an airfield?
e. Flying over a city?
f. Flying over open country?
g. Other

27. What were you doing at the time you saw the object, and how did you happen to notice it?

28. IF you were MOVING IN AN AUTOMOBILE or other vehicle at the time, then complete the following questions:
28.1 What direction were you moving? (Circle One)
a. North
b. Northeast
c. East
d. Southeast
e. South
f. Southwest
g. West
h. Northwest

28.2 How fast were you moving?
miles per hour.

28.3 Did you stop at any time while you were looking at the object?
(Circle One)
Yes
No

29. What direction were you looking when you first saw the object? (Circle One)
a. North
b. Northeast
c. East
d. Southeast
e. South
f. Southwest
g. West
h. Northwest
i. Overhead

30. What direction were you looking when you last saw the object? (Circle One)
a. North
b. Northeast
c. East
d. Southeast
e. South
f. Southwest
g. West
h. Northwest
i. Overhead

31. If you are familiar with bearing terms (angular direction), try to estimate the number of degrees the object was from true North (through east) and also the number of degrees it was upward from the horizon (elevation).
31.1 When it first appeared:
a. From true North 250 degrees.
b. From horizon 70-20 degrees.

31.2 When it disappeared:
a. From true North
degrees.
b. From horizon
degrees.",0.0660377358490566,7.13,"Page 5  
25. Where were you located when you saw the object?  
26. Were you (Circle One):  
a. In the business section of a city?  
b. In the residential section of a city?  
c. In open countryside?  
d. Near an airfield?  
e. Flying over a city?  
f. Flying over open country?  
g. Other  
(Circle One):  
a. Inside a building  
b. In a car  
c. Outdoors  
d. In an airplane (type)  
e. At sea  
f. Other  
27. What were you doing at the time you saw the object, and how did you happen to notice it?  

28. IF you were MOVING IN AN AUTOMOBILE or other vehicle at the time, then complete the following questions:  
28.1 What direction were you moving? (Circle One)  
a. North  
b. Northeast  
c. East  
d. Southeast  
e. South  
f. Southwest  
g. West  
h. Northwest  
28.2 How fast were you moving?  
miles per hour.  
28.3 Did you stop at any time while you were looking at the object? (Circle One)  
Yes  
No  
29. What direction were you looking when you first saw the object? (Circle One)  
a. North  
b. Northeast  
c. East  
d. Southeast  
e. South  
f. Southwest  
g. West  
h. Northwest  
i. Overhead  
30. What direction were you looking when you last saw the object? (Circle One)  
a. North  
b. Northeast  
c. East  
d. Southeast  
e. South  
f. Southwest  
g. West  
h. Northwest  
i. Overhead  
31. If you are familiar with bearing terms (angular direction), try to estimate the number of degrees the object was from true North (thru east) and also the number of degrees it was upward from the horizon (elevation).  
31.1 When it first appeared:  
a. From true North 250 degrees.  
b. From horizon 70-20 degrees.  
31.2 When it disappeared:  
a. From true North  
degrees.  
b. From horizon  
degrees.",0.1300251256281407,7.21,"Page 5

25. Where were you located when you saw the object?

26. Were you (Circle One):
a. In the business section of a city?
b. In the residential section of a city?
c. In open countryside?
d. Near an airfield?
e. Flying over a city?
f. Flying over open country?
g. Other

(Circle One):
a. Inside a building
b. In a car
c. Outdoors
d. In an airplane (type)
e. At sea
f. Other

27. What were you doing at the time you saw the object, and how did you happen to notice it?

28. IF you were MOVING IN AN AUTOMOBILE or other vehicle at the time, then complete the following questions:

28.1 What direction were you moving? (Circle One)
a. North
b. Northeast
c. East
d. Southeast
e. South
f. Southwest
g. West
h. Northwest

28.2 How fast were you moving?
miles per hour.

28.3 Did you stop at any time while you were looking at the object? (Circle One)
Yes
No

29. What direction were you looking when you first saw the object? (Circle One)
a. North
b. Northeast
c. East
d. Southeast
e. South
f. Southwest
g. West
h. Northwest
i. Overhead

30. What direction were you looking when you last saw the object? (Circle One)
a. North
b. Northeast
c. East
d. Southeast
e. South
f. Southwest
g. West
h. Northwest
i. Overhead

31. If you are familiar with bearing terms (angular direction), try to estimate the number of degrees the object was from true North (thru east) and also the number of degrees it was upward from the horizon (elevation).

31.1 When it first appeared:
a. From true North 250 degrees.
b. From horizon 70-20 degrees.

31.2 When it disappeared:
a. From true North
degrees.
b. From horizon
degrees.",0.1300251256281407,4.09,"Page 5

25. Where were you located when you saw the object?

26. Were you (Circle One):
a. In the business section of a city?
b. In the residential section of a city?
c. In open countryside?
d. Near an airfield?
e. Flying over a city?
f. Flying over open country?
g. Other

(Circle One):
a. Inside a building
b. In a car
c. Outdoors
d. In an airplane (type)
e. At sea
f. Other

27. What were you doing at the time you saw the object, and how did you happen to notice it?

28. IF you were MOVING IN AN AUTOMOBILE or other vehicle at the time, then complete the following questions:

28.1 What direction were you moving? (Circle One)
a. North
b. Northeast
c. East
d. Southeast
e. South
f. Southwest
g. West
h. Northwest

28.2 How fast were you moving?
miles per hour.

28.3 Did you stop at any time while you were looking at the object? (Circle One)
Yes
No

29. What direction were you looking when you first saw the object? (Circle One)
a. North
b. Northeast
c. East
d. Southeast
e. South
f. Southwest
g. West
h. Northwest
i. Overhead

30. What direction were you looking when you last saw the object? (Circle One)
a. North
b. Northeast
c. East
d. Southeast
e. South
f. Southwest
g. West
h. Northwest
i. Overhead

31. If you are familiar with bearing terms (angular direction), try to estimate the number of degrees the object was from true North (thru east) and also the number of degrees it was upward from the horizon (elevation).

31.1 When it first appeared:
a. From true North 250 degrees.
b. From horizon 70-20 degrees.

31.2 When it disappeared:
a. From true North
degrees.
b. From horizon
degrees.",0.1300251256281407,5.22,"Page 5

25. Where were you located when you saw the object?

26. Were you (Circle One):
a. In the business section of a city?
b. In the residential section of a city?
c. In open countryside?
d. Near an airfield?
e. Flying over a city?
f. Flying over open country?
g. Other

(Circle One):
a. Inside a building
b. In a car
c. Outdoors
d. In an airplane (type)
e. At sea
f. Other

27. What were you doing at the time you saw the object, and how did you happen to notice it?

28. IF you were MOVING IN AN AUTOMOBILE or other vehicle at the time, then complete the following questions:

28.1 What direction were you moving? (Circle One)
a. North
b. Northeast
c. East
d. Southeast
e. South
f. Southwest
g. West
h. Northwest

28.2 How fast were you moving?
miles per hour.

28.3 Did you stop at any time while you were looking at the object? (Circle One)
Yes
No

29. What direction were you looking when you first saw the object? (Circle One)
a. North
b. Northeast
c. East
d. Southeast
e. South
f. Southwest
g. West
h. Northwest
i. Overhead

30. What direction were you looking when you last saw the object? (Circle One)
a. North
b. Northeast
c. East
d. Southeast
e. South
f. Southwest
g. West
h. Northwest
i. Overhead

31. If you are familiar with bearing terms (angular direction), try to estimate the number of degrees the object was from true North (thru east) and also the number of degrees it was upward from the horizon (elevation).

31.1 When it first appeared:
a. From true North 250 degrees.
b. From horizon 70-20 degrees.

31.2 When it disappeared:
a. From true North
degrees.
b. From horizon
degrees.",0.1300251256281407,5.12
28969412,"DE 2E  
- Method 2.  
LIFTED 29/04/55 59117  
357  
D 7  
TN COMDR 686TH ACWRON WALKER AFB NM  
23MAR77 8740Z  
will pick up later  
TO RESED/COMDR ADC ENT AFB COLO  
RJWFDN/COMDR 34TH ADD KIRTLAND AFB NMEX 270357  
-  
/  
PJEDND/COMDR AIR TECH INTEL CEN WRIGHT PATTERSON AFB OHIO  
RJEPHO/DIRECTOR OF INTEL HEADQUARTERS USAF WASHINGTON  
4E4  
BT.  
3  
4.4x20  
UNCLAS ACW-86-205. THE FOLLOWING IS AN UNIDENTIFIED FLYING OBJECT  
REPORT RECEIVED BY LT SONTHEIMER FROM A BASE FLIGHT PILOT.  
(1) DESCRIPTION OF THE OBJECT(S)  
(A) 3 VERY BRILLIANT WHITE LIGHTS CIRCULAR IN SHAPE  
(B) ABOUT THE SIZE OF 3 LANDING LIGHTS  
(C) BRILLIANT WHITE  
(D) 3  
? ED FLYING A TIGHT FORMATION  
my nom  
NOTHING NOTICEABLE  
PAGE TWO RJWFDN 2E  
(H) NONE  
(I) NONE  
(2) DESCRIPTION OF COURSE OF OBJECT(S)  
(A) WHILE LOOKING OUT THE LEFT WINDOW ON A C-45 THE PILOT NOTICED  
3 BRIGHT LIGHTS ON A COLLISION COURSE PERPENDICULAR TO HIS LINE OF  
FLIGHT HEADING TOWARDS HIM.  
(7) OBJECTS WERE OBSERVED AT THE SAME ALTITUDE AS THE C-45 ABOUT",0.058091286307053944,5.21,"DE 2E  
- Method 2.  
LIGHTED 29/04/55 59117  
357  
D 7  
TN COMDR 686TH ACWRON WALKER AFB NM  
23MAR77 8740Z  
will pick up later  
TO RESED/COMDR ADC ENT AFB COLO  
RJWFDN/COMDR 34TH ADD KIRTLAND AFB NMEX 270357  
-  
/  
PJEDND/COMDR AIR TECH INTEL CEN WRIGHT PATTERSON AFB OHIO  
RJEPHO/DIRECTOR OF INTEL HEADQUARTERS USAF WASHDC  
4E4  
BT.  
3  
4.4x20  
UNCLAS ACW-86-205. THE FOLLOWING IS AN UNIDENTIFIED FLYING OBJECT  
REPORT RECEIVED BY LT SONTHEIMER FROM A BASE FLIGHT PILOT.  
(1) DESCRIPTION OF THE OBJECT(S)  
(A) 3 VERY BRILLIANT WHITE LIGHTS CIRCULAR IN SHAPE  
(B) ABOUT THE SIZE OF 3 LANDING LIGHTS  
(C) BRILLIANT WHITE  
(D) 3   
? FLYING A TIGHT FORMATION  
my nom  
NOTHING NOTICEABLE  
PAGE TWO RJWFDN 2E  
(H) NONE  
(I) NONE  
(2) DESCRIPTION OF COURSE OF OBJECT(S)  
(A) WHILE LOOKING OUT THE LEFT WINDOW ON A C-45 THE PILOT NOTICED  
3 BRIGHT LIGHTS ON A COLLISION COURSE PERPENDICULAR TO HIS LINE OF  
FLIGHT HEADING TOWARDS HIM.  
(7) OBJECTS WERE OBSERVED AT THE SAME ALTITUDE AS THE C-45 ABOUT",0.05186721991701245,5.78,"DE 2E  
- Method 2.  
LISTED 29/04/55 59117  
357  
D 7  
TN COMDR 686TH ACWRON WALKER AFB NM  
23MAR77 8740 Zulu  
will pick up later  
TO RESEND/COMDR ADC ENT AFB COLO  
RJWFDN/COMDR 34TH ADD MARYLAND AFB NMEX 270357  
-  
/  
PJEDND/COMDR AIR TECH INTEL CEN WRIGHT PATTERSON AFB OHIO  
RJEPHO/DIRECTOR OF INTEL HEADQUARTERS USAF WASHDC  
4E4  
BT.  
3  
4.4x20  
UNCLAS ACW-86-205. THE FOLLOWING IS AN UNIDENTIFIED FLYING OBJECT  
REPORT RECEIVED BY LT SONTHEIMER FROM A BASE FLIGHT PILOT.  
(1) DESCRIPTION OF THE OBJECT(S)  
(A) 3 VERY BRILLIANT WHITE LIGHTS CIRCULAR IN SHAPE  
(B) ABOUT THE SIZE OF 3 LANDING LIGHTS  
(C) BRILLIANT WHITE  
(D) 3  
? ED FLYING A TIGHT FORMATION  
my nom  
NOTHING NOTICEABLE  
PAGE TWO RJWFDN 2E  
(H) NONE  
(I) NONE  
(2) DESCRIPTION OF COURSE OF OBJECT(S)  
(A) WHILE LOOKING OUT THE LEFT WINDOW ON A C-45 THE PILOT NOTICED  
3 BRIGHT LIGHTS ON A COLLISION COURSE PERPENDICULAR TO HIS LINE OF  
FLIGHT HEADING TOWARDS HIM.  
(7) OBJECTS WERE OBSERVED AT THE SAME ALTITUDE AS THE C-45 ABOUT",0.06016597510373444,4.66,"DE 2E  
- Method 2.  
LIGHTED 29/04/55 59117  
357  
D 7  
TO COMDR 686TH ACWRON WALKER AFB NM  
23MAR77 8740 Caph  
will pick up later  
TO RESED/COMDR ADC ENT AFB COLO  
RJWFDN/COMDR 34TH ADD KIRTLAND AFB NMEX 270357  
-  
/  
PJEDND/COMDR AIR TECH INTEL CEN WRIGHT PATTERSON AFB OHIO  
RJEPHO/DIRECTOR OF INTEL HEADQUARTERS USAF WASHDC  
4E4  
BT.  
3  
4.4x20  
UNCLAS ACW-86-205. THE FOLLOWING IS AN UNIDENTIFIED FLYING OBJECT  
REPORT RECEIVED BY LT SONTHEIMER FROM A BASE FLIGHT PILOT.  
(1) DESCRIPTION OF THE OBJECT(S)  
(A) 3 VERY BRILLIANT WHITE LIGHTS CIRCULAR IN SHAPE  
(B) ABOUT THE SIZE OF 3 LANDING LIGHTS  
(C) BRILLIANT WHITE  
(D) 3  
(E) FLYING A TIGHT FORMATION  
(F) NOTHING NOTICEABLE  
PAGE TWO RJWFDN 2E  
(H) NONE  
(I) NONE  
(2) DESCRIPTION OF COURSE OF OBJECT(S)  
(A) WHILE LOOKING OUT THE LEFT WINDOW ON A C-45 THE PILOT NOTICED  
3 BRIGHT LIGHTS ON A COLLISION COURSE PERPENDICULAR TO HIS LINE OF  
FLIGHT HEADING TOWARDS HIM.  
(7) OBJECTS WERE OBSERVED AT THE SAME ALTITUDE AS THE C-45 ABOUT",0.052904564315352696,7.44,"DE 2E  
- Method 2.  
LIFTED 29/04/55 59117  
357  
D 7  
TN COMDR 686TH ACWRON WALKER AFB NM  
23MAR77 8740 Zulu  
will pick up later  
TO RCVED/COMDR ADC ENT AFB COLO  
RJWFDN/COMDR 34TH ADG MITCHELL AFB NY 270357  
-  
/  
PJEDND/COMDR AIR TECH INTEL CEN WRIGHT PATTERSON AFB OHIO  
RJEPHO/DIRECTOR OF INTEL HEADQUARTERS USAF WASHDC  
4E4  
BT.  
3  
4.4x20  
UNCLAS ACW-86-205. THE FOLLOWING IS AN UNIDENTIFIED FLYING OBJECT  
REPORT RECEIVED BY LT SONTHEIMER FROM A BASE FLIGHT PILOT.  
(1) DESCRIPTION OF THE OBJECT(S)  
(A) 3 VERY BRILLIANT WHITE LIGHTS CIRCULAR IN SHAPE  
(B) ABOUT THE SIZE OF 3 LANDING LIGHTS  
(C) BRILLIANT WHITE  
(D) 3  
(E) FLYING A TIGHT FORMATION  
(F) NOTHING NOTICEABLE  
PAGE TWO RJWFDN 2E  
(H) NONE  
(I) NONE  
(2) DESCRIPTION OF COURSE OF OBJECT(S)  
(A) WHILE LOOKING OUT THE LEFT WINDOW ON A C-45 THE PILOT NOTICED  
3 BRIGHT LIGHTS ON A COLLISION COURSE PERPENDICULAR TO HIS LINE OF  
FLIGHT HEADING TOWARDS HIM.  
(7) OBJECTS WERE OBSERVED AT THE SAME ALTITUDE AS THE C-45 ABOUT",0.06431535269709543,5.76,"DE 2E  
- Method 2.  
LIFTED 29/04/55 59117  
357  
D 7  
TN COMDR 686TH ACWRON WALKER AFB NM  
23MAR77 8740 Caph  
will pick up later  
TO RESED/COMDR ADC ENT AFB COLO  
RJWFDN/COMDR 34TH ADD MITRLAND AFB NMEX 270357  
-  
/  
PJEDND/COMDR AIR TECH INTEL CEN WRIGHT PATTERSON AFB OHIO  
RJEPHO/DIRECTOR OF INTEL HEADQUARTERS USAF WASHDC  
4E4  
BT.  
3  
4.4x20  
UNCLAS ACW-86-205. THE FOLLOWING IS AN UNIDENTIFIED FLYING OBJECT  
REPORT RECEIVED BY LT SONTHEIMER FROM A BASE FLIGHT PILOT.  
(1) DESCRIPTION OF THE OBJECT(S)  
(A) 3 VERY BRILLIANT WHITE LIGHTS CIRCULAR IN SHAPE  
(B) ABOUT THE SIZE OF 3 LANDING LIGHTS  
(C) BRILLIANT WHITE  
(D) 3  
? ED FLYING A TIGHT FORMATION  
my nom  
NOTHING NOTICEABLE  
PAGE TWO RJWFDN 2E  
(H) NONE  
(I) NONE  
(2) DESCRIPTION OF COURSE OF OBJECT(S)  
(A) WHILE LOOKING OUT THE LEFT WINDOW ON A C-45 THE PILOT NOTICED  
3 BRIGHT LIGHTS ON A COLLISION COURSE PERPENDICULAR TO HIS LINE OF  
FLIGHT HEADING TOWARDS HIM.  
(7) OBJECTS WERE OBSERVED AT THE SAME ALTITUDE AS THE C-45 ABOUT",0.05912863070539419,5.43,"DE 2E  
- Metho 2.  
LIGTED 29/04/55 59117  
357  
D 7  
TN COMDR 686TH ACWRON WALKER AFB NM  
23MAR77 8740 Caph  
will pick up later  
TO RESED/COMDR ADC ENT AFB COLO  
RJWFDN/COMDR 34TH ADD KIRTLAND AFB NMEX 270357

PJEDND/COMDR AIR TECH INTEL CEN WRIGHT PATTERSON AFB OHIO  
RJEPHO/DIRECTOR OF INTEL HEADQUARTERS USAF WASHDC  
4E4  
BT.  
3  
4.4x20  
UNCLAS ACW-86-205. THE FOLLOWING IS AN UNIDENTIFIED FLYING OBJECT  
REPORT RECEIVED BY LT SONTHEIMER FROM A BASE FLIGHT PILOT.  
(1) DESCRIPTION OF THE OBJECT(S)  
(A) 3 VERY BRILLIANT WHITE LIGHTS CIRCULAR IN SHAPE  
(B) ABOUT THE SIZE OF 3 LANDING LIGHTS  
(C) BRILLIANT WHITE  
(D) 3  
ʘ FLYING A TIGHT FORMATION  
(E) NOTHING NOTICEABLE  
PAGE TWO RJWFDN 2E  
(H) NONE  
(I) NONE  
(2) DESCRIPTION OF COURSE OF OBJECT(S)  
(A) WHILE LOOKING OUT THE LEFT WINDOW ON A C-45 THE PILOT NOTICED  
3 BRIGHT LIGHTS ON A COLLISION COURSE PERPENDICULAR TO HIS LINE OF  
FLIGHT HEADING TOWARDS HIM.  
(B) OBJECTS WERE OBSERVED AT THE SAME ALTITUDE AS THE C-45 ABOUT",0.0508298755186722,4.19,"DE 2E  
- Metho 2.  
LIGTED 29/04/55 59117  
357  
D 7  
TN COMDR 686TH ACWRON WALKER AFB NM  
23MAR77 8740 Caph  
will pick up later  
TO RESED/COMDR ADC ENT AFB COLO  
RJWFDN/COMDR 34TH ADD KIRTLAND AFB NMEX 270357  
-  
/  
PJEDND/COMDR AIR TECH INTEL CEN WRIGHT PATTERSON AFB OHIO  
RJEPHO/DIRECTOR OF INTEL HEADQUARTERS USAF WASHDC  
4E4  
BT.  
3  
4.4x20  
UNCLAS ACW-86-205. THE FOLLOWING IS AN UNIDENTIFIED FLYING OBJECT  
REPORT RECEIVED BY LT SONTHEIMER FROM A BASE FLIGHT PILOT.  
(1) DESCRIPTION OF THE OBJECT(S)  
(A) 3 VERY BRILLIANT WHITE LIGHTS CIRCULAR IN SHAPE  
(B) ABOUT THE SIZE OF 3 LANDING LIGHTS  
(C) BRILLIANT WHITE  
(D) 3 OBJECTS FLYING A TIGHT FORMATION  
(E) NOTHING NOTICEABLE  
PAGE TWO RJWFDN 2E  
(H) NONE  
(I) NONE  
(2) DESCRIPTION OF COURSE OF OBJECT(S)  
(A) WHILE LOOKING OUT THE LEFT WINDOW ON A C-45 THE PILOT NOTICED  
3 BRIGHT LIGHTS ON A COLLISION COURSE PERPENDICULAR TO HIS LINE OF  
FLIGHT HEADING TOWARDS HIM.  
(7) OBJECTS WERE OBSERVED AT THE SAME ALTITUDE AS THE C-45 ABOUT",0.05705394190871369,5.6,"DE 2E  
- Metho 2.  
LIGTED 29/04/55 59117  
357  
D 7  
TN COMDR 686TH ACWRON WALKER AFB NM  
23MAR77 8740 Caph  
will pick up later  
TO RESED/COMDR ADC ENT AFB COLO  
RJWFDN/COMDR 34TH ADD KIRTLAND AFB NMEX 270357  
-  
/  
PJEDND/COMDR AIR TECH INTEL CEN WRIGHT PATTERSON AFB OHIO  
RJEPHO/DIRECTOR OF INTEL HEADQUARTERS USAF WASHDC  
4E4  
BT.  
3  
4.4x20  
UNCLAS ACW-86-205. THE FOLLOWING IS AN UNIDENTIFIED FLYING OBJECT  
REPORT RECEIVED BY LT SONTHEIMER FROM A BASE FLIGHT PILOT.  
(1) DESCRIPTION OF THE OBJECT(S)  
(A) 3 VERY BRILLIANT WHITE LIGHTS CIRCULAR IN SHAPE  
(B) ABOUT THE SIZE OF 3 LANDING LIGHTS  
(C) BRILLIANT WHITE  
(D) 3  
(E) FLYING A TIGHT FORMATION  
my nom  
NOTHING NOTICEABLE  
PAGE TWO RJWFDN 2E  
(H) NONE  
(I) NONE  
(2) DESCRIPTION OF COURSE OF OBJECT(S)  
(A) WHILE LOOKING OUT THE LEFT WINDOW ON A C-45 THE PILOT NOTICED  
3 BRIGHT LIGHTS ON A COLLISION COURSE PERPENDICULAR TO HIS LINE OF  
FLIGHT HEADING TOWARDS HIM.  
(2) OBJECTS WERE OBSERVED AT THE SAME ALTITUDE AS THE C-45 ABOUT",0.05186721991701245,4.86
28941795,"EXTRACT FROM STATUS REPORT #7  
DATE: 3 May 52  
TIME (Local): 2300  
LOCATION: Phoenix  
LENGTH OF TIME OBSERVED: 4 Seconds  
SOUND: Unknown  
SPEED: 500 mph  
ALTITUDE: Unknown  
HEADING: W  
SOURCE: Civilians  
ACTION OR COMMENTS: Meteor or fireball  
DESCRIPTION OF INCIDENT: The couples in convertible with top down observed cigar-shaped, glowing object descending silently.  

UNCLASSIFIED  
DOWNGRADED DOD As 3",0.16263736263736264,1.72,"EXTRACT FROM STATUS REPORT #7  
DATE: 3 May 52  
TIME (Local): 2300  
LOCATION: Phoenix  
LENGTH OF TIME OBSERVED: 4 Seconds  
SOUND: Unknown  
SPEED: 500 mph  
ALTITUDE: Unknown  
HEADING: W  
SOURCE: Civilians  
ACTION OR COMMENTS: Meteor or fireball  
DESCRIPTION OF INCIDENT: The couples in convertible with top down observed cigar-shaped, glowing object descending silently.  

UNCLASSIFIED  
DOWNGRADED DOD As 3",0.16263736263736264,2.15,"EXTRACT FROM STATUS REPORT #7  
DATE: 3 May 52  
TIME (Local): 2300  
LOCATION: Phoenix  
LENGTH OF TIME OBSERVED: 4 Seconds  
SOUND: Unknown  
SPEED: 500 mph  
ALTITUDE: Unknown  
HEADING: W  
SOURCE: Civilians  
ACTION OR COMMENTS: Meteor or fireball  
DESCRIPTION OF INCIDENT: The couples in convertible with top down observed cigar-shaped, glowing object descending silently.  

UNCLASSIFIED",0.2,1.47,"EXTRACT FROM STATUS REPORT #7  
DATE: 3 May 52  
TIME (Local): 2300  
LOCATION: Phoenix  
LENGTH OF TIME OBSERVED: 4 Seconds  
SOUND: Unknown  
SPEED: 500 mph  
ALTITUDE: Unknown  
HEADING: W  
SOURCE: Civilians  
ACTION OR COMMENTS: Meteor or fireball  
DESCRIPTION OF INCIDENT: The couples in convertible with top down observed cigar-shaped, glowing object descending silently.  

UNCLASSIFIED  
DOWNGRADED DOD AS 3",0.16263736263736264,4.26,"EXTRACT FROM STATUS REPORT #7  
DATE: 3 May 52  
TIME (Local): 2300  
LOCATION: Phoenix,  
LENGTH OF TIME OBSERVED: 4 Seconds  
SOUND: Unknown  
SPEED: 500 mph  
ALTITUDE: Unknown  
HEADING: W  
SOURCE: Civilians  
ACTION OR COMMENTS: Meteor or fireball  
DESCRIPTION OF INCIDENT: The couples in convertible with top down observed cigar-shaped, glowing object descending silently.  

UNCLASSIFIED  
DOWNGRADED DOD As 3",0.16043956043956045,2.26,"EXTRACT FROM STATUS REPORT #7  
DATE: 3 May 52  
TIME (Local): 2300  
LOCATION: Phoenix  
LENGTH OF TIME OBSERVED: 4 Seconds  
SOUND: Unknown  
SPEED: 500 mph  
ALTITUDE: Unknown  
HEADING: W  
SOURCE: Civilians  
ACTION OR COMMENTS: Meteor or fireball  
DESCRIPTION OF INCIDENT: The couples in convertible with top down observed cigar-shaped, glowing object descending silently.  

UNCLASSIFIED  
DOWNGRADED DOD As 3",0.16263736263736264,2.56,"EXTRACT FROM STATUS REPORT # 7  
DATE: 3 May 52  
TIME (Local): 2300  
LOCATION: Phoenix,  
LENGTH OF TIME OBSERVED: 4 Seconds  
SOUND: Unknown  
SPEED: 500 mph  
ALTITUDE: Unknown  
HEADING: W  
SOURCE: Civilians  
ACTION OR COMMENTS: Meteor or fireball  
DESCRIPTION OF INCIDENT: The couples in convertible with top down observed cigar-shaped, glowing object descending silently.  

(  
UNCLASSIFIED  
DOWNGRADED DOD As 3  
i",0.15824175824175823,2.46,"EXTRACT FROM STATUS REPORT #7

DATE: 3 May 52  
TIME (Local): 2300  
LOCATION: Phoenix,  
LENGTH OF TIME OBSERVED: 4 Seconds  
SOUND: Unknown  
SPEED: 500 mph  
ALTITUDE: Unknown  
HEADING: W  
SOURCE: Civilians  
ACTION OR COMMENTS: Meteor or fireball  

DESCRIPTION OF INCIDENT: The couples in convertible with top down observed cigar-shaped, glowing object descending silently.  

UNCLASSIFIED  

DOWNGRADED DOD As 3",0.16043956043956045,3.28,"EXTRACT FROM STATUS REPORT #7  
DATE: 3 May 52  
TIME (Local): 2300  
LOCATION: Phoenix  
LENGTH OF TIME OBSERVED: 4 Seconds  
SOUND: Unknown  
SPEED: 500 mph  
ALTITUDE: Unknown  
HEADING: W  
SOURCE: Civilians  
ACTION OR COMMENTS: Meteor or fireball  
DESCRIPTION OF INCIDENT: The couples in convertible w/a top down observed cigar-shaped, glowing object descending silently.  

UNCLASSIFIED  
DOWNGRADED DOD As 3",0.16923076923076924,2.87
28960409,Please provide the text that needs to be corrected.,1.0,0.51,Please provide the text you would like me to correct.,1.0,0.92,Please provide the text that needs correction.,1.0,0.71,"Project Blue Book was the code name for the systematic study of unidentified flying objects (UFOs) by the United States Air Force from March 1952 to its termination on December 17, 1969. The project, headquartered at Wright-Patterson Air Force Base, Ohio, was initially directed by Captain Edward J. Ruppelt and followed projects of a similar nature such as Project Sign established in 1947, and Project Grudge in 1949. Project Blue Book had two goals, namely, to determine if UFOs were a threat to national security, and to scientifically analyze UFO-related data.",1.0,1.95,"Sure, please provide the text you would like me to correct.",1.0,0.82,"Sure, please provide the text you would like me to correct.",1.0,0.82,"DATE  Jun 12, 1947  LOCATION Chicago, IL

Visible? Yes  ʘNoʘ

TIME  11:45 PM  
DURATION  15 minutes

WITNESSES  3

WEATHER CONDITIONS  Clear

DESCRIPTION  
At approximately 11:45 PM on June 12, 1947, three witnesses observed an unidentified flying object in the sky over Chicago, IL. The object was disc-shaped with a bright light emanating from its center. It moved in a zigzag pattern before disappearing in the distance after about 15 minutes. 

NOTES  
Witnesses reported no sound coming from the object. Weather conditions were clear, providing unobstructed visibility.",1.0,3.58,"DATE   Jun 12, 1947  
LOCATION   Chicago, IL

Visible? Yes  ʘNoʘ

Observed Object:  
Shape: Disc  
Color: Silver  
Size Comparison: ʘLarge airplaneʘ  Small airplane  Balloon  Other

DESCRIPTION:  
Witness reported seeing a silver disc-shaped object in the sky. The object was observed for approximately 10 minutes before it disappeared behind a cloud. The disc appeared to hover and then moved rapidly in a zigzag pattern.

ADDITIONAL NOTES:  
The weather was clear, and visibility was good. No sound was heard from the object. Witness was alone at the time of sighting.",1.0,3.99,"DATE   Jun 12, 1947  
LOCATION   Chicago, IL

Visible? Yes  xʘNoʘ

The event was reported w/a bright light in the sky, moving erratically. Witnesses described the object as saucer-shaped and emitting a low hum. The sighting lasted approximately 5 minutes before the object disappeared over the horizon. 

Experi-enced observers noted that the object did not resemble any known aircraft. 

Witnesses: 
- John Doe
- Jane Smith
- Alex Johnson

Report ID: UFO-1947-CHI-001

Comments: 
The sighting was corroborated by multiple independent witnesses and was reported to local authorities. Further investigation is warranted to determine the nature of the object observed.",1.0,3.8
28938572,"UNCLASSIFIED  
B/Ltr fr HQS, USAF, 30 November 1950, Subj: (Restricted) Aerial  
Phenomena, NE United States, 2 November 50, SPECIAL INQUIRY  
AFOIN-C/CC-11  

2d Ind  
2 FEB 1951  
Dept of the Air Force, Hq, USAF, Washington 25, D.C.  

TO: Commanding General, Air Materiel Command, Wright-Patterson Air  
Force Base, Dayton, Ohio  

1. No further action is required as phenomena of 2 November  
1950 has been confirmed as a meteor by several sources.  

2. It is requested that the 5th District of Special Investigations,  
Wright-Patterson Air Force Base be notified of the above information.  

BY COMMAND OF THE CHIEF OF STAFF:  
JAMES G. EARNEST, JR.  
Lt. Colonel, USAF  
Executive, Collection Control Branch  
Collection Division  
Directorate of Intelligence  

DOWNGRADED AT 3 YEAR INTERVALS:  
DECLASSIFIED AFTER 12 YEARS.  
DOD DIR 5200.10  
UNCLASSIFIED",0.014527845036319613,3.78,"UNCLASSIFIED  
B/Ltr fr HQS, USAF, 30 November 1950, Subj: (Restricted) Aerial  
Phenomena, NE United States, 2 November 50, SPECIAL INQUIRY  
AFOIN-C/CC-11  

2d Ind  
2 FEB 1951  
Dept of the Air Force, Hq, USAF, Washington 25, D.C.  

TO: Commanding General, Air Materiel Command, Wright-Patterson Air  
Force Base, Dayton, Ohio  

1. No further action is required as phenomena of 2 November  
1950 has been confirmed as a meteor by several sources.  

2. It is requested that the 5th District of Special Investigations,  
Wright-Patterson Air Force Base be notified of the above information.  

BY COMMAND OF THE CHIEF OF STAFF:  
JAMES G. EARNEST, JR.  
Lt. Colonel, USAF  
Executive, Collection Control Branch  
Collection Division  
Directorate of Intelligence  

DOWNGRADED AT 3 YEAR INTERVALS:  
DECLASSIFIED AFTER 12 YEARS.  
DOD DIR 5200.10  

UNCLASSIFIED",0.014527845036319613,4.09,"UNCLASSIFIED  
B/Ltr fr HQ, USAF, 30 November 1950, Subj: (Restricted) Aerial  
Phenomena, NE United States, 2 November 50, SPECIAL INQUIRY  
AFOIN-C/CC-11  

2d Ind  
2 FEB 1951  
Dept of the Air Force, Hq, USAF, Washington 25, D.C.  

TO: Commanding General, Air Materiel Command, Wright-Patterson Air  
Force Base, Dayton, Ohio  

1. No further action is required as phenomena of 2 November  
1950 has been confirmed as a meteor by several sources.  

2. It is requested that the 5th District of Special Investigations,  
Wright-Patterson Air Force Base be notified of the above information.  

BY COMMAND OF THE CHIEF OF STAFF:  
JAMES G. EARNEST, JR.  
Lt. Colonel, USAF  
Executive, Collection Control Branch  
Collection Division  
Directorate of Intelligence  

DOWNGRADED AT 3 YEAR INTERVALS:  
DECLASSIFIED AFTER 12 YEARS.  
DOD DIR 5200.10  
UNCLASSIFIED",0.015738498789346248,3.55,"UNCLASSIFIED

B/Ltr fr HQS, USAF, 30 November 1950, Subj: (Restricted) Aerial Phenomena, NE United States, 2 November 50, SPECIAL INQUIRY AFOIN-C/CC-11

2d Ind 2 FEB 1951

Dept of the Air Force, Hq, USAF, Washington 25, D.C.

TO: Commanding General, Air Materiel Command, Wright-Patterson Air Force Base, Dayton, Ohio

1. No further action is required as phenomena of 2 November 1950 has been confirmed as a meteor by several sources.

2. It is requested that the 5th District of Special Investigations, Wright-Patterson Air Force Base be notified of the above information.

BY COMMAND OF THE CHIEF OF STAFF: JAMES G. EARNEST, JR. Lt. Colonel, USAF Executive, Collection Control Branch Collection Division Directorate of Intelligence

DOWNGRADED AT 3 YEAR INTERVALS; DECLASSIFIED AFTER 12 YEARS. DOD DIR 5200.10

UNCLASSIFIED",0.015738498789346248,9.15,"UNCLASSIFIED  
B/Ltr fr HQS, USAF, 30 November 1950, Subj: (Restricted) Aerial  
Phenomena, NE United States, 2 November 50, SPECIAL INQUIRY  
AFOIN-C/CC-11  
2d Ind  
2 FEB 1951  
Dept of the Air Force, Hq, USAF, Washington 25, D.C.  

TO: Commanding General, Air Materiel Command, Wright-Patterson Air  
Force Base, Dayton, Ohio  

1. No further action is required as phenomena of 2 November  
1950 has been confirmed as a meteor by several sources.  

2. It is requested that the 5th District of Special Investigations,  
Wright-Patterson Air Force Base be notified of the above information.  

BY COMMAND OF THE CHIEF OF STAFF:  
JAMES G. EARNEST, JR.  
Lt. Colonel, USAF  
Executive, Collection Control Branch  
Collection Division  
Directorate of Intelligence  

DOWNGRADED AT 3 YEAR INTERVALS:  
DECLASSIFIED AFTER 12 YEARS.  
DOD DIR 5200.10  
UNCLASSIFIED",0.014527845036319613,4.29,"UNCLASSIFIED  
B/Ltr fr HQS, USAF, 30 November 1950, Subj: (Restricted) Aerial  
Phenomena, NE United States, 2 November 50, SPECIAL INQUIRY  
AFOIN-C/CC-11  
2d Ind  
2 FEB 1951  
Dept of the Air Force, Hq, USAF, Washington 25, D.C.  

TO: Commanding General, Air Materiel Command, Wright-Patterson Air  
Force Base, Dayton, Ohio  

1. No further action is required as phenomena of 2 November  
1950 has been confirmed as a meteor by several sources.  

2. It is requested that the 5th District of Special Investigations,  
Wright-Patterson Air Force Base be notified of the above information.  

BY COMMAND OF THE CHIEF OF STAFF:  
JAMES G. EARNEST, JR.  
Lt. Colonel, USAF  
Executive, Collection Control Branch  
Collection Division  
Directorate of Intelligence  

DOWNGRADED AT 3 YEAR INTERVALS:  
DECLASSIFIED AFTER 12 YEARS.  
DOD DIR 5200.10  
UNCLASSIFIED",0.014527845036319613,131.16,"UNCLASSIFIED  
B/Ltr fr HQS, USAF, 30 November 1950, Subj: (Restricted) Aerial  
Phenomena, NE United States, 2 November 50, SPECIAL INQUIRY  
AFOIN-C/CC-11  

2d Ind  
2 FEB 1951  
Dept of the Air Force, Hq, USAF, Washington 25, D.C.  

TO: Commanding General, Air Materiel Command, Wright-Patterson Air  
Force Base, Dayton, Ohio  

1. No further action is required as phenomena of 2 November  
1950 has been confirmed as a meteor by several sources.  

2. It is requested that the 5th District of Special Investigations,  
Wright-Patterson Air Force Base be notified of the above information.  

BY COMMAND OF THE CHIEF OF STAFF:  
JAMES G. EARNEST, JR.  
Lt. Colonel, USAF  
Executive, Collection Control Branch  
Collection Division  
Directorate of Intelligence  

DOWNGRADED AT 3 YEAR INTERVALS:  
DECLASSIFIED AFTER 12 YEARS.  
DOD DIR 5200.10  
UNCLASSIFIED  

3",0.012106537530266344,4.38,"UNCLASSIFIED

B/Ltr fr HQS, USAF, 30 November 1950, Subj: (Restricted) Aerial Phenomena, NE United States, 2 November 50, SPECIAL INQUIRY AFOIN-C/CC-11

2d Ind 2 FEB 1951 Dept of the Air Force, Hq, USAF, Washington 25, D.C.

TO: Commanding General, Air Materiel Command, Wright-Patterson Air Force Base, Dayton, Ohio

1. No further action is required as phenomena of 2 November 1950 has been confirmed as a meteor by several sources.

2. It is requested that the 5th District of Special Investigations, Wright-Patterson Air Force Base be notified of the above information.

BY COMMAND OF THE CHIEF OF STAFF: JAMES G. EARNEST, JR. Lt. Colonel, USAF Executive, Collection Control Branch Collection Division Directorate of Intelligence

DOWNGRADED AT 3 YEAR INTE: DECLASSIFIED AFTER 12 YEARS. DOD DIR 5200.10

UNCLASSIFIED

3",0.015738498789346248,2.45,"UNCLASSIFIED  
B/Ltr fr HQS, USAF, 30 November 1950, Subj: (Restricted) Aerial Phenomena, NE United States, 2 November 50, SPECIAL INQUIRY AFOIN-C/CC-11

2d Ind  
2 FEB 1951  
Dept of the Air Force, Hq, USAF, Washington 25, D.C.

TO: Commanding General, Air Materiel Command, Wright-Patterson Air Force Base, Dayton, Ohio

1. No further action is required as phenomena of 2 November 1950 has been confirmed as a meteor by several sources.

2. It is requested that the 5th District of Special Investigations, Wright-Patterson Air Force Base be notified of the above information.

BY COMMAND OF THE CHIEF OF STAFF:  
JAMES G. EARNEST, JR.  
Lt. Colonel, USAF  
Executive, Collection Control Branch  
Collection Division  
Directorate of Intelligence

DOWNGRADED AT 3 YEAR INTE:  
DECLASSIFIED AFTER 12 YEARS.  
DOD DIR 5200.10  
UNCLASSIFIED",0.018159806295399514,2.69
28930793,"Eq Chief, Air Weather Service, Washington 25, D. C.

Subj: Project ""SIGN""

4. The form used in interrogating witnesses to sighting is enclosed as a matter of interest. Comment as to possible improvement of the ""Essential Elements of Information"" in regard to routing synoptic balloon flights is invited.

5. It is requested that correspondence be forwarded to the Commanding General, Headquarters, Air Materiel Command, attention MCIAXO-3.

FOR THE GENERAL:

/s/ W. R. Clingerman, Col. USAF

2 Incls:

for H. M. McCOY

Summaries 1-172 incl

Colonel, USAF

""EEI""

Chief, Intelligence Dept

Copies furnished:

AFOIR, Hq. USAF

Capt Trakowski, Geophysics Lab

Major Kodis, CHEER

Colonel Neal,",0.04291845493562232,3.56,"Eq Chief, Air Weather Service, Washington 25, D. C.

Subj: Project ""SIGN""

4. The form used in interrogating witnesses to sighting is enclosed as a matter of interest. Comment as to possible improvement of the ""Essential Elements of Information"" in regard to routing synoptic balloon flights is invited.

5. It is requested that correspondence be forwarded to the Commanding General, Headquarters, Air Materiel Command, attention MCIAXO-3.

FOR THE GENERAL:

/s/ W. R. Clingerman, Col. USAF

2 Incls:

for H. M. McCOY

Summaries 1-172 incl

Colonel, USAF

""EEI""

Chief, Intelligence Dept

Copies furnished:

AFOIR, Hq. USAF

Capt Trakowski, Geophysics Lab

Major Kodis, ICHEER

Colonel Neal,",0.04291845493562232,3.8,"Eq Chief, Air Weather Service, Washington 25, D.C.  
Subj: Project ""SIGN""  

4. The form used in interrogating witnesses to sightings is enclosed as a matter of interest. Comments as to possible improvement of the ""Essential Elements of Information"" in regard to routing synoptic balloon flights is invited.  

5. It is requested that correspondence be forwarded to the Commanding General, Headquarters, Air Materiel Command, attention MCIAXO-3.  

FOR THE GENERAL:  
/s/ W. R. Clingerman, Col. USAF  

2 Incls:  
for H. M. McCOY  
Summaries 1-172 incl  

Colonel, USAF  
""EEI""  
Chief, Intelligence Dept  

Copies furnished:  
AFOIR, Hq. USAF  
Capt Trakowski, Geophysics Lab  
Major Kodis, ICHEER  
Colonel Neal,",0.044349070100143065,7.56,"Eq Chief, Air Weather Service, Washington 25, D. C.  
Subj: Project ""SIGN""  
4. The form used in interrogating witnesses to sightings is enclosed as a matter of interest. Comment as to possible improvement of the ""Essential Elements of Information"" in regard to routing synoptic balloon flights is invited.  
5. It is requested that correspondence be forwarded to the Commanding General, Headquarters, Air Materiel Command, attention MCIAXO-3.  
FOR THE GENERAL:  
/s/ W. R. Clingerman, Col. USAF  
2 Incls:  
for H. M. McCOY  
Summaries 1-172 incl  
Colonel, USAF  
""EEI""  
Chief, Intelligence Dept  
Copies furnished:  
AFOIR, Hq. USAF  
Capt Trakowski, Geophysics Lab  
Major Kodis, ICHEER  
Colonel Neal,",0.04148783977110158,6.1,"Eq Chief, Air Weather Service, Washington 25, D. C.  
Subj: Project ""SIGN""  
4. The form used in interrogating witnesses to sightings is enclosed as a matter of interest. Comment as to possible improvement of the ""Essential Elements of Information"" in regard to routing synoptic balloon flights is invited.  
5. It is requested that correspondence be forwarded to the Commanding General, Headquarters, Air Materiel Command, attention MCIAXO-3.  
FOR THE GENERAL:  
/s/ W. R. Clingerman, Col, USAF  
2 Incls:  
for H. M. McCOY  
Summaries 1-172 incl  
Colonel, USAF  
""EEI""  
Chief, Intelligence Dept  
Copies furnished:  
AFOIR, Hq. USAF  
Capt Trakowski, Geophysics Lab  
Major Kodis, ICHEER  
Colonel Neal,",0.04005722460658083,5.88,"Eq Chief, Air Weather Service, Washington 25, D. C.

Subj: Project ""SIGN""

4. The form used in interrogating witnesses to sightings is enclosed as a matter of interest. Comment as to possible improvement of the ""Essential Elements of Information"" in regard to routing synoptic balloon flights is invited.

5. It is requested that correspondence be forwarded to the Commanding General, Headquarters, Air Materiel Command, attention MCIAXO-3.

FOR THE GENERAL:

/s/ W. R. Clingerman, Col. USAF

2 Incls:

for H. M. McCOY

Summaries 1-172 incl

Colonel, USAF

""EEI""

Chief, Intelligence Dept

Copies furnished:

AFOIR, Hq. USAF

Capt Trakowski, Geophysics Lab

Major Rodis, CHEER

Colonel Neal",0.044349070100143065,5.32,"Eq Chief, Air Weather Service, Washington 25, D. C.  
Subj: Project ""SIGN""  

4. The form used in interrogating witnesses to sighting is enclosed as a matter of interest. Comment as to possible improvement of the ""Essential Elements of Information"" in regard to routing synoptic balloon flights is invited.  

5. It is requested that correspondence be forwarded to the Commanding General, Headquarters, Air Materiel Command, attention MCIAXO-3.  

FOR THE GENERAL:  
/s/ W. R. Clingerman, Col. USAF  
2 Incls:  
for H. M. McCOY  
Summaries 1-172 incl  
Colonel, USAF  
""EEI""  
Chief, Intelligence Dept  

Copies furnished:  
AFOIR, Hq. USAF  
Capt Trakowski, Geophysics Lab  
Major Kodis, ʘCHEERʘ  
Colonel Neal,",0.04291845493562232,4.2,"Eq Chief, Air Weather Service, Washington 25, D. C.  
Subj: Project ""SIGN""  
4. The form used in interrogating witnesses to sighting is enclosed as a matter of interest. Comment as to possible improvement of the ""Essential Elements of Information"" in regard to routing synoptic balloon flights is invited.  
5. It is requested that correspondence be forwarded to the Commanding General, Headquarters, Air Materiel Command, attention MCIAXO-3.  
FOR THE GENERAL:  
/s/ W. R. Clingerman, Col. USAF  
2 Incls:  
for H. M. McCOY  
Summaries 1-172 incl  
Colonel, USAF  
""EEI""  
Chief, Intelligence Dept  
Copies furnished,  
AFDIR, Hq. USAF  
Capt Trakowski, Geophysics Lab  
Major Kodis, ʘCHEERʘ  
Colonel Neal,",0.045779685264663805,2.66,"Eq Chief, Air Weather Service, Washington 25, D. C.  
Subj: Project ""SIGN""  
4. The form used in interrogating witnesses to sighting is enclosed as a matter of interest. Comment as to possible improvement of the ""Essential Elements of Information"" in regard to routing synoptic balloon flights is invited.  
5. It is requested that correspondence be forwarded to the Commanding General, Headquarters, Air Materiel Command, attention MCIAXO-3.  

FOR THE GENERAL:  
/s/ W. R. Clingerman, Col, USAF  

2 Incls:  
for H. M. McCOY  
Summaries 1-172 incl  
Colonel, USAF  
""EEI""  
Chief, Intelligence Dept  

Copies furnished,  
AFOIR, Hq. USAF  
Capt Trakowski, Geophysics Lab  
Major Kodis, !CHEEP  
Colonel Neal,",0.04148783977110158,6.86
28997563,"MARCH, 1963  
THE A.P.R.O. BULLETIN  
PAGE 3  

Above are shown 3 of 4 UFOs photographed in Argentina. See page 1 for story, page four for photo No. 4.",0.0273972602739726,0.81,"MARCH, 1963  
THE A.P.R.O. BULLETIN  
PAGE 3  

Above are shown 3 of 4 UFOs photographed in Argentina. See page 1 for story, page four for photo No. 4.",0.0273972602739726,0.93,"MARCH, 1963  
THE A.P.R.O. BULLETIN  
PAGE 3  

Above are shown 3 of 4 UFOs photographed in Argentina. See page 1 for story, page four for photo No. 4.",0.0273972602739726,1.22,"MARCH, 1963  
THE A.P.R.O. BULLETIN  
PAGE 3  

Above are shown 3 of 4 UFOs photographed in Argentina. See page 1 for story, page four for photo No. 4.",0.0273972602739726,2.02,"MARCH, 1963  
THE A.P.R.O. BULLETIN  
PAGE 3  

Above are shown 3 of 4 UFOs photographed in Argentina. See page 1 for story, page four for photo No. 4.",0.0273972602739726,1.48,"MARCH, 1963  
THE A.P.R.O. BULLETIN  
PAGE 3  

Above are shown 3 of 4 UFOs photographed in Argentina. See page 1 for story, page four for photo No. 4.",0.0273972602739726,1.63,"MARCH, 1963  
THE A. P. R. O. BULLETIN  
PAGE 3  

Above are shown 3 of 4 UFOs photographed in Argentina. See page 1 for story, page four for photo No. 4.",0.006802721088435374,1.23,"MARCH, 1963  
THE A. P. R. O. BULLETIN  
PAGE 3  

Above are shown 3 of 4 UFO photographed in Argentina. See page 1 for story, page four for photo No. 4.",0.0,0.92,"MARCH, 1963  
THE A.P.R.O. BULLETIN  
PAGE 3  

Above are shown 3 of 4 UFO photographed in Argentina. See page 1 for story, page four for photo No. 4.",0.02054794520547945,1.15
28952995,"UNCLASSIFIED  
Answers to questions contained in:  
Brand  
U.S. AIR FORCE TECHNICAL INFORMATION SHEET  

1. 28 January 1953  
2. 2235 hours  
3. Eastern Standard Time  
4. Mitchel Air Force Base, New York  
5. two seconds  
5.1 Fairly certain  
6. No trace of daylight  
7. Not Applicable  
8. 8.1 A for  
8.2 Don't remember  
9. Yes, very  
10. Several yards away  
11. a. through e. - No  
12. No  
13. Don't recall  
14. Solid  
15. a. No  
b. No  
c. Yes  
d. No  
16. a. None  
b. Bright green  

DOWNGRADED AT 3 YEAR INTERVALS  
DECLASSIFIED AFTER 12 YEARS  
DOD DIR 5200.10  
UNCLASSIFIED",0.022099447513812154,4.89,"UNCLASSIFIED  
Answers to questions contained in:  
Brand  
U.S. AIR FORCE TECHNICAL INFORMATION SHEET  

1. 28 January 1953  
2. 2235 hours  
3. Eastern Standard Time  
4. Mitchel Air Force Base, New York  
5. two seconds  
5.1 Fairly certain  
6. No trace of daylight  
7. Not Applicable  
8. 8.1 A for  
8.2 Don't remember  
9. Yes, very  
10. Several yards away  
11. a. through e. - No  
12. No  
13. Don't recall  
14. Solid  
15.  
a. No  
b. No  
c. Yes  
d. No  

16.  
a. None  
b. Bright green  

17. DOWNGRADED AT 3 YEAR INTERVALS  
DECLASSIFIED AFTER 12 YEARS  
DOD DIR 5200.10  
UNCLASSIFIED",0.014732965009208104,5.84,"UNCLASSIFIED  
Answers to questions contained in:  
Brand  
U.S. AIR FORCE TECHNICAL INFORMATION SHEET  

1. 28 January 1953  
2. 2235 hours  
3. Eastern Standard Time  
4. Mitchel Air Force Base, New York  
5. two seconds  
5.1 Fairly certain  
6. No trace of daylight  
7. Not Applicable  
8. 8.1 A for  
8.2 Don't remember  
9. Yes, very  
10. Several yards away  
11. a. through e. - No  
12. No  
13. Don't recall  
14. Solid  
15. a. No  
b. No  
c. Yes  
d. No  
16. a. None  
b. Bright green  

DOWNGRADED AT 3 YEAR INTERVALS  
DECLASSIFIED AFTER 12 YEARS  
DOD DIR 5200.10  
UNCLASSIFIED",0.022099447513812154,3.69,"UNCLASSIFIED  
Answers to questions contained in:  
Brand  
U.S. AIR FORCE TECHNICAL INFORMATION SHEET  

1. 28 January 1953  
2. 2235 hours  
3. Eastern Standard Time  
4. Mitchel Air Force Base, New York  
5. two seconds  
5.1 Fairly certain  
6. No trace of daylight  
7. Not Applicable  
8. 8.1 A for  
8.2 Don't remember  
9. Yes, very  
10. Several yards away  
11. a. through e. - No  
12. No  
13. Don't recall  
14. Solid  
15. a. No  
b. No  
c. Yes  
d. No  
16. a. None  
b. Bright green  

DOWNGRADED AT 3 YEAR INTERVALS  
DECLASSIFIED AFTER 12 YEARS  
DOD DIR 5200.10  
UNCLASSIFIED",0.022099447513812154,4.0,"UNCLASSIFIED  
Answers to questions contained in:  
Brand  
U.S. AIR FORCE TECHNICAL INFORMATION SHEET  

1. 28 January 1953  
2. 2235 hours  
3. Eastern Standard Time  
4. Mitchel Air Force Base, New York  
5. two seconds  
5.1 Fairly certain  
6. No trace of daylight  
7. Not Applicable  
8. a. Don't remember  
9. Yes, very  
10. Several yards away  
11. a. through e. - No  
12. No  
13. Don't recall  
14. Solid  
15. a. No  
    b. No  
    c. Yes  
    d. No  
16. a. None  
    b. Bright green  
17. DOWNGRADED AT 3 YEAR INTERVALS  
    DECLASSIFIED AFTER 12 YEARS  
    DOD DIR 5200.10  
UNCLASSIFIED",0.03130755064456722,5.36,"UNCLASSIFIED  
Answers to questions contained in:  
Brand  
U.S. AIR FORCE TECHNICAL INFORMATION SHEET  

1. 28 January 1953  
2. 2235 hours  
3. Eastern Standard Time  
4. Mitchel Air Force Base, New York  
5. two seconds  
5.1 Fairly certain  
6. No trace of daylight  
7. Not Applicable  
8. 8.1 A for  
8.2 Don't remember  
9. Yes, very  
10. Several yards away  
11. a. through e. - No  
12. No  
13. Don't recall  
14. Solid  
15. a. No  
b. No  
c. Yes  
d. No  
16. a. None  
b. Bright green  

DOWNGRADED AT 3 YEAR INTERVALS  
DECLASSIFIED AFTER 12 YEARS  
DOD DIR 5200.10  
UNCLASSIFIED",0.022099447513812154,3.91,"UNCLASSIFIED

Answers to questions contained in:
Brand
U. S. AIR FORCE TECHNICAL IMPORTATION SESST

1. 28 January 1953
2. 2235 hours
3. Eastern Standard Time
4. Mitchel Air Force Base, New York
5. two seconds
5.1 Fairly certain
6. No trace of daylight
7. Not Applicable
8. 8.1 A for
8.2 Don't remember
9. Yes, very
10. Several yards away
11. a. through E. - No
12. No
13. Don't recall
14. Solid
15. a. No
    b. No
    c. Yes
    d. No
16. a. None
    b. Bright green

DOWNGRADED AT 3 YEAR INT
DECLASSIFIED AFTER 12 Y
DOD DIR 5200.10

UNCLASSIFIED

Ince 3",0.05156537753222836,2.6,"UNCLASSIFIED  
Answers to questions contained in:  
Brand  
U. S. AIR FORCE TECHNICAL IMPORTATION SESST  

1.  
28 January 1953  

2.  
2235 hours  

3.  
Eastern Standard Time  

4.  
Mitchel Air Force Base, New York  

5.  
two seconds  

5.1  
Fairly certain  

6.  
No trace of daylight  

7.  
Not Applicable  

8.  
8.1 A for  
8.2 Don't remember  

9.  
Yes, very  

10.  
Several yards away  

11.  
a. through e. - No  

12.  
No  

13.  
Don't recall  

14.  
Solid  

15.  
a. No  
b. No  
c. Yes  
d. No  

16.  
a. None  
b. Bright green  

17.  
DOWNGRADED AT 3 YEAR INT  
DECLASSIFIED AFTER 12 Y  
DOD DIR 5200.10  

UNCLASSIFIED  

Ince 3",0.04419889502762431,2.97,"UNCLASSIFIED  
Answers to questions contained in:  
Brand  
U.S. AIR FORCE TECHNICAL IMPORTATION SESST  

1. 28 January 1953  
2. 2235 hours  
3. Eastern Standard Time  
4. Mitchel Air Force Base, New York  
5. two seconds  
5.1 Fairly certain  
6. No trace of daylight  
7. Not Applicable  
8. 8.1 A for  
8.2 Don't remember  
9. Yes, very  
10. Several yards away  
11. a. through E. - No  
12. No  
13. Don't recall  
14. Solid  
15.  
a. No  
b. No  
c. Yes  
d. No  
16.  
a. None  
b. Bright green  

DOWNGRADED AT 3 YEAR INT  
DECLASSIFIED AFTER 12 Y  
DOD DIR 5200.10  
UNCLASSIFIED  

Page 3",0.053406998158379376,3.16
28952481,"Passively Balloon: follows
when his system's rays -29/2020
new moon - and when
white, or plain
paths extend - que 16
special refer time and can
take on new shapes.
Nomenclature base
Murre, Virtual, etc.
also balloon branding
sites.
His speed of 280 MPH
error warning both of
his contradicting statements (347
member) plans the data as
a basis for computation.",0.3112244897959184,2.88,"Pascal's Balloon: follows  
when his system's rays - 29/2020  
new moon - and when  
white, or plain  
paths extend - que 16  
special refer time and can  
take on new shapes.  
Humanone base  
Murre, Virtual, etc.  
also balloon branding  
sites.  
His speed of 280 MPH  
error waning both of  
his contradicting statements (347  
member) plans then data as  
a basis for computation.",0.3112244897959184,1.63,"Passively Balloon: follows when his system's rays -29/2020 new moon - and when white, or plain paths extend - que 16 special refer time and can take on new shapes. Numanone base Murre, Virtual, etc. also balloon branding sites. His speed of 280 MPH error waning both of his contracting statements (347 member) plans then data as a basis for computation.",0.3086734693877551,2.05,"Possibly Balloon: follows when his system's rays -29/2020 new moon - and when white, or plain paths extend - que 16 special refer time and can take on new shapes. Numacone base Murre, Virtual, etc. also balloon branding sites. His speed of 280 MPH error warning both of his contradicting statements (347 member) plans then data as a basis for computation.",0.29591836734693877,2.25,"Passibly Balloon: follows  
when his system's rays -29/2020  
new moon - and when  
white, or plain  
plates extend - cue 16  
special refer time and can  
take on weird shapes.  
Numerous bases  
Murray, Vermont, etc.  
also balloon branding  
sites.  
His speed of 280 MPH  
error warning both of  
his contradicting statements (347  
member) plans the data as  
a basis for computation.",0.2780612244897959,2.56,"Passively Balloon: follows  
when his system's rays - 29/2020  
new moon - and when  
white, or plain  
paths extend - cue 16  
special refer time and can  
take on new shapes.  
Numerous bases  
Murray, Virtual, etc.  
also balloon branding  
sites.  
His speed of 280 MPH  
error warning both of  
his contradicting statements (347  
member) plans then data as  
a basis for computation.",0.288265306122449,2.96,"Passily Balloon: follows  
when his system's rays  
new moon - and when  
white, or plain  
plathi extend - que 16  
special refer time and can  
take on new shapes.  
Numanone base  
Murre, Virtual, etc.  
also balloon branding  
sites.  
His speed of 280 MPH  
error warning both of  
his contradicting statements (347  
member) plans then data as  
a basis for computation.",0.30357142857142855,2.11,"Passily Balloon: follows  
when his system's rays -29/2020  
new moon - and when  
white, or plain  
plains extend - que 16  
special reference time and can  
take on new shapes.  
Numerous bases  
Murre, Virtual, etc.  
also balloon branding  
sites.  
His speed of 280 MPH  
error warning both of  
his contradicting statements (347  
member) plans then data as  
a basis for computation.",0.29081632653061223,3.22,"Passibly Balloon: follows  
when his system's rays -29/2020  
new moon - and when  
white, or plain  
plathi extend - que 16  
special reference time and can  
take on new shapes.  
Numerous bases  
Murre, Virtmale, etc.  
also balloon branding  
sites.  
His speed of 280 MPH  
error warning both of  
his contracting statements (347  
member) plans then data as  
a basis for computation.",0.29081632653061223,1.54
28955301,"HEADQUARTERS  
520TH AIR DEFENSE GROUP  
TRUAX FIELD  
Madison, Wisconsin  

14 JUL 1953  

DGAG  

SUBJECT: Report of Unidentified Objects  

TO:  
Commander  
Air Technical Intelligence Center  
Wright-Patterson AFB, Ohio  

Reference to inclosure #1, Report of Sighting of Unidentified Objects, for your information.  

FOR THE COMMANDER:  
Allen  

1 Incl  
DON A. AMOS  
2nd Lt USAF  
Adjutant  

Rept of Sighting of Unidentified Objects",0.11809045226130653,2.21,"HEADQUARTERS  
520TH AIR DEFENSE GROUP  
TRUAX FIELD  
Madison, Wisconsin  
14 JUL 1953  

DGAG  

SUBJECT: Report of Unidentified Objects  

TO:  
Commander  
Air Technical Intelligence Center  
Wright-Patterson AFB, Ohio  

Reference to inclosure #1, Report of Sighting of Unidentified Objects,  
for your information.  

FOR THE COMMANDER:  

Allen  

1 Incl  

DON A. AMOS  
Rept of Sighting of Unidentified Objects  
2nd Lt USAF  
Adjutant",0.0829145728643216,2.34,"HEADQUARTERS  
520TH AIR DEFENSE GROUP  
TRUAX FIELD  
Madison, Wisconsin  
14 JUL 1953  

SUBJECT: Report of Unidentified Objects  

TO:  
Commander  
Air Technical Intelligence Center  
Wright-Patterson AFB, Ohio  

Reference to inclosure #1, Report of Sighting of Unidentified Objects, for your information.  

FOR THE COMMANDER:  
Allen  

1 Incl  
DON A. AMOS  
2nd Lt USAF  
Adjutant",0.13924050632911392,2.2,"HEADQUARTERS  
520TH AIR DEFENSE GROUP  
TRUAX FIELD  
Madison, Wisconsin  
14 JUL 1953  

SUBJECT: Report of Unidentified Objects  

TO:  
Commander  
Air Technical Intelligence Center  
Wright-Patterson AFB, Ohio  

Reference to enclosure #1, Report of Sighting of Unidentified Objects, for your information.  

FOR THE COMMANDER:  
Allen  

1 Encl  

DON A. AMOS  
2nd Lt USAF  
Adjutant",0.14430379746835442,2.76,"HEADQUARTERS  
520TH AIR DEFENSE GROUP  
TRUAX FIELD  
Madison, Wisconsin  
14 JUL 1953  

DGAG  

SUBJECT: Report of Unidentified Objects  

TO:  
Commander  
Air Technical Intelligence Center  
Wright-Patterson AFB, Ohio  

Reference to enclosure #1, Report of Sighting of Unidentified Objects,  
for your information.  

FOR THE COMMANDER:  

Allen  

1 Encl  

DON A. AMOS  
2nd Lt USAF  
Adjutant",0.13164556962025317,2.15,"HEADQUARTERS  
520TH AIR DEFENSE GROUP  
TRUAX FIELD  
Madison, Wisconsin  

14 JUL 1953  

DGAG  

SUBJECT: Report of Unidentified Objects  

TO:  
Commander  
Air Technical Intelligence Center  
Wright-Patterson AFB, Ohio  

Reference to enclosure #1, Report of Sighting of Unidentified Objects, for your information.  

FOR THE COMMANDER:  
Allen  

1 Incl  
DON A. AMOS  
2nd Lt USAF  
Adjutant",0.1291139240506329,2.46,"HEADQUARTERS  
520TH AIR DEFENSE GROUP  
TRUAX FIELD  
Madison, Wisconsin  
14 JUL 1953  

DGAG  

SUBJECT: Report of Unidentified Objects  

TO:  
Commander  
Air Technical Intelligence Center  
Wright-Patterson AFB, Ohio  

Reference to inclosure #1, Report of Sighting of Unidentified Objects,  
for your information.  

FOR THE COMMANDER:  

Allen  

1 Incl  
DON A. AMOS  
2nd Lt USAF  
Adjutant  

Rept of Sighting of Uni-  
dentified Objects",0.115,4.61,"HEADQUARTERS  
520TH AIR DEFENSE GROUP  
TRUAX FIELD  
Madison, Wisconsin  
14 JUL 1953  
DGAG  

SUBJECT: Report of Unidentified Objects  

TO:  
Commander  
Air Technical Intelligence Center  
Wright-Patterson AFB, Ohio  

Reference to inclosure #1, Report of Sighting of Unidentified Objects,  
for your information.  

FOR THE COMMANDER:  
Allen  

1 Incl  
DON A. AMOS  
Rept of Sighting of Uni-  
2nd Lt USAF  
dentified Objects  
Adjutant",0.0175,2.39,"HEADQUARTERS  
520TH AIR DEFENSE GROUP  
TRUAX FIELD  
Madison, Wisconsin  

14 JUL 1953  
DGAG  

SUBJECT: Report of Unidentified Objects  

TO:  
Commander  
Air Technical Intelligence Center  
Wright-Patterson AFB, Ohio  

Reference to inclosure #1, Report of Sighting of Unidentified Objects, for your information.  

FOR THE COMMANDER:  
Allen  

1 Incl  
DON A. AMOS  
Rept of Sighting of Uni-  
2nd Lt USAF  
dentified Objects  
Adjutant",0.0175,1.91
28965919,"Page 4

20. Draw a picture that will show the motion that the object or objects made. Place an ""A"" at the beginning of the path, ""B"" at the end of the path, and show any changes in direction during the course.

21. IF POSSIBLE, try to guess or estimate what the real size of the object was in its longest dimension.
-
feet.

22. How large did the object or objects appear as compared with one of the following objects held in the hand and at about arm's length?
(Circle One):
a. Head of a pin
b. Pea
c. Dime
d. Nickel
e. Quarter
f. Half dollar
g. Silver dollar
h. Baseball
i. Grapefruit
j. Basketball
k. Other

22.1 (Circle One of the following to indicate how certain you are of your answer to Question 22.)
a. Certain
b. Fairly certain
c. Not very sure
d. Uncertain

23. How did the object or objects disappear from view?
REFLECTIVE AREA SCATTERED AND FADED

24. In order that you can give as clear a picture as possible of what you saw, we would like for you to imagine that you could construct the object that you saw. Of what type of material would you make it? How large would it be, and what shape would it have? Describe in your own words a common object or objects which when placed up in the sky would give the same appearance as the object which you saw.
NOT WEATHER PHENOMENON.",0.015491866769945779,9.22,"Page 4

20. Draw a picture that will show the motion that the object or objects made. Place an ""A"" at the beginning of the path, ""B"" at the end of the path, and show any changes in direction during the course.

21. IF POSSIBLE, try to guess or estimate what the real size of the object was in its longest dimension.
- feet.

22. How large did the object or objects appear as compared with one of the following objects held in the hand and at about arm's length?
(Circle One):
a. Head of a pin
b. Pea
c. Dime
d. Nickel
e. Quarter
f. Half dollar
g. Silver dollar
h. Baseball
i. Grapefruit
j. Basketball
k. Other

22.1 (Circle One of the following to indicate how certain you are of your answer to Question 22.)
a. Certain
b. Fairly certain
c. Not very sure
d. Uncertain

23. How did the object or objects disappear from view?
REFLECTIVE AREA SCATTERED AND FADED

24. In order that you can give as clear a picture as possible of what you saw, we would like for you to imagine that you could construct the object that you saw. Of what type of material would you make it? How large would it be, and what shape would it have? Describe in your own words a common object or objects which when placed up in the sky would give the same appearance as the object which you saw.
NOT WEATHER PHENOMENON.",0.015491866769945779,8.81,"Page 4

20. Draw a picture that will show the motion that the object or objects made. Place an ""A"" at the beginning of the path, ""B"" at the end of the path, and show any changes in direction during the course.

21. IF POSSIBLE, try to guess or estimate what the real size of the object was in its longest dimension. 

22. How large did the object or objects appear as compared with one of the following objects held in the hand and at about arm's length?  
(Circle One):  
a. Head of a pin  
b. Pea  
c. Dime  
d. Nickel  
e. Quarter  
f. Half dollar  
g. Silver dollar  
h. Baseball  
i. Grapefruit  
j. Basketball  
k. Other  

22.1 (Circle One of the following to indicate how certain you are of your answer to Question 22.)  
a. Certain  
b. Fairly certain  
c. Not very sure  
d. Uncertain  

23. How did the object or objects disappear from view?  
REFLECTIVE AREA SCATTERED AND FADED  

24. In order that you can give as clear a picture as possible of what you saw, we would like for you to imagine that you could construct the object that you saw. Of what type of material would you make it? How large would it be, and what shape would it have? Describe in your own words a common object or objects which when placed up in the sky would give the same appearance as the object which you saw.  

NOT WEATHER PHENOMENON.",0.021688613477924088,6.04,"Page 4

20. Draw a picture that will show the motion that the object or objects made. Place an ""A"" at the beginning of the path, ""B"" at the end of the path, and show any changes in direction during the course.

21. IF POSSIBLE, try to guess or estimate what the real size of the object was in its longest dimension.
________ feet.

22. How large did the object or objects appear as compared with one of the following objects held in the hand and at about arm's length?
(Circle One):
a. Head of a pin
b. Pea
c. Dime
d. Nickel
e. Quarter
f. Half dollar
g. Silver dollar
h. Baseball
i. Grapefruit
j. Basketball
k. Other

22.1 (Circle One of the following to indicate how certain you are of your answer to Question 22.)
a. Certain
b. Fairly certain
c. Not very sure
d. Uncertain

23. How did the object or objects disappear from view?
REFLECTIVE AREA SCATTERED AND FADED

24. In order that you can give as clear a picture as possible of what you saw, we would like for you to imagine that you could construct the object that you saw. Of what type material would you make it? How large would it be, and what shape would it have? Describe in your own words a common object or objects which when placed up in the sky would give the same appearance as the object which you saw.
NOT WEATHER PHENOMENON.",0.019364833462432222,6.55,"Page 4

20. Draw a picture that will show the motion that the object or objects made. Place an ""A"" at the beginning of the path, ""B"" at the end of the path, and show any changes in direction during the course.

21. IF POSSIBLE, try to guess or estimate what the real size of the object was in its longest dimension.  
-  
feet.

22. How large did the object or objects appear as compared with one of the following objects held in the hand and at about arm's length?  
(Circle One):  
a. Head of a pin  
b. Pea  
c. Dime  
d. Nickel  
e. Quarter  
f. Half dollar  
g. Silver dollar  
h. Baseball  
i. Basketball  
k. Other

22.1 (Circle One of the following to indicate how certain you are of your answer to Question 22.)  
a. Certain  
b. Fairly certain  
c. Not very sure  
d. Uncertain

23. How did the object or objects disappear from view?  
REFLECTIVE AREA SCATTERED AND FADED

24. In order that you can give as clear a picture as possible of what you saw, we would like for you to imagine that you could construct the object that you saw. Of what type of material would you make it? How large would it be, and what shape would it have? Describe in your own words a common object or objects which when placed up in the sky would give the same appearance as the object which you saw.  
NOT WEATHER PHENOMENON.",0.026336173508907823,8.91,"Page 4

20. Draw a picture that will show the motion that the object or objects made. Place an ""A"" at the beginning of the path, ""B"" at the end of the path, and show any changes in direction during the course.

21. IF POSSIBLE, try to guess or estimate what the real size of the object was in its longest dimension.  
-  
feet.

22. How large did the object or objects appear as compared with one of the following objects held in the hand and at about arm's length?  
(Circle One):  
a. Head of a pin  
b. Pea  
c. Dime  
d. Nickel  
e. Quarter  
f. Half dollar  
g. Silver dollar  
h. Baseball  
i. Grapefruit  
j. Basketball  
k. Other

22.1 (Circle One of the following to indicate how certain you are of your answer to Question 22.)  
a. Certain  
b. Fairly certain  
c. Not very sure  
d. Uncertain

23. How did the object or objects disappear from view?  
REFLECTIVE AREA SCATTERED AND FADED

24. In order that you can give as clear a picture as possible of what you saw, we would like for you to imagine that you could construct the object that you saw. Of what type material would you make it? How large would it be, and what shape would it have? Describe in your own words a common object or objects which when placed up in the sky would give the same appearance as the object which you saw.  
NOT WEATHER PHENOMENON.",0.013168086754453912,6.85,"Page 4

20. Draw a picture that will show the motion that the object or objects made. Place an ""A"" at the beginning of the o *B° at the end of the path, and show any changes in direction during the course.

21. IF POSSIBLE, try to guess or estimate what the real size of the object was in its longest dimension. 
- 
feet.

22. How large did the object or objects appear as compared with one of the following objects held in the hand and at about arm's length? 
(Circle One): 
a. Head of a pin 
b. Pea 
c. Dime 
d. Nickel 
e. Quarter 
f. Half dollar 
g. Silver dollar 
h. Baseball 
i. Grapefruit 
j. Basketball 
k. Other 

22.1 (Circle One of the following to indicate how certain you are of your answer to Question 22.)
a. Certain 
b. Fairly certain 
c. Not very sure 
d. Uncertain 

23. How did the object or objects disappear from view? 
REFLECTIVE AREA SCATTERED AND FADED

24. In order that you can give as clear a picture as possible of what you saw, we would like for you to imagine that you could construct the object that you saw. Of what type material would you make it? How large would it be, and what shape would it have? Describe in your own words a common object or objects which when placed up in the sky would give the same appearance as the object which you saw. 
NOT WEATHER PHENOMENON.",0.017041053446940357,6.05,"Page 4

20. Draw a picture that will show the motion that the object or objects made. Place an ""A"" at the beginning of the path, and a ""B"" at the end of the path, and show any changes in direction during the course.

21. IF POSSIBLE, try to guess or estimate what the real size of the object was in its longest dimension. 
- 
feet.

22. How large did the object or objects appear as compared with one of the following objects held in the hand and at about arm's length? 
(Circle One): 
a. Head of a pin 
b. Pea 
c. Dime 
d. Nickel 
e. Quarter 
f. Half dollar 
g. Silver dollar 
h. Baseball 
i. Grapefruit 
j. Basketball 
k. Other 

22.1 (Circle One of the following to indicate how certain you are of your answer to Question 22.) 
a. Certain 
b. Fairly certain 
c. Not very sure 
d. Uncertain

23. How did the object or objects disappear from view? 
REFLECTIVE AREA SCATTERED AND FADED

24. In order that you can give as clear a picture as possible of what you saw, we would like for you to imagine that you could construct the object that you saw. Of what type material would you make it? How large would it be, and what shape would it have? Describe in your own words a common object or objects which when placed up in the sky would give the same appearance as the object which you saw. 
NOT WEATHER PHENOMENON.",0.01471727343144849,5.32,"Page 4

20. Draw a picture that will show the motion that the object or objects made. Place an ""A"" at the beginning of the path, ""B"" at the end of the path, and show any changes in direction during the course.

21. IF POSSIBLE, try to guess or estimate what the real size of the object was in its longest dimension.  
-  
feet.

22. How large did the object or objects appear as compared with one of the following objects held in the hand and at about arm's length?  
(Circle One):  
a. Head of a pin  
b. Pea  
c. Dime  
d. Nickel  
e. Quarter  
f. Half dollar  
g. Silver dollar  
h. Baseball  
i. Grapefruit  
j. Basketball  
k. Other  

22.1 (Circle One of the following to indicate how certain you are of your answer to Question 22.)  
a. Certain  
b. Fairly certain  
c. Not very sure  
d. Uncertain  

23. How did the object or objects disappear from view?  
REFLECTIVE AREA SCATTERED AND FADED

24. In order that you can give as clear a picture as possible of what you saw, we would like for you to imagine that you could construct the object that you saw. Of what type material would you make it? How large would it be, and what shape would it have? Describe in your own words a common object or objects which when placed up in the sky would give the same appearance as the object which you saw.  

NOT WEATHER PHENOMENON.",0.013168086754453912,5.12
28978886,"11/21/21 2741  
I Witness 12/21/19  
BEFORE TAKING ACTION.  
PREVIOUSLY RELEASED. CHECK  
SUSPECTED DUPLICATE OF MESSAGE  
16  
TELEPHONED  
To O.D.-GUARD  
No. 53131  
Time  
T G863YDA295ZCJYA8362CHJA6S3  
Date famous  
By:  
166  
PP RJEDDN RJEDSQ  
ZFD RJFMSX  
HJB725TWA331  
4E4  
PP RJEDDN RJEDSQ RJEZHQ  
4 4x3  
a  
DE RJFMHW 3A  
thin  
P 131500Z  
FM COMDR TFW 49  
TO RJEDDN/COMDR ADC  
RJEDSQ/COMDR ATIC  
RJEZHQ/ACS INTELLIGENCE HQ USAF  
RJEZHQ/OIS HQ USAF  
INFO RJFPLD/DCADV ATTN DIR AIR INTELL  
BT  
UNCLASS FROM 49W0-I 7-253. (UFO) IN COMPLIANCE WITH AFR 200-2, 5 FEB 53, THE FOLLOWING UFO REPORTS ARE SUBMITTED. A. DESCRIPTION OF OBJECT: (1) EGG SHAPED (2) GRAPEFRUIT. (3) WHITE, (4) ONE.  
(5) N/A (6) MOVING FAST REGULAR  
INTERVAL OF LIGHT BLINKING ON AND OFF  
(7) NONE. (8) NONE. (9) ALTITUDE ABOVE  
B. DESCRIPTION OF COURSE OF OBJECT: (1) WENT OUT TO TAKE A WEATHER  
OBSERVATION AND SAW IT MOVING. (2) ABOUT 80 DEGREES ANGLE OF ELEVATION 133 DEGREES AZIMUTH. (3) ABOUT 40 DEGREES ANGLE OF ELEVATION  
43 DEGREES AZIMUTH (4) STRAIGHT AND LEVEL. (5) BLINKED OUT AND NEVER CAME ON AGAIN. (6) NO MORE THAN 25 SECONDS  
note: traveled generally from SSW to NE  
(see word due Famous X below)",0.18524590163934426,4.81,"11/21/21 2741  
I Witness 12/21/19  
BEFORE TAKING ACTION.  
PREVIOUSLY RELEASED. CHECK  
SUSPECTED DUPLICATE OF MESSAGE  
16  
TELEPHONED  
To O.D. GUARD  
No. 53131  
Time  
T G863YDA295ZCJYA8362CHJA6S3  
Date famous  
By:  
166  
PP RJEDDN RJEDSQ  
ZFD RJFMSX  
HJB725TWA331  
4E4  
PP RJEDDN RJEDSQ RJEZHQ  
4 4x3  
a  
DE RJFMHW 3A  
thin  
P 131500Z  
FM COMDR TFW 49  
TO RJEDDN/COMDR ADC  
RJEDSQ/COMDR ATIC  
RJEZHQ/ACS INTELLIGENCE HQ USAF  
RJEZHQ/OIS HQ USAF  
INFO RJFPLD/DCADV ATTN DIR AIR INTELL  
BT  
UNCLASS FROM 49W0-I 7-253. (UFO) IN COMPLIANCE WITH AFR 200-2, 5 FEB 53, THE FOLLOWING UFO REPORTS ARE SUBMITTED. A. DESCRIPTION OF OBJECT: (1) EGG SHAPE (2) GRAPEFRUIT (3) WHITE (4) ONE (5) N/A (6) MOVING FAST REGULAR INTERVAL OF LIGHT BLINKING ON AND OFF (7) NONE. (8) NONE. (9) ALTITUDE ABOVE  
B. DESCRIPTION OF COURSE OF OBJECT: (1) WENT OUT TO TAKE A WEATHER OBSERVATION AND SAW IT MOVING. (2) ABOUT 80 DEGREES ANGLE OF ELEVATION 133 DEGREES AZIMUTH. (3) ABOUT 40 DEGREES ANGLE OF ELEVATION 43 DEGREES AZIMUTH (4) STRAIGHT AND LEVEL. (5) BLINKED OUT AND NEVER CAME ON AGAIN. (6) NO MORE THAN 25 SECONDS  
note: object traveled generally from SSW to NE  
(see word due Famis X below)",0.18114754098360655,3.99,"11/21/21 2741  
I Witness 12/21/19  
BEFORE TAKING ACTION.  
PREVIOUSLY RELEASED. CHECK  
SUSPECTED DUPLICATE OF MESSAGE  
16  
TELEPHONED  
To O.D. GUARD  
No. 53131  
Time  
T G863YDA295ZCJYA8362CHJA6S3  
Date famous  
By:  
166  
PP RJEDDN RJEDSQ  
ZFD RJFMSX  
HJB725TWA331  
4E4  
PP RJEDDN RJEDSQ RJEZH?  
4 4x3  
a  
DE RJFMHW 3A  
thin  
P 131500Z  
FM COMDR TFW 49  
TO RJEDDN/COMDR ADC  
RJEDSQ/COMDR ATIC  
RJEZHQ/ACS INTELLIGENCE HQ USAF  
RJEZHQ/OIS HQ USAF  
INFO RJFPLD/DCADV ATTN DIR AIR INTELL  
BT  
UNCLASS FROM 49W0-I 7-253. (UFO) IN COMPLIANCE WITH AFR 200-2, 5 FEB 53, THE FOLLOWING UFO REPORTS ARE SUBMITTED. A. DESCRIPTION OF OBJECT: (1) EGG SHAPED (2) GRAPEFRUIT (3) WHITE (4) ONE  
(5) N/A (6) MOVING FAST REGULAR INTERVAL OF LIGHT BLINKING ON AND OFF  
(7) NONE. (8) NONE. (9) ALTITUDE ABOVE  
B. DESCRIPTION OF COURSE OF OBJECT: (1) WENT OUT TO TAKE A WEATHER OBSERVATION AND SAW IT MOVING. (2) ABOUT 80 DEGREES ANGLE OF ELEVATION 133 DEGREES AZIMUTH. (3) ABOUT 40 DEGREES ANGLE OF ELEVATION 43 DEGREES AZIMUTH (4) STRAIGHT AND LEVEL. (5) BLINKED OUT AND NEVER CAME ON AGAIN. (6) NO MORE THAN 25 SECONDS  
note: object traveled generally from SSW to NE  
(see word due Famis X below)",0.18114754098360655,4.33,"11/2121 2741  
I Witness 12/21/19  
BEFORE TAKING ACTION.  
PREVIOUSLY RELEASED. CHECK  
SUSPECTED DUPLICATE OF MESSAGE  
16  
TELEPHONED  
To O.D.-GUARD  
No. 53131  
Time  
T G863YDA295ZCJYA8362CHJA6S3  
Date famous  
By:  
166  
PP RJEDDN RJEDSQ  
ZFD RJFMSX  
HJB725TWA331  
4E4  
PP RJEDDN RJEDSQ RJEZHQ  
4 4x3  
a  
DE RJFMHW 3A  
thin  
P 131500Z  
FM COMDR TFW 49  
TO RJEDDN/COMDR ADC  
RJEDSQ/COMDR ATIC  
RJEZHQ/ACS INTELLIGENCE HQ USAF  
RJEZHQ/OIS HQ USAF  
INFO RJFPLD/DCADV ATTN DIR AIR INTELL  
BT  
UNCLASS FROM 49W0-17-253. (UFO) IN COMPLIANCE WITH AFR 200-2, 5 FEB 53, THE FOLLOWING UFO REPORTS ARE SUBMITTED. h. DESCRIPTION OF OBJECT: (1) EGG SHAPED (2) GRAPEFRUIT (3) WHITE (4) ONE  
ILUBM  
(5) N/A (6) MOVING FAST REGULAR  
INTERVAL OF LIGHT BLINKING ON AND OFF  
(7) NONE. (8) NONE. (9) ALTITUDE ABOVE  
B. DESCRIPTION OF COURSE OF OBJECT: (1) WENT OUT TO TAKE A WEATHER  
OBSERVATION AND SAW IT MOVING. (2) ABOUT 80 DEGREES ANGLE OF ELEVATION 133 DEGREES AZIMUTH. (3) ABOUT 40 DEGREES ANGLE OF ELEVATION 43 DEGREES AZIMUTH (4) STRAIGHT AND LEVEL. (5) BLINKED NOT IN THE  
AND NEVER CAME ON AGAIN. (6) NO MORE THAN 25 SECONDS  
note: object traveled generally from SSW to NE  
(see word due Famis X below)",0.17704918032786884,7.95,"11/2121 2741  
I Witness 12/21/19  
BEFORE TAKING ACTION.  
PREVIOUSLY RELEASED. CHECK  
SUSPECTED DUPLICATE OF MESSAGE  
16  
TELEPHONED  
To O.D-GUARD  
No. 53131  
Time  
T G863YDA295ZCJYA8362CHJA6S3  
Date famous  
By:  
166  
PP RJEDDN RJEDSQ  
ZFD RJFMSX  
HJB725TWA331  
4E4  
PP RJEDDN RJEDSQ RJEZHQ  
4 4x3  
a  
DE RJFMHW 3A  
thin  
P 131500Z  
FM COMDR TFW 49  
TO RJEDDN/COMDR ADC  
RJEDSQ/COMDR ATIC  
RJEZHQ/ACS INTELLIGENCE HQ USAF  
RJEZHQ/OIS HQ USAF  
INFO RJFPLD/DCADV ATTN DIR AIR INTELL  
BT  
UNCLASS FROM 49W0-I 7-253. (UFO) IN COMPLIANCE WITH AFR 200-2, 5 FEB 53, THE FOLLOWING UFO REPORTS ARE SUBMITTED.  
A. DESCRIPTION OF OBJECT: (1) EGG SHAPED (2) GRAPEFRUIT SIZE (3) WHITE (4) ONE  
(5) N/A (6) MOVING FAST REGULAR  
INTERVAL OF LIGHT BLINKING ON AND OFF  
(7) NONE (8) NONE (9) ALTITUDE ABOVE  
B. DESCRIPTION OF COURSE OF OBJECT: (1) WENT OUT TO TAKE A WEATHER  
OBSERVATION AND SAW IT MOVING. (2) ABOUT 80 DEGREES ANGLE OF ELEVATION 133 DEGREES AZIMUTH. (3) ABOUT 40 DEGREES ANGLE OF ELEVATION  
43 DEGREES AZIMUTH (4) STRAIGHT AND LEVEL (5) BLINKED OUT AND NEVER CAME ON AGAIN. (6) NO MORE THAN 25 SECONDS  
Note: Object traveled generally from SSW to NE.",0.20491803278688525,9.22,"11/2121 2741
I Witness 12/21/19
BEFORE TAKING ACTION.
PREVIOUSLY RELEASED. CHECK
SUSPECTED DUPLICATE OF MESSAGE
16
TELEPHONED
To O.D. GUARD
No. 53131
Time
T G863YDA295ZCJYA8362CHJA653
Date famous
By:
166
PP RJEDDN RJEDSQ
ZFD RJFMSX
HJB725TWA331
4E4
PP RJEDDN RJEDSQ RJEZHQ
4 4x3
a
DE RJFMHW 3A
thin
P 131500Z
FM COMDR TFW 49
TO RJEDDN/COMDR ADC
RJEDSQ/COMDR ATIC
RJEZHQ/ACS INTELLIGENCE HQ USAF
RJEZHQ/OIS HQ USAF
INFO RJFPLD/DCADV ATTN DIR AIR INTELL
BT
UNCLASS FROM 49W0-I 7-253. (UFO) IN COMPLIANCE WITH AFR 200-2, 5 FEB 53, THE FOLLOWING UFO REPORTS ARE SUBMITTED. h. DESCRIPTION OF OBJECT: (1) EGG SHAPED (2) GRAPEFRUIT. (3) WHITE, (4) ONE.
(5) N/A (6) MOVING FAST REGULAR
INTERVAL OF LIGHT BLINKING ON AND OFF
(7) NONE. (8) NONE. (9) ALTITUDE ABOVE
B. DESCRIPTION OF COURSE OF OBJECT: (1) WENT OUT TO TAKE A WEATHER
OBSERVATION AND SAW IT MOVING. (2) ABOUT 80 DEGREES ANGLE OF ELEVATION 133 DEGREES AZIMUTH. (3) ABOUT 40 DEGREES ANGLE OF ELEVATION
43 DEGREES AZIMUTH (4) STRAIGHT AND LEVEL. (5) BLINKED OUT AND NEVER CAME ON AGAIN. (6) NO MORE THAN 25 SECONDS
note: object traveled generally from SSW to NE",0.19672131147540983,8.19,"11/2121 2741  
I Witness 12/21/19  
BEFORE TAKING ACTION.  
PREVIOUSLY RELEASED. CHECK  
SUSPECTFO DUPLICATE OF MESSAGE  
16  
TELEPHONED  
To O.D-GUARI  
No. 53131  
Time  
T G863YDA295ZCJYA8362CHJA6S3  
Date famous  
By:  
166  
PP RJEDDN RJEDSQ  
ZFD RJFMSX  
HJB725TWA331  
4E4  
PP RJEDDN RJEDSQ RJEZH?  
4 4x3  
a  
DE RJFMHW 3A  
thin  
P 131500Z  
FM COMDR TFW 49  
TO RJEDDN/COMDR ADC  
RJEDSQ/COMDR ATIC  
RJEZHQ/ACS INTELLIGENCE HQ USAF  
RJEZHQ/OIS HQ USAF  
INFC RJFPLD/DCADV ATTN DIR AIR INTELL  
BT  
UNCLASS FROM 49W0-I 7-253. (UFO) IN COMPLIANCE WITH AFR 200-2, 5 FEB 53, THE FOLLOWING UFO REPORTS ARE SUBMITTED.  
h. DESCRIPTION OF OBJECT: (1) EGG SHAPE (2) GRAPEFRUIT (3) WHITE (4) ONE  
ILUBM  
(5) N/A (6) MOVING FAST REGULAR INTERVAL OF LIGHT BLINKING ON AND OFF  
(7) NONE (8) NONE (9) ALTITUDE ABOVE  
B. DESCRIPTION OF COURSE OF OBJECT: (1) WENT OUT TO TAKE A WEATHER OBSERVATION AND SAW IT MOVING (2) ABOUT 80 DEGREES ANGLE OF ELEVATION 133 DEGREES AZIMUTH (3) ABOUT 40 DEGREES ANGLE OF ELEVATION 43 DEGREES AZIMUTH (4) STRAIGHT AND LEVEL (5) BLINKED NOT IN THE ANTENNA NEVER CAME ON AGAIN (6) NO MORE THAN 25 SECONDS  
note: flyed travel generally from SSW to NE  
(see word due Famis X below)",0.1901639344262295,8.3,"11/2121 2741  
I Witness 12/21/19  
BEFORE TAKING ACTION.  
PREVIOUSLY RELEASED. CHECK  
SUSPECT FOR DUPLICATE OF MESSAGE  
16  
TELEPHONED  
To O.D-GUARI  
No. 53131  
Time  
T G863YDA295ZCJYA8362CHJA6S3  
Date  
By:  
166  
PP RJEDDN RJEDSQ  
ZFD RJFMSX  
HJB725TWA331  
4E4  
PP RJEDDN RJEDSQ RJEZH?  
4 4x3  
a  
DE RJFMHW 3A  
thin  
P 131500Z  
FM COMDR TFW 49  
TO RJEDDN/COMDR ADC  
RJEDSQ/COMDR ATIC  
RJEZHQ/ACS INTELLIGENCE HQ USAF  
RJEZHQ/OIS HQ USAF  
INFO RJFPLD/DCADV ATTN DIR AIR INTELL  
BT  
UNCLASS FROM 49W0-I 7-253. (UFO) IN COMPLIANCE WITH AFR 200-2, 5 FEB 53, THE FOLLOWING UFO REPORTS ARE SUBMITTED.  
h. DESCRIPTION OF OBJECT: (1) EGG SHAPE (2) GRAPEFRUIT (3) WHITE, (4) ONE  
(5) N/A (6) MOVING FAST REGULAR INTERVAL OF LIGHT BLINKING ON AND OFF  
(7) NONE. (8) NONE. (9) ALTITUDE ABOVE  
B. DESCRIPTION OF COURSE OF OBJECT: (1) WENT OUT TO TAKE A WEATHER OBSERVATION AND SAW IT MOVING. (2) ABOUT 80 DEGREES ANGLE OF ELEVATION 133 DEGREES AZIMUTH. (3) ABOUT 40 DEGREES ANGLE OF ELEVATION 43 DEGREES AZIMUTH. (4) STRAIGHT AND LEVEL. (5) BLINKED, THEN NEVER CAME ON AGAIN. (6) NO MORE THAN 25 SECONDS  
note: flight traveled generally from SSW to NE  
(see word due Famis X below)",0.18442622950819673,5.71,"11/2121 2741  
I Witness 12/21/19  
BEFORE TAKING ACTION.  
PREVIOUSLY RELEASED. CHECK  
SUSPECTFO DUPLICATE OF MESSAGE  
16  

TELEPHONED  
To O.D-GUARI  
No. 53131  
Time  
T G863YDA295ZCJYA8362CHJA6S3  
Date famous  
By:  
166  

PP RJEDDN RJEDSQ  
ZFD RJFMSX  
HJB725TWA331  
4E4  
PP RJEDDN RJEDSQ RJEZH?  
4 4x3  

a  
DE RJFMHW 3A  
thin  
P 131500Z  

FM COMDR TFW 49  
TO RJEDDN/COMDR ADC  
RJEDSQ/COMDR ATIC  
RJEZHQ/ACS INTELLIGENCE HQ USAF  
RJEZHQ/OIS HQ USAF  
INFO RJFPLD/DCADV ATTN DIR AIR INTELL  
BT  

UNCLASS FROM 49W0-I 7-253. (UFO) IN COMPLIANCE WITH AFR  
200-2, 5 FEB 53, THE FOLLOWING UFO REPORTS ARE SUBMITTED.  

h. DESCRIPTION OF OBJECT: (1) EGG SHAPE (2) GRAPEFRUIT (3) WHITE  
(4) ONE (5) N/A (6) MOVING FAST REGULAR INTERVAL OF LIGHT BLINKING ON AND OFF  
(7) NONE (8) NONE (9) ALTITUDE ABOVE  

B. DESCRIPTION OF COURSE OF OBJECT: (1) WENT OUT TO TAKE A WEATHER  
OBSERVATION AND SAW IT MOVING (2) ABOUT 80 DEGREES ANGLE OF ELEVATION  
133 DEGREES AZIMUTH (3) ABOUT 40 DEGREES ANGLE OF ELEVATION  
43 DEGREES AZIMUTH (4) STRAIGHT AND LEVEL (5) BLINKED NOT IN THE ANTENNA  
NEVER CAME ON AGAIN (6) NO MORE THAN 25 SECONDS  

note: flyed travelled generally from SSW to NE  
(see word due Famis X below)",0.19262295081967212,5.96
28930330,"1-164  
DEPARTMENT OF THE AIR FORCE  
HEADQUARTERS UNITED STATES AIR FORCE  
AFOIR-CO-5  
WASHINGTON  
(L-6-121)  
9 July 1948  

SUBJECT: Explosion in the Sky Near Norcatur, Kansas  

TO:  
Commanding General  
Air Materiel Command  
Wright-Patterson Air Force Base  
Wright Field, Ohio  

Forwarded as a matter pertaining to your Command.  

BY COMMAND OF THE CHIEF OF STAFF:  
1 Incl  
Cy ltr, 20  
ROBERT TAYLOR 3rd  
Feb 48  
Colonel, USAF  
Collection Branch  
Air Intelligence Requirements Division  
Directorate of Intelligence",0.044534412955465584,3.26,"1-164  
DEPARTMENT OF THE AIR FORCE  
HEADQUARTERS UNITED STATES AIR FORCE  
AFDIR-CO-5  
WASHINGTON  
(L-6-121)  
9 July 1948  

SUBJECT: Explosion in the Sky Near Norcatur, Kansas  

TO:  
Commanding General  
Air Materiel Command  
Wright-Patterson Air Force Base  
Wright Field, Ohio  

Forwarded as a matter pertaining to your Command.  

BY COMMAND OF THE CHIEF OF STAFF:  

1 Incl  
Cy ltr, 20  

ROBERT TAYLOR 3rd  
Feb 48  
Colonel, USAF  
Collection Branch  
Air Intelligence Requirements Division  
Directorate of Intelligence",0.0465587044534413,3.18,"1-164  
DEPARTMENT OF THE AIR FORCE  
HEADQUARTERS UNITED STATES AIR FORCE  
AFOIR-CO-5  
WASHINGTON  
(L-6-121)  
9 July 1948  

SUBJECT: Explosion in the Sky Near Norcatur, Kansas  

TO:  
Commanding General  
Air Materiel Command  
Wright-Patterson Air Force Base  
Wright Field, Ohio  

Forwarded as a matter pertaining to your Command.  

BY COMMAND OF THE CHIEF OF STAFF:  

1 Incl  
Cy ltr, 20  

ROBERT TAYLOR 3rd  
Feb 48  
Colonel, USAF  
Collection Branch  
Air Intelligence Requirements Division  
Directorate of Intelligence",0.044534412955465584,1.84,"1-164  
DEPARTMENT OF THE AIR FORCE  
HEADQUARTERS UNITED STATES AIR FORCE  
AFOIR-CO-5  
WASHINGTON  
(L-6-121)  
9 July 1948  

SUBJECT: Explosion in the Sky Near Norcatur, Kansas  

TO:  
Commanding General  
Air Materiel Command  
Wright-Patterson Air Force Base  
Wright Field, Ohio  

Forwarded as a matter pertaining to your Command.  

BY COMMAND OF THE CHIEF OF STAFF:  

1 Incl  
Cy ltr, 20  
ROBERT TAYLOR 3rd  
Feb 48  
Colonel, USAF  
Collection Branch  
Air Intelligence Requirements Division  
Directorate of Intelligence",0.044534412955465584,2.6,"1-164  
DEPARTMENT OF THE AIR FORCE  
HEADQUARTERS UNITED STATES AIR FORCE  
AFOIR-CO-5  
WASHINGTON  
(L-6-121)  
9 July 1948  

SUBJECT: Explosion in the Sky Near Norcatur, Kansas  

TO:  
Commanding General  
Air Materiel Command  
Wright-Patterson Air Force Base  
Wright Field, Ohio  

Forwarded as a matter pertaining to your Command.  

BY COMMAND OF THE CHIEF OF STAFF:  
1 Incl  
Cy ltr, 20  

ROBERT TAYLOR 3rd  
Feb 48  
Colonel, USAF  
Collection Branch  
Air Intelligence Requirements Division  
Directorate of Intelligence",0.044534412955465584,2.42,"1-164  
DEPARTMENT OF THE AIR FORCE  
HEADQUARTERS UNITED STATES AIR FORCE  
AFOIR-CO-5  
WASHINGTON  
(L-6-121)  
9 July 1948  

SUBJECT: Explosion in the Sky Near Norcatur, Kansas  

TO:  
Commanding General  
Air Materiel Command  
Wright-Patterson Air Force Base  
Wright Field, Ohio  

Forwarded as a matter pertaining to your Command.  

BY COMMAND OF THE CHIEF OF STAFF:  
1 Incl  
Cy ltr, 20  

ROBERT TAYLOR 3rd  
Feb 48  
Colonel, USAF  
Collection Branch  
Air Intelligence Requirements Division  
Directorate of Intelligence",0.044534412955465584,2.05,"1-164  
DEPARTMENT OF THE AIR FORCE  
HEADQUARTERS UNITED STATES AIR FORCE  
AFOIR-CO-5  
WASHINGTON  
(L-6-121)  
9 July 1948  

SUBJECT: Explosion in the Sky Near Norcatur, Kansas  

TO:  
Commanding General  
Air Materiel Command  
Wright-Patterson Air Force Base  
Wright Field, Ohio  

Forwarded as a matter pertaining to your Command.  

BY COMMAND OF THE CHIEF OF STAFF:  

1 Incl  
Cy ltr, 20  
ROBERT TAYLOR 3rd  
Feb 48  
Colonel, USAF  
Collection Branch  
Air Intelligence Requirements Division  
Directorate of Intelligence",0.044534412955465584,3.07,"1-164  
DEPARTMENT OF THE AIR FORCE  
HEADQUARTERS UNITED STATES AIR FORCE  
AFOIR-CO-5  
WASHINGTON  
(L-6-121)  
9 July 1948  

SUBJECT: Explosion in the Sky Near Norcatur, Kansas  

TO:  
Commanding General  
Air Materiel Command  
Wright-Patterson Air Force Base  
Wright Field, Ohio  

Forwarded as a matter pertaining to your Command.  

BY COMMAND OF THE CHIEF OF STAFF:  
1 Incl  
Cy ltr, 20  
ROBERT TAYLOR 3rd  
Feb 48  
Colonel, USAF  
Collection Branch  
Air Intelligence Requirements Division  
Directorate of Intelligence",0.044534412955465584,2.35,"1-164  
DEPARTMENT OF THE AIR FORCE  
HEADQUARTERS UNITED STATES AIR FORCE  
AFOIR-CO-5  
WASHINGTON  
(L-6-121)  
9 July 1948  

SUBJECT: Explosion in the Sky Near Norcatur, Kansas  

TO:  
Commanding General  
Air Materiel Command  
Wright-Patterson Air Force Base  
Wright Field, Ohio  

Forwarded as a matter pertaining to your Command.  

BY COMMAND OF THE CHIEF OF STAFF:  
1 Incl  
Cy ltr, 20  
ROBERT TAYLOR 3rd  
Feb 48  
Colonel, USAF  
Collection Branch  
Air Intelligence Requirements Division  
Directorate of Intelligence",0.044534412955465584,2.97
28991349,"(3) Manner of Observation:
a. Use of any combination of the following items: ground electronic, air-electronic, (If electronic, specify type of).
b. Statement as to optical aids (telescopic, binoculars, and so forth) used and description thereof. None
c. If sighting is made airborne, give type of aircraft, identification number, altitude, heading, speed, and home station. N/A

(4) Time and Place of sighting:
a. Zulu time round of sighting: 0405Z 6FEB '61
Light conditions (use one of the following terms): Night, Day, Dawn, or Dusk.

(5) Location of observer(s) Exact latitude and longitude of each observer or
-1 GROUND position, or position with reference to known landmark.
Forsyth, Montana from Whole Wheat 250° @ 32NM.
46.13N 106.40W

(A) Identification of all observers:
Forsyth, Montana
a. Name, Age, Mailing address, occupation, estimation of reliability.
b. Military-Name, grade, organization, duty, and estimate of reliability.

(7) Weather and Winds Aloft conditions at time and place of sightings:
a. Observers' account of weather conditions. Clear 15 35/29 SSE 10 29.88
b. Report of nearest Air or Weather Bureau Office of wind direction and velocity in degrees and knots at surface, 6,000', 10,000', 16,000', 20,000', 30,000', 50,000' and 80,000' if available. 6,000'-260° @ 5kts 10,000'-280° @ 6kts
16,000'-160° @ 9kts 20,000'-190° @ 11kts 30,000'-190° @ 18kts 50,000'-350° @ 23kts 80,000'-N/A
c. Ceiling-Clear
d. Visibility. 15 Miles Plus
e. Amount of cloud cover. Clear to high cirrus
f. Thunderstorms in area and quadrant in which located, None
g. Any other unusual activity or condition, meteorological, otherwise, which might account for the sighting. No predicted WX refraction.

(8) Interception and action taken (such action may be taken whenever feasible, complying with existing Air Defense directives). None

(9) Location of aircraft:
DC-8 United ORD-J16V-PDX- over BIL @ 0410Z Alt 31,000 Assigned. KC135 TURF24 ONTOP Report

(10) Position, title and comments of the officer, his analysis of the possible cause of the sighting. A1C William M. O'Rourke

(11) Existence of physical evidence, such materials and None",0.11302105715513537,12.6,"(3) Manner of Observation:
a. Use of any combination of the following items: ground electronic, air-electronic, (If electronic, specify type of).
b. Statement as to optical aids (telescopic, binoculars, and so forth) used and description thereof. None
c. If sighting is made airborne, give type of aircraft, identification number, altitude, heading, speed, and home station. N/A
(4) Time and Place of sighting:
a. Zulu time round of sighting: 0405Z 6FEB '61
Light conditions (use one of the following terms): Night, Day, Dawn, or Dusk.
(5) Name of observer(s) Exact latitude and longitude of each observer or
-1 GROUND position, or position with reference to known landmark.
Forsyth, Montana from Whole Wheat 250° @ 32NM.
46.13N 106.40W
(A) Identifying of all observers:
Forsyth, Montana
a. Name, Age, Mailing address, occupation, estimation of
b. Military - Name, grade, organization, duty, and estimate of reliability,
(7) Weather and Winds Aloft conditions at time and place of sightings:
a. Observers account of weather conditions. Clear 15 35/29 SSE 10 29.88
b. Report of nearest Air or Weather Bureau Office of wind direction and velocity in degrees and knots at surface, 6,000', 10,000', 16,000', 20,000', 30,000', 50,000' and 80,000' if available. 6,000'-260° @ 5kts 10,000'-280° @6kts 16,000'-160° @9kts 30,000'-190° @18kts 50,000'-350° @23kts 80,000'-N/A
c. Ceiling - Clear
d. Visibility. 15 Miles Plus
e. Amount of cloud cover. Clear to high cirrus
f. Thunderstorms in area and quadrant in which located, None
(8) Any other unusual activity or condition, meteorological or otherwise, which might account for the sighting. No predicted WX refraction.
(9) Interception and action taken (such action may be taken whenever feasible, complying with existing Air Defense directives) None

(10) Location of 839 ORD-J16V-PDX- over BIL @ 0410Z Alt 31,000 Assigned. KC135 TURF24 ONTOP Report Jet

(11) Position, title and comments of the officer, his analysis of the possible cause of the sighting. A1C William M. O'Rourke

(12) Existence of physical evidence, such materials and None",0.13149978513107005,12.9,"(3) Manner of Observation:
a. Type of any combination of the following items: ground electronic, air-electronic, (If electronic, specify type of)
b. Statement as to optical aids (telescopic, binoculars, and so forth) used and description thereof. None
c. If sighting is made airborne, give type of aircraft, identification number, altitude, heading, speed, and home station. N/A
(4) Time and Place of sighting:
a. Zulu time round of sighting: 0405Z 6FEB '61
Light conditions (use one of the following terms): Night, Day, dawn, or Dusk.
(5) of observer(s) Exact latitude and longitude of each observer or
-1 GROUND position, or position with reference to known landmark.
Forsyth, Montana from Whole Wheat 250° @ 32NM.
46.13N 106.40W
(A) Identification of all observers:
Forsyth, Montana
a. Name, Age, Mailing address, occupation, estimation of
b. Military-Name, grade, organization, duty, and estimate of reliability,
(7) Weather and Winds Aloft conditions at time and place of sightings:
a. Observers account of weather conditions. Clear 0 15 35/29 SSE 10 29.88
b. Report of nearest Air or Weather Bureau Office of wind direction and velocity in degrees and knots at surface, 6,000', 10,000', 16,000', 20,000', 30,000', 50,000', and 80,000' if available. 6,000'-260° @ 5kts 10,000'-280° @ 6kts 16,000'-160° @ 9kts 30,000'-190° @ 18kts 50,000'-350° @ 23kts 80,000'-N/A
c. Ceiling-Clear
d. Visibility. 15 Miles Plus
e. Amount of cloud cover. Clear to high cirrus
f. Thunderstorms in area and quadrant in which located. None
g. Any other unusual activity or condition, meteorological or otherwise, which might account for the sighting. No predicted WX refraction.
(9) Interception and action taken (such action may be taken whenever feasible, complying with existing Air Defense directives) None
(10) Location of
839 ORD-J16V-PDX- over BIL @ 0410Z Alt 31,000 Assigned. KC135 TURF24 ONTOP Report Jet
(11) Position, title and comments of the officer, his analysis of the possible cause of the sighting. A1C William M. O'Rourke 
(12) Existence of physical evidence, such materials and None",0.1362269015900301,14.13,"(3) Manner of Observation:
a. Use one or any combination of the following items: ground
electronic, air-electronic, (If electronic, specify type of
b. Statement as to optical aids (telescopic, binoculars, and so forth) used
and description thereof. None
c. If sighting is made airborne, give type of aircraft, identification number
altitude, heading, speed, and home station. N/A
(4) Time and Place of sighting:
a. Zulu time round of sighting: 0405Z 6FEB '61
Light conditions (use one of the following terms): Night, Day, dawn, or Dusk.
(5) Location of observer(s) Exact latitude and longitude of each observer or
-GROUND position, or position with reference to known landmark.
Forsyth, Montana from Whole Wheat 250° @ 32NM.
46.13N 106.40W
(A) Identification of all observers:
Forsyth, Montana
a. Name, Age, Mailing address, occupation, estimation of
b. Military-Name, grade, organization, duty, and estimate of reliability,
(7) Weather and Winds Aloft conditions at time and place of sightings:
a. Observers account of weather conditions. Clear 15 35/29 SSE 10 29.88
b. Report of nearest Air or Weather Bureau Office of wind direction and
velocity in degrees and knots at surface, 6,000', 10,000', 16,000', 20,000
30,000', 50,000' and so on, 80,000 if available. 6,000'-260° @ 5kts 10,000'-280°
@6kts
16,000'-160° @9kts 30,000'-190° @18kts 50,000'-350° @23kts 80,000'-N/A
c. Ceiling-Clear
d. Visibility. 15 Miles Plus
e. Amount of cloud cover. Clear to high cirrus
f. Thunderstorms in area and quadrant in which located, None
(8) Any other unusual activity or condition, meteorological,
otherwise, which might account for the sighting. No predicted WX refraction.
(9) Interception and action taken (such action may be taken whenever sensible, complying with existing Air Defense directives) None
(10) Location of
839 ORD-J16V-PDX- over BIL @ 0410Z Alt 31,000 Assigned. KC135 TURF24 ONTOP Report Jet
any
air
(A)
DC-8
United
(11) Position, title and comments of the officer, his
analysis of the possible cause of the sighting. A1C William M. O'Rourke
(12) Existence of physical evidence, such materials and None",0.14911903738719381,18.94,"(3) Manner of Observation:
a. Use of any combination of the following items: sound, electronic, air-electronic, (If electronic, specify type of
b. Statement as to optical aids (telescopic, binoculars, and so forth) used and description thereof. None
c. If sighting is made airborne, give type of aircraft, identification number, altitude, heading, speed, and home station. N/A
(4) Time and Place of sighting:
a. Zulu time round of sighting: 0405Z 6 FEB '61
Light conditions (use one of the following terms): Night, Day, Dawn, or Dusk.
(5) Location of observer(s) Exact latitude and longitude of each observer or
position, or position with reference to known landmark.
Forsyth, Montana from Whole Wheat 250° @ 32NM.
46.13N 106.40W
(A) Identification of all observers:
Forsyth, Montana
a. Name, Age, Mailing address, occupation, estimation of reliability.
b. Military - Name, grade, organization, duty, and estimate of reliability.
(7) Weather and Winds Aloft conditions at time and place of sightings:
a. Observers account of weather conditions. Clear o 15 35/29 SSE 10 29.88
b. Report of nearest Air or Weather Bureau Office of wind direction and velocity in degrees and knots at surface, 6,000', 10,000', 16,000', 20,000', 30,000', 50,000' and so on, 80,000 if available. 6,000'-260° @ 5kts 10,000'-280° @6kts 16,000'-160° @9kts 20,000'-190° @18kts 30,000'-190° @18kts 50,000'-350° @23kts 80,000'-N/A
c. Ceiling - Clear
d. Visibility. 15 Miles Plus
e. Amount of cloud cover. Clear to high cirrus
f. Thunderstorms in area and quadrant in which located. None
g. Any other unusual activity or condition, meteorological, otherwise, which might account for the sighting. No predicted WX refraction.
(8) Interception and action taken (such action may be taken whenever possible, complying with existing Air Defense directives). None
(9) Location of any air traffic:
839 ORD-J16V-PDX- over BIL @ 0410Z Alt 31,000 Assigned. KC135 TURF24 ONTOP Report Jet
(10) Position, title and comments of the officer, his analysis of the possible cause of the sighting. A1C William M. O'Rourke
(11) Existence of physical evidence, such materials and None",0.11860764933390631,20.99,"(3) Manner of Observation:
a. Use any combination of the following items: ground electronic, air-electronic, (If electronic, specify type of)
b. Statement as to optical aids (telescopic, binoculars, and so forth) used and description thereof. None
c. If sighting is made airborne, give type of aircraft, identification number, altitude, heading, speed, and home station. N/A
(4) Time and Place of sighting:
a. Zulu time round of sighting: 0405Z 6 FEB '61
Light conditions (use one of the following terms): Night, Day, Dawn, or Dusk.
(5) of observer(s) Exact latitude and longitude of each observer or
- Ground position, or position with reference to known landmark.
Forsyth, Montana from Whole Wheat 250° @ 32NM.
46.13N 106.40W
(6) Identification of all observers:
Forsyth, Montana
a. Name, Age, Mailing address, occupation, estimation of reliability.
b. Military-Name, grade, organization, duty, and estimate of reliability.
(7) Weather and Winds Aloft conditions at time and place of sightings:
a. Observers account of weather conditions. Clear 15 35/29 SSE 10 29.88
b. Report of nearest AFB or Weather Bureau Office of wind direction and velocity in degrees and knots at surface, 6,000', 10,000', 16,000', 20,000', 30,000', 50,000' and 80,000' if available. 6,000'-260° @ 5kts 10,000'-280° @ 6kts
16,000'-160° @ 9kts 30,000'-190° @ 18kts 50,000'-350° @ 23kts 80,000'-N/A
c. Ceiling-Clear
d. Visibility. 15 Miles Plus
e. Amount of cloud cover. Clear to high cirrus
f. Thunderstorms in area and quadrant in which located. None
(8) Any other unusual activity or condition, meteorological, otherwise, which might account for the sighting. No predicted WX refraction.
(9) Interception and action taken (such action may be taken when ever feasible, complying with existing Air Defense directives) None
(10) Location of aircraft
839 ORD-J16V-PDX- over BIL @ 0410Z Alt 31,000 Assigned. KC135 TURF24 ONTOP Report Jet
DC-8 United
(11) Position, title and comments of the officer, his analysis of the possible cause of the sighting. A1C William M. O'Rourke
(12) Existence of physical evidence, such materials and None",0.1289213579716373,13.13,"(3) Manner of Observation:
a. Use of one or any combination of the following items: sound
electronic, air-electronic, (If electronic, specify type of
b. Statement as to optical aids (telescopic, binoculars, and so forth) used
and description thereof. None
c. If sighting is made airborne, give type of aircraft, identification number
altitude, heading, speed, and home station. N/A
(4) Time and Place of sighting:
a. Zulu time round of sighting: 0405Z 6FEB '61
Light conditions (use one of the following terms): Night, Day, dawn, or Dusk.
(5) Location of observer(s) Exact latitude and longitude of each observer or
-1 GRID position, or position with reference to known landmark.
Forsyth, Montana from Whole Wheat 250° @ 32NM.
46.13N 106.40W
(6) Identifying of all observers:
Forsyth, Montana
a. Name, Age, Mailing address, occupation, estimation of
b. Military-Name, grade, organization, duty, and estimate of reliability,
(7) Weather and Winds Aloft conditions at time and place of sightings:
a. Observers account of weather conditions. Clear 15 35/29 SSE 10 29.88
b. Report of nearest Air or Weather Bureau Office of wind direction and
velocity in degrees and knots at surface, 6,000', 10,000', 16,000', 20,000'
30,000', 50,000' and on, 80,000 if available. 6,000'-260° @ 5kts 10,000'-280°
@6kts
16,000'-160° @9kts 20,000'-190° @l8kts 30,000'-190° @18kts 50,000'-350° @23kts 80,000'-N/A
c. Ceiling-Clear
d. Visibility. 15 Miles Plus
e. Amount of cloud cover. Clear to high cirrus
f. Thunderstorms in area and quadrant in which located, None
(8) Any other unusual activity or condition, meteorological,
otherwise, which might account for the sighting. No predicted WX refraction.
(9) Interception and action taken (such action may be taken whenever
feasible, complying with existing Air Defense directives) None
(10) Location
839 ORD-J16V-PDX- over BIL @ 0410Z Alt 31,000 Assigned. KC135 TURF24 ONTOP Report Jet
(11) Position, title and comments of the officer, his
analysis of the possible cause of the sighting. A1C William M. O'Rourke
(12) Existence of physical evidence, such materials and None",0.13107004727116459,11.23,"(3) Manner of Observation:
a. Use of one or any combination of the following items: sound
electronic, air-electronic, (If electronic, specify type of
b. Statement as to optical aids (telescopic, binoculars, and so forth) used
and description thereof. None
c. If sighting is made airborne, give type of aircraft, identification number
altitude, heading, speed, and home station. N/A
(4) Time and Place of sighting:
a. Zulu time round of sighting: 0405Z 6FEB '61
Light conditions (use one of the following terms): Night, Day, dawn, or Dusk.
(5) Position of observer(s) Exact latitude and longitude of each observer or
position, or position with reference to known landmark.
Forsyth, Montana from Whole Wheat 250° @ 32NM.
46.13N 106.40W
(6) Identification of all observers:
a. Name, Age, Mailing address, occupation, estimation of
b. Military-Name, grade, organization, duty, and estimate of reliability,
(7) Weather and Winds Aloft conditions at time and place of sightings:
a. Observers account of weather conditions. Clear 15 35/29 SSE 10 29.88
b. Report of nearest Air or Weather Bureau Office of wind direction and
velocity in degrees and knots at surface, 6,000', 10,000', 16,000', 20,000'
30,000', 50,000' and 80,000' if available. 6,000'-260° @ 5kts 10,000'-280°
@6kts
16,000'-160° @9kts 20,000'-190° @18kts 30,000'-N/A 50,000'-350° @23kts
c. Ceiling-Clear
d. Visibility. 15 Miles Plus
e. Amount of cloud cover. Clear to high cirrus
f. Thunderstorms in area and quadrant in which located. None
(8) Any other unusual activity or condition, meteorological,
otherwise, which might account for the sighting. No predicted WX refraction.
(9) Interception and action taken (such action may be taken whenever
possible, complying with existing Air Defense directives) None
(10) Location of 839 ORD-J16V-PDX- over BIL @ 0410Z Alt 31,000 Assigned. KC135 TURF24 ONTOP Report Jet
any air
(11) Position, title and comments of the officer, his
analysis of the possible cause of the sighting. A1C William M. O'Rourke
(12) Existence of physical evidence, such materials and None",0.15212720240653202,11.26,"(3) Manner of Observation:
a. Use of one or any combination of the following items: ground
electronic, air-electronic, (If electronic, specify type of
b. Statement as to optical aids (telescopic, binoculars, and so forth) used
and description thereof. None
c. If sighting is made airborne, give type of aircraft, identification number,
altitude, heading, speed, and home station. N/A
(4) Time and Place of sighting:
a. Zulu time round of sighting: 0405Z 6FEB '61
Light conditions (use one of the following terms): Night, Day, Dawn, or Dusk.
(5) Location of observer(s) Exact latitude and longitude of each observer or
-I GROTA position, or position with reference to known landmark.
Forsyth, Montana from Whole Wheat 250° @ 32NM.
46.13N 106.40W
(6) Identification of all observers:
a. Name, Age, Mailing address, occupation, estimation of
b. Military-Name, grade, organization, duty, and estimate of reliability.
(7) Weather and Winds Aloft conditions at time and place of sightings:
a. Observers account of weather conditions. Clear 15 35/29 SSE 10 29.88
b. Report of nearest Air or Weather Bureau Office of wind direction and
velocity in degrees and knots at surface, 6,000', 10,000', 16,000', 20,000'
30,000', 50,000', and 80,000' if available. 6,000'-260° @ 5kts 10,000'-280°
@6kts 16,000'-160° @9kts 20,000'-190° @l8kts 30,000'-190° @18kts 50,000'-350° @23kts 80,000'-N/A
c. Ceiling-Clear
d. Visibility. 15 Miles Plus
e. Amount of cloud cover. Clear to high cirrus
f. Thunderstorms in area and quadrant in which located. None
(8) Any other unusual activity or condition, meteorological,
otherwise, which might account for the sighting. No predicted WX refraction.
(9) Interception and action taken (such action may be taken whenever
feasible, complying with existing Air Defense directives). None
(10) Location
of
839 ORD-J16V-PDX- over BIL @ 0410Z Alt 31,000 Assigned. KC135 TURF24 ONTOP Report Jet
(11) Position, title, and comments of the officer, his
analysis of the possible cause of the sighting. A1C William M. O'Rourke
(12) Existence of physical evidence, such materials and None",0.13665663944993553,10.44
