NAID,TEXT_Prompt1_Trial1,CER_Prompt1_Trial1_vHuman,Time_Prompt1_Trial1,TEXT_Prompt1_Trial2,CER_Prompt1_Trial2_vHuman,Time_Prompt1_Trial2,TEXT_Prompt1_Trial3,CER_Prompt1_Trial3_vHuman,Time_Prompt1_Trial3,TEXT_Prompt2_Trial1,CER_Prompt2_Trial1_vHuman,Time_Prompt2_Trial1,TEXT_Prompt2_Trial2,CER_Prompt2_Trial2_vHuman,Time_Prompt2_Trial2,TEXT_Prompt2_Trial3,CER_Prompt2_Trial3_vHuman,Time_Prompt2_Trial3,TEXT_Prompt3_Trial1,CER_Prompt3_Trial1_vHuman,Time_Prompt3_Trial1,TEXT_Prompt3_Trial2,CER_Prompt3_Trial2_vHuman,Time_Prompt3_Trial2,TEXT_Prompt3_Trial3,CER_Prompt3_Trial3_vHuman,Time_Prompt3_Trial3
28992015,This case contains 2 5x7 photos and 3 negatives.,0.323943661971831,14.7,This case contains 2 5 x 7 photos and 3 negatives.,0.29577464788732394,8.89,This case contains 2 5x7 photos and 3 negatives.,0.323943661971831,7.28,"For your contextual awareness, the document is part of a collection of files on Project Blue Book. Project Blue Book was the code name for the systematic study of unidentified flying objects (UFOs) by the United States Air Force from March 1952 to its termination on December 17, 1969. The project, headquartered at Wright-Patterson Air Force Base, Ohio, was initially directed by Captain Edward J. Ruppelt and followed projects of a similar nature such as Project Sign established in 1947, and Project Grudge in 1949. Project Blue Book had two goals, namely, to determine if UFOs were a threat to national security, and to scientifically analyze UFO-related data.
This case contains 2 5x7 photos and 3 negatives.",0.9214586255259467,22.19,"For your contextual awareness, the document is part of a collection of files on Project Blue Book. Project Blue Book was the code name for the systematic study of unidentified flying objects (UFOs) by the United States Air Force from March 1952 to its termination on December 17, 1969. The project, headquartered at Wright-Patterson Air Force Base, Ohio, was initially directed by Captain Edward J. Ruppelt and followed projects of a similar nature such as Project Sign established in 1947, and Project Grudge in 1949. Project Blue Book had two goals, namely, to determine if UFOs were a threat to national security, and to scientifically analyze UFO-related data.
This case contains 2 5x7 photos and 3 negatives.",0.9214586255259467,47.8,This case contains 2 5x7 photos and 3 negatives.,0.323943661971831,17.21,This case contains 2 5x7 photos and 3 negatives.,0.323943661971831,8.33,This case contains 2 5x7 photos and 3 negatives.,0.323943661971831,12.41,This case contains 2 5x7 photos and 3 negatives.,0.323943661971831,13.05
28973130,"UNCLASSIFIED
AF FORM 112 - PART II
(CLASSIFICATION)
APPROVED 1 JUNE 1948
AIR INTELLIGENCE INFORMATION REPORT
FROM
REPORT NO.
PART TWO
Det 4, 106th AISS
AISS-UFCB-387-57
PAGE
5
OF
8
PAGES
STATEMENT
I went outside the Weather Station about 1550 PST to
observe the thunderstorm to the northeast. This thunderstorm
was estimated to be approximately 10 miles to the northeast.
While watching for lightning and trying to determine the
direction of movement of the storm, several very fast moving
objects were seen at the west edge of the storm. They were
moving very rapidly back and forth much like a mock dog-fight.
They changed directions instantaneously and appeared much larger
momentarily during their turns. They stayed in view over a
minute and I finally lost sight of them in the storm. Visibility
was excellent during the entire period.
Lewis F. Baker AO 490014
Major, USAF
A CERTIFIED TRUE COPY
RICHARD A. HOLM
WO-1, USAF
NOTE: THIS DOCUMENT CONTAINS INFORMATION AFFECTING THE NATIONAL DEFENSE OF THE UNITED STATES WITHIN THE MEANING OF THE ESPIONAGE ACT, 50 U.S.C.
31 AND 32, AS AMENDED. ITS TRANSMISSION OR THE REVELATION OF ITS CONTENTS IN ANY MANNER TO AN UNAUTHORIZED PERSON IS PROHIBITED BY LAW.
IT MAY NOT BE REPRODUCED IN WHOLE OR IN PART BY OTHER THAN UNITED STATES AIR FORCE AGENCIES, EXCEPT BY PERMISSION OF THE DIRECTOR OF
INTELLIGENCE, USAF.
UNCLASSIFIED
(CLASSIFICATION)
18-58570-1
PRINTING
OFFICE",0.04035567715458276,51.1,"UNCLASSIFIED
AF FORM 112 - PART II
(CLASSIFICATION)
APPROVED 1 JUNE 1948
AIR INTELLIGENCE INFORMATION REPORT
FROM
REPORT NO.
PART TWO
Det 4, 4606th AISS
AISS-UFOB-387-57
PAGE
5
OF
8
PAGES
STATEMENT
I went outside the Weather Station about 1550 PST to observe the thunderstorm to the northeast. This thunderstorm was estimated to be approximately 10 miles to the northeast. While watching for lightning and trying to determine the direction of movement of the storm, several very fast moving objects were seen at the west edge of the storm. They were moving very rapidly back and forth much like a mock dogfight. They changed directions instantaneously and appeared much larger momentarily during their turns. They stayed in view for over a minute and I finally lost sight of them in the storm. Visibility was excellent during the entire period.
Lewis F. Baker AO 490014
Major, USAF
A CERTIFIED TRUE COPY
RICHARD A. HOLM
WO, W-1, USAF
NOTE: THIS DOCUMENT CONTAINS INFORMATION AFFECTING THE NATIONAL DEFENSE OF THE UNITED STATES WITHIN THE MEANING OF THE ESPIONAGE ACT, 50 U.S.C. 31 AND 32, AS AMENDED. ITS TRANSMISSION OR THE REVELATION OF ITS CONTENTS IN ANY MANNER TO AN UNAUTHORIZED PERSON IS PROHIBITED BY LAW. IT MAY NOT BE REPRODUCED IN WHOLE OR IN PART BY OTHER THAN UNITED STATES AIR FORCE AGENCIES EXCEPT BY PERMISSION OF THE DIRECTOR OF INTELLIGENCE, USAF.
UNCLASSIFIED
(CLASSIFICATION)
18-58570-1
U.S. GOVERNMENT PRINTING OFFICE",0.03283173734610123,38.59,"UNCLASSIFIED
AF FORM 112 - PART II
(CLASSIFICATION)
APPROVED 1 JUNE 1948
AIR INTELLIGENCE INFORMATION REPORT
FROM
REPORT NO.
PART TWO
Det 4, 1006th AISS
AISS-UFCB-387-57
PAGE
5
OF
8
PAGES
STATEMENT
I went outside the Weather Station about 1550 PST to observe the thunderstorm to the northeast. This thunderstorm was estimated to be approximately 10 miles to the northeast. While watching for lightning and trying to determine the direction of movement of the storm, several very fast moving objects were seen at the west edge of the storm. They were moving very rapidly back and forth much like a mock dogfight. They changed directions instantaneously and appeared much larger momentarily during their turns. They stayed in view over a minute and I finally lost sight of them in the storm. Visibility was excellent during the entire period.
Lewis F. Baker AO 490014
Major, USAF
A CERTIFIED TRUE COPY
RICHARD A. HOLM
WO, W-1, USAF
NOTE: THIS DOCUMENT CONTAINS INFORMATION AFFECTING THE NATIONAL DEFENSE OF THE UNITED STATES WITHIN THE MEANING OF THE ESPIONAGE ACT, 50 U.S.C. 31 AND 32, AS AMENDED. ITS TRANSMISSION OR THE REVELATION OF ITS CONTENTS IN ANY MANNER TO AN UNAUTHORIZED PERSON IS PROHIBITED BY LAW.
IT MAY NOT BE REPRODUCED IN WHOLE OR IN PART BY OTHER THAN UNITED STATES AIR FORCE AGENCIES, EXCEPT BY PERMISSION OF THE DIRECTOR OF INTELLIGENCE, USAF.
UNCLASSIFIED
(CLASSIFICATION)
18-58570-1
PRINTING OFFICE",0.038303693570451436,42.08,"UNCLASSIFIED
AF FORM 112-PART II
(CLASSIFICATION)
APPROVED 1 JUNE 1948
AIR INTELLIGENCE INFORMATION REPORT
FROM
Det 4, 106th AISS
REPORT NO.
AISS-UFCB-387-57
PART TWO
PAGE 5 OF 8 PAGES

STATEMENT
I went outside the Weather Station about 1550 PST to observe the thunderstorm to the northeast. This thunderstorm was estimated to be approximately 10 miles to the northeast. While watching for lightning and trying to determine the direction of movement of the storm, several very fast moving objects were seen at the west edge of the storm. They were moving very rapidly back and forth, much like a mock dogfight. They changed directions instantaneously and appeared much larger momentarily during their turns. They stayed in view over a minute and I finally lost sight of them in the storm. Visibility was excellent during the entire period.

Lewis F. Baker AO 490014
Major, USAF

A CERTIFIED TRUE COPY
RICHARD ADE HOLM
WO, W-1, USAF

NOTE: THIS DOCUMENT CONTAINS INFORMATION AFFECTING THE NATIONAL DEFENSE OF THE UNITED STATES WITHIN THE MEANING OF THE ESPIONAGE ACT, 50 U.S.C. 31 AND 32, AS AMENDED. ITS TRANSMISSION OR THE REVELATION OF ITS CONTENTS IN ANY MANNER TO AN UNAUTHORIZED PERSON IS PROHIBITED BY LAW. IT MAY NOT BE REPRODUCED IN WHOLE OR IN PART BY OTHER THAN UNITED STATES AIR FORCE AGENCIES, EXCEPT BY PERMISSION OF THE DIRECTOR OF INTELLIGENCE, USAF.
UNCLASSIFIED
(CLASSIFICATION)
18-58570-1
PRINTING OFFICE",0.06292749658002736,60.01,"UNCLASSIFIED
AF FORM 112 - PART II
(CLASSIFICATION)
APPROVED 1 JUNE 1948
AIR INTELLIGENCE INFORMATION REPORT
FROM
REPORT NO.
PART TWO
Det 4, 1006th AISS
AISS-UFCB-387-57
PAGE
5
OF
8
PAGES
STATEMENT
I went outside the Weather Station about 1550 PST to observe the thunderstorm to the northeast. This thunderstorm was estimated to be approximately 10 miles to the northeast. While watching for lightning and trying to determine the direction of movement of the storm, several very fast moving objects were seen at the west edge of the storm. They were moving very rapidly back and forth much like a mock dogfight. They changed directions instantaneously and appeared much larger momentarily during their turns. They stayed in view over a minute and I finally lost sight of them in the storm. Visibility was excellent during the entire period.
Lewis F. Baker AO 490014
Major, USAF
A CERTIFIED TRUE COPY
RICHARD A. DE HOLM
WO, W-1, USAF
NOTE: THIS DOCUMENT CONTAINS INFORMATION AFFECTING THE NATIONAL DEFENSE OF THE UNITED STATES WITHIN THE MEANING OF THE ESPIONAGE ACT, 50 U.S.C. 31 AND 32 AS AMENDED. ITS TRANSMISSION OR THE REVELATION OF ITS CONTENTS IN ANY MANNER TO AN UNAUTHORIZED PERSON IS PROHIBITED BY LAW. IT MAY NOT BE REPRODUCED IN WHOLE OR IN PART BY OTHER THAN UNITED STATES AIR FORCE AGENCIES, EXCEPT BY PERMISSION OF THE DIRECTOR OF INTELLIGENCE, USAF.
UNCLASSIFIED
(CLASSIFICATION)
18-58570-1
PRINTING
OFFICE",0.03967168262653899,26.31,"UNCLASSIFIED
AF FORM 112-PART II
(CLASSIFICATION)
APPROVED 1 JUNE 1948
AIR INTELLIGENCE INFORMATION REPORT
FROM
REPORT NO.
PART TWO
Det 4, 106th AISS
AISS-UFOB-387-57
PAGE
5
OF
8
PAGES
STATEMENT
I went outside the Weather Station about 1550 PST to observe the thunderstorm to the northeast. This thunderstorm was estimated to be approximately 10 miles to the northeast. While watching for lightning and trying to determine the direction of movement of the storm, several very fast moving objects were seen at the west edge of the storm. They were moving very rapidly back and forth, much like a mock dogfight. They changed directions instantaneously and appeared much larger momentarily during their turns. They stayed in view for over a minute and I finally lost sight of them in the storm. Visibility was excellent during the entire period.
Lewis F. Baker AO 490014
Major, USAF
A CERTIFIED TRUE COPY
RICHARD ADEHOLM
WO, W-1, USAF
NOTE: THIS DOCUMENT CONTAINS INFORMATION AFFECTING THE NATIONAL DEFENSE OF THE UNITED STATES WITHIN THE MEANING OF THE ESPIONAGE ACT, 50 U.S.C. 31 AND 32, AS AMENDED. ITS TRANSMISSION OR THE REVELATION OF ITS CONTENTS IN ANY MANNER TO AN UNAUTHORIZED PERSON IS PROHIBITED BY LAW. IT MAY NOT BE REPRODUCED IN WHOLE OR IN PART BY OTHER THAN UNITED STATES AIR FORCE AGENCIES, EXCEPT BY PERMISSION OF THE DIRECTOR OF INTELLIGENCE, USAF.
UNCLASSIFIED
(CLASSIFICATION)
18-58570-1
*
PRINTING OFFICE",0.03898768809849521,41.22,"UNCLASSIFIED
AF FORM 112 - PART II
(CLASSIFICATION)
APPROVED 1 JUNE 1948
AIR INTELLIGENCE INFORMATION REPORT
FROM   Det 4, 106th AISS
REPORT NO.   AISS-UFCB-387-57
PART TWO
PAGE
5
OF
8
PAGES
STATEMENT
I went outside the Weather Station about 1550 PST to
observe the thunderstorm to the northeast. This thunderstorm
was estimated to be approximately 10 miles to the northeast.
While watching for lightning and trying to determine the
direction of movement of the storm, several very fast moving
objects were seen at the west edge of the storm. They were
moving very rapidly back and forth much like a mock dogfight.
They changed directions instantaneously and appeared much larger
momentarily during their turns. They stayed in view over
a minute and I finally lost sight of them in the storm. Visibility
was excellent during the entire period.
Lewis F. Baker AO 490014
Major, USAF
A CERTIFIED TRUE COPY
RICHARD A. HOLM
WO, W-1, USAF
NOTE: THIS DOCUMENT CONTAINS INFORMATION AFFECTING THE NATIONAL DEFENSE OF THE UNITED STATES WITHIN THE MEANING OF THE ESPIONAGE ACT. 50 U.S.C.
31 AND 32 AS AMENDED. ITS TRANSMISSION OR THE REVELATION OF ITS CONTENTS IN ANY MANNER TO AN UNAUTHORIZED PERSON IS PROHIBITED BY LAW.
IT MAY NOT BE REPRODUCED IN WHOLE OR IN PART BY OTHER THAN UNITED STATES AIR FORCE AGENCIES, EXCEPT BY PERMISSION OF THE DIRECTOR OF
INTELLIGENCE, USAF.
UNCLASSIFIED
(CLASSIFICATION)
18--58570-1
*
PRINTING
OFFICE",0.06155950752393981,34.25,"UNCLASSIFIED
AF FORM 112-PART II
(CLASSIFICATION)
APPROVED 1 JUNE 1948
AIR INTELLIGENCE INFORMATION REPORT
FROM
REPORT NO.
PART TWO
Det 4, 1006th AISS
AISS-UFOB-387-57
PAGE
5
OF
8
PAGES
S-T-A-T-E-M-E-N-T
I went outside the Weather Station about 1550 PST to
observe the thunderstorm to the northeast. This thunderstorm
was estimated to be approximately 10 miles to the northeast.
While watching for lightning and trying to determine the
direction of movement of the storm, several very fast moving
objects were seen at the west edge of the storm. They were
moving very rapidly back and forth much like a mock dogfight.
They changed directions instantaneously and appeared much larger
momentarily during their turns. They stayed in view over a
minute and I finally lost sight of them in the storm. Visibility
was excellent during the entire period.
Lewis F. Baker AO 490014
Major, USAF
A CERTIFIED TRUE COPY
RICHARD A. DE HOLM
WO, W-1, USAF
NOTE: THIS DOCUMENT CONTAINS INFORMATION AFFECTING THE NATIONAL DEFENSE OF THE UNITED STATES WITHIN THE MEANING OF THE ESPIONAGE ACT. 50 U.S.C.
31 AND 32 AS AMENDED. ITS TRANSMISSION OR THE REVELATION OF ITS CONTENTS IN ANY MANNER TO AN UNAUTHORIZED PERSON IS PROHIBITED BY LAW.
IT MAY NOT BE REPRODUCED IN WHOLE OR IN PART BY OTHER THAN UNITED STATES AIR FORCE AGENCIES EXCEPT BY PERMISSION OF THE DIRECTOR OF
INTELLIGENCE, USAF.
UNCLASSIFIED
(CLASSIFICATION)
18--58570-1
*
PRINTING
OFFICE",0.032147742818057455,46.8,"UNCLASSIFIED
AF FORM 112-PART II
(CLASSIFICATION)
APPROVED 1 JUNE 1948
AIR INTELLIGENCE INFORMATION REPORT
FROM
REPORT NO.
PART TWO
Det 4, 106th AISS
AISS-UFCB-387-57
PAGE
5
OF
8
PAGES
STATEMENT
I went outside the Weather Station about 1550 PST to
observe the thunderstorm to the northeast. This thunderstorm
was estimated to be approximately 10 miles to the northeast.
While watching for lightning and trying to determine the
direction of movement of the storm, several very fast moving
objects were seen at the west edge of the storm. They were
moving very rapidly back and forth much like a mock dogfight.
They changed directions instantaneously and appeared much larger
momentarily during their turns. They stayed in view for over a
minute and I finally lost sight of them in the storm. Visibility
was excellent during the entire period.
Lewis F. Baker AO 490014
Major, USAF
A CERTIFIED TRUE COPY
RICHARD ADE HOLM
WO, W-1, USAF
NOTE: THIS DOCUMENT CONTAINS INFORMATION AFFECTING THE NATIONAL DEFENSE OF THE UNITED STATES WITHIN THE MEANING OF THE ESPIONAGE ACT, 50 U.S.C.
31 AND 32, AS AMENDED. ITS TRANSMISSION OR THE REVELATION OF ITS CONTENTS IN ANY MANNER TO AN UNAUTHORIZED PERSON IS PROHIBITED BY LAW.
IT MAY NOT BE REPRODUCED IN WHOLE OR IN PART BY OTHER THAN UNITED STATES AIR FORCE AGENCIES, EXCEPT BY PERMISSION OF THE DIRECTOR OF
INTELLIGENCE, USAF.
UNCLASSIFIED
(CLASSIFICATION)
18--58570-1
*
PRINTING
OFFICE",0.03898768809849521,105.97
28997059,"HANKSVILLE (CAR)
4480
Hanksville
R-20
HANKSVILLE RADIO
Mesa
491
Mountain
150
7151
MJ
11485
KJ
LJ
C
38
2
50
10
50
10
a
40
20
30
40
50
11320
8987
10650
Monticello
9202
PK
HITE PARKER
7930
50
01445
3549 35
Dove Creek
8150
9059
Blanding
BLANDING
5750-25
YELLOW
8920
30
1
20
Bluff
6443
MEXICAN HAT
4250-25
KH
C
OLJATO (PVI) MONUMENT VALLEY
483811-36
15155
LH
MH
10388
UTAH
37
ARIZONA
Mexican Water
TEEC NOS POS
7097
50
RASTORALP
66333
9420
7900
ROCK POINT MISSION
Kayenta
5100
20
KAYENTA
5810--56
40
KAIBITO
070--26
C
ROUND ROCK
COVE
5400 -3-33
6050
30
9835
0
-10
8075
7035
Tonalea
20
MANY FARMS
300--24
7580
TY
CHINLE
44
10
5500
50
7580
Chinle
Moenkopi
KG
to
G
11
Lat. 36
To Valle 115 VLE 20
50
30
40
10
20
30
50
14
40
50
ALTITUDE CONVERSION SCALE
Meters
To Winslow 266 INW
10
15
20
25
30
J
&
20
Feet
30
40
50
60
70
80
90
100
For conversions above 100 feet, add like number of ciphers to the figures on both sides of scale.
111° K
110° L
(Joins 405)
109° M
410
430
440
240
250
260
270
280
290
300
310
320
330
340
350
360
370
380
390
400
420
130
140
150
160
170
180
190
200
210
220
230
150
160
170
180
190
200
210
220
230
240
250
260
270
U.S. Coast and Geodetic Survey
NOTE: It is requested that users of this chart indicate corrections and additions which come to their attention and notify ""THE DIRECTOR, U.S. COAST AND GEODETIC SURVEY, WASHINGTON 25, D.C.""
BASE NO. 5R2
Obstructions
Controlled areas
Stations. Limits of the radials.
500 feet or higher above ground
Less than 500 feet above ground
Under construction, position and elevation unverified (UC)",1.0,124.3,"5875
ST
= 0658-
72721
HANKSVILLE (CAR)
4480
Hanksville
R
20
HANKSVILLE RADIO
Mesa
491
MONTICELLO
150
7151
MJ
114.85
R
C
38
2
50
10
50
10
40
20
30
40
50
11320
8987
10650
Monticello
9202
PK
HITE PARK
7930
01445
3549 35
Dove Creek
8150
9059
Blanding
BLANDING
5750-25
YELLOW
30
1
20
Bluff
6443
MEXICAN HAT
4250-25
KH
OLJETO (Pvt) MONUMENT VALLEY
4838 11-36
5155
UTAH
37
ARIZONA
Mexican Water
TEEC NOS POS
7097
50
ROCK POINT MISSION
Kayenta
5100
20
KAYENTA
5810-56
KAIBITO
070-26
ROUND ROCK
COVE
5400-3-33
6050
30
9835
0
10
8075
7035
Tonalea
MANY FARMS
300-24
7580
CHINLE
5500 50
7580
Chinle
Moenkopi
To Valle 115° (VLE) 20
To Winslow 266° (INW)
ALTITUDE CONVERSION SCALE
Meters
10 15 20 25 30
Feet
30 40 50 60 70 80 90 100
For conversions above 100 feet, add like number of ciphers to the figures on both sides of scale.
111° W
110° W (Joins 40S)
109° W
410
430
240
250
260
270
280
290
300
310
320
330
340
350
360
370
380
390
400
420
130
140
150
160
170
180
190
200
210
220
230
150
160
170
180
190
200
210
220
230
240
250
260
270
U.S. Coast and Geodetic Survey
NOTE: It is requested that users of this chart indicate corrections and additions which come to their attention and notify
THE DIRECTOR, U.S. COAST AND GEODETIC SURVEY, WASHINGTON 25, D.C.
BASE NO. 5R2
Obstructions
500 feet or higher above ground
Under construction, position and elevation unverified (UC)
Less than 500 feet above ground
Radio range stations. Limits of the radials.
OILED AREAS",1.0,74.43,"The
5875
St
= 0658-
72721
HANKSVILLE (CAR)
4480
Hanksville
R
20
HANKSVILLE RADIO
MaSai
491
.10
-
MOUNTRICTION
150
7151
MJ
11485
R
eian
KJ
LJ
C
38
2.
50
10
50
10
a
40
20
30
40
50
11320
=
8987
-
10650
-
Monticello
9202
o
PK
HITE PARKER
7930
50
01445
3549 35
Dove
Creek
8150
9059
Blanding
BLANDING
5750-25
YELLOW
8920
-
30
-
1
20
Bluff
6443
MEXICAN HAT
4250-25
KH
c
OLJATO (Pvt) MONUMENT VALLEY
4838 11-36
15155
LH
MH
10388
UTAH
-
37
ARIZONA
Mexican Water
TEEC NOS POS
E
a
-
7097
50
RASTORALP
66333
9420
7900
(ROCK POINT MISSION
Kayenta
5100
20
KAYENTA
5810--56
40
!
KAIBITO
is
070--26
c
ROUND ROCK
COVE
5400 -3-33
6050
30
9835
l
0
-10
-
8075
7035
Tonalea
20
MANY FARMS
-
300--24
-
-
7580
TY
CHINLE
44
10
5500 50
7580
Chinle
Moenkopi
KG
to
G
-
11
Lat. 36
To Valle 115 VLE 20
50
30
40
10
20
30
50
14
40
50
ALTITUDE CONVERSION SCALE
Meters
To Winslow 266 INW
10
15
20
25
30
J
&
20
Feet
30
40
50
60
70
80
90
100
For conversions above 100 feet, add like number of ciphers to the figures on both sides of scale.
111°W
110°W
(Joins 405) 109°W
410
430
4:
0
2401
2501
260
270
280
290
300
310
320,
330
340)
350
360
370
380
390
400
420
130
140
150
160
170
180
190
200
210
220
230
150
160
170)
1801
1901
200
210
2201
230
240
2501
260
270
U.S. Coast and Geodetic Survey
NOTE: It is requested that users of this chart indicate corrections and additions
which come to their attention and notify
""THE DIRECTOR, U.S. COAST AND GEODETIC SURVEY, WASHINGTON 25, D.C.""
BASE NO. 5R2
Obstructions
CONTROLLED AREAS
Stations. Limits of
500 feet or higher above ground
Under construction, position
UC
of the radials.
Less than 500 feet above ground
and elevation unverified",1.0,151.04,"HANKSVILLE (CAR)
HANKSVILLE RADIO

Monticello
Dove Creek
Blanding
BLANDING 5750–25
Bluff
MEXICAN HAT 4250–25
OLJATO (Pvt) MONUMENT VALLEY 4838 11–36

UTAH
37
ARIZONA

Mexican Water
TEEC NOS POS
ROCK POINT MISSION
Kayenta
KAYENTA 5810–56
KAIBITO
ROUND ROCK
COVE 5400–3–33
Tonalea
MANY FARMS
CHINLE 5500–50
Chinle
Moenkopi

To Valle 115 VLE 20
To Winslow 266 INW

ALTITUDE CONVERSION SCALE
Meters
10 15 20 25 30
Feet
30 40 50 60 70 80 90 100
For conversions above 100 feet, add like number of ciphers to the figures on both sides of the scale.

111° K
110° L (Joins 405)
109° M

NOTE: It is requested that users of this chart indicate corrections and additions which come to their attention and notify
THE DIRECTOR, U.S. COAST AND GEODETIC SURVEY, WASHINGTON 25, D.C.

BASE NO. 5R2

Obstructions
500 feet or higher above ground
Under construction, position and elevation unverified (UC)
Less than 500 feet above ground

Radio range stations. Limits of the radials.",1.0,57.66,"HANKSVILLE (CAR)
4480
Hanksville
R
20
HANKSVILLE RADIO
Mesa
491
MOUNTAIN OBSTRUCTION
150
7151
11485
Monticello
9202
PK
HITE
PARKER PK
7930
01445
3549 35
Dove Creek
8150
9059
Blanding
BLANDING
5750-25
YELLOW
8920
Bluff
6443
MEXICAN HAT
4250-25
OLJATO (Pvt) MONUMENT VALLEY
4838 11-36
15155
UTAH
ARIZONA
Mexican Water
Teec Nos Pos
7097
6633
9420
7900
ROCK POINT MISSION
Kayenta
5100
KAYENTA
5810-56
KAIBITO
070-26
ROUND ROCK
COVE
5400-33
6050
9835
Tonalea
MANY FARMS
300-24
7580
CHINLE
5500
Chinle
Moenkopi
To Valle 115 VLE 20
ALTITUDE CONVERSION SCALE
Meters
To Winslow 266 INW
10
15
20
25
30
Feet
30
40
50
60
70
80
90
100
For conversions above 100 feet, add like number of ciphers to the figures on both sides of scale.
111° K
110° L
(Joins 405)
109° M
410
430
240
250
260
270
280
290
300
310
320
330
340
350
360
370
380
390
400
420
130
140
150
160
170
180
190
200
210
220
230
150
160
170
180
190
200
210
220
230
240
250
260
270
U.S. Coast and Geodetic Survey
NOTE: It is requested that users of this chart indicate corrections and additions which come to their attention and notify ""THE DIRECTOR, U.S. COAST AND GEODETIC SURVEY, WASHINGTON 25, D.C.""
BASE NO. 5R2
Obstructions
Controlled Areas
Range stations. Limits of the radials.
500 feet or higher above ground
Under construction, position and elevation unverified (UC)
Less than 500 feet above ground",1.0,77.12,"the
5875
st
= 0658-
72721
HANKSVILLE (CAR)
4480
Hanksville
R
20
HANKSVILLE RADIO
MaSai
491
.
.10
-
MOUNTRICTION
150
7151
MJ
11485
R
eian
KJ
LJ
C
38
2.
50
10
50
10
a
40
20
30
40
50
11320
=
8987
-
10650
-
Monticello
9202
o
PK
HITE PARKER
7930
50
01445
3549 35
Dove
Creek
8150
9059
Blanding
BLANDING
5750-25
YELLOW
8920
-
30
-
1
20
Bluff
6443
MEXICAN HAT
4250-25
KH
c
OLJATO (PVI) MONUMENT VALLEY
483811-36
15155
LH
MH
10388
UTAH
-
37
ARIZONA
Mexican Water
TEEC NOS POS
E
a
-
7097
50
RASTORALP
66333
9420
7900
(ROCK POINT MISSION
Kayenta
5100
20
KAYENTA
5810--56
40
!
KAIBITO
is
070--26
c
ROUND ROCK
COVE
5400 -3-33
60s0
30
9835
l
0
-10
-
8075
7035
Tonalea
20
MANY FARMS
-
300--24
-
-
7580
TY
CHINLE
44
10
5500 50
7580
Chinle
Moenkopi
KG
to
G
-
11
Let.
36
To Valle 115 VLE 20
50
30
40
10
20
30
50
14
40
50
ALTITUDE CONVERSION SCALE
Meters
To Winslow 266 INW
10
15
20
25
30
J
&
20
Feet
30
40
50
60
70
80
90
100
For conversions above 100 feet, add like number of ciphers to the figures on both sides of the scale.
I
111° K
110 L
(Joins 405) 109 M
410
430
4:
0
2401
2501
260
270
280
290
300
310
320,
330
340)
350
360
370
380
390
400
420
130
140
150
160
170
180
190
200
210
220
230
150
160
170)
1801
1901
200
210
2201
230
240
2501
260
270
or
Coast and Geodetic Survey
The
NOTE: It is requested that users of this chart indicate corrections and additions
which come to their attention and notify
""THE DIRECTOR, U.S. COAST AND GEODETIC SURVEY, WASHINGTON 25, D.C.""
BASE NO. 5R2
Obstructions
CONTROLLED AREAS
Stations. Limits of the radials.
500 feet or higher above ground
Under construction, position and elevation unverified (UC)
Less than 500 feet above ground",1.0,77.49,"The
5875
st
= 0658-
72721
HANKSVILLE (CAR)
4480
Hanksville
R
20
HANKSVILLE RADIO
MaSai
491
.
.10
-
MOUNTRICTION
150
7151
MJ
11485
R
eian
KJ
LJ
C
38
2.
50
10
50
10
a
40
20
30
40
50
11320
=
8987
-
10650
-
Monticello
9202
o
PK
HITE PARKER
7930
50
01445
3549 35
Dove
Creek
8150
9059
Blanding
BLANDING
5750-25
YELLOW
8920
-
30
-
1
20
Bluff
6443
MEXICAN HAT
4250-25
KH
c
OLJATO (Pvt) MONUMENT VALLEY
483811-36
15155
LH
MH
10388
UTAH
-
37
ARIZONA
Mexican Water
TEEC NOS POS
E
a
-
7097
50
RASTORALP
66333
9420
7900
ROCK POINT MISSION
Kayenta
5100
20
KAYENTA
5810--56
40
!
KAIBITO
is
070--26
c
ROUND ROCK
.COVE
5400 -3-33
6050
30
9835
1
0
-10
-
8075
7035
Tonalea
20
MANY FARMS
-
300--24
-
-
7580
TY
CHINLE
44
10
5500 50
7580
Chinle
Moenkopi
KG
to
G
-
11
Lat.
36
To Valle 115 VLE 20
50
30
40
10
20
30
50
14
40
50
ALTITUDE CONVERSION SCALE
Meters
To Winslow 266 INW
10
15
20
25
30
J
&
20
Feet
30
40
50
60
70
80
90
100
For conversions above 100 feet, add like number of ciphers to the figures on both sides of scale.
I
111° K
110 L
(Joins 405) 109 M
410
430
4:
0
2401
2501
260
270
280
290
300
310
320,
330
340
350
360
370
380
390
400
420
130
140
150
160
170
180
190
200
210
220
230
150
160
170
180
190
200
210
220
230
240
250
260
270
or
The Coast and Geodetic Survey
NOTE: It is requested that users of this chart indicate corrections and additions
which come to their attention and notify
""THE DIRECTOR, U.S. COAST AND GEODETIC SURVEY, WASHINGTON 25, D.C.""
BASE NO. 5R2
Obstructions
CONTROLLED AREAS
stations. Limits of
500 feet or higher above ground
Under construction, position
UC
of the radials.
Less than 500 feet above ground
and elevation unverified",1.0,64.09,"the
5875
st
= 0658-
72721
HANKSVILLE (CAR)
4480
Hanksville
R
20
HANKSVILLE RADIO
MaSai
491
.
.10
-
MOUNTRICTION
150
7151
MJ
11485
R
eian
KJ
LJ
C
38
2.
50
10
50
10
a
40
20
30
40
50
11320
=
8987
-
10650
-
Monticello
9202
o
PK
HITE PARKER
7930
50
01445
3549 35
Dove
Creek
8150
9059
Blanding
BLANDING
5750-25
YELLOW
8920
-
30
-
1
20
Bluff
6443
MEXICAN HAT
4250-25
KH
c
OLJATO (Pvi) MONUMENT VALLEY
483811-36
15155
LH
MH
10388
UTAH
-
37
ARIZONA
Mexican Water
TEEC NOS POS
E
a
-
7097
50
RASTORALP
66333
9420
7900
ROCK POINT MISSION
Kayenta
5100
20
KAYENTA
5810--56
40
!
KAIBITO
is
070--26
c
ROUND ROCK
COVE
5400 -3-33
6050
30
9835
l
0
-10
-
8075
7035
Tonalea
20
MANY FARMS
-
300--24
-
-
7580
TY
CHINLE
44
10
5500 50
7580
Chinle
Moenkopi
KG
to
G
-
11
Let.
36
To Valle 115 VLE 20
50
30
40
10
20
30
50
14
40
50
ALTITUDE CONVERSION SCALE
Meters
To Winslow 266 INW #
10
15
20
25
30
J
&
20
Feet
30
40
50
60
70
80
90
100
For conversions above 100 feet, add like number of ciphers to the figures on both sides of scale.
I
111°K
110 L
(Joins 405) 109 M
410
430
440
0
2401
2501
260
270
280
290
300
310
320
330
340
350
360
370
380
390
400
420
130
140
150
160
170
180
190
200
210
220
230
150
160
170
1801
1901
200
210
2201
230
240
2501
260
270
The Coast and Geodetic Survey
NOTE: It is requested that users of this chart indicate corrections and additions
which come to their attention and notify
""THE DIRECTOR, U.S. COAST AND GEODETIC SURVEY, WASHINGTON 25, D.C.""
BASE NO 5R2
Obstructions
500 feet or higher above ground
Less than 500 feet above ground
Under construction, position and elevation unverified UC
CONTROLLED AREAS
Radio range stations. Limits of the radials.",1.0,74.34,"The
5875
st
= 0658-
72721
HANKSVILLE (CAA)
4480
Hanksville
R
20
HANKSVILLE RADIO
MaSai
491
.10
-
MOUNTAIN SECTION
150
7151
MJ
11485
R
eian
KJ
LJ
C
38
2.
50
10
50
10
a
40
20
30
40
50
11320
=
8987
-
10650
-
Monticello
9202
o
PK
HITE PARKER
7930
50
01445
3549 35
Dove
Creek
8150
9059
Blanding
BLANDING
5750-25
YELLOW
8920
-
30
-
1
20
Bluff
6443
MEXICAN HAT
4250-25
KH
c
OLJATO (Pvt) MONUMENT VALLEY
483811-36
15155
LH
MH
10388
UTAH
-
37
ARIZONA
Mexican Water
TEEC NOS POS
E
a
-
7097
50
RASTORALP
66333
9420
7900
ROCK POINT MISSION
Kayenta
5100
20
KAYENTA
5810--56
40
!
KAIBITO
is
070--26
c
ROUND ROCK
COVE
5400 -3-33
6050
30
9835
l
0
-10
-
8075
7035
Tonalea
20
MANY FARMS
-
300--24
-
-
7580
TY
CHINLE
44
10
5500 50
7580
CHINLE
Moenkopi
KG
to
G
-
11
Lat.
36
To Valle 115° VLE 20
50
30
40
10
20
30
50
14
40
50
ALTITUDE CONVERSION SCALE
Meters
To Winslow 266° INW
10
15
20
25
30
J
&
20
Feet
30
40
50
60
70
80
90
100
For conversions above 100 feet, add like number of ciphers to the figures on both sides of scale.
1
111° K
110 L
(Joins 405) 109 M
410
430
4:
0
240
250
260
270
280
290
300
310
320
330
340
350
360
370
380
390
400
420
130
140
150
160
170
180
190
200
210
220
230
150
160
170
180
190
200
210
220
230
240
250
260
270
U.S. Coast and Geodetic Survey
NOTE: It is requested that users of this chart indicate corrections and additions
which come to their attention and notify
""THE DIRECTOR, U.S. COAST AND GEODETIC SURVEY, WASHINGTON 25, D.C.""
BASE NO. 5R2
Obstructions
500 feet or higher above ground
Less than 500 feet above ground
UC
Under construction, position and elevation unverified
CONTROLLED AREAS
Stations. Limits of the radials.",1.0,146.64
28982089,"PAGE TWO RJEDSJ 3
(8) NONE
(9) BRIGHT FLASH
3. (1) FLASH IN SKY
(2) DIRECTLY OVERHEAD
(3) 90 DEGREE ANGLE
(4) PASSED DIRECTLY OVERHEAD
(5) TO THE NORTH FAST
(6) 2 OR 3 SECONDS
C. (1) GROUND VISUAL
(2) NONE
(3) NONE
D. (1) 1 MAR 1959 2355Z
(2) NIGHT
E. (1) RELATIVE TO: rs MI NEAR MITCHEL AFB NY
F. (1) BELLAIRE, NY.
(2) NONE
G. (1) CLEAR, CALM
(2) 272/10 260/15 253/25 272/40 210/90 250/15
(3) CLEAR
(4) 10 MI
PAGE THREE RJEDSJ 3
(5) CLEAR",0.05922551252847381,52.58,"PAGE TWO RJEDSJ 3
(8) NONE
(9) BRIGHT FLASH
3. (1) FLASH IN SKY
(2) DIRECTLY OVERHEAD
(3) 90 DEGREE ANGLE
(4) PASSED DIRECTLY OVERHEAD
(5) TO THE NORTH FAST
(6) 2 OR 3 SECONDS
C. (1) GROUND VISUAL
(2) NONE
(3) NONE
D. (1) 1 MAR 1959 2355Z
(2) NIGHT
E. (1) RELATIVE TO rs MI read MITCHEL AFB NY
F. (1) ADDRESS BELLAIRE, NY.
(2) NONE
G. (1) CLEAR, CALM
(2) 272/10 260/15 253/25 272/40 210/90 250/15
(3) CLEAR
(4) 10 MI
PAGE THREE RJEDSJ 3
(5) CLEAR",0.06950672645739911,69.47,"PAGE TWO RJEDSJ 3
(8) NONE
(9) BRIGHT FLASH
3. (1) FLASH IN SKY
(2) DIRECTLY OVERHEAD
(3) 90 DEGREE ANGLE
(4) PASSED DIRECTLY OVERHEAD
(5) TO THE NORTH FAST
(6) 2 OR 3 SECONDS
C. (1) GROUND VISUAL
(2) NONE
(3) NONE
D. (1)
1 MAR 1959 2355Z
(2) NIGHT
E. (1)
RELATIVE TO: rs MI read MITCHEL AFB NY
F. (1) BELLAIRE, NY.
(2) NONE
G. (1) CLEAR CALM
(2) 272/10 260/15 253/25 272/40 210/90 250/15
(3) CLEAR
(4) 10 MI
PAGE THREE RJEDSJ 3
(5) CLEAR",0.05707762557077625,67.7,"PAGE TWO RJEDSJ 3
(8) NONE
(9) BRIGHT FLASH
3. (1) FLASH IN SKY
(2) DIRECTLY OVERHEAD
(3) 90 DEGREE ANGLE
(4) PASSED DIRECTLY OVERHEAD
(5) TO THE NORTH FAST
(6) 2 OR 3 SECONDS
C. (1) GROUND VISUAL
(2) NONE
(3) NONE
D. (1) 1 MAR 1959 2355Z
(2) NIGHT
E. (1) RELATIVE TO 15 MI NEAR MITCHEL AFB, NY
F. (1) BELLAIRE, NY
(2) NONE
G. (1) CLEAR CALM
(2) 272/10 260/15 253/25 272/40 210/90 250/15
(3) CLEAR
(4) 10 MI
PAGE THREE RJEDSJ 3
(5) CLEAR",0.05491990846681922,75.55,"PAGE TWO RJEDSJ 3
(8) NONE
(9) BRIGHT FLASH
3. (1) FLASH IN SKY
(2) DIRECTLY OVERHEAD
(3) 90 DEGREE ANGLE
(4) PASSED DIRECTLY OVERHEAD
(5) TO THE NORTH FAST
(6) 2 OR 3 SECONDS
C. (1) GROUND VISUAL
(2) NONE
(3) NONE
D. (1) 1 MAR 1959 2355Z
(2) NIGHT
E. (1) RELATIVE TO: MITCHEL AFB, NY
F. (1) OBS: BELLAIRE, NY
(2) NONE
G. (1) CLEAR, CALM
(2) 272/10 260/15 253/25 272/40 210/90 250/15
(3) CLEAR
(4) 10 MI
PAGE THREE RJEDSJ 3
(5) CLEAR",0.08027522935779817,40.14,"PAGE TWO RJEDSJ 3
(8) NONE
(9) BRIGHT FLASH
3. (1) FLASH IN SKY
(2) DIRECTLY OVERHEAD
(3) 90 DEGREE ANGLE
(4) PASSED DIRECTLY OVERHEAD
(5) TO THE NORTH FAST
(6) 2 OR 3 SECONDS
C. (1) GROUND VISUAL
(2) NONE
(3) NONE
D. (1) 1 MAR 1959 2355Z
(2) NIGHT
E. (1) RELATIVE TO: 15 MI NEAR MITCHEL AFB, NY
F. (1) BELLAIRE, NY
(2) NONE
G. (1) CLEAR, CALM
(2) 272/10 260/15 253/25 272/40 210/09 250/15
(3) CLEAR
(4) 10 MI
PAGE THREE RJEDSJ 3
(5) CLEAR",0.06378132118451026,45.78,"PAGE TWO RJEDSJ 3
(8) NONE
(9) BRIGHT FLASH
3. (1) FLASH IN SKY
(2) DIRECTLY OVERHEAD
(3) 90 DEGREE ANGLE
(4) PASSED DIRECTLY OVERHEAD
(5) TO THE NORTHEAST
(6) 2 OR 3 SECONDS
C. (1) GROUND VISUAL
(2) NONE
(3) NONE
D. (1) 1 MAR 1959 2355Z
(2) NIGHT
E. (1) RELATIVE TO: 15 MI NEAR MITCHEL AFB, NY
F. (1) BELLAIRE, NY.
(2) NONE
G. (1) CLEAR, CALM
(2) 272/10 260/15 253/25 272/40 210/90 250/15
(3) CLEAR
(4) 10 MI
PAGE THREE RJEDSJ 3
(5) CLEAR",0.06150341685649203,116.25,"PAGE TWO RJEDSJ 3
(8) NONE
(9) BRIGHT FLASH
3. (1) FLASH IN SKY
(2) DIRECTLY OVERHEAD
(3) 90 DEGREE ANGLE
(4) PASSED DIRECTLY OVERHEAD
(5) TO THE NORTH EAST
(6) 2 OR 3 SECONDS
C. (1) GROUND VISUAL
(2) NONE
(3) NONE
D. (1) 1 MAR 1959 2355Z
(2) NIGHT
E. (1) RELATIVE TO 5 MI NEAR MITCHEL AFB NY
F. (1) DIS
BELLAIRE NY.
(2) NONE
G. (1) CLEAR CALM
(2) 272/10 260/15 253/25 272/40 210/90 250/15
(3) CLEAR
(4) 10 MI
PAGE THREE RJEDSJ 3
(5) CLEAR",0.05694760820045558,43.3,"PAGE TWO RJEDSJ 3
(8) NONE
(9) BRIGHT FLASH
3. (1) FLASH IN SKY
(2) DIRECTLY OVERHEAD
(3) 90 DEGREE ANGLE
(4) PASSED DIRECTLY OVERHEAD
(5) TO THE NORTH EAST
(6) 2 OR 3 SECONDS
C. (1) GROUND VISUAL
(2) NONE
(3) NONE
D. (1) 1 MAR 1959 2355Z
(2) NIGHT
E. (1) *RELATIVE TO rs MI read MITCHEL AFS NY
F. (1) DIS BELLAIRE NY.
(2) NONE
G. (1) CLEAR CALM
(2) 272/10 260/15 253/25 272/40 210/90 250/15
(3) CLEAR
(4) 10 MI
PAGE THREE RJEDSJ 3
(5) CLEAR",0.05895691609977324,97.27
28974641,"Act Info
Comdr
HQ
V/C
2110057 II 32
Z1XI
SpAsst
3
Sect
Safety
D/P&A
D/P
D/A
ASID
CADJ
AK145/15
IG
HPB261030MAA213ALA086LCE053
Prot
PP RJAPAD RJHPHM RJEDEN RJKDAG
ZDK
D
OPS
LCA041
Surg
PP RJAPAD RJHPHM RJEDEN RJKDAG
Chap
DE RJMALC 196
SJA
P 130828Z
D/O
FM COMDR THIRTEENTH AF
04
TO RJHPHM/CINCPACAF
D/M
RJAPAD/COMDR FIFTH AF
ACSI
RJKDAG/COMDR ALASKAN AIR CMD ELMENDORF AFB
D/C
RJEDEN/COMDR AIR DEF CMD ENT AFB
BT
Stat
:
OK
UNCLASSIFIED FROM 13100 08448 PD UNOB PD THIS MESSAGE IS.
TWELVE PARTS PD PART ONE PD DESCRIPTION ALPHA SHAPE ROUND AS
VIEWED FROM IMMEDIATELY BELOW PARA BRAVO SIZE APPROXIMATELY
ADV COPY
CADJ-TOR
CADJ-NUMBER
SUSPENSE
INCOMING MESSAGE FORM
FEAF FORM 162 1 January 1957
A24158
H",0.06437768240343347,2015.45,"Act Info
Comdr
HE4
V/C
211005Z II 32
Z1XI
Sp Asst
3
Sect
Safety
D/P&A
D/P
D/A
ASID
CADJ
AK145/15
IG
HPB 261030 MAA 213 ALA 086 LCE 053
Prot
PP RJAPAD RJHPHM RJEDEN RJKDAG
ZDK
D
OIS
LCA 041
Surg
PP RJAPAD RJHPHM RJEDEN RJKDAG
Chap
DE RJMALC 196
SJA
P 130828Z
D/O
FM COMDR THIRTEENTH AF
04
TO RJHPHM/CINCPACAF
D/M
RJAPAD/COMDR FIFTH AF
ACSI
RJKDAG/COMDR ALASKAN AIR COMD ELMENDORF AFB
D/C
RJEDEN/COMDR AIR DEF COMD ENT AFB
BT
Stat
OK
UNCLASSIFIED FROM 13100 08448 PD UNOB PD THIS MESSAGE IN OSI
TWELVE PARTS PD PART ONE PD DESCRIPTION ALPHA SHAPE ROUND AS
VIEWED FROM IMMEDIATELY BELOW PER BRAVO SIZE APPROXIMATELY
ADV-COPY
CADJ-TOR
CADJ-NUMBER
SUSPENSE
INCOMING MESSAGE FORM
FEAF FORM 162 1 January 1957
A24158
H",0.05907172995780591,43.24,"Act Info
Comdr
HQ
V/C
211005Z II 32
Z1XI
SpAsst
3
Sect
Safety
D/P&A
D/P
D/A
ASID
CADJ
AK145/15
IG
HPB261030MAA213ALA086LCE053
Prot
PP RJAPAD RJHPHM RJEDEN RJKDAG
ZDK
D
OIS
LCA041
Surg
PP RJAPAD RJHPHM RJEDEN RJKDAG
Chap
DE RJMALC 196
SJA
P 130828Z
D/O
FM COMDR THIRTEENTH AF
04
TO RJHPHM/CINCPACAF
D/M
RJAPAD/COMDR FIFTH AF
ACSI
RJKDAG/COMDR ALASKAN AIR CMD ELMENDORF AFB
D/C
RJEDEN/COMDR AIR DEF CMD ENT AFB
BT
Stat: OK
UNCLASSIFIED FROM 13100 08448 PD UNOB PD THIS MESSAGE IS IN
TWELVE PARTS PD PART ONE PD DESCRIPTION ALPHA SHAPE ROUND AS
VIEWED FROM IMMEDIATELY BELOW PD BRAVO SIZE APPROXIMATELY
ADV-COPY
CADJ-TOR
CADJ-NUMBER
SUSPENSE
INCOMING MESSAGE FORM
FEAF FORM 162 1 January 1957
A24158
H",0.06017191977077364,55.36,"Act Info
Comdr
HQ
V/C
211005Z II 32
Z1XI
Sp Asst
3
Sect
Safety
D/P&A
D/P
D/A
ASID
CADJ
AK 145/15
IG
HPB 261030 MAA 213 ALA 086 LCE 053
Prot
PP RJAPAD RJHPHM RJEDEN RJKDAG
ZDK
D
OIS
LCA041
Surg
PP RJAPAD RJHPHM RJEDEN RJKDAG
Chap
DE RJMALC 196
SJA
P 130828Z
D/O
FM COMDR THIRTEENTH AF
04
TO RJHPHM/CINCPACAF
D/M
RJAPAD/COMDR FIFTH AF
ACSI
RJKDAG/COMDR ALASKAN AIR COM ELMENDORF AFB
D/C
RJEDEN/COMDR AIR DEF COMD ENT AFB
BT
Stat
@
OK
UNCLASSIFIED FROM 13100 08448 PD UNOB PD THIS MESSAGE IN OSI
TWELVE PARTS PD PART ONE PD DESCRIPTION ALPHA SHAPE ROUND AS
VIEWED FROM IMMEDIATELY BELOW PAR BRAVO SIZE APPROXIMATELY
ADV-COPY
CADJ-TOR
CADJ-NUMBER
SUSPENSE
INCOMING MESSAGE FORM
FEAF FORM 162 1 January 1957
A24158
H",0.06329113924050633,96.69,"Act Info
Comdr
HQ
V/C
211005Z II 32
ZIXI
Sp Asst
3
Sect
Safety
D/P&A
D/P
D/A
ASID
CADJ
AK 145/15
IG
HPB261030MAA213ALA086LCE053
Prot
PP RJAPAD RJHPHM RJEDEN RJKDAG
ZDK
D
OIS
LCA 041
Surg
PP RJAPAD RJHPHM RJEDEN RJKDAG
Chap
DE RJMALC 196
SJA
P 130828Z
D/O
FM COMDR THIRTEENTH AF
04
TO RJHPHM/CINCPACAF
D/M
RJAPAD/COMDR FIFTH AF
ACSI
RJKDAG/COMDR ALASKAN AIR COMMAND ELMENDORF AFB
D/C
RJEDEN/COMDR AIR DEF COMD ENT AFB
BT
Stat
OK
UNCLASSIFIED FROM 13100 08448 PD UNCL PD THIS MESSAGE IS
TWELVE PARTS PD PART ONE PD DESCRIPTION ALPHA SHAPE ROUND AS
VIEWED FROM IMMEDIATELY BELOW PARA BRAVO SIZE APPROXIMATELY
ADV COPY
CADJ-TOR
CADJ-NUMBER
SUSPENSE
INCOMING MESSAGE FORM
FEAF FORM 162 1 January 1957
A24158
H",0.06960227272727272,289.39,"Act Info
Comdr
HQ
V/C
211005Z II 32
ZIXI
Sp Asst
Sect
Safety
D/P&A
D/P
D/A
ASID
CADJ
AK 145/15
IG
HPB 261030 MAA 213 ALA 086 LCE 053
Prot
PP RJAPAD RJHPHM RJEDEN RJKDAG
ZDK
D
OSI
LCA 041
Surg
PP RJAPAD RJHPHM RJEDEN RJKDAG
Chap
DE RJMALC 196
SJA
P 130828Z
D/O
FM COMDR THIRTEENTH AF
04
TO RJHPHM/CINCPACAF
D/M
RJAPAD/COMDR FIFTH AF
ACSI
RJKDAG/COMDR ALASKAN AIR COM ELMENDORF AFB
D/C
RJEDEN/COMDR AIR DEF COMD ENT AFB
BT
Stat
@
OK
UNCLAS FROM 131008Z 08448 PD UNCL PD THIS MESSAGE IS
TWELVE PARTS PD PART ONE PD DESCRIPTION ALPHA SHAPE ROUND AS
VIEWED FROM IMMEDIATELY BELOW PARA BRAVO SIZE APPROXIMATELY
ADV COPY
CADJ TOR
CADJ NUMBER
SUSPENSE
INCOMING MESSAGE FORM
FEAF FORM 162 1 January 1957
A24158
H",0.09672830725462304,63.56,"Act Info
Comdr
HE4
V/C
2110057 II 32
Z1XI
SpAsst
3
Sect
Safety
D/P&A
D/P
D/A
ASID
CADJ
AK145/15
IG
HPB261030MAA213ALA086LCE053
Prot
PP RJAPAD RJHPHM RJEDEN RJKDAG
ZDK
D
OIS
LCA041
Surg
PP RJAPAD RJHPHM RJEDEN RJKDAG
Chap
DE RJMALC 196
SJA
P 130828Z
D/O
FM COMDR THIRTEENTH AF
04
TO RJHPHM/CINCPACAF
D/M
RJAPAD/COMDR FIFTH AF
ACSI
RJKDAG/COMDR ALASKAN AIR COMD ELMENDORF AFB
D/C
RJEDEN/COMDR AIRDEF COMD ENT AFB
BT
Stat
@
OK
UNCLASSIFIED FROM 13100 08448 PD UNOB PD THIS MESSAGE IN
OS!
TWELVE PARTS PD PART ONE PD DESCRIPTION ALPHA SHAPE ROUND AS
VIEWED FROM IMMEDIATELY BELOW PD BRAVO SIZE APPROXIMATELY
ADV-COPY
CADJ-TOR
CADJ-NUMBER
SUSPENSE
INCOMING MESSAGE FORM
FEAF FORM 162 1 January 1957
A24158
H",0.04843304843304843,52.94,"Act Info
Comdr
HE4
V/C
2110057 II 32
Z1XI
SpAsst
3
Sect
Safety
D/P&A
D/P
D/A
ASID
CADJ
AK145/15
IG
HPB261030MAA213ALA086LCE053
Prot
PP RJAPAD RJHPHM RJEDEN RJKDAG
ZDK
D
OIS
LCA041
Surg
PP RJAPAD RJHPHM RJEDEN RJKDAG
Chap
DE RJMALC 196
SJA
P 130828Z
D/O
FM COMDR THIRTEENTH AF
04
TO RJHPHM/CINCPACAF
D/M
RJAPAD/COMDR FIFTH AF
ACSI
RJKDAG/COMDR ALASKAN AIR COM ELMENDORF AFB
D/C
RJEDEN/COMDR AIRDEF COMD ENT AFB
BT
Stat
@
OK
UNCLASSIFIED FROM 13100 08448 PD UNOB PD THIS MESSAGE IN
OSI
TWELVE PARTS PD PART ONE PD DESCRIPTION ALPHA SHAPE ROUND AS
VIEWED FROM IMMEDIATELY BELOW PD BRAVO SIZE APPROXIMATELY
ADV-COPY
CADJ-TOR
CADJ-NUMBER
SUSPENSE
INCOMING MESSAGE FORM
FEAF FORM 162 1 January 1957
A24158
H",0.0456490727532097,55.5,"Act Info
Comdr
HE4
V/C
211005Z II 32
Z1XI
SpAsst
3
Sect
Safety
D/P&A
D/P
D/A
ASID
CADJ
AK145/15
IG
HPB261030MAA213ALA086LCE053
Prot
PP RJAPAD RJHPHM RJEDEN RJKDAG
ZDK
D
OIS
LCA041
Surg
PP RJAPAD RJHPHM RJEDEN RJKDAG
Chap
DE RJMALC 196
SJA
P 130828Z
D/O
FM COMDR THIRTEENTH AF
04
TO RJHPHM/CINCPACAF
D/M
RJAPAD/COMDR FIFTH AF
ACSI
RJKDAG/COMDR ALASKAN AIR COMD ELMENDORF AFB
D/C
RJEDEN/COMDR AIRDEF COMD ENT AFB
BT
Stat
@
OK
UNCLASSIFIED FROM 13100 08448 PD UNOB PD THIS MESSAGE IS
IS.
TWELVE PARTS PD PART ONE PD DESCRIPTION ALPHA SHAPE ROUND AS
VIEWED FROM IMMEDIATELY BELOW PR BRAVO SIZE APPROXIMATELY
ADV-COPY
CADJ-TOR
CADJ-NUMBER
SUSPENSE
INCOMING MESSAGE FORM
FEAF FORM 162 1 January 1957
A24158
H",0.05128205128205128,90.63
28989706,"HEADQUARTERS
819th Air Division
United States Air Force
Dyess Air Force Base, Texas

REPLY TO
ATTN OF: BC

SUBJECT: Unidentified Flying Object

19 Oct 1960

TO: Commander,
Air Technical Intelligence Center
Wright-Patterson Air Force Base, Ohio

Enclosed is a letter received by this base on 17 Oct 1960 for your information.

FOR THE COMMANDER:

1 Incl
Ann Brehn
a/s

IRVING B. BERK
USAF
Director of Administrative Services",0.05301204819277108,26.65,"HEADQUARTERS
819TH AIR DIVISION
UNITED STATES AIR FORCE
DYESS AIR FORCE BASE, TEXAS

REPLY TO
ATTN OF:
BC

SUBJECT:
Unidentified Flying Object

18 OCT 1960

TO: Commander
Air Technical Intelligence Center
Wright-Patterson Air Force Base, Ohio

Inclosed is a letter received by this base on 17 Oct 1960 for your information.

FOR THE COMMANDER:
1 Incl
Ann Brehm
a/s

IRVING B. BERK
USAF
Director of Administrative Services",0.04589371980676329,59.45,"HEADQUARTERS
819TH AIR DIVISION
UNITED STATES AIR FORCE
DYESS AIR FORCE BASE, TEXAS

REPLY TO
ATTN OF:
BC

SUBJECT:
Unidentified Flying Object

18 OCT 1960

TO: Commander
Air Technical Intelligence Center
Wright-Patterson Air Force Base, Ohio

Enclosed is a letter received by this base on 17 Oct 1960 for your information.

FOR THE COMMANDER:
1 Incl
a/s

IRVING B. BERK
USAF
Director of Administrative Services",0.024330900243309004,56.76,"HEADQUARTERS
819TH AIR DIVISION
UNITED STATES AIR FORCE
DYESS AIR FORCE BASE, TEXAS

REPLY TO
ATTN OF: BC

SUBJECT:
Unidentified Flying Object

18 Oct 1960

TO: Commander
Air Technical Intelligence Center
Wright-Patterson Air Force Base, Ohio

Inclosed is a letter received by this base on 17 Oct 1960 for your information.

FOR THE COMMANDER:

1 Incl

Ann Brehm

IRVING B. BERK
USAF
Director of Administrative Services",0.0413625304136253,74.11,"HEADQUARTERS
819TH AIR DIVISION
UNITED STATES AIR FORCE
DYESS AIR FORCE BASE, TEXAS

REPLY TO
ATTN OF:
BC

SUBJECT:
Unidentified Flying Object

18 OCT 1960

TO: Commander
Air Technical Intelligence Center
Wright-Patterson Air Force Base, Ohio

Inclosed is a letter received by this base on 17 Oct 1960 for
your information.

FOR THE COMMANDER:

1 Incl
a/s

IRVING B. BERK
USAF
Director of Administrative Services",0.021897810218978103,60.11,"HEADQUARTERS
819TH AIR DIVISION
UNITED STATES AIR FORCE
DYESS AIR FORCE BASE, TEXAS

REPLY TO
ATTN OF:
BC

SUBJECT:
Unidentified Flying Object

18 OCT 1960

TO: Commander
Air Technical Intelligence Center
Wright-Patterson Air Force Base, Ohio

Enclosed is a letter received by this base on 17 Oct 1960 for your information.

FOR THE COMMANDER:

1 Incl

IRVING B. BERK
USAF
Director of Administrative Services",0.0340632603406326,17.91,"HEADQUARTERS
819TH AIR DIVISION
UNITED STATES AIR FORCE
DYESS AIR FORCE BASE, TEXAS

REPLY TO
ATTN OF:
BC

SUBJECT:
Unidentified Flying Object

18 OCT -

TO: Commander
Air Technical Intelligence Center
Wright-Patterson Air Force Base, Ohio

Enclosed is a letter received by this base on 17 Oct 1960 for
your information.

FOR THE COMMANDER:

1 Incl
Ann Brehm
a/s

IRVING B. BERK
USAF
Director of Administrative Services",0.0535279805352798,22.32,"HEADQUARTERS
819TH AIR DIVISION
UNITED STATES AIR FORCE
DYESS AIR FORCE BASE, TEXAS

REPLY TO
ATTN OF:
BC

SUBJECT:
Unidentified Flying Object

18 OCT 1960
-
TO: Commander
Air Technical Intelligence Center
Wright-Patterson Air Force Base, Ohio

Inclosed is a letter received by this base on 17 Oct 1960 for
your information.

FOR THE COMMANDER:
1 Incl
Ann Breen
a/s
IRVING B. BERK
USAF
Director of Administrative Services",0.05048076923076923,57.25,"HEADQUARTERS
819TH AIR DIVISION
UNITED STATES AIR FORCE
DYESS AIR FORCE BASE, TEXAS

REPLY TO
ATTN OF:
BC

SUBJECT:
Unidentified Flying Object

18 OCT 1960

TO: Commander
Air Technical Intelligence Center
Wright-Patterson Air Force Base, Ohio

Inclosed is a letter received by this base on 17 Oct 1960 for
your information.

FOR THE COMMANDER:
1 Incl
Ann Brenh
a/s

IRVING B. BERK
USAF
Director of Administrative Services",0.04589371980676329,37.48
28993832,"PROJECT 10073 RECORD CARD

1. DATE
3 Aug 61

2. LOCATION
2621N 12650E (FAR EAST)

3. DATE-TIME GROUP
Local 2015
GMT 031115Z

4. TYPE OF OBSERVATION
Ground-Visual
Ground-Radar
Air-Visual
Air-Intercept Radar

5. PHOTOS
Yes
No

6. SOURCE
Military
Other

7. LENGTH OF OBSERVATION
17 min

8. NUMBER OF OBJECTS

9. COURSE
NE

10. BRIEF SUMMARY OF SIGHTING
Silver white object observed 40° elev., 280° az. Disappearing over horizon at 050° after straight flight path; in sight 17 min. Multiple sightings.

11. COMMENTS
Description, duration, and flight path of object is characteristic of satellite Echo I. A check indicates that Echo I was in position reported by witnesses. It is therefore concluded that object observed was probably Echo I.

12. CONCLUSIONS
Was Balloon
Probably Balloon
Possibly Balloon

Was Aircraft
Probably Aircraft
Possibly Aircraft

Was Astronomical
Probably Astronomical
Possibly Astronomical

Insufficient Data for Evaluation

ATIC FORM 329 (REV 25 SEP 52)",0.09479166666666666,44.34,"PROJECT 10073 RECORD CARD
1. DATE 3 Aug 61
2. LOCATION 2621N 12650E (Far East)
3. DATE-TIME GROUP Local 2015; GMT 031115Z
4. TYPE OF OBSERVATION Ground-Visual
5. PHOTOS No
6. SOURCE Military
7. LENGTH OF OBSERVATION 17 min
8. NUMBER OF OBJECTS One
9. COURSE NE
10. BRIEF SUMMARY OF SIGHTING Silver white object observed at 40° elevation, 280° azimuth. Disappeared over the horizon at 050° after a straight flight path; in sight 17 minutes. Multiple sightings.
11. COMMENTS Description, duration, and flight path of object are characteristic of satellite Echo I. A check indicates that Echo I was in the position reported by witnesses. It is therefore concluded that the object observed was probably Echo I.
12. CONCLUSIONS Probably Astronomical (Echo I)
ATIC FORM 329 (REV 25 SEP 52)",0.23870967741935484,38.38,"PROJECT 10073 RECORD CARD
1. DATE
3 Aug 61
2. LOCATION
2621N 12650E (FAR EAST)
12. CONCLUSIONS
Was Balloon
Probably Balloon
Possibly Balloon
Was Aircraft
Probably Aircraft
Possibly Aircraft
Was Astronomical
Probably Astronomical
Possibly Astronomical
Insufficient Data for Evaluation
3. DATE-TIME GROUP
Local 2015
GMT 031115Z
4. TYPE OF OBSERVATION
Ground-Visual
Ground-Radar
Air-Visual
Air-Intercept Radar
5. PHOTOS
Yes
No
6. SOURCE
Military
Other
7. LENGTH OF OBSERVATION
Unknown
17 min
8. NUMBER OF OBJECTS
9. COURSE
NE
10. BRIEF SUMMARY OF SIGHTING Silver white object observed 40° elev, 280° az. Disappearing over horizon at 050° after straight flight path in sight 17 min. Multiple sightings.
11. COMMENTS Description, duration, and flight path of object is characteristic of satellite Echo I. A check indicates that Echo I was in position reported by witnesses. It is therefore concluded that object observed was probably Echo I.
ATIC FORM 329 (REV 25 SEP 52)",0.4306418219461698,41.59,"PROJECT 10073 RECORD CARD
1. DATE 3 Aug 61
2. LOCATION 2621N 12650E (FAR EAST)
3. DATE-TIME GROUP Local 2015 GMT 031115Z
4. TYPE OF OBSERVATION Ground-Visual Ground-Radar Air-Visual Air-Intercept Radar
5. PHOTOS Yes No
6. SOURCE Military Other
7. LENGTH OF OBSERVATION 17 min
8. NUMBER OF OBJECTS
9. COURSE NE
10. BRIEF SUMMARY OF SIGHTING Silver white object observed 40° elev, 280° az. Disappearing over horizon at 050° after straight flight path; in sight 17 min. Multiple sightings.
11. COMMENTS Description, duration, and flight path of object is characteristic of satellite Echo I. A check indicates that Echo I was in position reported by witnesses. It is therefore concluded that object observed was probably Echo I.
12. CONCLUSIONS Was Balloon Probably Balloon Possibly Balloon Was Aircraft Probably Aircraft Possibly Aircraft Was Astronomical Probably Astronomical Possibly Astronomical Insufficient Data for Evaluation Unknown
ATIC FORM 329 (REV 25 SEP 52)",0.08686659772492245,30.39,"PROJECT 10073 RECORD CARD
1. DATE
3 Aug 61
2. LOCATION
2621N 12650E (FAR EAST)
3. DATE-TIME GROUP
Local 2015
GMT 031115Z
4. TYPE OF OBSERVATION
Ground-Visual
Ground-Radar
Air-Visual
Air-Intercept Radar
5. PHOTOS
Yes
No
6. SOURCE
Military
Other
7. LENGTH OF OBSERVATION
17 min
8. NUMBER OF OBJECTS
Unknown
9. COURSE
NE
10. BRIEF SUMMARY OF SIGHTING
Silver white object observed 40° elev, 280° az. Disappearing over horizon at 050° after straight flight path; in sight 17 min. Multiple sightings.
11. COMMENTS
Description, duration, and flight path of object is characteristic of satellite Echo I. A check indicates that Echo I was in position reported by witnesses. It is therefore concluded that object observed was probably Echo I.
12. CONCLUSIONS
Was Balloon
Probably Balloon
Possibly Balloon
Was Aircraft
Probably Aircraft
Possibly Aircraft
Was Astronomical
Probably Astronomical
Possibly Astronomical
Insufficient Data for Evaluation
Other: Prob. Echo I
ATIC FORM 329 (REV 25 SEP 52)",0.10739614994934144,37.38,"PROJECT 10073 RECORD CARD

1. DATE
3 Aug 61

2. LOCATION
2621N 12650E (FAR EAST)

3. DATE-TIME GROUP
Local 2015
GMT 031115Z

4. TYPE OF OBSERVATION
Ground-Visual
Ground-Radar
Air-Visual
Air-Intercept Radar

5. PHOTOS
Yes
No

6. SOURCE
Military
Other

8. NUMBER OF OBJECTS
Unknown

9. COURSE
NE

7. LENGTH OF OBSERVATION
17 min

10. BRIEF SUMMARY OF SIGHTING
Silver white object observed 40° elev, 280° az. Disappearing over horizon at 050° after straight flight path in sight 17 min. Multiple sightings.

11. COMMENTS
Description, duration, and flight path of object is characteristic of satellite Echo I. A check indicates that Echo I was in position reported by witnesses. It is therefore concluded that object observed was probably Echo I.

12. CONCLUSIONS
Was Balloon
Probably Balloon
Possibly Balloon
Was Aircraft
Probably Aircraft
Possibly Aircraft
Was Astronomical
Probably Astronomical
Possibly Astronomical
Other (Prob Echo I)
Insufficient Data for Evaluation
Unknown

ATIC FORM 329 (REV 25 SEP 52)",0.12977867203219315,49.97,"PROJECT 10073 RECORD CARD

1. DATE
3 Aug 61

2. LOCATION
2621N 12650E (FAREAST)

3. DATE-TIME GROUP
Local 2015
GMT 031115Z

4. TYPE OF OBSERVATION
ʘGround-Visualʘ
Ground-Radar
Air-Visual
Air-Intercept Radar

5. PHOTOS
Yes  ʘNoʘ

6. SOURCE
ʘMilitaryʘ
Other

7. LENGTH OF OBSERVATION
17 min

8. NUMBER OF OBJECTS
Unknown

9. COURSE
NE

10. BRIEF SUMMARY OF SIGHTING
Silver white object ob- served 40° elev, 280° az. Disappearing over horizon at 050° after straight flight path; in sight 17 min. Multiple sightings.

11. COMMENTS
Description, duration, and flight path of object is characteristic of satellite Echo I. A check indicates that Echo I was in position reported by witnesses. It is therefore concluded that object observed was probably Echo I.

12. CONCLUSIONS
Was Balloon
Probably Balloon
Possibly Balloon
Was Aircraft
Probably Aircraft
Possibly Aircraft
Was Astronomical
ʘProbably Astronomicalʘ
Possibly Astronomical
Insufficient Data for Evaluation

ATIC FORM 329 (REV 25 SEP 52)",0.09917355371900827,35.3,"PROJECT 10073 RECORD CARD
1. DATE
3 Aug 61
2. LOCATION
2621N 12650E (FAREAST)
3. DATE-TIME GROUP
Local 2015
GMT 031115Z
4. TYPE OF OBSERVATION
ʘGround-Visualʘ
Ground-Radar
Air-Visual
Air-Intercept Radar
5. PHOTOS
Yes
ʘNoʘ
6. SOURCE
ʘMilitaryʘ
Other
7. LENGTH OF OBSERVATION
17 min
8. NUMBER OF OBJECTS
Unknown
9. COURSE
NE
10. BRIEF SUMMARY OF SIGHTING Silver white object ob-
served 40° elev, 280° az. Disappearing over
horizon at 050° after straight flight path in
sight 17 min. Multiple sightings.
11. COMMENTS Description, duration, and
flight path of object is characteristic
of satellite Echo I. A check indicates
that Echo I was in position reported
by witnesses. It is therefore concluded
that object observed was probably Echo I.
12. CONCLUSIONS
Was Balloon
Probably Balloon
Possibly Balloon
Was Aircraft
Probably Aircraft
Possibly Aircraft
Was Astronomical
ʘProbably Astronomicalʘ
Possibly Astronomical
Insufficient Data for Evaluation
Echo I
ATIC FORM 329 (REV 25 SEP 52)",0.09548254620123203,64.02,"PROJECT 10073 RECORD CARD

1. DATE
3 Aug 61

2. LOCATION
2621N 12650E (FAR EAST)

3. DATE-TIME GROUP
Local 2015
GMT 031115Z

4. TYPE OF OBSERVATION
ʘGround-Visualʘ
Ground-Radar
Air-Visual
Air-Intercept Radar

5. PHOTOS
Yes
ʘNoʘ

6. SOURCE
ʘMilitaryʘ
Other

7. LENGTH OF OBSERVATION
17 min

8. NUMBER OF OBJECTS
Unknown

9. COURSE
NE

10. BRIEF SUMMARY OF SIGHTING
Silver white object ob- served 40° elev, 280° az. Disappearing over horizon at 050° after straight flight path in sight 17 min. Multiple sightings.

11. COMMENTS
Description, duration, and flight path of objt is characteristic of satellite Echo I. A check indicates that Echo I was in position reported by witnesses. It is therefore concluded that objt observed was probably Echo I.

12. CONCLUSIONS
Was Balloon
Probably Balloon
Possibly Balloon
Was Aircraft
Probably Aircraft
Possibly Aircraft
Was Astronomical
ʘProbably Astronomicalʘ
Possibly Astronomical
Insufficient Data for Evaluation

ATIC FORM 329 (REV 25 SEP 52)",0.09336099585062241,43.93
29000943,"PROJECT 10073 RECORD
1. DATE - TIME GROUP
Summer 1963
2. LOCATION
Middletown, New York
3. SOURCE
Civilian
10. CONCLUSION
UNIDENTIFIED
4. NUMBER OF OBJECTS
8 - 10
5. LENGTH OF OBSERVATION
About 1 minute
6. TYPE OF OBSERVATION
Ground-Visual
7. COURSE
Maneuvered
8. PHOTOS
Yes
No
9. PHYSICAL EVIDENCE
Yes
No
11. BRIEF SUMMARY AND ANALYSIS
8 - 10 lights moving at random formed into a circle and then flew away. Brighter than stars. Darting in all directions for 30 seconds, flying in a circle for 30 seconds, then disappeared to the north in a few seconds. Report made two years after sighting.
Report received two years after observation. Too old to warrant additional investigation. No apparent solution.
FORM
FTD SEP 63 0-329 (TDE)
Previous editions of this form may be used.",0.30518018018018017,20.12,"PROJECT 10073 RECORD
1. DATE - TIME GROUP
Summer 1963
2. LOCATION
Middletown, New York
3. SOURCE
Civilian
4. NUMBER OF OBJECTS
8 - 10
5. LENGTH OF OBSERVATION
About 1 minute
6. TYPE OF OBSERVATION
Ground-Visual
7. COURSE
Maneuvered
8. PHOTOS
Yes
No
9. PHYSICAL EVIDENCE
Yes
No
10. CONCLUSION
UNIDENTIFIED
Report received two years after observation. Too old to warrant additional investigation. No apparent solution.
11. BRIEF SUMMARY AND ANALYSIS
8 - 10 lights moving at random formed into a circle and then flew away. Brighter than stars. Darting in all directions for 30 seconds, flying in a circle for 30 seconds, then disappeared to the north in a few seconds. Report made two years after sighting.
FORM
FTD SEP 63 0-329 (TDE)
Previous editions of this form may be used.",0.14076576576576577,50.31,"PROJECT 10073 RECORD

1. DATE - TIME GROUP
Summer 1963

2. LOCATION
Middletown, New York

3. SOURCE
Civilian

4. NUMBER OF OBJECTS
8 - 10

5. LENGTH OF OBSERVATION
About 1 minute

6. TYPE OF OBSERVATION
Ground-Visual

7. COURSE
Maneuvered

8. PHOTOS
Yes
No

9. PHYSICAL EVIDENCE
Yes
No

10. CONCLUSION
UNIDENTIFIED

11. BRIEF SUMMARY AND ANALYSIS
8 - 10 lights moving at random formed into a circle and then flew away. Brighter than stars. Darting in all directions for 30 seconds, flying in a circle for 30 seconds, then disappeared to the north in a few seconds. Report made two years after sighting. Report received two years after observation. Too old to warrant additional investigation. No apparent solution.

FORM
FTD SEP 63 0-329 (TDE)
Previous editions of this form may be used.",0.24436936936936937,22.02,"PROJECT 10073 RECORD
1. DATE - TIME GROUP
Summer 1963
2. LOCATION
Middletown, New York
3. SOURCE
Civilian
4. NUMBER OF OBJECTS
8 - 10
5. LENGTH OF OBSERVATION
About 1 Minute
6. TYPE OF OBSERVATION
Ground-Visual
7. COURSE
Maneuvered
8. PHOTOS
Yes  No
9. PHYSICAL EVIDENCE
Yes  No
10. CONCLUSION
UNIDENTIFIED
11. BRIEF SUMMARY AND ANALYSIS
8 - 10 lights moving at random formed into a circle and then flew away. Brighter than stars. Darting in all directions for 30 seconds, flying in a circle for 30 seconds, then disappeared to the north in a few seconds. Report made two years after sighting.
Report received two years after observation. Too old to warrant additional investigation. No apparent solution.

FORM
FTD SEP 63 0-329 (TDE)
Previous editions of this form may be used.",0.24436936936936937,23.55,"PROJECT 10073 RECORD

1. DATE - TIME GROUP
Summer 1963

2. LOCATION
Middletown, New York

3. SOURCE
Civilian

4. NUMBER OF OBJECTS
8-10

5. LENGTH OF OBSERVATION
About 1 minute

6. TYPE OF OBSERVATION
Ground-Visual

7. COURSE
Maneuvered

8. PHOTOS
Yes
No

9. PHYSICAL EVIDENCE
Yes
No

10. CONCLUSION
UNIDENTIFIED

11. BRIEF SUMMARY AND ANALYSIS
Report received two years after observation. Too old to warrant additional investigation. No apparent solution.
8-10 lights moving at random formed into a circle and then flew away. Brighter than stars. Darting in all directions for 30 seconds, flying in a circle for 30 seconds, then disappeared to the north in a few seconds. Report made two years after sighting.

FORM
FTD SEP 63 0-329 (TDE)
Previous editions of this form may be used.",0.21509009009009009,40.76,"PROJECT 10073 RECORD
1. DATE-TIME GROUP
Summer 1963
2. LOCATION
Middletown, New York
3. SOURCE
Civilian
4. NUMBER OF OBJECTS
8 - 10
5. LENGTH OF OBSERVATION
About 1 minute
6. TYPE OF OBSERVATION
Ground-Visual
7. COURSE
Maneuvered
8. PHOTOS
Yes  No
9. PHYSICAL EVIDENCE
Yes  No
10. CONCLUSION
UNIDENTIFIED
Report received two years after observation. Too old to warrant additional investigation. No apparent solution.
11. BRIEF SUMMARY AND ANALYSIS
8 - 10 lights moving at random formed into a circle and then flew away. Brighter than stars. Darting in all directions for 30 seconds, flying in a circle for 30 seconds, then disappeared to the north in a few seconds. Report made two years after sighting.
FORM
FTD SEP 63 0-329 (TDE)
Previous editions of this form may be used.",0.14301801801801803,30.21,"PROJECT 10073 RECORD
1. DATE - TIME GROUP
Summer 1963
2. LOCATION
Middletown, New York
3. SOURCE
Civilian
4. NUMBER OF OBJECTS
8 - 10
5. LENGTH OF OBSERVATION
About 1 Minute
6. TYPE OF OBSERVATION
Ground-Visual
7. COURSE
Maneuvered
8. PHOTOS
Yes
No
9. PHYSICAL EVIDENCE
Yes
No
10. CONCLUSION
UNIDENTIFIED
11. BRIEF SUMMARY AND ANALYSIS
8 - 10 lights moving at random formed into a circle and then
flew away. Brighter than stars. Darting in all directions
for 30 seconds, flying in a circle for 30 seconds, then dis-
appeared to North in a few seconds. Report received two years
after observation. Too old to warrant additional investigation.
No apparent solution. Report made two years after sighting.
FORM
FTD SEP 63 0-329 (TDE)
Previous editions of this form may be used.",0.25675675675675674,35.12,"PROJECT 10073 RECORD
1. DATE - TIME - GROUP
Summer 1963
2. LOCATION
Middletown, New York
3. SOURCE
Civilian
4. NUMBER OF OBJECTS
8 - 10
5. LENGTH OF OBSERVATION
About 1 minute
6. TYPE OF OBSERVATION
Ground-Visual
7. COURSE
Maneuvered
2
13
4.
8. PHOTOS
Yes
No
9. PHYSICAL EVIDENCE
Yes
No
10. CONCLUSION
UNIDENTIFIED
11. BRIEF SUMMARY AND ANALYSIS
8 - 10 lights moving at random formed into a circle and then
flew away. Brighter than stars. Darting in all directions
for 30 seconds, flying in a circle for 30 seconds, then dis-
appeared to North in a few seconds. Report made two years
after sighting. Report received two years after observation.
Too old to warrant additional investigation. No apparent solution.
FORM
FTD SEP 63 0-329 (TDE)
Previous editions of this form may be used.",0.2511261261261261,44.75,"PROJECT 10073 RECORD
1. DATE - TIME GROUP
Summer 1963
2. LOCATION
Middletown, New York
3. SOURCE
Civilian
4. NUMBER OF OBJECTS
8 - 10
5. LENGTH OF OBSERVATION
About 1 Minute
6. TYPE OF OBSERVATION
Ground-Visual
7. COURSE
Maneuvered
8. PHOTOS
Yes  No
9. PHYSICAL EVIDENCE
Yes  No
10. CONCLUSION
UNIDENTIFIED
Report received two years after observation. Too old to warrant
additional investigation. No apparent solution.
11. BRIEF SUMMARY AND ANALYSIS
8 - 10 lights moving at random formed into a circle and then
flew away. Brighter than stars. Darting in all directions
for 30 seconds, flying in a circle for 30 seconds, then dis-
appeared to North in a few seconds. Report made two years
after sighting.
FORM
FTD SEP 63 0-329 (TDE)
Previous editions of this form may be used.",0.13626126126126126,26.97
28921378,"[1949]
1 - 31 AUGUST/SIGHTINGS
DATE
LOCATION
OBSERVER
EVALUATION

501 1
Fresno, California
(CARDS MISSING)

502 1
Columbus, Ohio
1. Other (CONTRAIL)
2. Astro (STARS/PLANETS) (PHOTOS)

503 2
44.15N - 132.57W (California)
Other (CLOUDS/CONTRAILS)

504 2
Port O'Connor, Texas
Astro (VENUS)

505 2
San Francisco, California
Other (KITES)

506 5
Laporte, Pennsylvania
Multiple (PHOTOS)
Other (HOAX) (PHYSICAL SPECIMEN)

507 6
Long Island, New York
BALLOON

508 7
New Orleans, Louisiana
BALLOON

509 7
Tampico, Mexico
Astro (METEOR)

510 8
Death Valley, California
Other (HOAX) (PHYSICAL SPECIMEN)

511 8
Medford, Oregon
Multiple
Other (BALLS OF THISTLE)

512 8
Manitou Springs, Colorado
BALLOON

513 8
Biloxi, Hattiesburg, Mississippi
Astro (METEOR)

514 9
Hebgen Lake, Montana
Other (ASTRODOME FROM C-47)

515 10
Camp Hood, Texas
Multiple
Astro (METEOR)

516 10
Hindsville, Arkansas
AIRCRAFT

12
West Newport Beach, California
Not investigated
INSUFFICIENT DATA

517 13
New Orleans, Louisiana
CASE OF PHOTOS (PHYSICAL SPECIMEN)
Other (CAST ALUMINUM ALLOY OF ORDINARY COMMERCIAL QUALITY)

518 14-21
Nogales, Arizona
Multiple
1. Other (REFLECTION OF AIRPORT BEACON ON CLOUDS)
2. Astro (METEORS)

519 15
Dallas, Texas
AIRCRAFT

520 15
Seattle, Washington
AIRCRAFT

521 15
Greenville, South Carolina
BALLOON

522 17
Glen Burnie, Maryland
(PHOTOS)
Other (HOAX)

523 18
Weimar, California
Other (BIRDS)

524 19
Wisconsin
AIRCRAFT

525 19
Langley AFB, Virginia
INSUFFICIENT DATA

526 20
Llano, Texas
Astro (MOON)

527 20
Denver, Colorado
AIRCRAFT

528 22
Seattle, Washington
AIRCRAFT

529 23
Misawa AB, Japan
AIRCRAFT

530 25
McDonald, Ohio
Other (PAPER IN WIND)

531 26
Davis-Monthan AFB, Arizona
AIRCRAFT

532 28
Hansville, Washington
BALLOON

533 31
Houston, Texas
Astro (METEOR)

534 31
Sacramento, California
Astro (METEOR)

535 Aug-Sep
Oak Park (STATE UNKNOWN)
INSUFFICIENT DATA

ADDITIONAL REPORTED SIGHTINGS (NOT CASES)
DATE
LOCATION
SOURCES
OBSERVER

536 20
Las Cruces, New Mexico",0.07835051546391752,56.67,"[1949]
1 - 31 AUGUST / SIGHTINGS
DATE
LOCATION
OBSERVER
EVALUATION
501 1
Fresno, California
CARDS MISSING
502 1
Columbus, Ohio
1. Other (CONTRAIL)
2. Astro (STARS/PLANETS)
503 2
44.15N - 132.57W (California)
PHOTOS
Other (CLOUDS/CONTRAILS)
504 2
Port O'Connor, Texas
Astro (VENUS)
505 2
San Francisco, California
Other (KITES)
506 5
Laporte, Pennsylvania
Multiple (PHOTOS)
Other (HOAX)
(PHYSICAL SPECIMEN)
507 6
Long Island, New York
BALLOON
508 7
New Orleans, Louisiana
BALLOON
509 7
Tampico, Mexico
Astro (METEOR)
510 8
Death Valley, California
Other (HOAX)
(PHYSICAL SPECIMEN)
511 8
Medford, Oregon
Multiple
Other (BALLS OF THISTLE)
512 8
Manitou Springs, Colorado
BALLOON
513 8
Biloxi/Hattiesburg, Mississippi
Astro (METEOR)
514 9
Hebgen Lake, Montana
Other (ASTRODOME FROM C-47)
515 10
Camp Hood, Texas
Multiple
Astro (METEOR)
516 10
Hindsville, Arkansas
AIRCRAFT
12
West Newport Beach, California
Not investigated
INSUFFICIENT DATA
517 13
New Orleans, Louisiana
Other (CAST ALUMINUM ALLOY OF ORDINARY COMMERCIAL QUALITY)
(PHYSICAL SPECIMEN)
518 14-21
Nogales, Arizona
Multiple
1. Other (REFLECTION OF AIRPORT BEACON ON CLOUDS)
2. Astro (METEORS)
519 15
Dallas, Texas
AIRCRAFT
520 15
Seattle, Washington
AIRCRAFT
521 15
Greenville, South Carolina
BALLOON
522 17
Glen Burnie, Maryland
(PHOTOS)
Other (HOAX)
523 18
Weimar, California
Other (BIRDS)
524 19
Wisconsin
AIRCRAFT
525 19
Langley AFB, Virginia
INSUFFICIENT DATA
526 20
Llano, Texas
Astro (MOON)
527 20
Denver, Colorado
AIRCRAFT
528 22
Seattle, Washington
AIRCRAFT
529 23
Misawa AB, Japan
AIRCRAFT
530 25
McDonald, Ohio
Other (PAPER IN WIND)
531 26
Davis-Monthan AFB, Arizona
AIRCRAFT
532 28
Hansville, Washington
BALLOON
533 31
Houston, Texas
Astro (METEOR)
534 31
Sacramento, California
Astro (METEOR)
535 Aug-Sep
Oak Park (STATE UNKNOWN)
INSUFFICIENT DATA

ADDITIONAL REPORTED SIGHTINGS (NOT CASES)
DATE
LOCATION
SOURCES
OBSERVER
536 20
Las Cruces, New Mexico",0.0524948024948025,65.24,"[1949]
1 - 31 AUGUST / SIGHTINGS
DATE
LOCATION
OBSERVER
EVALUATION

501 1
Fresno, California
(CARDS MISSING)

502 1
Columbus, Ohio
1. Other (CONTRAIL)
2. Astro (STARS/PLANETS)

503 2
44.15N - 132.57W (California)
(PHOTOS)
Other (CLOUDS/CONTRAILS)

504 2
Port O'Connor, Texas
Astro (VENUS)

505 2
San Francisco, California
Other (KITES)

506 5
Laporte, Pennsylvania
Multiple (PHOTOS)
Other (HOAX)
(PHYSICAL SPECIMEN)

507 6
Long Island, New York
BALLOON

508 7
New Orleans, Louisiana
BALLOON

509 7
Tampico, Mexico
Astro (METEOR)

510 8
Death Valley, California
Other (HOAX)
(PHYSICAL SPECIMEN)

511 8
Medford, Oregon
Multiple
Other (BALLS OF THISTLE)

512 8
Manitou Springs, Colorado
BALLOON

513 8
Biloxi/Hattiesburg, Mississippi
Astro (METEOR)

514 9
Hebgen Lake, Montana
Other (ASTRODOME FROM C-47)

515 10
Camp Hood, Texas
Multiple
Astro (METEOR)

516 10
Hindsville, Arkansas
AIRCRAFT
10–12
West Newport Beach, California
Not investigated
INSUFFICIENT DATA

517 13
New Orleans, Louisiana
Other (CAST ALUMINUM ALLOY OF ORDINARY COMMERCIAL QUALITY)
(PHYSICAL SPECIMEN)

518 14–21
Nogales, Arizona
Multiple
1. Other (REFLECTION OF AIRPORT BEACON ON CLOUDS)
2. Astro (METEORS)

519 15
Dallas, Texas
AIRCRAFT

520 15
Seattle, Washington
AIRCRAFT

521 15
Greenville, South Carolina
BALLOON

522 17
Glen Burnie, Maryland
(PHOTOS)
Other (HOAX)

523 18
Weimar, California
Other (BIRDS)

524 19
Wisconsin
AIRCRAFT

525 19
Langley AFB, Virginia
INSUFFICIENT DATA

526 20
Llano, Texas
Astro (MOON)

527 20
Denver, Colorado
AIRCRAFT

528 22
Seattle, Washington
AIRCRAFT

529 23
Misawa AB, Japan
AIRCRAFT

530 25
McDonald, Ohio
Other (PAPER IN WIND)

531 26
Davis-Monthan AFB, Arizona
AIRCRAFT

532 28
Hansville, Washington
BALLOON

533 31
Houston, Texas
Astro (METEOR)

534 31
Sacramento, California
Astro (METEOR)

535 Aug–Sep
Oak Park (STATE UNKNOWN)
INSUFFICIENT DATA

ADDITIONAL REPORTED SIGHTINGS (NOT CASES)
DATE
LOCATION
SOURCES
OBSERVER

536 20
Las Cruces, New Mexico",0.05339554173146708,77.09,"[1949]
1 - 31 AUGUST / SIGHTINGS
DATE
LOCATION
OBSERVER
EVALUATION

501 1 Fresno, California CARDS MISSING
502 1 Columbus, Ohio 1. Other (CONTRAIL) 2. Astro (STARS/PLANETS)
503 2 44.15N - 132.57W (California) (PHOTOS) Other (CLOUDS/CONTRAILS)
504 2 Port O'Connor, Texas Astro (VENUS)
505 2 San Francisco, California Other (KITES)
506 5 Laporte, Pennsylvania Multiple (PHOTOS) Other (HOAX) (PHYSICAL SPECIMEN)
507 6 Long Island, New York BALLOON
508 7 New Orleans, Louisiana BALLOON
509 7 Tampico, Mexico Astro (METEOR)
510 8 Death Valley, California Other (HOAX) (PHYSICAL SPECIMEN)
511 8 Medford, Oregon Multiple Other (BALLS OF THISTLE)
512 8 Manitou Springs, Colorado BALLOON
513 8 Biloxi/Hattiesburg, Mississippi Astro (METEOR)
514 9 Hebgen Lake, Montana Other (ASTRODOME FROM C-47)
515 10 Camp Hood, Texas Multiple Astro (METEOR)
516 10 Hindsville, Arkansas AIRCRAFT
— 12 West Newport Beach, California Not investigated INSUFFICIENT DATA
517 13 New Orleans, Louisiana (PHOTOS) Other (CAST ALUMINUM ALLOY OF ORDINARY COMMERCIAL QUALITY) (PHYSICAL SPECIMEN)
518 14–21 Nogales, Arizona Multiple 1. Other (REFLECTION OF AIRPORT BEACON ON CLOUDS) 2. Astro (METEORS)
519 15 Dallas, Texas AIRCRAFT
520 15 Seattle, Washington AIRCRAFT
521 15 Greenville, South Carolina BALLOON
522 17 Glen Burnie, Maryland (PHOTOS) Other (HOAX)
523 18 Weimar, California Other (BIRDS)
524 19 Wisconsin AIRCRAFT
525 19 Langley AFB, Virginia INSUFFICIENT DATA
526 20 Llano, Texas Astro (MOON)
527 20 Denver, Colorado AIRCRAFT
528 22 Seattle, Washington AIRCRAFT
529 23 Misawa AB, Japan AIRCRAFT
530 25 McDonald, Ohio Other (PAPER IN WIND)
531 26 Davis–Monthan AFB, Arizona AIRCRAFT
532 28 Hansville, Washington BALLOON
533 31 Houston, Texas Astro (METEOR)
534 31 Sacramento, California Astro (METEOR)
535 Aug–Sep Oak Park (STATE UNKNOWN) INSUFFICIENT DATA

ADDITIONAL REPORTED SIGHTINGS (NOT CASES)
DATE
LOCATION
SOURCES
OBSERVER

536 20 Las Cruces, New Mexico",0.05271317829457364,78.73,"[1949]
1 - 31 AUGUST/SIGHTINGS
DATE
LOCATION
OBSERVER
EVALUATION

501 Aug
Fresno, California (CARDS MISSING)

502
1
Columbus, Ohio
1. Other (CONTRAIL)
2. Astro (STARS/PLANETS)

503
2
44.15N - 132.57W (California)
(PHOTOS)
Other (CLOUDS/CONTRAILS)

504
2
Port O'Connor
Astro (VENUS)

505
2
San Francisco, California
Other (KITES)

506
5
La Porte, Pennsylvania
Multiple (PHOTOS)
Other (HOAX)
(PHYSICAL SPECIMEN)

507
6
Long Island, New York
BALLOON

508
7
New Orleans, Louisiana
BALLOON

509
7
Tampico, Mexico
Astro (METEOR)

510
8
Death Valley, California
Other (HOAX)
(PHYSICAL SPECIMEN)

511
8
Medford, Oregon
Multiple
Other (BALLS OF THISTLE)

512
8
Manitou Springs, Colorado
BALLOON

513
8
Biloxi-Hattiesburg, Mississippi
Astro (METEOR)

514
9
Hebgen Lake, Montana
Other (ASTRODOME FROM C-47)

515
10
Camp Hood, Texas
Multiple
Astro (METEOR)

516
10
Hindsville, Arkansas
AIRCRAFT

10-12
West Newport Beach, California
Not investigated
INSUFFICIENT DATA

517
13
New Orleans, Louisiana
(PHOTOS)
Other (CAST ALUMINUM ALLOY OF ORDINARY COMMERCIAL QUALITY)
(PHYSICAL SPECIMEN)

518
14-21
Nogales, Arizona
Multiple
1. Other (REFLECTION OF AIRPORT BEACON ON CLOUDS)
2. Astro (METEORS)

519
15
Dallas, Texas
AIRCRAFT

520
15
Seattle, Washington
AIRCRAFT

521
15
Greenville, South Carolina
BALLOON

522
17
Glen Burnie, Maryland
(PHOTOS)
Other (HOAX)

523
18
Weimar, California
Other (BIRDS)

524
19
Wisconsin
AIRCRAFT

525
19
Langley AFB, Virginia
INSUFFICIENT DATA

526
20
Llano, Texas
Astro (MOON)

527
20
Denver, Colorado
AIRCRAFT

528
22
Seattle, Washington
AIRCRAFT

529
23
Misawa AB, Japan
AIRCRAFT

530
25
McDonald, Ohio
Other (PAPER IN WIND)

531
26
Davis-Monthan AFB, Arizona
AIRCRAFT

532
28
Hansville, Washington
BALLOON

533
31
Houston, Texas
Astro (METEOR)

534
31
Sacramento, California
Astro (METEOR)

535
Aug-Sep
Oak Park (STATE UNKNOWN)
INSUFFICIENT DATA

ADDITIONAL REPORTED SIGHTINGS (NOT CASES)
DATE
LOCATION
SOURCES
OBSERVER

536
20
Las Cruces, New Mexico
1 - 31 AUG",0.04323211528564076,112.32,"[1949]
1 - 31 AUGUST/SIGHTINGS
DATE
LOCATION
OBSERVER
EVALUATION
501 Aug
Fresno, California (CARDS MISSING)
502
1
Columbus, Ohio
1. Other (CONTRAIL)
2. Astro (STARS/PLANETS)
503
2
44.15N - 132.57W (California)
(PHOTOS)
Other (CLOUDS/CONTRAILS)
504
2
Port O'Connor, Texas
Astro (VENUS)
505
2
San Francisco, California
Other (KITES)
506
5
Laporte, Pennsylvania
Multiple (PHOTOS)
Other (HOAX)
(PHYSICAL SPECIMEN)
507
6
Long Island, New York
BALLOON
508
7
New Orleans, Louisiana
BALLOON
509
7
Tampico, Mexico
Astro (METEOR)
510
8
Death Valley, California
Other (HOAX)
(PHYSICAL SPECIMEN)
511
8
Medford, Oregon
Multiple
Other (BALLS OF THISTLE)
512
8
Manitou Springs, Colorado
BALLOON
513
8
Biloxi-Hattiesburg, Mississippi
Astro (METEOR)
514
9
Hebgen Lake, Montana
Other (ASTRODOME FROM
C-47)
515
10
Camp Hood, Texas
Multiple
Astro (METEOR)
516
10
Hindsville, Arkansas
AIRCRAFT
— 12
West Newport Beach, California
NOT investigated
INSUFFICIENT DATA
517
13
New Orleans, Louisiana
(PHOTOS)
Other (CAST ALUMINUM
ALLOY OF ORDINARY
COMMERCIAL QUALITY)
(PHYSICAL SPECIMEN)
518
14-21
Nogales, Arizona
Multiple
1. Other (REFLECTION OF
AIRPORT BEACON
ON CLOUDS)
2. Astro (METEORS)
519
15
Dallas, Texas
AIRCRAFT
520
15
Seattle, Washington
AIRCRAFT
521
15
Greenville, South Carolina
BALLOON
522
17
Glen Burnie, Maryland
(PHOTOS)
Other (HOAX)
523
18
Weimar, California
Other (BIRDS)
524
19
Wisconsin
AIRCRAFT
525
19
Langley AFB, Virginia
INSUFFICIENT DATA
526
20
Llano, Texas
Astro (MOON)
527
20
Denver, Colorado
AIRCRAFT
528
22
Seattle, Washington
AIRCRAFT
529
23
Misawa AB, Japan
AIRCRAFT
530
25
McDonald, Ohio
Other (PAPER IN WIND)
531
26
Davis-Monthan AFB, Arizona
AIRCRAFT
532
28
Hansville, Washington
BALLOON
533
31
Houston, Texas
Astro (METEOR)
534
31
Sacramento, California
Astro (METEOR)
535
Aug-Sep
Oak Park (STATE UNKNOWN)
INSUFFICIENT DATA
ADDITIONAL REPORTED SIGHTINGS (NOT CASES)
DATE
LOCATION
SOURCES
OBSERVER
536
20
Las Cruces, New Mexico
1 - 31 AUG",0.04568788501026694,83.7,"[1949]
1 - 31 AUGUST/SIGHTINGS
DATE
LOCATION
OBSERVER
EVALUATION
501
Aug
Fresno, California (CARDS MISSING)
502
1
Columbus, Ohio
1. Other (CONTRAIL)
2. Astro (STARS/PLANETS)
503
2
44.15N - 132.57W (California)
(PHOTOS)
Other (CLOUDS/CONTRAILS)
504
2
Port O'Connor
Astro (VENUS)
505
2
San Francisco, California
Other (KITES)
506
5
Laporte, Pennsylvania
Multiple (PHOTOS)
Other (HOAX)
(PHYSICAL SPECIMEN)
507
6
Long Island, New York
BALLOON
508
7
New Orleans, Louisiana
BALLOON
509
7
Tampico, Mexico
Astro (METEOR)
510
8
Death Valley, California
Other (HOAX)
(PHYSICAL SPECIMEN)
511
8
Medford, Oregon
Multiple
Other (BALLS OF THISTLE)
512
Manitou Springs, Colorado
BALLOON
513
8
Biloxi-Hattiesburg, Mississippi
Astro (METEOR)
514
9
Hebgen Lake, Montana
Other (ASTRODOME FROM C-47)
515
10
Camp Hood, Texas
Multiple
Astro (METEOR)
516
10
Hindsville, Arkansas
AIRCRAFT
12
West-Newport Beach, California
Not investigated
INSUFFICIENT DATA
517
13
New Orleans, Louisiana
CASE of PHOTOS
Other (CAST ALUMINUM ALLOY OF ORDINARY COMMERCIAL QUALITY)
(PHYSICAL SPECIMEN)
518
14-21
Nogales, Arizona
Multiple
1. Other (REFLECTION OF AIRPORT BEACON ON CLOUDS)
2. Astro (METEORS)
519
15
Dallas, Texas
AIRCRAFT
520
15
Seattle, Washington
AIRCRAFT
521
15
Greenville, South Carolina
BALLOON
522
17
Glen Burnie, Maryland
(PHOTOS)
Other (HOAX)
523
18
Weimar, California
Other (BIRDS)
524
19
Wisconsin
AIRCRAFT
525
19
Langley AFB, Virginia
INSUFFICIENT DATA
526
20
Llano, Texas
Astro (MOON)
527
20
Denver, Colorado
AIRCRAFT
528
22
Seattle, Washington
AIRCRAFT
529
23
Misawa AB, Japan
AIRCRAFT
530
25
McDonald, Ohio
Other (PAPER IN WIND)
531
26
Davis-Monthan AFB, Arizona
AIRCRAFT
532
28
Hansville, Washington
BALLOON
533
31
Houston, Texas
Astro (METEOR)
534
31
Sacramento, California
Astro (METEOR)
535
Aug-Sep
Oak Park (STATE UNKNOWN)
INSUFFICIENT DATA
ADDITIONAL REPORTED SIGHTINGS (NOT CASES)
DATE
LOCATION
SOURCES
OBSERVER
536
20
Las Cruces, New Mexico
1 - 31 AUG",0.03962943901183737,60.79,"[1949]
1 - 31 AUGUST/SIGHTINGS
DATE
LOCATION
OBSERVER
EVALUATION
501 Aug
Fresno, California
(CARDS MISSING)
502 1
Columbus, Ohio
1. Other (CONTRAIL)
2. Astro (STARS/PLANETS)
503 2
44.15N - 132.57W (California)
Other (CLOUDS/CONTRAILS)
504 2
Port O'Connor
Astro (VENUS)
505 2
San Francisco, California
Other (KITES)
506 5
Laporte, Pennsylvania
Multiple (PHOTOS)
Other (HOAX)
(PHYSICAL SPECIMEN)
507 6
Long Island, New York
BALLOON
508 7
New Orleans, Louisiana
BALLOON
509 7
Tampico, Mexico
Astro (METEOR)
510 8
Death Valley, California
Other (HOAX)
(PHYSICAL SPECIMEN)
511 8
Medford, Oregon
Multiple
Other (BALLS OF THISTLE)
512 8
Manitou Springs, Colorado
BALLOON
513 8
Biloxi-Hattiesburg, Mississippi
Astro (METEOR)
514 9
Hebgen Lake, Montana
Other (ASTRODOME FROM
C-47)
515 10
Camp Hood, Texas
Multiple
Astro (METEOR)
516 10
Hindsville, Arkansas
AIRCRAFT
11-12
West Newport Beach, California
Not investigated
INSUFFICIENT DATA
517 13
New Orleans, Louisiana
Other (CAST ALUMINUM
ALLOY OF ORDINARY
COMMERCIAL QUALITY)
(PHYSICAL SPECIMEN)
518 14-21
Nogales, Arizona
Multiple
1. Other (REFLECTION OF
AIRPORT BEACON
ON CLOUDS)
2. Astro (METEORS)
519 15
Dallas, Texas
AIRCRAFT
520 15
Seattle, Washington
AIRCRAFT
521 15
Greenville, South Carolina
BALLOON
522 17
Glen Burnie, Maryland
(PHOTOS)
Other (HOAX)
523 18
Weimar, California
Other (BIRDS)
524 19
Wisconsin
AIRCRAFT
525 19
Langley AFB, Virginia
INSUFFICIENT DATA
526 20
Llano, Texas
Astro (MOON)
527 20
Denver, Colorado
AIRCRAFT
528 22
Seattle, Washington
AIRCRAFT
529 23
Misawa AB, Japan
AIRCRAFT
530 25
McDonald, Ohio
Other (PAPER IN WIND)
531 26
Davis-Monthan AFB, Arizona
AIRCRAFT
532 28
Hansville, Washington
BALLOON
533 31
Houston, Texas
Astro (METEOR)
534 31
Sacramento, California
Astro (METEOR)
535 Aug-Sep
Oak Park (STATE UNKNOWN)
INSUFFICIENT DATA
ADDITIONAL REPORTED SIGHTINGS (NOT CASES)
DATE
LOCATION
SOURCES
OBSERVER
536 20
Las Cruces, New Mexico
1 - 31 AUG",0.0472972972972973,65.95,"[1949]
1 - 31 AUGUST / SIGHTINGS
DATE
LOCATION
OBSERVER
EVALUATION
501 Aug
Fresno, California (CARDS MISSING)
502
1
Columbus, Ohio
1. Other (CONTRAIL)
2. Astro (STARS/PLANETS)
503
2
44.15N - 132.57W (California)
(PHOTOS)
Other (CLOUDS/CONTRAILS)
504
2
Port O'Connor
Astro (VENUS)
505
2
San Francisco, California
Other (KITES)
506
5
LaPorte, Pennsylvania
Multiple (PHOTOS)
Other (HOAX)
(PHYSICAL SPECIMEN)
507
6
Long Island, New York
BALLOON
508
7
New Orleans, Louisiana
BALLOON
509
7
Tampico, Mexico
Astro (METEOR)
510
8
Death Valley, California
Other (HOAX)
(PHYSICAL SPECIMEN)
511
8
Medford, Oregon
Multiple
Other (BALLS OF THISTLE)
512
8
Manitou Springs, Colorado
BALLOON
513
8
Biloxi, Hattiesburg, Mississippi
Astro (METEOR)
514
9
Hebgen Lake, Montana
Other (ASTRODOME FROM
C-47)
515
10
Camp Hood, Texas
Multiple
Astro (METEOR)
516
10
Hindsville, Arkansas
AIRCRAFT
12
West-Newport Beach, California
Not investigated
INSUFFICIENT DATA
517
13
New Orleans, Louisiana
(PHOTOS)
Other (CAST ALUMINUM
ALLOY OF ORDINARY
COMMERCIAL QUALITY)
(PHYSICAL SPECIMEN)
518
14-21
Nogales, Arizona
Multiple
1. Other (REFLECTION OF
AIRPORT BEACON
ON CLOUDS)
2. Astro (METEORS)
519
15
Dallas, Texas
AIRCRAFT
520
15
Seattle, Washington
AIRCRAFT
521
15
Greenville, South Carolina
BALLOON
522
17
Glen Burnie, Maryland
(PHOTOS)
Other (HOAX)
523
18
Weimar, California
Other (BIRDS)
524
19
Wisconsin
AIRCRAFT
525
19
Langley AFB, Virginia
INSUFFICIENT DATA
526
20
Llano, Texas
Astro (MOON)
527
20
Denver, Colorado
AIRCRAFT
528
22
Seattle, Washington
AIRCRAFT
529
23
Misawa AB, Japan
AIRCRAFT
530
25
McDonald, Ohio
Other (PAPER IN WIND)
531
26
Davis-Monthan AFB, Arizona
AIRCRAFT
532
28
Hansville, Washington
BALLOON
533
31
Houston, Texas
Astro (METEOR)
534
31
Sacramento, California
Astro (METEOR)
535
Aug-Sep
Oak Park (STATE UNKNOWN)
INSUFFICIENT DATA
ADDITIONAL REPORTED SIGHTINGS (NOT CASES)
DATE
LOCATION
SOURCES
OBSERVER
536
20
Las Cruces, New Mexico
1 - 31 AUG",0.038619979402677654,50.56
28992946,"Page 2
8. If you saw the object at NIGHT, what did you notice concerning the STARS and MOON?
8.1 STARS (Circle One):
a. None
b. A few
c. Many
d. Don't remember
8.2 MOON (Circle One):
a. Bright moonlight
b. Dull moonlight
c. No moonlight - pitch dark
d. Don't remember

9. The object appeared:
Dark with string ain in center
(Circle One):
a. As a light
b. Shiny
c. Dark
d. Don't remember

10. If it appeared as a light, was it brighter than the brightest stars?
Yes.

11. Did the object:
(Circle One for each question)
a. Appear to stand still at any time?
(Yes No Don't Know)
b. Suddenly speed up and rush away at any time?
(Yes No Don't Know)
c. Break up into parts or explode?
(Yes No Don't Know)
d. Give off smoke?
(Yes No Don't Know)
e. Change brightness?
(Yes No Don't Know)
f. Change shape?
(Yes No Don't Know)
g. Flash or flicker?
(Yes No Don't Know)
h. Disappear and reappear?
(Yes No Don't Know)

12. Did the object move behind something at any time, particularly a cloud?
(Circle One):
Yes
No
Don't Know
IF you answered YES, then tell what
it moved behind: cells inale land wild; had list but
thought Chey percolificate

13. Did the object move in front of something at any time, particularly a cloud?
(Circle One):
Yes
No
Don't Know
IF you answered YES, then tell what
in front of:

14. Did the object appear: (Circle One):
a. Solid b. Transparent c. Vapor d. Don't Know

15. Did you observe the object through any of the following?
a. Eyeglasses
Yes
No
b. Sun glasses
Yes
No
c. Windshield
Yes
No
d. Window glass
Yes
No
e. Binoculars
Yes
No
f. Telescope
Yes
No
g. Theodolite
Yes
No
h. Other Name",0.1503388786198398,25.13,"Page 2

8. If you saw the object at night, what did you notice concerning the stars and moon?
8.1 STARS (Circle One):
a. None
b. A few
c. Many
d. Don't remember
8.2 MOON (Circle One):
a. Bright moonlight
b. Dull moonlight
c. No moonlight - pitch dark
d. Don't remember

9. The object appeared:
(Circle One):
a. As a light
b. Shiny
c. Dark
d. Don't remember

10. If it appeared as a light, was it brighter than the brightest stars?
Yes

11. Did the object:
(Circle One for each question)
a. Appear to stand still at any time?
Yes No Don't Know
b. Suddenly speed up and rush away at any time?
Yes No Don't Know
c. Break up into parts or explode?
Yes No Don't Know
d. Give off smoke?
Yes No Don't Know
e. Change brightness?
Yes No Don't Know
f. Change shape?
Yes No Don't Know
g. Flash or flicker?
Yes No Don't Know
h. Disappear and reappear?
Yes No Don't Know

12. Did the object move behind something at any time, particularly a cloud?
(Circle One):
Yes No Don't Know
IF you answered YES, then tell what it moved behind:

13. Did the object move in front of something at any time, particularly a cloud?
(Circle One):
Yes No Don't Know
IF you answered YES, then tell what it moved in front of:

14. Did the object appear: (Circle One):
a. Solid
b. Transparent
c. Vapor
d. Don't Know

15. Did you observe the object through any of the following?
a. Eyeglasses
Yes No
b. Sunglasses
Yes No
c. Windshield
Yes No
d. Window glass
Yes No
e. Binoculars
Yes No
f. Telescope
Yes No
g. Theodolite
Yes No
h. Other: Name",0.14540973505853358,48.46,"Page 2

8. If you saw the object at night, what did you notice concerning the stars and moon?
8.1 Stars (Circle one):
a. None
b. A few
c. Many
d. Don't remember
8.2 Moon (Circle one):
a. Bright moonlight
b. Dull moonlight
c. No moonlight - pitch dark
d. Don't remember

9. The object appeared (Circle one):
a. As a light
b. Shiny
c. Dark
d. Don't remember

10. If it appeared as a light, was it brighter than the brightest stars? (Circle one)
a. Yes
b. No
c. Don't know

11. Did the object (Circle one for each question):
a. Appear to stand still at any time?
   Yes   No   Don't know
b. Suddenly speed up and rush away at any time?
   Yes   No   Don't know
c. Break up into parts or explode?
   Yes   No   Don't know
d. Give off smoke?
   Yes   No   Don't know
e. Change brightness?
   Yes   No   Don't know
f. Change shape?
   Yes   No   Don't know
g. Flash or flicker?
   Yes   No   Don't know
h. Disappear and reappear?
   Yes   No   Don't know

12. Did the object move behind something at any time, particularly a cloud? (Circle one):
Yes   No   Don't know
If you answered YES, then tell what it moved behind:

13. Did the object move in front of something at any time, particularly a cloud? (Circle one):
Yes   No   Don't know
If you answered YES, then tell what it moved in front of:

14. Did the object appear (Circle one):
a. Solid
b. Transparent
c. Vapor
d. Don't know

15. Did you observe the object through any of the following?
a. Eyeglasses   Yes   No
b. Sunglasses   Yes   No
c. Windshield   Yes   No
d. Window glass   Yes   No
e. Binoculars   Yes   No
f. Telescope   Yes   No
g. Theodolite   Yes   No
h. Other (Name):",0.17005545286506468,24.26,"Page 2
8. IF you saw the object at NIGHT, what did you notice concerning the STARS and MOON?
8.1 STARS (Circle One):
a. None
b. A few
c. Many
d. Don't remember
8.2 MOON (Circle One):
a. Bright moonlight
b. Dull moonlight
c. No moonlight - pitch dark
d. Don't remember
9. The object appeared:
(Circle One):
a. As a light
b. Shiny
c. Dark
d. Don't remember
Dark with ring and light in center
10. If it appeared as a light, was it brighter than the brightest stars? Yes.
11. Did the object:
(Circle One for each question)
a. Appear to stand still at any time? Yes No Don't Know
b. Suddenly speed up and rush away at any time? Yes No Don't Know
c. Break up into parts or explode? Yes No Don't Know
d. Give off smoke? Yes No Don't Know
e. Change brightness? Yes No Don't Know
f. Change shape? Yes No Don't Know
g. Flash or flicker? Yes No Don't Know
h. Disappear and reappear? Yes No Don't Know
12. Did the object move behind something at any time, particularly a cloud?
(Circle One): Yes No Don't Know.
IF you answered YES, then tell what it moved behind: [illegible]
13. Did the object move in front of something at any time, particularly a cloud?
(Circle One): Yes No Don't Know.
IF you answered YES, then tell what it moved in front of:
14. Did the object appear: (Circle One):
a. Solid b. Transparent c. Vapor d. Don't Know
15. Did you observe the object through any of the following?
a. Eyeglasses Yes No
b. Sunglasses Yes No
c. Windshield Yes No
d. Window glass Yes No
e. Binoculars Yes No
f. Telescope Yes No
g. Theodolite Yes No
h. Other (Name):",0.1614294516327788,78.44,"Page 2

8. If you saw the object at night, what did you notice concerning the stars and moon?
8.1 Stars (Circle one):
a. None
b. A few
c. Many
d. Don't remember
8.2 Moon (Circle one):
a. Bright moonlight
b. Dull moonlight
c. No moonlight - pitch dark
d. Don't remember

9. The object appeared (Circle one):
a. As a light
b. Shiny
c. Dark
d. Don't remember

10. If it appeared as a light, was it brighter than the brightest stars?
Yes
No
Don't Know

11. Did the object (Circle one for each question):
a. Appear to stand still at any time?
Yes
No
Don't Know
b. Suddenly speed up and rush away at any time?
Yes
No
Don't Know
c. Break up into parts or explode?
Yes
No
Don't Know
d. Give off smoke?
Yes
No
Don't Know
e. Change brightness?
Yes
No
Don't Know
f. Change shape?
Yes
No
Don't Know
g. Flash or flicker?
Yes
No
Don't Know
h. Disappear and reappear?
Yes
No
Don't Know

12. Did the object move behind something at any time, particularly a cloud?
(Circle one):
Yes
No
Don't Know
If you answered YES, then tell what it moved behind:

13. Did the object move in front of something at any time, particularly a cloud?
(Circle one):
Yes
No
Don't Know
If you answered YES, then tell what it moved in front of:

14. Did the object appear (Circle one):
a. Solid
b. Transparent
c. Vapor
d. Don't Know

15. Did you observe the object through any of the following?
a. Eyeglasses
Yes
No
b. Sunglasses
Yes
No
c. Windshield
Yes
No
d. Window glass
Yes
No
e. Binoculars
Yes
No
f. Telescope
Yes
No
g. Theodolite
Yes
No
h. Other (Name)",0.15650030807147258,46.9,"Page 2

8. If you saw the object at NIGHT, what did you notice concerning the STARS and MOON?

8.1 STARS (Circle One):
a. None
b. A few
c. Many
d. Don't remember

8.2 MOON (Circle One):
a. Bright moonlight
b. Dull moonlight
c. No moonlight - pitch dark
d. Don't remember

9. The object appeared:
Dark with thin line in center
(Circle One):
a. As a light
b. Shiny
c. Dark
d. Don't remember

10. If it appeared as a light, was it brighter than the brightest stars?
Yes.

11. Did the object:
(Circle One for each question)
a. Appear to stand still at any time?
(Yes No Don't Know)
b. Suddenly speed up and rush away at any time?
(Yes No Don't Know)
c. Break up into parts or explode?
(Yes No Don't Know)
d. Give off smoke?
(Yes No Don't Know)
e. Change brightness?
(Yes No Don't Know)
f. Change shape?
(Yes No Don't Know)
g. Flash or flicker?
(Yes No Don't Know)
h. Disappear and reappear?
(Yes No Don't Know)

12. Did the object move behind something at any time, particularly a cloud?
(Circle One):
Yes
No
Don't Know.
IF you answered YES, then tell what it moved behind:

13. Did the object move in front of something at any time, particularly a cloud?
(Circle One):
Yes
No
Don't Know.
IF you answered YES, then tell what it moved in front of:

14. Did the object appear: (Circle One):
a. Solid
b. Transparent
c. Vapor
d. Don't Know

15. Did you observe the object through any of the following?
a. Eyeglasses
Yes
No
b. Sunglasses
Yes
No
c. Windshield
Yes
No
d. Window glass
Yes
No
e. Binoculars
Yes
No
f. Telescope
Yes
No
g. Theodolite
Yes
No
h. Other: Name",0.17190388170055454,34.2,"Page 2
8. IF you saw the object at NIGHT, what did you notice concerning the STARS and MOON?
8.1 STARS (Circle One):
a. None
b. A few
c. Many
d. Don't remember
8.2 MOON (Circle One):
a. Bright moonlight
b. Dull moonlight
c. No moonlight - pitch dark
d. Don't remember
9. The object appeared:
Dark with string ain in center
(Circle One):
a. As a light
b. Shiny
c. Dark
d. Don't remember
10. If it appeared as a light, was it brighter than the brightest stars?
Yes.
11. Did the object:
(Circle One for each question)
a. Appear to stand still at any time?
ʘYesʘ  No  Don't Know
b. Suddenly speed up and rush away at any time?
Yes  No  Don't Know
c. Break up into parts or explode?
Yes  ʘNoʘ  Don't Know
d. Give off smoke?
Yes  No  Don't Know
e. Change brightness?
Yes  ʘNoʘ  Don't Know
f. Change shape?
Yes  No  Don't Know
g. Flash or flicker?
Yes  No  Don't Know
h. Disappear and reappear?
ʘYesʘ  No  Don't Know
12. Did the object move behind something at any time, particularly a cloud?
(Circle One):
Yes  No  Don't Know
IF you answered YES, then tell what it moved behind: clouds inale land wild; had list but thought they percolificate
13. Did the object move in front of something at any time, particularly a cloud?
(Circle One):
Yes  ʘNoʘ  Don't Know
IF you answered YES, then tell what in front of:
14. Did the object appear: (Circle One):
a. Solid  b. Transparent  c. Vapor  d. Don't Know
15. Did you observe the object through any of the following?
a. Eyeglasses
Yes  No
b. Sunglasses
Yes  ʘNoʘ
c. Windshield
Yes  No
d. Window glass
Yes  ʘNoʘ
e. Binoculars
Yes  No
f. Telescope
Yes  No
g. Theodolite
Yes  No
h. Other
Name",0.14109673444239063,62.33,"Page 2
8. IF you saw the object at NIGHT, what did you notice concerning the STARS and MOON?
8.1 STARS (Circle One):
a. None
b. A few
c. Many
d. Don't remember
8.2 MOON (Circle One):
a. Bright moonlight
b. Dull moonlight
c. No moonlight - pitch dark
d. Don't remember
9. The object appeared:
Dark with string in center
(Circle One):
a. As a light
b. Shiny
c. Dark
d. Don't remember
10. If it appeared as a light, was it brighter than the brightest stars?
Yes.
11. Did the object:
(Circle One for each question)
a. Appear to stand still at any time?
Yes  No  Don't Know
b. Suddenly speed up and rush away at any time?
Yes  No  Don't Know
c. Break up into parts or explode?
Yes  No  Don't Know
d. Give off smoke?
Yes  No  Don't Know
e. Change brightness?
Yes  ʘNoʘ  Don't Know
f. Change shape?
Yes  No  Don't Know
g. Flash or flicker?
Yes  No  Don't Know
h. Disappear and reappear?
Yes  No  Don't Know
12. Did the object move behind something at any time, particularly a cloud?
(Circle One):
Yes  No  Don't Know.
IF you answered YES, then tell what
it moved behind: cells in a land wild; had list but
thought they percolificate
13. Did the object move in front of something at any time, particularly a cloud?
(Circle One):
Yes  No  Don't Know.
IF you answered YES, then tell what
in front of:
14. Did the object appear: (Circle One):
a. Solid  b. Transparent  c. Vapor  d. Don't Know
15. Did you observe the object through any of the following?
a. Eyeglasses
Yes  No
b. Sun glasses
Yes  No
c. Windshield
Yes  No
d. Window glass
Yes  No
e. Binoculars
Yes  No
f. Telescope
Yes  No
g. Theodolite
Yes  No
h. Other Name",0.1361675908810844,56.53,"Page 2
8. IF you saw the object at NIGHT, what did you notice concerning the STARS and MOON?
8.1 STARS (Circle One):
a. None
b. A few
c. Many
d. Don't remember
8.2 MOON (Circle One):
a. Bright moonlight
b. Dull moonlight
c. No moonlight - pitch dark
d. Don't remember
9. The object appeared:
Dark with strong light in center
(Circle One):
a. As a light
b. Shiny
c. Dark
d. Don't remember
10. If it appeared as a light, was it brighter than the brightest stars?
Yes.
11. Did the object:
(Circle One for each question)
a. Appear to stand still at any time?
Yes
No
Don't Know
b. Suddenly speed up and rush away at any time?
Yes
No
Don't Know
c. Break up into parts or explode?
Yes
No
Don't Know
d. Give off smoke?
Yes
No
Don't Know
e. Change brightness?
Yes
No
Don't Know
f. Change shape?
Yes
No
Don't Know
g. Flash or flicker?
Yes
No
Don't Know
h. Disappear and reappear?
Yes
No
Don't Know
12. Did the object move behind something at any time, particularly a cloud?
(Circle One):
Yes
No
Don't Know.
IF you answered YES, then tell what it moved behind: clouds inale land wild; had list but thought they percolificate
13. Did the object move in front of something at any time, particularly a cloud?
(Circle One):
Yes
No
Don't Know.
IF you answered YES, then tell what in front of:
14. Did the object appear: (Circle One):
a. Solid
b. Transparent
c. Vapor
d. Don't Know
15. Did you observe the object through any of the following?
a. Eyeglasses
Yes
No
b. Sunglasses
Yes
No
c. Windshield
Yes
No
d. Window glass
Yes
No
e. Binoculars
Yes
No
f. Telescope
Yes
No
g. Theodolite
Yes
No
h. Other: Name",0.14171287738755392,53.99
28976636,"Venus Most Prominent
By JAMES STOKLEY

Venus, the only planet now visible in the evening, is a brilliant object in the sky. If you know where to look, you can see it even in broad daylight. It passed between the earth and the sun last April and has gradually been drawing to the east of the sun since then. On Nov. 18 it will be at greatest elongation east of the sun, hence remaining the longest time after sunset, about three hours. After that it will start setting earlier.

Although only Venus is visible in the evening, two other planets may be seen before sunrise. The brightest is Jupiter in the southeast, exceeding the brilliance of a first-magnitude star by about ten times. Farther east is Mars, now much fainter, only about half as bright as Spica. Mercury and Saturn are both too near the sun to be visible in November.

Turning now toward the east, we can see what is generally considered to be the finest constellation in the sky, making its debut for the season. This is Orion, the warrior, easily recognized because of the three stars in a row that form his belt. To the left is Betelgeuse; to the right is Rigel, both of the first magnitude, although being so low in the sky they do not appear as bright as they will later. Nearby are the red Aldebaran, in Taurus, and, farther north, the Charioteer Auriga with the first-magnitude Capella.

In the north the group forming the letter M (or W) is Cassiopeia, high above Polaris, the pole star. Alongside her is her husband, the king, Cepheus. Andromeda, their daughter, lies to the south of Cassiopeia. According to mythology she was chained to a rock to be devoured by a sea monster, represented by the constellation of Cetus in the south. Fortunately, she was rescued by the hero Perseus, who is seen in the northeast.

November is the month bringing the year’s famous shower of “shooting stars,” the Leonids, which appear from the 13th to the 16th. They are most numerous before dawn because then we are on the forward part of the earth in its annual motion around the sun. Thus we meet them head on. This is different from the evening hours when we are on the rearward part and see only those that catch up to us.

The accompanying maps of November 1957 show the stars at 8 p.m.

Bright Birds in the Sky

At the top of the sky is a cross which is really part of Cygnus, the Swan. The crosspiece is the wings and the lower part is the tail; the neck, stretched forward, ends in the head, Albireo, a beautiful double star. Below Cygnus is another first-magnitude star, Vega, in Lyra, the Lyre. To the left is another bird, Aquila, the Eagle, with the star Altair.

In the south you can see the four stars that form the Great Square, part of the constellation of Pegasus, the Winged Horse. Although these are not among the brightest, their characteristic arrangement makes them a good starting place from which to find other groups. The Horse, curiously, is upside down in the sky, as the row of stars extending westward from the lower right corner of the Square marks his head; at the upper right, Alpheratz, is not in Pegasus at all, but in the neighboring group of Andromeda.",0.6435294117647059,94.36,"Venus Most Prominent

By JAMES STOKLEY

Venus, the only planet now visible in the evening, is a brilliant object in the sky and will soon be joined by the bright stars of winter—the red Aldebaran in Taurus, Orion the hunter, and, above his figure, Auriga the charioteer with the first-magnitude Capella. Venus is brighter than any other star in the night sky and there is no difficulty in identifying it. Indeed, it is visible long before the sky is dark; if you know where to look, you can see it even in broad daylight.

Although only Venus is in the evening sky, two other planets are in the southeast before sunrise. The brilliant object you see there is Jupiter, in Virgo, the Virgin. It is close to the first-magnitude star Spica; however, it exceeds the star in brilliance by about ten times. Farther east is Mars, rising ahead of the sun, its brightness about half that of Spica. Mercury and Saturn are both too near the sun to be visible in November.

On Nov. 18 Venus will be at greatest elongation east of the sun, hence remaining the longest time after sunset. After that it will begin to draw back toward the sun, leading to its disappearance from the evening sky in early 1958.

Shower of ""Stars"" to Come

November is the month bringing the year's famous shower of ""shooting stars,"" the Leonids, which appear from the 13th to the 16th. They are most numerous after midnight, because then we are on the forward side of the earth in its annual motion around the sun. Thus, we meet them head-on. This is different from the evening hours, when we are on the rearward part and see only those that catch up to us.

Orion: Season's Finest

Turning toward the east, we can see what is generally considered to be the finest constellation in the sky making its debut for the season. This is Orion, the warrior, easily recognized by the three stars in a row that form his belt. To the left is Betelgeuse, to the right is Rigel, both of the first magnitude, although being so low in the sky they do not appear as bright as they will later.

Bright Birds in the Sky

High in the west is Cygnus, the Swan. Deneb marks the tail, and the long line of stars outlines his neck, stretched forward; at the head is Albireo, a star of the third magnitude. Below Cygnus is another first-magnitude star, Vega, in Lyra, the Lyre. To the left is another bird, Aquila, the Eagle, with the bright star Altair.

In the south you can see the four stars that form the Great Square, part of the constellation of Pegasus, the winged horse. Although these are not among the brightest, their characteristic arrangement makes them a good starting place from which to find other groups. The horse, generally, is upside down in the sky, as the row of stars extending westward from the lower right corner of the square is his head; the star at the upper right, Alpheratz, is not in Pegasus at all, but in the neighboring group of Andromeda.

This constellation represents the Ethiopian princess who, according to mythology, was chained to a rock to be devoured by a sea monster, represented by the constellation of Cetus, the Whale, in the south. Fortunately, she was rescued by the hero Perseus, who is seen in the northeast. Andromeda's mother, Cassiopeia, is seen in the north, a group forming the letter M above Polaris, the pole star. Alongside her is her husband, the king, Cepheus.",0.6409411764705882,94.81,"Venus Most Prominent

By JAMES STOKLEY

Venus, the only planet now visible in the evening, is a brilliant object in the sky. These evenings, as darkness falls, you will see it high in the southwest, a dazzling “evening star.” On Nov. 18 it will be at greatest elongation east of the sun, hence remaining the longest time after sunset; after that it will start setting earlier. It often looks like an airplane, a shining saucer hung in the sky. However, it exceeds the brilliance of any star by about ten times, so there is no difficulty in identifying it. Indeed, you can often see it long before the sky is dark, and with care even in broad daylight if you know where to look. It will soon be joined in prominence by the reddish Aldebaran in Taurus and by Capella, the first-magnitude star in Auriga.

Although only Venus is in the evening sky, two other planets appear in the southeast before sunrise. The brightest object you see in the morning is Jupiter, in Virgo, close to the star Spica; however, it exceeds the star’s brilliance by about ten times. Farther east is Mars, rising ahead of the sun, its brightness about half that of Spica. Mercury and Saturn are both too near the sun to be visible in November; they will reappear early in 1958.

Turning now toward the east, we can see what is generally considered the finest constellation in the sky making its debut for the season. This is Orion, the warrior, easily recognized by the three stars in a row that form his belt. To the left is Betelgeuse; to the right is Rigel—both first-magnitude stars, although being so low in the sky they do not appear as bright as they should. Above Orion stands Auriga, the Charioteer, with the first-magnitude Capella. Nearby is Aldebaran in Taurus.

In the north you can find Andromeda, the constellation representing the Ethiopian princess who, according to mythology, was chained to a rock to be devoured by a sea monster, represented by Cetus, the whale, in the south. Fortunately she was rescued by the hero Perseus, seen in the northeast. Andromeda’s mother, Cassiopeia, forms a group like the letter M above Polaris, the pole star; alongside her is her husband, the king, Cepheus.

Shower of “Stars” to Come

November brings the year’s famous shower of “shooting stars,” the Leonids, which appear from the 13th to the 16th. They are most numerous before dawn, because then we are on the forward side of the earth in its annual motion around the sun and meet them head-on. This is different from the evening hours, when we are on the rearward side and see only those that catch up to us.

Bright Birds in the Sky

High overhead is Cygnus, the Swan, with Deneb at its tail. The crosspiece marks the wings, and the lower part the neck, stretched forward; at the head is Albireo, a star of the third magnitude. Below Cygnus is another first-magnitude star, Vega, in Lyra, the Lyre. To the left is another bird, Aquila, the Eagle, with the star Altair. In the south you can see the four stars that form the Great Square, part of the constellation Pegasus, the Winged Horse. Although these are not among the brightest stars, their characteristic arrangement makes them a good starting place from which to find other groups. The horse, incidentally, is upside down in the sky; the row of stars extending westward from the lower right corner of the square is his head. At the upper right, Alpheratz is not in Pegasus at all, but in the neighboring group of Andromeda. Far to the south glows Fomalhaut in Piscis Austrinus.

The accompanying maps of November 1957 show the stars at about 7 p.m., facing north, east, south, and west.",0.62,78.84,"Venus Most Prominent

Venus, the only planet now visible in the evening, is a brilliant object in the sky and will soon be joined by the year's famous Leonids, “shooting stars.”

By JAMES STOKLEY

Although only Venus is in the evening sky, two other planets can be seen in the southeast before sunrise. The bright object you see then is Jupiter. Farther east is Mars, rising ahead of the sun, its brightness about half that of Spica. Mercury and Saturn are both too near the sun to be visible in November.

Many mistake Venus for an airplane or a “flying saucer”; however, it exceeds the brilliance of any star by about ten times. On Nov. 18 it will be at greatest elongation east of the sun, hence remaining the longest time after sunset; after that it will start setting earlier.

Turning now toward the east, we can see what is generally considered to be the finest constellation in the sky making its debut for the season—Orion, the warrior—easily recognized by the three stars in a row that form his belt. To the left is Betelgeuse, to the right is Rigel, both of the first magnitude, although being so low in the sky they do not appear as bright as they will later in the season.

To the north are the royal constellations. Andromeda represents the Ethiopian princess who, according to mythology, was chained to a rock to be devoured by a sea monster, represented by Cetus, the whale, in the south. Fortunately, she was rescued by the hero Perseus, seen in the northeast. Andromeda’s mother, Cassiopeia, is seen in the north, a group forming the letter M above Polaris, the pole star. Alongside her is her husband, the king, Cepheus.

Bright Birds in the Sky

High overhead is Cygnus, the Swan. The crosspiece marks the wings and the lower part of his neck is stretched forward; his head is Albireo, a star of about third magnitude. Below Cygnus is another first-magnitude star, Vega, in Lyra, the Lyre. To the left is another bird, Aquila, the Eagle, with the bright star Altair. Nearby are the small constellations Sagitta, the Arrow, and Delphinus, the Dolphin.

In the south you can see the four stars that form the Great Square, part of the constellation of Pegasus, the Winged Horse. Although these are not among the brightest stars, their characteristic arrangement makes them a good starting place from which to find other groups. The horse, generally, is upside down in the sky, as the row of stars extending westward from the lower right corner of the square is his head. The star at the upper right, Alpheratz, is not in Pegasus at all, but in the neighboring group of Andromeda. Farther south is Fomalhaut in Piscis Austrinus.

Shower of “Stars” to Come

November is the month bringing the year’s famous shower of “shooting stars,” the Leonids, which appear from the 13th to the 16th. They are most numerous toward morning because then we are on the forward side of the earth in its annual motion around the sun, thus we meet them head-on. This is different from the evening hours, when we are on the rearward side and see only those that catch up to us.

The accompanying maps of November 1957 show the stars at about 7 p.m.",0.5769411764705883,54.47,"Venus Most Prominent

Venus, the only planet now visible in the evening, is a brilliant object in the sky and will soon be joined by the winter stars—the reddish Aldebaran in Taurus and, above it, Auriga with the first-magnitude Capella—as well as by the Leonids, the “shooting stars.”

By JAMES STOKLEY

Although only Venus is visible in the evening, two other planets can be seen in the southeast before sunrise. The bright object low in the southeast these mornings is Jupiter, in Virgo, the Virgin. Farther east is Mars, running ahead of the sun; his brightness is about half that of Spica. Mercury and Saturn are both too near the sun to be visible in November.

Venus is so bright that it is often mistaken for an airplane or a “flying saucer.” However, it exceeds the brilliance of the brightest star by about ten times. It has been drawing away from the sun since last April; on Nov. 18 it will remain above the horizon the longest time after sunset, and after that it will begin setting earlier. Venus does not twinkle as stars do, and there is no difficulty in identifying it. Indeed, it is often visible long before the sky is dark, and even in broad daylight if you know where to look. It will disappear from the evening sky early in 1958.

Andromeda and the Great Square

In the south you can see the four stars that form the Great Square, part of the constellation of Pegasus, the Winged Horse. Although these are not among the brightest stars, their characteristic arrangement makes them a good starting place from which to find other groups. The horse is, generally speaking, upside down in the sky, as the row of stars extending westward from the lower right corner of the square is his head. The star at the upper right, Alpheratz, is not in Pegasus at all, but in the neighboring group of Andromeda.

This constellation represents the Ethiopian princess who, according to mythology, was chained to a rock to be devoured by a sea monster, represented by the constellation of Cetus, the Whale, in the south. Fortunately, she was rescued by the hero Perseus, who is seen in the northeast. Andromeda’s mother, Cassiopeia, is seen in the north, a group forming the letter M above Polaris, the Pole Star. Alongside her is her husband, the king, Cepheus.

Orion: Season’s Finest

Turning now toward the east, we can see what is generally considered to be the finest constellation in the sky making its debut for the season. This is Orion the Hunter, easily recognized because of the three stars in a row that form his belt. To the left is Betelgeuse; to the right is Rigel; both are of the first magnitude, although being so low in the sky they do not appear as bright as they will later in the season.

Shower of “Stars” to Come

November is the month bringing the year’s famous shower of “shooting stars,” which appear from the 13th to the 16th. They are most numerous before dawn because then we are on the forward part of the earth in its annual motion around the sun. Thus we meet them head-on. This is different from the evening hours, when we are on the rearward part and see only those that catch up to us.

Bright Birds in the Sky

High in the west is Cygnus, the Swan. The crosspiece is the wings, and the lower part is his neck, stretched forward. His head is Albireo, a star of the third magnitude; Deneb marks the tail. Below Cygnus is another first-magnitude star, Vega, in Lyra, the Lyre. To the left is another bird, Aquila the Eagle, with the star Altair.

Far to the south you can see Fomalhaut in Piscis Austrinus. In the east you can also find Triangulum, Aries, Pisces, Taurus with Aldebaran, and Cetus; and nearer the Square, Equuleus and Aquarius. Rigel and Betelgeuse in Orion will be rising in the east.

The accompanying maps of November 1957 show the stars as seen in the evening.

Symbols for stars are in order of brightness.",0.5007058823529412,78.12,"Venus Most Prominent

Venus, the only planet now visible in the evening, is a brilliant object in the sky and will soon be joined by the bright stars Aldebaran in Taurus and Capella in Auriga.

By JAMES STOKLEY

Although only Venus is visible in the evening, two other planets are in the morning sky and may be seen in the southeast before sunrise. The brilliant object you see in the west these evenings as darkness falls is Venus, often mistaken for an airplane or a “flying saucer.” However, it exceeds the brilliance of any star by about ten times. On Nov. 18 it will reach its greatest elongation east of the sun, hence remaining the longest time after sunset; after that it will start setting earlier.

Farther east before dawn is Mars, rising ahead of the sun, its brightness about half that of Spica. Jupiter is also in the morning sky. Mercury and Saturn are both too near the sun to be visible in November.

Turning now toward the east, we can see what is generally considered to be the finest constellation in the sky making its debut for the season—Orion, the warrior, easily recognized by the three stars in a row that form his belt. To the left is Betelgeuse; to the right is Rigel, both of the first magnitude, although being so low in the sky they do not appear as bright as they will later. Nearby are the bright Aldebaran, and above, the constellation Auriga with the first-magnitude Capella.

Shower of “Stars” to Come

November is the month bringing the year’s famous shower of “shooting stars,” the Leonids, which appear from the 13th to the 16th. They are most numerous toward morning, because then we are on the forward part of the earth in its annual motion around the sun; thus we meet them head-on. This is different from the evening hours, when we are on the rearward part and see only those that catch up to us.

The accompanying maps of November 1957 show the stars at 7 p.m.

Bright Birds in the Sky

At the top of the sky is part of Cygnus, the Swan, with Deneb at the tail. The crosspiece is the wings, and the lower part is his neck, stretched forward; his head is Albireo, a star of the third magnitude. Below Cygnus is another bright, first-magnitude star, Vega, in Lyra, the Lyre. To the left is another bird, Aquila, the Eagle, with the star Altair.

In the south you can see the four stars that form the Great Square, part of the constellation of Pegasus, the winged horse. Although these are not among the brightest, their characteristic arrangement makes them a good starting place from which to find other groups. The horse, curiously, is upside down in the sky, as the row of stars extending westward from the lower right corner of the square is his head. The star at the upper right, Alpheratz, is not in Pegasus at all, but in the neighboring group of Andromeda.

This constellation represents the Ethiopian princess who, according to mythology, was chained to a rock to be devoured by a sea monster, represented by the constellation of Cetus, the Whale, in the south. Fortunately, she was rescued by the hero Perseus, who is seen in the northeast. Andromeda’s mother, Cassiopeia, is seen in the north, a group forming the letter M above Polaris, the pole star. Alongside her is her husband, the king, Cepheus.

Symbols for stars are shown in order of brightness.",0.6538823529411765,86.63,"Venus Most Prominent

Venus, the only planet now visible in the evening, is a brilliant object in the sky and will soon be joined by the Leonids, ""shooting stars.""

By JAMES STOKLEY

Although only Venus is visible in the evening, two other planets may be seen in the southeast before sunrise. The brilliant object you see is Jupiter, in the Virgin. It is close to the star Spica. However, it exceeds the star in brilliance about ten times. Farther east is Mars, rising ahead of the sun, his brightness half that of Spica. Mercury and Saturn are both too near the sun to be visible in November.

Turning now toward the east, we can see what is generally considered to be the finest constellation in the sky making its debut for the season.

Orion: Season's Finest

This is Orion, the warrior, easily recognized because of the three stars in a row that form his belt. To the left is Betelgeuse, to the right is Rigel, both of the first magnitude, although being so low in the sky they do not appear as bright as they will when higher. To the right of Orion is the brilliant Aldebaran, and above him stands Auriga the charioteer, with the first-magnitude Capella.

Andromeda, Pegasus, Perseus

In the south you can see the four stars that form the Great Square, part of the constellation of Pegasus, the winged horse. Although these are not among the brightest, their characteristic arrangement makes them a good starting place from which to find other groups. The horse, generally, is upside down in the sky, as the row of stars extending westward from the lower right corner of the square is his head. The star at the upper right, Alpheratz, is not in Pegasus at all, but in the neighboring group of Andromeda. This constellation represents the Ethiopian princess who, according to mythology, was chained to a rock to be devoured by a sea monster, represented by the constellation of Cetus, the whale, in the south. Fortunately, she was rescued by the hero, Perseus, who is seen in the northeast. Andromeda's mother, Cassiopeia, is seen in the north, a group forming the letter M above Polaris, the pole star. Alongside her is her husband, the king, Cepheus.

Bright Birds in the Sky

The crosspiece at the top of the map is really part of Cygnus, the swan. The lower part of his neck is stretched forward; the head is Albireo, a star of third magnitude. Below Cygnus is another first-magnitude star, Vega, in Lyra, the lyre. To the left is another bird, Aquila, the eagle, with star Altair.

Shower of ""Stars"" to Come

November is the month bringing the year's famous shower of ""shooting stars,"" which appear the 13th to the 16th. They are most numerous because then we are on the forward part of the earth in its annual motion around the sun. Thus, we meet them head on. This is different from the evening hours when we are on the rearward part, and see only those that catch up to us.

Venus

If you know where to look, you can see Venus long before the sky is dark, even in broad daylight. It passed between the earth and the sun last April and has gradually been drawing to the east of the sun. That means it remains visible in the west for the longest time after sunset. On Nov. 18 it will be at greatest eastern elongation, hence remaining for hours after sunset. After that it will start setting sooner each evening. Venus does not reach its disappearance from the evening sky until early in 1958.

The accompanying maps of November 1957 show the stars at 8 p.m.

ANDROMEDA
CASSIOPEIA
Schedir
LACERTA
CYGNUS
Deneb
CEPHEUS
CAMELOPARDALIS
AURIGA
Polaris
URSA MINOR
SAGITTA
DRACO
AQUILA
HERCULES
URSA MAJOR
WEST      Face North      EAST

NOVEMBER 1957
The crosspiece of Cygnus and the lower part of his neck, stretched forward; the head is Albireo.
TRIANGULUM
ARIES
Markab
PISCES
PEGASUS
TAURUS
Rigel
CETUS
EQUULEUS
AQUARIUS
PHOENIX
PISCIS AUSTRINUS
EAST      Face South      WEST

SYMBOLS FOR STARS IN ORDER OF BRIGHTNESS",0.5635294117647058,116.02,"Venus Most Prominent
Venus, the only planet now visible in the evening, is a brilliant object in the sky and will soon be joined by the brilliant Aldebaran, and above Orion stands Auriga, the Charioteer, with the first-magnitude Capella.
By JAMES STOKLEY

Although only Venus is visible in the evening, two other planets may be seen in the southeast before sunrise.

The bright object you see in the west these evenings as darkness falls is Venus. It is close to the horizon and, to some, may resemble an airplane, a “flying saucer,” hung in the sky. However, it exceeds the brightest star in brilliance about ten times. The planet Venus, now at greatest prominence, will remain so until its disappearance from the evening sky early in 1958.

Farther east is Mars, rising ahead of the sun; its brightness is about half that of Spica. Mercury and Saturn are both too near the sun to be visible in November.

Turning now toward the east, we can see what is generally considered to be the finest constellation in the sky making its debut for the season. This is Orion, the warrior, easily recognized because of the three stars in a row that form his belt. To the left is Betel-geuse, to the right is Rigel, both of the first magnitude, although being so low in the sky they do not appear as bright as they will later.

Not far away is Taurus with the brilliant Aldebaran, and above, the figure stands Auriga, the Charioteer, with the first-magnitude Capella.

Andromeda and Her Family

The bright star at the upper right of the Great Square, Alpheratz, is not in Pegasus at all, but in the neighboring group of Andromeda. This constellation represents the Ethiopian princess who, according to mythology, was chained to a rock to be devoured by a sea monster, represented by the constellation of Cetus, the whale, in the south. Fortunately, she was rescued by the hero, Perseus, who is seen in the northeast. Andromeda’s mother, Cassiopeia, is seen in the north, a group forming the letter M above Polaris, the pole star. Alongside her is her husband, the king, Cepheus.

Shower of “Stars” to Come

November is the month bringing the year’s famous shower of “shooting stars,” the Leonids, which appear the 13th to the 16th. They are most numerous before dawn, because then we are on the forward part of the earth in its annual motion around the sun. Thus, we meet them head-on. This is different from the evening hours when we are on the rearward part and see only those that catch up to us.

Venus reached its greatest elongation east of the sun on Nov. 18; hence it remains the longest time after sunset. After that it will start setting earlier and will draw closer to the sun. Venus has been moving east of the sun since last April and has gradually been drawing to this point.

Bright Birds in the Sky

The accompanying maps of November 1957 show the stars at 8 p.m.

At the top of the sky is Cygnus, the Swan. The crosspiece is the wings, and the lower part of his neck, stretched forward; the head is Albireo, a star of the third magnitude, the astronomical beak. Below Cygnus is another first-magnitude star, Vega, in Lyra, the Lyre. To the left is another bird, Aquila, the Eagle, with the star Altair. In the south you can see the four stars that form the Great Square, part of the constellation of Pegasus, the Winged Horse. Although these are not among the brightest, their characteristic arrangement makes them a good starting place from which to find other groups. The horse, generally, is upside down in the sky, as the row of stars extending westward from the lower right corner of the square is his head. At the upper right, Alpheratz is not in Pegasus at all, but in Andromeda.

ANDROMEDA
NOVEMBER 1957

LACERTA
Schedir
CASSIOPEIA
Deneb
CEPHEUS
CAMELOPARDALIS
CYGNUS
AURIGA
Polaris
SAGITTA
DELPHINUS
URSA MINOR
URSA MAJOR
AQUILA
HERCULES

WEST          Face North          EAST

NOVEMBER 1957

TRIANGULUM
ARIES
PISCES
PEGASUS
Markab
TAURUS
CETUS
EQUULEUS
AQUARIUS
Rigel
PHOENIX
FOMALHAUT
PISCIS AUSTRINUS

EAST          Face South          WEST

SYMBOLS FOR STARS IN ORDER OF BRIGHTNESS",0.6715294117647059,68.39,"Venus Most Prominent

By JAMES STOKLEY

Venus, the only planet now visible in the evening, is a brilliant object in the sky and will soon be joined by Orion and by the Leonids, ""shooting stars.""

Although only Venus is in the evening, two other planets are in the southeast before sunrise. The bright object you see in the west these evenings as darkness falls is Venus. Many mistake it for an airplane, a ""flying saucer,"" or a star, but it exceeds the brilliance of any star by about ten times.

Jupiter is in the Virgin. It is close to the star Spica. Farther east is Mars, moving ahead of the sun; his brightness is about half that of Spica. Mercury is too near the sun to be visible in November.

Turning now toward the east, we can see what is generally considered to be the finest constellation in the sky making its debut for the season: Orion, the warrior, easily recognized by the three stars in a row that form his belt. To the left is Betelgeuse; to the right is Rigel, both of the first magnitude, although being so low in the sky they do not appear as bright as they might. Near Orion stands Auriga, the Charioteer, with the first-magnitude Capella, and nearby glows the brilliant Aldebaran.

Andromeda represents the Ethiopian princess who, according to mythology, was chained to a rock to be devoured by a sea monster, represented by the constellation of Cetus, the whale, in the south. Fortunately, she was rescued by the hero Perseus, who is seen in the northeast. Andromeda's mother, Cassiopeia, is seen in the north, a group forming the letter M above Polaris, the pole star. Alongside her is her husband, the king, Cepheus.

Shower of ""Stars"" to Come

November is the month bringing the year's famous shower of ""shooting stars,"" which appear from the 13th to the 16th. They are most numerous after midnight because then we are on the forward part of the earth in its annual motion around the sun. Thus, we meet them head-on. This is different from the evening hours, when we are on the rearward part and see only those that catch up to us.

Since it was between the earth and the sun last April, Venus has gradually been drawing to the east of the sun. On Nov. 18 it will be at greatest eastern elongation, hence remaining the longest time after sunset; after that it will start setting earlier.

Bright Birds in the Sky

The accompanying maps of November 1957 show the stars at 8 p.m.

At the top of the map is Cygnus, the swan. The crosspiece is the swan's outstretched wings, and the lower part of his neck, stretched forward; his head is Albireo, a star of magnitude. Below Cygnus is another bright star, Vega, in Lyra, the lyre. To the left is another bird, Aquila, the eagle, with star Altair. In the south you can see the four stars that form the Great Square, part of the constellation of Pegasus, the winged horse. Although these are not among the brightest, their characteristic arrangement makes them a good starting place from which to find other groups. The horse, incidentally, is upside down in the sky, as the row of stars extending westward from the lower right corner of the square is his head; at the upper right, Alpheratz, is not in Pegasus at all, but in the neighboring group of Andromeda.

ANDROMEDA
LACERTA
Schedir
CASSIOPEIA
Deneb
CEPHEUS CAMELOPARDALIS
CYGNUS
AURIGA
Polaris
SAGITTA
DELPHINUS
URSA MINOR
URSA MAJOR
AQUILA
HERCULES
WEST     Face North     EAST

NOVEMBER 1957

TRIANGULUM
ARIES
PISCES
Markab
PEGASUS
TAURUS
CETUS
EQUULEUS
AQUARIUS
PHOENIX
PISCIS AUSTRINUS
Rigel
EAST     Face South     WEST

SYMBOLS FOR STARS IN ORDER OF BRIGHTNESS",0.6790588235294117,197.59
29000999,"Standard
Lambert Conformal Conic Projection
See chart number.
Standard Parallels 33° and 45° Scale 1:1,000,000
(405)
109W 14°E
108W (Joins 362)
Chinle
Chaco Canyon
Tohatchi
Ranch
7256
Ranch
Fort Defiance
Ganado
Window Rock
Crownpoint
St. Michaels
McKinley County
Wingate
Klagetoh
Gallup
66
8851
Manuelito
Thoreau
Prewitt
McGaffey
Prewitt
Buildings
9112
Sanders
9256
Grants
Chambers
5800
Chambers
Navajo
Ramah
El Morro (CAA)
Zuni
Green
7540
Green
Ranch
Ranch
Zuni Radio
8260
Grants Radio
To Ojo Caliente
Lava
A substantial magnetic disturbance
has been reported at 4000 feet
above ground elevation in this vicinity
Fence Lake
Hickman
Trechado
5700
St. Johns
Concho
Tres Lagunas
Quemado
Pie Town
9560
Vernon
Mangas
Springerville Eagar
Datil
7025
Springerville
10244
9094
10210
Eagar
34°
Spur Lake
9390
10955
8920
Horse Springs",1.0,118.51,"Lambert Conformal Conic Projection
Standard Parallels 33° and 45°
Scale 1:1,000,000
(405)

109°W 14°E
108°W (Joins 362)

CHINLE
Chinle
Chaco Canyon

Tohatchi
Ranch
Ranch

Fort Defiance
Ganado
Window Rock
Crownpoint
St. Michaels

McKINLEY COUNTY
Wingate
Klagetoh
Gallup
Manuelito
Thoreau
Prewitt
McGaffey
Prewitt

Buildings

Sanders
Chambers
Grants
Chambers

Navajo
Ramah

EL MORRO (CAA)
Zuni

115.2 ZUN

ZUNI RADIO
GRANTS RADIO
GREEN 4

To Ojo Caliente
Lava

A local magnetic disturbance has been reported at 4000 feet above ground elevation in this vicinity.

Fence Lake
Hickman
Trechado
St. Johns
Concho
Tres Lagunas
Quemado
Pie Town
Datil
Vernon
Mangas
Springerville
Eagar
Spur Lake
Horse Springs",1.0,83.24,"Standards
Lambert Conformal Conic Projection
See chart number.
Standard Parallels 33° and 45° Scale 1:1,000,000
(405)
109W 14°E
108N (Joins 362)
CHINLE
Chinle
6000
6535
Ranch
Chaco Canyon
6643
8000
Tohatchi
Ranch
7256
Ranch
Fort Defiance
Ganado
WINDOW ROCK
Crownpoint
St. Michaels
McKinley County
Wingate
Klagetoh
Gallup
66
8851
Manuelito
Thoreau
Prewitt
McGaffey
6900
Buildings
9112
CONTOURS 200
Sanders
9256
Grants
CHAMBERS
5800
Chambers
MF RADIO
Navajo
Ramah
NF
EL MORRO (CAA)
Zuni
GREEN 4
Ranch
Ranch
ZUNI RADIO
8260
GRANTS RADIO
Ojo Caliente
LAVA
A magnetic disturbance has been reported at 4000 feet above ground elevation in this vicinity.
Fence Lake
Hickman
Trechado
5700
St. Johns
Concho
Tres Lagunas
Quemado
Pie Town
9560
Vernon
Mangas
SPRINGERVILLE EAGAR
Datil
7025
Springerville
10244
9094
10210
Eagar
34°
Spur Lake
9390
10955
8920
Horse Springs",1.0,80.38,"Standards
Lambert Conformal Conic Projection
See chart number.
Standard Parallels 33° and 45°  Scale 1:1,000,000
(405)
109W 14°E
108W (Joins 362)

CHINLE
Chinle
6000
6535
Chaco Canyon
6643

Tohatchi
Ranch
7256
Ranch
Fort Defiance
Ganado
WINDOW ROCK
Crownpoint

Cornfields
St. Michaels

McKinley County
6467 L/M 50
Wingate
Klagetoh
Gallup
66
8851
Manuelito
Thoreau
McGaffey
6900
Prewitt

Buildings
9112

Sanders
9256
Grants
Chambers
5800
Chambers

ZUNI RADIO
Navajo
Ramah
N.F.
EL MORRO (CAA)
Zuni
Pueblo Pintado

GREEN 4
Ranch
Ranch
ZUNI RADIO
8260
GRANTS RADIO
To Ojo Caliente
LAVA

A substantial magnetic disturbance has been reported at 4000 feet above ground elevation in this vicinity.

Fence Lake
Hickman
Trechado
5700
St. Johns
Concho
Tres Lagunas
Quemado
Pie Town
9560
60
Vernon
Mangas
SPRINGERVILLE
EAGAR
Datil
7025
Springerville
10244
9094
10210
Eagar
34°
Spur Lake
9390
10955
8920
Horse Springs",1.0,84.46,"Standards
Lambert Conformal Conic Projection
See chart number.
Standard Parallels 33° and 45°
Scale 1:1,000,000
(405)

108°W (Joins 362)

Chinle
Chaco Canyon
Tohatchi
Fort Defiance
Ganado
Window Rock
Crownpoint
St. Michaels
McKinley County
Wingate
Klagetoh
Gallup
Manuelito
Thoreau
Prewitt
McGaffey
Sanders
Grants
Chambers
Navajo
Ramah
El Morro (CAA)
Zuni
Zuni Radio
Grants Radio
Green Ranch
Ojo Caliente
Lava

Substantial magnetic disturbance has been reported at 4000 feet above ground elevation in this vicinity.

Fence Lake
Hickman
Trechado
Concho
St. Johns
Tres Lagunas
Quemado
Pie Town
Datil
Vernon
Mangas
Springerville
Eagar
Spur Lake
Horse Springs",1.0,61.73,"Standard
Lambert Conformal Conic Projection
See chart number.
Standard Parallels 33° and 45° Scale 1:1,000,000
(405)
14° E

108N (Joins 362)

CHINLE
Chinle

Chaco Canyon

Tohatchi
Ranch 7256
Fort Defiance
Ganado
WINDOW ROCK
Crownpoint

fields
St. Michaels

McKinley County

Wingate
Klagetoh
Gallup
66
8851
Manuelito
Thoreau
Prewitt
McGaffey
to Prewitt

Buildings
9112 and 200

CONTOURS
Sanders
9256
Grants
CHAMBERS
5800
Chambers

ZUNI RADIO
115.0 ZUN
9089
Navajo
Ramah
NF
EL MORRO (CAA)
Zuni

GREEN 4
Ranch
ZUNI RADIO
8260
353
GRANTS RADIO
To Ojo Caliente
LAVA

A substantial magnetic disturbance has been reported at 4000 feet above ground elevation in this vicinity.

Fence Lake
Hickman
St. Johns
5700
Concho
Tres Lagunas
Quemado
Pie Town
9560
Vernon
Mangas

SPRINGERVILLE EAGAR
Datil
7025
Springerville
10244
9094
10210
Eagar

Spur Lake
9390

Horse Springs",1.0,68.53,"Standards
Lambert Conformal Conic Projection
See chart number.
Standard Parallels 33° and 45° Scale 1:1,000,000
(405)
109M 14°E
EJ
108N (Joins 362)
CHINLE
Chinle
100 -.
MG
6000
6535
Panch
Chaco Canyon
30
40
50
10
20
50
6643
30
40
NG
-
IN
1.
8000
Par
a
Tohatchi
50
Ranch
7256
Ranch-
Fort Defiance
Ganado
WINDOW ROCK
Crownpoint
68092-52
2000
40
fields
St. Michaels
BS
KGAM
8
8620
1330
6
McKINLEY COUNTY
6467-L/M 50
Wingate
Klagetoh
Gallup
30
66
8851
Manuelito
Thoreau PREWITT
McGaffey
6900
to
Prewitt
20
30
0
330
Buildings
9112
&
200
CONTOURS
Sanders
9256
Grants
CHAMBERS
5800
26
Chambers
MF
20N1 RADIO
115. ZUN
9089
Navajo
Ramah
NF
EL
MORRO (CAA)
vs.
Zuni
Pinting
in
12
60A
522
258°
#
THT2
12
4
56
EL
853.53°
OF
TRUE
IIII
35°
GREEN
7540
GREEN 4
Ranch
Ranch
ZUNI RADIO
8260
Oo
353
GRANTS RADIO
To
Ojo Caliente
da
LAVA
186
150
180
R
N
m
substantial magnetic disturbance
has been reported at 4000 feet
40
Fence Lake
above ground elevation in this vicinity
m
Hickman
ST
Trechado
5700-
St. Johns
30
Concho
Tres Lagunas
Quemado
-20
Pie Town
9560
60
Vernon
Mangas
0
SPRINGERVILLE EAGAR
10
Datil
7025 k 50
Springerville
10244
9094
10210
Eagar
ME
0
NE
E
it
a
TNI
34°
Spur Lake
U
9390
20
50
10
20
30
40
50
hours
a
10955
8920
do
Horse Springs
i",1.0,69.02,"Standards
Lambert Conformal Conic Projection
See chart number.
Standard Parallels 33° and 45° Scale 1:1,000,000
(405)
109M 14°E
EJ
108N (Joins 362)
CHINLE
Chinle
100 -.
MG
6000
6535
Panch
Chaco Canyon
30
40
50
10
20
50
6643
30
40
NG
-
IN
1.
8000
Par
a
Tohatchi
50
Ranch
7256
Ranch-
Fort Defiance
Ganado
WINDOW ROCK
Crownpoint
68092-52
2000
40
fields
St Michaels
BS
KGAM
8
8620
1330
6
McKINLEY COUNTY
a
6467-L/M 50
Wingate
Klagetoh
Gallup
30
66
8851
Manuelito
Thoreau PREWITT
McGaffey
6900
to
Prewitt
20
30
0
330
Buildings
9112
&
200
COUNTY
Sanders
9256
Grants
CHAMBERS
5800
26
Chambers
MF
ZUNI RADIO
115. ZUN
9089
Navajo
Ramah
NF
EL
MORRO (CAA)
vs
-Zuni
Pinting
in
12
60A
522
258°
#
THT2
12
4
56
E 8° 53.5' OF TRUE
35°
GREEN
7540
GREEN 4
Ranch
Ranch
ZUNI RADIO
8260
Oo
353
GRANTS RADIO
To
Ojo Caliente
da
LAVA
186
150
180
R
N
m
Considerable magnetic disturbance
has been reported at 4000 feet
40
Fence Lake
above ground elevation in this vicinity
m
Hickman
ST
Trechado
5700-
St Johns
30
Concho
Tres Lagunas
Quemado
-20
Pie Town
9560
60
Vernon
Mangas
0
SPRINGERVILLE EAGAR
10
Datil
7025 50
Springerville
10244
9094
10210
Eagar
ME
0
NE
E

Standards
Lambert Conformal Conic Projection
See chart number.
Standard Parallels 33° and 45°
Scale 1:1,000,000
(405)
109M 14°E
EJ
108N (Joins 362)
CHINLE
Chinle
100 -.
MG
6000
6535
Chaco Canyon
30
40
50
10
20
50
6643
30
40
NG
-
IN
1.
8000
Par
a
Tohatchi
50
Ranch
7256
Ranch-
Fort Defiance
Ganado
WINDOW ROCK
Crownpoint
68092-52
2000
40
fields
St Michaels
BS
KGAM
8
8620
1330
6
McKINLEY COUNTY
a
6467-L/M 50
Wingate
Klagetoh
Gallup
30
66
8851
Manuelito
Thoreau PREWITT
McGaffey
6900
to
Prewitt
20
30
0
330
Buildings
9112
&
200
CONTOURS
Sanders
9256
Grants
CHAMBERS
5800
26
Chambers
MF
ZUNI RADIO
115. ZUN
9089
Navajo
Ramah
NF
EL MORRO (CAA)
-Zuni Mtns
12
60A
522
258°
#
THT2
12
4
56
8° 53.5' E of True
35°
GREEN
7540
GREEN 4
Ranch
Ranch
ZUNI RADIO
8260
Oo
353
GRANTS RADIO
To
Ojo Caliente
da
LAVA
186
150
180
R
N
m
Considerable magnetic disturbance
has been reported at 4000 feet
40
Fence Lake
m
Hickman
ST
Trechado
5700-
St Johns
30
Concho
Tres Lagunas
Quemado
-20
Pie Town
9560
60
Vernon
Mangas
0
SPRINGERVILLE EAGAR
10
Datil
7025 50
Springerville
10244
9094
10210
Eagar
ME
0
NE
E
34°
Spur Lake
U
9390
20
50
10
20
30
40
50
10955
8920
Horse Springs",1.0,213.61,"Standards
Lambert Conformal Conic Projection
See chart number.
Standard Parallels 33° and 45°  Scale 1:1,000,000
(405)
109W 14°E
108N (Joins 362)
CHINLE
Chinle
100 -
MG
6000
6535
P Chaco Canyon
30
40
50
10
20
50
6643
30
40
NG
-
IN
1.
8000
Par
Tohatchi
50
Ranch
7256
Ranch-
Fort Defiance
Ganado
WINDOW ROCK
Crownpoint
68092-52
2000
40
fields
St. Michaels
BS
KGAM
8
8620
1330
6
McKINLEY COUNTY
6467 L/M 50
Wingate
Klagetoh
Gallup
30
66
8851
Manuelito
Thoreau PREWITT
McGaffey
6900
to
Prewitt
20
30
0
330
Buildings
9112
&
200
CONTOURS
Sanders
9256
Grants
CHAMBERS
5800
26
Chambers
MF
20N1 RADIO
115. ZUN
9089
Navajo
Ramah
NF
EL MORRO (CAA)
-Zuni
Printing
12
60A
522
258°
#
THT2
12
4
56
EL
853.53°
OF
TRUE
35°
GREEN
7540
GREEN 4
Ranch
Ranch
ZUNI RADIO
8260
0
353
GRANTS RADIO
To
Ojo Caliente
da
LAVA
186
150
180
R
N
m
A substantial magnetic disturbance
has been reported at 4000 feet
above ground elevation in this vicinity
40
Fence Lake
Hickman
ST
Trechado
5700-
St. Johns
30
Concho
Tres Lagunas
Quemado
-20
Pie Town
9560
60
Vernon
Mangas
0
SPRINGERVILLE EAGAR
10
Datil
7025 k 50
Springerville
10244
9094
10210
Eagar
ME
0
NE
E
34°
Spur Lake
9390
20
50
10
20
30
40
50
10955
8920
Horse Springs",1.0,71.58
28970953,"/COMDR 30TH ADIV AFS BELLEVILLE MICH
P/COMDR WPAFB CHIC
RJEPHQ/HQ USAF WASHDC
RJEPK/HQ EADF STEWART AFB NEWBURGH NY
ATTN: AIR TECHNICAL INTELLIGENCE CENTER
ATTN: DIRECTOR OF INTELLIGENCE
ATTN: EADF C/C
PURPOSE:
1. A. LONG AND NARROW
B. 2 TIMES THE MOON
C. ORANGE
D. 0.3
E. NEGATIVE
F. NONE
G. CONTRAIL: 2 1/2 DEGREES OF HAZE STREAK
H. NONE
I. NONE
AT 2030Z.
2. A. AMATEUR ASTRONOMER WATCHING SKY
B. HIGH ELEVATION AND NEGATIVE AZIMUTH
C. HIGH
D. SLOWLY MOVING WEST
E. 2 DISAPPEARED SUDDENLY AND 1 DISAPPEARED SLOWLY
F. 30 MINUTES
3. A. GROUND-VISUAL
B. BINOCULARS, NEGATIVE
C. N/A
4. A. 14/0230Z 0200Z = 0930
B. NIGHT
5. A. 11 FINDLAY STREET, TONAWANDA, NEW YORK
B. TONAWANDA, NEW YORK, STRAND OPERATOR AT WESTERN ELECTRIC, FAIRLY RELIABLE.
E. N/A
7. A. CLEAR",0.10013175230566534,80.69,"/COMDR 34TH ADIV AFS BELLEVILLE MICH
P/COMDR WPAFB CHIC
RJEPHQ/HQ USAF WASHDC
RJEPK/HQ EADF STEWART AFB NEWBURGH NY
ATTN: AIR TECHNICAL INTELLIGENCE CENTER
ATTN: DIRECTOR OF INTELLIGENCE
ATTN: EADF-C/C
PURPOSE:

1. A. LONG AND NARROW
   B. 2 TIMES THE MOON
   C. ORANGE
   D. 3
   E. NEGATIVE
   F. NONE
   G. 2 1/2 DEGREES OF HAZE STREAK
   CONTRAIL
   H. NONE
   I. NONE
   AT 2030.

2. A. AMATEUR ASTRONOMER WATCHING SKY
   B. HIGH ELEVATION AND MAGNETIC AZIMUTH
   C. HIGH
   D. SLOWLY MOVING WEST
   E. 2 DISAPPEARED SUDDENLY AND 1 DISAPPEARED SLOWLY
   F. 30 MINUTES

3. GROUND-VISUAL
   B. BINOCULARS, NEGATIVE
   C. N/A

4. A. 14/0230Z 0200Z = 0930
   B. NIGHT

5. A. 11 FINDLAY STREET, TONAWANDA, NEW YORK, U.S.A.
   B. STRAND OPERATOR AT WESTERN ELECTRIC, FAIRLY RELIABLE.
   E. N/A

7. A. CLEAR",0.1251646903820817,71.27,"/COMDR 30TH ADIV AFS BELLEVILLE MICH
P/COMDR WPAFB CHIC
RJEPHQ/HQ USAF WASH DC
RJEPK/HQ EADF STEWART AFB NEWBURGH NY
ATTN: AIR TECHNICAL INTELLIGENCE CENTER
ATTN: DIRECTOR OF INTELLIGENCE
ATTN: EADF C/C
PURPOSE

1. A. LONG AND NARROW
B. 2 TIMES THE MOON
C. ORANGE
D. 0.3
E. NEGATIVE
F. NONE
G. 2 1/2 DEGREES OF HAZE STREAK (CONTRAIL)
H. NONE
I. NONE
AT 2030

2. A. AMATEUR ASTRONOMER WATCHING SKY
B. HIGH ELEVATION AND NEGATIVE AZIMUTH
C. HIGH
D. SLOWLY MOVING WEST
E. 2 DISAPPEARED SUDDENLY AND 1 DISAPPEARED SLOWLY
F. 30 MINUTES

3. A. GROUND-VISUAL
B. BINOCULARS, NEGATIVE DESCRIPTION
C. N/A

4. A. 14/0230Z 0200Z = 0930
B. NIGHT

5. A. 11 FINDLAY STREET, TONAWANDA, NEW YORK
B. TONAWANDA, NEW YORK, OPERATOR AT WESTERN ELECTRIC, FAIRLY RELIABLE
E. N/A

7. A. CLEAR",0.09055118110236221,63.13,"/COMDR 30TH ADIV WILLOW RUN AFS BELLEVILLE MICH
P/COMDR WPAFB CHIC
RJEPHQ/HQ USAF WASH DC
RJEPK/HQ EADF STEWART AFB NEWBURGH NY
ATTN: AIR TECHNICAL INTELLIGENCE CENTER
ATTN: DIRECTOR OF INTELLIGENCE
ATTN: EADF-C/C.
PURPOSE:
1. A. LONG AND NARROW
B. 2 TIMES THE MOON
C. ORANGE
D. 3
E. NEGATIVE
F. NONE
G. 2 1/2 DEGREES OF HAZE STREAK
Contrail
H. NONE
I. NONE
at 2030 EST.
2. A. AMATEUR ASTRONOMER WATCHING SKY
B. HIGH ELEVATION AND NEGATIVE AZIMUTH
C. HIGH
D. SLOWLY MOVING WEST
E. 2 DISAPPEARED SUDDENLY AND 1 DISAPPEARED SLOWLY
F. 30 MINUTES
3. GROUND-VISUAL
B. BINOCULARS, NEGATIVE DESCRIPTION
C. N/A
4. A. 14/0230Z
0200Z = 0930
B. NIGHT
5. A. 11 FINDLAY STREET, TONAWANDA, NEW YORK
U.S.A.
TONAWANDA, NEW YORK
OPERATOR AT WESTERN ELECTRIC, FAIRLY RELIABLE.
E. N/A
7. A. CLEAR",0.0978120978120978,68.87,"/COMDR 30TH ADIV AFS BELLEVILLE MICH
P/COMDR WPAFB OHIO
RJEPHQ/HQ USAF WASH DC
RJEPK/HQ EADF STEWART AFB NEWBURGH NY
ATTN: AIR TECHNICAL INTELLIGENCE CENTER
ATTN: DIRECTOR OF INTELLIGENCE
ATTN: EADF-C/C
PURPOSE

1. A. LONG AND NARROW
B. 2 TIMES THE MOON
C. ORANGE
D. 0.3
E. NEGATIVE
F. NONE
G. 2 1/2 DEGREES OF HAZE STREAK
H. NONE
I. NONE
at 2030 EST.

2. A. AMATEUR ASTRONOMER WATCHING SKY
B. HIGH ELEVATION AND NEGATIVE AZIMUTH
C. HIGH
D. SLOWLY MOVING WEST
E. 2 DISAPPEARED SUDDENLY AND 1 DISAPPEARED SLOWLY
F. 30 MINUTES

3. A. GROUND-VISUAL
B. BINOCULARS, NEGATIVE DESCRIPTION
C. N/A

4. A. 14/0230Z
B. NIGHT

5. A. 11 FINDLAY STREET, TONAWANDA, NEW YORK
B. TONAWANDA, NEW YORK
C. OPERATOR AT WESTERN ELECTRIC, FAIRLY RELIABLE
E. N/A

7. A. CLEAR",0.09486166007905138,93.29,"/COMDR 30TH ADIV AFS BELLEVILLE MICH
P/COMDR WPAFB CHICAGO
HQ USAF WASH DC
HQ EADF STEWART AFB NEWBURGH NY
ATTN: AIR TECHNICAL INTELLIGENCE CENTER
ATTN: DIRECTOR OF INTELLIGENCE
ATTN: EADF-C/C
PURPOSE
1. A. LONG AND NARROW
B. 2 TIMES THE MOON
C. ORANGE
D. 0.3
E. NEGATIVE
F. NONE
G. 2 1/2 DEGREES OF HAZY STREAK
H. NONE
I. NONE
2. A. AMATEUR ASTRONOMER WATCHING SKY
B. HIGH ELEVATION AND NEGATIVE AZIMUTH
C. HIGH
D. SLOWLY MOVING WEST
E. 2 DISAPPEARED SUDDENLY AND 1 DISAPPEARED SLOWLY
F. 30 MINUTES
3. A. GROUND-VISUAL
B. BINOCULARS, NEGATIVE
C. N/A
4. A. 14/0230Z; 0200Z = 0930
B. NIGHT
5. A. 11 FINDLAY STREET, TONAWANDA, NEW YORK
B. U.S.A.
C. TONAWANDA, NEW YORK
D. OPERATOR AT WESTERN ELECTRIC, FAIRLY RELIABLE
E. N/A
7. A. CLEAR",0.10935441370223979,109.72,"/COMDR 3ATH ADIV RAFS BELLEVILLE MICH
P/COMDR WPAFE CHIC
RJEPHQ/HQ USAF WASH DC
RJEPK/HQ EADF STEWART AFB NEWBURGH NY
ATTN: AIR TECHNICAL INTELLIGENCE CENTER
ATTN: DIRECTOR OF INTELLIGENCE
ATTN: EADF-C/C.
PURPOSE

1. A. LONG AND NARROW
B. 2 TIMES THE MOON
C. ORANGE
D. 3
E. NEGATIVE
F. NONE
G. TRAIL: 2 1/2 DEGREES OF HAZE STREAK
H. NONE
I. NONE

2. A. AMATEUR ASTRONOMER WATCHING SKY
B. HIGH ELEVATION AND NEGATIVE AZIMUTH
C. HIGH
D. SLOWLY MOVING WEST
E. 2 DISAPPEARED SUDDENLY AND 1 DISAPPEARED SLOWLY
F. (30 MINUTES)

3. GROUND-VISUAL
B. BINOCULARS, NEGATIVE DESCRIPTION
C. N/A

4. A. 14/0230Z 0200Z = 0930
at 2030 EST.
B. NIGHT

5. A. 11 FINDLAY STREET, TONAWANDA, NEW YORK
Country: U.S.A.
TONAWANDA, NEW YORK, STRAND OPERATOR AT WESTERN ELECTRIC, FAIRLY RELIABLE.
E. N/A

7. A. CLEAR",0.08812260536398467,121.81,"/COMDR 30TH ADIV AFS BELLEVILLE MICH
P/COMDR WPAFB CHIC
RJEPHQ/HDQ USAF WASHDC
RJEPK/HQ EADF STEWART AFB NEWBURGH NY
ATTN: AIR TECHNICAL INTELLIGENCE CENTER
ATTN: DIRECTOR OF INTELLIGENCE
ATTN: EADF-C/C.
PURPOSE

1. A. LONG AND NARROW
B. 2 TIMES THE MOON
C. ORANGE
D. 0.3
E. NEGATIVE
F. NONE
G. 2 1/2 DEGREES OF HAZE STREAK
Country
H. NONE
I. NONE
at 2030 75.

2. A. AMATEUR ASTRONOMER WATCHING SKY
B. HIGH ELEVATION AND NEGATIVE AZIMUTH
C. HIGH
D. SLOWLY MOVING WEST
E. 2 DISAPPEARED SUDDENLY AND 1 DISAPPEARED SLOWLY
F. 30 MINUTES

3. A. GROUND-VISUAL
B. BINOCULARS, NEGATIVE DESCRIPTION
C. N/A

4. A. 14/0230Z
0200Z-0930
B. NIGHT

5. A. 11 FINDLAY STREET, TONAWANDA, NEW YORK
S. A.
TONAWANDA, NEW YORK, STRAN OPERATOR AT WESTERN ELECTRIC, FAIRLY RELIABLE.
E. N/A

7. A. CLEAR",0.08160621761658031,66.25,"/COMDR 3ATH ADIV RAFS BELLEVILLE MICH
P/COMDR WPAFB CHIC
RJEPHQ/HEDUSAF WASHDC
RJEPK /HEDEADF STEWART AFB NEWBURGH NY
ATTN: AIR TECHNICAL INTELLIGENCE CENTER
ATTN: DIRECTOR OF INTELLIGENCE
ATTN. EADF-C/C.
PURPOSE

1. A. LONG AND NARROW
B. 2 TIMES THE MOON
C. ORANGE
D. 0.3
E. NEGATIVE
F. NONE
G. 2 1/2 DEGREES OF HAZE STREAK
Contrail
H. NONE
I. NONE
at 2030 75.

2. A. AMATEUR ASTRONOMER WATCHING SKY
B. HIGH ELEVATION AND NEGATIVE AZIMUTH
C. HIGH
D. SLOWLY MOVING WEST
E. 2 DISAPPEARED SUDDENLY AND 1 DISAPPEARED SLOWLY
F. 30 MINUTES

3. A. GROUND-VISUAL
B. BINOCULARS, NEGATIVE
C. N/A

4. A. 14/0230Z 0200Z=0930
B. NIGHT

5. A. 11 FINDLAY STREET, TONAWANDA, NEW YORK, U.S.A.
B. TONAWANDA, NEW YORK
C. STRAND OPERATOR AT WESTERN ELECTRIC, FAIRLY RELIABLE.
E. N/A

7. A. CLEAR",0.1038961038961039,84.08
28966961,"ACTION
S 4E4
16 AUG 56 1028
648TH
JEDWP H144 WPE103 YDB094 TYC388 TMA052 DGA005 DGG007
(1)
PP RJEDEN RJEDWP RJEPHQ RJEPNB RJEPME RJEPNB
DE RJEPDG 2G
P 160115Z
ATIC
FM COMDR 648TH AC&W SQ, BENTON AFS, BENTON, PA
TO RJEDEN/COMDR ADC, ENT AFB, COLORADO
RJEDWP/COMDR AIR TECH INTEL CEN, WRIGHT-PATTERSON AFB, OHIO
RJEPHQ/COMDR DIR OF INTEL, HQ USAF, WASH 25, D.C.
RJEPNB/COMDR DET 3, 4632d AISS, STEWART AFB, NY
RJEPNE/COMDR FLT 3, 4622d AISS, STEWART AFB, NY
INFO RJEPNB/COMDR EADF, STEWART AFB, NY
BT
/UNCL/ ADCOM 49.
(1) DESCRIPTION
(A) NO DESCRIPTION
(B) OBJECTS WERE THE SIZE OF BIRDS
(C) BLACK
(D) 5
Bluish type of exhaust, a dark grey, thin.
(E) ALL IN ONE FLIGHT
(F) FORMATION AT THIS TIME?
(G) NONE
(H) NO SOUND
(I) NOTHING
(2) DESCRIPTION OF COURSE
(A) WHILE TRACKING AIRCRAFT WITH BINOCULARS
(B) UNKNOWN WHERE AT THIS TIME?",0.14744351961950058,67.15,"ACTION
16 AUG 56 1028
JEDWP H144 WPE103 YDB094 TYC388 TMA052 DGA005 DGG007
(1)
PP RJEDEN RJEDWP RJEPHQ RJEPNB RJEPME RJEPNB
DE RJEPDG 2G
P 160115Z
STATIC
FM COMDR 648TH AC&W SQ BENTON AFS, BENTON, PA
TO RJEDEN/COMDR ADC, ENT AFB, COLORADO
RJEDWP/COMDR AIR TECH INTEL CEN, WRIGHT-PATTERSON AFB, OHIO
RJEPHQ/COMDR DIR OF INTEL, HQ USAF, WASH 25, D.C.
RJEPNB/COMDR DET 3, 4632 AISS, STEWART AFB, NY
RJEPNE/COMDR FLT 3, 4622 AISS, STEWART AFB, NY
INFO RJEPNB/COMDR EADF, STEWART AFB, NY
BT
/UNCL/ ADCOMM 49.
(1) DESCRIPTION
(A) NO DESCRIPTION
(B) OBJECTS WERE THE SIZE OF BIRDS
BLACK
(D) 5
(K) ALL IN ONE FLIGHT
(F) LUMINOUS AT THIS
(G) NONE
(H) NO SOUND
(I) NOTHING
(2) DESCRIPTION OF COURSE
(A) WHILE TRACKING AIRCRAFT WITH BINOCULARS
(B) UNKNOWN",0.19262782401902498,64.1,"ACTION
16 Aug 56 1028
JEDWP H144 WPE103 YDB094 TYC388 TMA052 DGA005 DGG007
(1)
PP RJEDEN RJEDWP RJEPHQ RJEPNB RJEPME RJEPNB
DE RJEPDG 2G
P 160115Z
FM COMDR 648TH AC&W SQ BENTON AFS BENTON PA
TO RJEDEN/COMDR ADC ENT AFB COLORADO
RJEDWP/COMDR AIR TECH INTEL CEN, WRIGHT-PATTERSON AFB OHIO
RJEPHQ/COMDR DIR OF INTEL HQ USAF WASH 25, D.C.
RJEPNB/COMDR DET 3, 4632D AISS STEWART AFB, NY
RJEPNE/COMDR FLT 3, 4622D AISS STEWART AFB, NY
INFO RJEPNB/COMDR EADF STEWART AFB, NY
BT
UNCL/ADCOMM 49
(1) DESCRIPTION
(A) NO DESCRIPTION
(B) OBJECTS WERE THE SIZE OF BIRDS
(C) BLACK
(D) 5
(E) ALL IN ONE FLIGHT
(G) NONE
(H) NO SOUND
(I) NOTHING
(2) DESCRIPTION OF COURSE
(A) WHILE TRACKING AIRCRAFT WITH BINOCULARS
(B) UNKNOWN",0.19143876337693222,25.81,"ACTION
S 4E4
16 AUG 56 1028
34th
JEDWP H144 WPE103 YDB094 TYC388 TMA052 DGA005 DGG007
(1)
PP RJEDEN RJEDWP RJEPHQ RJEPNB RJEPNE RJEPNB
DE RJEPDG 26
P 160115Z
ATIC
FM COMDR 648TH AC&W SQ, BENTON AFS, BENTON, PA
TO RJEDEN/COMDR ADC, ENT AFB, COLORADO
RJEDWP/COMDR AIR TECH INTELLIGENCE CENTER, WRIGHT-PATTERSON AFB, OHIO
RJEPHQ/COMDR DIR OF INTEL, HQ USAF, WASH 25, D.C.
RJEPNB/COMDR DET 3, 4632 AISS, STEWART AFB, NY
RJEPNE/COMDR FLT 3, 4622 AISS, STEWART AFB, NY
INFO RJEPNB/COMDR EADF, STEWART AFB, NY
BT
/UNCL/ ADCOM 49.
(1) DESCRIPTION
(A) NO DESCRIPTION
(B) OBJECTS WERE THE SIZE OF BIRDS
(C) BLACK
(D) 5
(E) ALL IN ONE FLIGHT
(G) NONE
(H) NO SOUND
(I) NOTHING
(2) DESCRIPTION OF COURSE
(A) WHILE TRACKING AIRCRAFT WITH BINOCULARS
(B) UNKNOWN",0.2140309155766944,73.3,"ACTION
S 4E4
16 AUG 56 1028
34TH
RJEDWP H144 WPE103 YDB094 TYC388 TMA052 DGA005 DGG007
(1)
PP RJEDEN RJEDWP RJEPHQ RJEPNB RJEPNE RJEPNB
DE RJEPDG 26
P 160115Z
FM COMDR 648TH AC&W SQ, BENTON AFS, BENTON, PA
TO RJEDEN/COMDR ADC, ENT AFB, COLORADO
RJEDWP/COMDR AIR TECH INTEL CEN, WRIGHT-PATTERSON AFB, OHIO
RJEPHQ/COMDR DIR OF INTEL, HQ USAF, WASH 25, D.C.
RJEPNB/COMDR DET 3, 4632 AISS, STEWART AFB, NY
RJEPNE/COMDR FLT 3, 4622 AISS, STEWART AFB, NY
INFO RJEPNB/COMDR EADF, STEWART AFB, NY
BT
/UNCL/ ADCOM 49.
(1) DESCRIPTION
(A) NO DESCRIPTION
(B) OBJECTS WERE THE SIZE OF BIRDS
(C) BLACK
(D) 5
(E) ALL IN ONE FLIGHT
(F) LUMINOUS AT THIS TIME: NONE
(G) NONE
(H) NO SOUND
(I) NOTHING
(2) DESCRIPTION OF COURSE
(A) WHILE TRACKING AIRCRAFT WITH BINOCULARS
(B) UNKNOWN",0.178359096313912,54.4,"ACTION
S 4E4
16 AUG 56 1028
34THA
RJEDWP H144 WPE103 YDB094 TYC388 TMA052 DGA005 DGG007
(1)
PP RJEDEN RJEDWP RJEPHQ RJEPNB RJEPNE
DE RJEPDG 2G P 160115Z
FM COMDR 648TH AC&W SQ BENTON AFS BENTON PA
TO RJEDEN/COMDR ADC ENT AFB COLORADO
RJEDWP/COMDR AIR TECH INTELLIGENCE CENTER, WRIGHT-PATTERSON AFB, OHIO
RJEPHQ/COMDR DIR OF INTELLIGENCE HQ USAF WASH 25, D.C.
RJEPNB/COMDR DET 3, 4632 AISS STEWART AFB, NY
RJEPNE/COMDR FLT 3, 4622 AISS STEWART AFB, NY
INFO RJEPNB/COMDR EADF STEWART AFB, NY
BT
/UNCLAS/ ADCOM 49,
(1) DESCRIPTION
(A) N/A NO DESCRIPTION
(B) OBJECTS WERE THE SIZE OF BIRDS
(C) BLACK
(D) 5
(E) ALL IN ONE FLIGHT
(F) LUMINOSITY AT THIS TIME: NONE
(G) NONE
(H) NO SOUND
(I) NOTHING
(2) DESCRIPTION OF COURSE
(A) WHILE TRACKING AIRCRAFT WITH BINOCULARS
(B) UNKNOWN",0.20332936979785968,61.55,"ACTION
s $4E4
16 AUG 56 1028
34th a
RJEDWP H144 WPE103 YDB094 TYC388 TMA052 DGA005 DGG007
(1)
PP RJEDEN RJEDWP RJEPHQ RJEPNB RJEPME RJEPNB
DE RJEPDG 26
P 160115Z
ATIC
FM COMDR 648TH AC&W SQ BENTON AFS BENTON PA
TO RJEDEN/COMDR ADC ENT AFB COLORADO
RJEDWP/COMDR AIR TECH INTEL CEN, WRIGHT-PATTERSON AFB, OHIO
RJEPHQ/COMDR DIR OF INTEL HQ USAF WASH 25, D.C.
RJEPNB/COMDR DET 3, 4632 AISS STEWART AFB, NY
RJEPNE/COMDR FLT 3, 4622 AISS STEWART AFB, NY
INFO RJEPNB/COMDR EADF STEWART AFB, NY
BT
/UNCL/ ADCOMM 49.
(1) DESCRIPTION
(A) NO DESCRIPTION
(B) OBJECTS WERE THE SIZE OF BIRDS
BROWN
BLACK
(D) 5
Bluch bye of yearst
a dark they / Then.
(E) ALL IN ONE FLIGHT
limanlas at this
(G) NONE
time ?
NO SOUND
(I) NOTHING
(2) DESCRIPTION OF COURSE
(A) WHILE TRACKING AIRCRAFT WITH BINOCULARS
(B) UNKNOWN where anything time ?",0.1403091557669441,87.85,"ACTION
S $4E4
16 AUG 56 1028
34TH

JEDWP H144 WPE103 YDB094 TYC388 TMA052 DGA005 DGG007
(1)
PP RJEDEN RJEDWP RJEPHQ RJEPNB RJEPNE RJEPNB
DE RJEPDG 2G
P 160115Z
ATIC
FM COMDR 648TH AC&W SQ BENTON AFS BENTON PA
TO RJEDEN/COMDR ADC ENT AFB COLORADO
RJEDWP/COMDR AIR TECH INTEL CEN, WRIGHT-PATTERSON AFB OHIO
RJEPHQ/COMDR DIR OF INTEL HQ USAF WASH 25, D.C.
RJEPNB/COMDR DET 3, 4632 AISS STEWART AFB, NY
RJEPNE/COMDR FLT 3, 4622 AISS STEWART AFB, NY
INFO RJEPNB/COMDR EADF STEWART AFB, NY
BT
/UNCL/ ADCOMM 49.

(1) DESCRIPTION
(A) NO DESCRIPTION
(B) OBJECTS WERE THE SIZE OF BIRDS
BROWN
BLACK
(D) 5
Bluch bye of yearst
a dark they / Then.
(E) ALL IN ONE FLIGHT
Luminous at this time? NONE
NO SOUND
(I) NOTHING

(2) DESCRIPTION OF COURSE
(A) WHILE TRACKING AIRCRAFT WITH BINOCULARS
(B) UNKNOWN where anything time?",0.1272294887039239,75.16,"ACTION
S $4E4
16 AUG 56 1028
34th
JEDWP H144 WPE103 YDB094 TYC388 TMA052DGA005DGG007
(1)
PP RJEDEN RJEDWP RJEPHQ RJEPNB RJEPNE RJEPNB
DE RJEPDG 2G
P 160115Z
atic
FM COMDR 648TH AC&W SQ BENTON AFS BENTON PA
TO RJEDEN/COMDR ADC ENT AFB COLORADO
RJEDWP/COMDR AIR TECH INTEL CEN, WRIGHT PATTERSON AFB OHIO
RJEPHQ/COMDR DIR OF INTEL HQ USAF WASH 25, D. C.
RJEPNB/COMDR DET 3, 4632 AISS STEWART AFB, NY
RJEPNE/COMDR FLT 3, 4622 AISS STEWART AFB, NY
INFO RJEPNB/COMDR EADF STEWART AFB, NY
BT
/UNCL/ ADCOMM 49.
(1) DESCRIPTION
(A)
(B) OBJECTS WERE THE SIZE OF BIRDS
(C) BLACK
(D) 5
(E) ALL IN ONE FLIGHT
(F) BLUISH TYPE OF LIGHTS; AT DUSK THEY THEN
(G) LUMINOUS AT THIS TIME? NONE
(H) NO SOUND
(I) NOTHING
(2) DESCRIPTION OF COURSE
(A) WHILE TRACKING AIRCRAFT WITH BINOCULARS
(B) UNKNOWN",0.17954815695600476,106.86
28988775,"Please paste the OCR text you want corrected. 
Optional: share the title/author/date or subject context, and tell me your preferences:
- Preserve original line breaks/page breaks/headers/footers? 
- Keep hyphenation and capitalization as in the source, or normalize them?
- If a word is unreadable, should I make a best guess or mark [illegible]?
- Keep footnotes/endnotes and figure captions?",1.0,7.05,"Please provide the OCR-extracted text you want corrected (and, if possible, the document’s language, subject, and any known names/terms).",1.0,5.12,"Please paste the OCR text you want corrected. Also let me know:
- The intended language.
- Whether to preserve original line breaks, page breaks, headers/footers, and hyphenation at line ends.
- If there are tables, footnotes, or special characters to retain.
- Whether to modernize spelling or keep original.",1.0,6.96,Please provide the OCR-extracted text you want corrected.,1.0,5.33,Please provide the OCR-extracted text that needs correction.,1.0,3.99,Please provide the OCR text you want corrected.,1.0,6.55,"Please paste the OCR-extracted text you want corrected. If it’s a form or a multi-column article, let me know so I can preserve the layout properly.",1.0,3.58,Please paste the OCR text you want corrected.,1.0,4.3,"Please paste the OCR-extracted text you want corrected. I’ll fix errors while preserving abbreviations, line-break hyphens, alphanumeric codes, headers/footers, and original layout (including multi-column or form structures). If options are selected in forms, I’ll mark them with ʘ as requested.",1.0,4.92
28945497,"AF FORM 112 - PART II
APPROVED - JUNE 1948
(CLASSIFICATION)
AIR INTELLIGENCE INFORMATION REPORT
FROM (Agency)
REPORT NO.
PAGE 1
OF
2
PAGES

1. Description
a. Shape: Arrow-head
b. Size: Objects appeared slightly larger than an F-86
c. Color: Silver
d. Number: Three in perfect formation
e. Means of control: None apparent
f. Trail or exhaust: None apparent
g. Propulsion system: None apparent
h. Exhaust: None apparent
i. Speed: Very fast
j. Sound: None
k. Maneuvers: In bank and turn
l. Manner of disappearance: Result of speed and distance
m. Other pertinent features:
The objects appeared to have a ridge along the top. Definite lines were observed, definitely not fuzzy. No turbulence experienced as a result of objects crossing path of B-25. Observers believed objects crossed at a very slightly higher altitude than that at which the B-25 was flying.

2. a. Time sighted: 1540 PST, 24 July 1952
b. Length of time observed: 3 to 4 seconds

3. Manner of observation: Visual from air with the naked eye. B-25 aircraft at 11,000' indicated altitude. Airspeed 135 indicated, Bolling Aircraft No. 3360.

4. Location of observer during sighting: Along Green 3 Airway slightly east of Carson Sink, Nevada. Objects first appeared at one o'clock position relative to aircraft heading, passed to the left of aircraft in a continuous bank at approximately the same altitude as aircraft. Objects observed at a distance of between 400 and 800 yards.

5. Information on observers: Lt Col John L. McGinn, USAF, 7369-A, Headquarters, USAF, Fighter Branch, Deputy for Operations. Home Address: 1176 N. Pocahontas, Arlington, Va. In the Air Force since 1940 and flying since that time. Senior Pilot. Age 34. Married.

NOTE: THIS DOCUMENT CONTAINS INFORMATION AFFECTING THE NATIONAL DEFENSE OF THE UNITED STATES WITHIN THE MEANING OF THE ESPIONAGE ACT, 50 U.S.C., 31 AND 32, AS AMENDED. ITS TRANSMISSION OR THE REVELATION OF ITS CONTENTS IN ANY MANNER TO AN UNAUTHORIZED PERSON IS PROHIBITED BY LAW. IT MAY NOT BE REPRODUCED IN WHOLE OR IN PART, BY OTHER THAN UNITED STATES AIR FORCE AGENCIES, EXCEPT BY PERMISSION OF THE DIRECTOR OF INTELLIGENCE, USAF.

(CLASSIFICATION)
GOVERNMENT PRINTING OFFICE -",0.049686660698299016,40.45,"AF FORM 112-PART II
APPROVED - JUNE 1948
(CLASSIFICATION)
AIR INTELLIGENCE INFORMATION REPORT
FROM (Agency)
REPORT NO.
PAGE 1
OF
2
PAGES

1. Description
a. Shape: Arrow-head
b. Size: Objects appeared slightly larger than an F-86
c. Color: Silver
d. Number: Three in perfect formation
e. Means of control: None apparent
f. Trail or exhaust: None apparent
g. Propulsion system: None apparent
h. Exhaust: None apparent
i. Speed: Very fast
j. Sound: None
k. Maneuvers: In bank and turn
l. Manner of disappearance: Result of speed and distance
m. Other pertinent features:
The objects appeared to have a ridge along the
top. Definite lines were observed, definitely
not fuzzy. No effects experienced as a
result of objects crossing path of B-25.
Observers believed objects crossed at a very
slightly higher altitude than that at which the B-25
was flying.

2. a. Time sighted: 1540 PST, 24 July 1952
b. Length of time observed: 3 to 4 seconds

3. Manner of observation: Visual from air with the naked eye. B-25 aircraft
at 11,000 indicated altitude. Airspeed 135 indicated,
Bolling Aircraft No. 3360

4. Location of observer during sighting: Along Green 3 Airways slightly east of
Carson Sink, Nevada. Objects first appeared at one
o'clock position relative to aircraft heading, passed to
the left of aircraft in a continuous bank at approxi-
mately the same altitude as aircraft. Objects observed
at a distance of between 400 and 800 yards.

5. Information on observers: Lt Col John L. McGinn, USAF, 7369-A, Headquarters,
USAF, Fighter Branch, Deputy for Operations. Home
Address: 1176 N. Pocahontas, Arlington, Va. In the
Air Force since 1940 and flying since that time.
Senior Pilot. Age 34. Married.

NOTE: THIS DOCUMENT CONTAINS INFORMATION AFFECTING THE NATIONAL DEFENSE OF THE UNITED STATES WITHIN THE MEANING OF THE ESPIONAGE ACT, 50 U.S.C. 31 AND 32, AS AMENDED. ITS TRANSMISSION OR THE REVELATION OF ITS CONTENTS IN ANY MANNER TO AN UNAUTHORIZED PERSON IS PROHIBITED BY LAW. IT MAY NOT BE REPRODUCED IN WHOLE OR IN PART BY OTHER THAN UNITED STATES AIR FORCE AGENCIES, EXCEPT BY PERMISSION OF THE DIRECTOR OF INTELLIGENCE, USAF.
(CLASSIFICATION)
GOVERNMENT PRINTING OFFICE -",0.051477170993733216,64.71,"AF FORM 112 - PART II
APPROVED - JUNE 1948
(CLASSIFICATION)
AIR INTELLIGENCE INFORMATION REPORT
FROM (Agency)
REPORT NO.
PAGE 1
OF
2
PAGES

1. Description
a. Shape: Arrowhead
b. Size: Objects appeared slightly larger than an F-86
c. Color: Silver
d. Number: Three in perfect formation
e. Means of control: None apparent
f. Trail or exhaust: None apparent
g. Propulsion system: None apparent
h. Exhaust flame: None apparent
i. Speed: Very fast
j. Sound: None
k. Maneuvers: In bank and turn
l. Manner of disappearance: Result of speed and distance
m. Other pertinent features:
The objects appeared to have a ridge along the top. Definite lines were observed, definitely not fuzzy. No turbulence experienced as a result of objects crossing path of B-25. Observers believed objects crossed at a very slightly higher altitude than that at which the B-25 was flying.

2. a. Time sighted: 1540 PST, 24 July 1952
b. Length of time observed: 3 to 4 seconds

3. Manner of observation: Visual from air with the naked eye. B-25 aircraft at 11,000' indicated altitude. Airspeed 135 indicated. Bolling aircraft No. 3360.

4. Location of observer during sighting: Along Green 3 Airway slightly east of Carson Sink, Nevada. Objects first appeared at one o'clock position relative to aircraft heading, passed to the left of aircraft in a continuous bank at approximately the same altitude as aircraft. Objects observed at a distance of between 400 and 800 yards.

5. Information on observers: Lt Col John L. McGinn, USAF, 7369-A, Headquarters, USAF, Fighter Branch, Deputy for Operations. Home Address: 1176 N. Pocahontas, Arlington, Va. In the Air Force since 1940 and flying since that time. Senior Pilot. Age 34. Married.

NOTE: THIS DOCUMENT CONTAINS INFORMATION AFFECTING THE NATIONAL DEFENSE OF THE UNITED STATES WITHIN THE MEANING OF THE ESPIONAGE ACT, 50 U.S.C., 31 AND 32, AS AMENDED. ITS TRANSMISSION OR THE REVELATION OF ITS CONTENTS IN ANY MANNER TO AN UNAUTHORIZED PERSON IS PROHIBITED BY LAW. IT MAY NOT BE REPRODUCED IN WHOLE OR IN PART BY OTHER THAN UNITED STATES AIR FORCE AGENCIES, EXCEPT BY PERMISSION OF THE DIRECTOR OF INTELLIGENCE, USAF.

(CLASSIFICATION)
GOVERNMENT PRINTING OFFICE -",0.052820053715308866,33.99,"(AF FORM 112-PART II
APPROVED - JUNE 1948
(CLASSIFICATION)
AIR INTELLIGENCE INFORMATION REPORT
FROM (Agency)
REPORT NO.
PAGE 1
OF
2
PAGES

1. Description
a. Shape: Arrow-head
b. Size: Objects appeared slightly larger than an F-86
c. Color: Silver
d. Number: Three in perfect formation
e. Means of control: None apparent
f. Trail or exhaust: None apparent
g. Propulsion system: None apparent
h. Exhaust: None apparent
i. Speed: Very fast
j. Sound: None
k. Maneuvers: In bank and turn
l. Manner of disappearance: Result of speed and distance
m. Other pertinent features:
The objects appeared to have a ridge along the
top. Definite lines were observed, definitely
not fuzzy. No turbulence experienced as a
result of objects crossing path of B-25.
Observers believed objects crossed at a very
slightly higher altitude than that at which the B-25
was flying.

2. a. Time sighted: 1540 PST, 24 July 1952
b. Length of time observed: 3 to 4 seconds

3. Manner of observation: Visual from air with the naked eye. B-25 aircraft
at 11,000' indicated altitude. Airspeed 135 indicated,
Bolling Aircraft No. 3360

4. Location of observer during sighting: Along Green 3 Airways slightly east of
Carson Sink, Nevada. Objects first appeared at one
o'clock position relative to aircraft heading, passed to
the left of aircraft in a continuous bank at approximately
the same altitude of aircraft. Objects observed
at a distance of between 400 and 800 yards.

5. Information on observers: Lt Col John L. McGinn, USAF, 7369-A, Headquarters,
USAF, Fighter Branch, Deputy of Operations. Home
Address: 1176 N. Pocahontas, Arlington, Va. In the
Air Force since 1940 and flying since that time.
Senior Pilot. Age 34. Married.

NOTE: THIS DOCUMENT CONTAINS INFORMATION AFFECTING THE NATIONAL DEFENSE OF THE UNITED STATES WITHIN THE MEANING OF THE ESPIONAGE ACT, 50 U.S.C. 31 AND 32, AS AMENDED. ITS TRANSMISSION OR THE REVELATION OF ITS CONTENTS IN ANY MANNER TO AN UNAUTHORIZED PERSON IS PROHIBITED BY LAW. IT MAY NOT BE REPRODUCED IN WHOLE OR IN PART BY OTHER THAN UNITED STATES AIR FORCE AGENCIES, EXCEPT BY PERMISSION OF THE DIRECTOR OF INTELLIGENCE, USAF.
(CLASSIFICATION)
GOVERNMENT PRINTING OFFICE -",0.046553267681289166,76.5,"AF FORM 112 - PART II
APPROVED - JUNE 1948
(CLASSIFICATION)
AIR INTELLIGENCE INFORMATION REPORT
FROM (Agency)
REPORT NO.
PAGE 1
OF
2
PAGES

1. Description
a. Shape: Arrow-head
b. Size: Objects appeared slightly larger than an F-86
c. Color: Silver
d. Number: Three in perfect formation
e. Means of control: None apparent
f. Trail or exhaust: None apparent
g. Propulsion system: None apparent
h. Exhaust: None apparent
i. Speed: Very fast
j. Sound: None
k. Maneuvers: In bank and turn
l. Manner of disappearance: Result of speed and distance
m. Other pertinent features:
The objects appeared to have a ridge along the top. Definite lines were observed, definitely not fuzzy. No turbulence was experienced as a result of objects crossing path of B-25. Observers believed objects crossed at a very slightly higher altitude than that at which the B-25 was flying.

2. a. Time sighted: 1540 PST, 24 July 1952
b. Length of time observed: 3 to 4 seconds

3. Manner of observation: Visual from air with the naked eye. B-25 aircraft at 11,000' indicated altitude. Airspeed 135 indicated. Bolling aircraft No. 3360

4. Location of observer during sighting: Along Green 3 Airways slightly east of Carson Sink, Nevada. Objects first appeared at one o'clock position relative to aircraft heading, passed to the left of aircraft in a continuous bank at approximately the same altitude as aircraft. Objects observed at a distance of between 400 and 800 yards.

5. Information on observers: Lt Col John L. McGinn, USAF, 7369-A, Headquarters, USAF, Fighter Branch, Deputy for Operations. Home Address: 1176 N. Pocahontas, Arlington, Va. In the Air Force since 1940 and flying since that time. Senior Pilot. Age 34. Married.

NOTE: THIS DOCUMENT CONTAINS INFORMATION AFFECTING THE NATIONAL DEFENSE OF THE UNITED STATES WITHIN THE MEANING OF THE ESPIONAGE ACT, 50 U.S.C. 31 AND 32, AS AMENDED. ITS TRANSMISSION OR THE REVELATION OF ITS CONTENTS IN ANY MANNER TO AN UNAUTHORIZED PERSON IS PROHIBITED BY LAW. IT MAY NOT BE REPRODUCED IN WHOLE OR IN PART, BY OTHER THAN UNITED STATES AIR FORCE AGENCIES, EXCEPT BY PERMISSION OF THE DIRECTOR OF INTELLIGENCE, USAF.
(CLASSIFICATION)
GOVERNMENT PRINTING OFFICE -",0.049686660698299016,42.39,"AF FORM 112-PART II
APPROVED - JUNE 1948
(CLASSIFICATION)
AIR INTELLIGENCE INFORMATION REPORT
FROM (Agency)
REPORT NO.
PAGE 1
OF
2
PAGES

1. Description
a. Shape: Arrow-head
b. Size: Objects appeared slightly larger than an F-86
c. Color: Silver
d. Number: Three in perfect formation
e. Means of control: None apparent
f. Trail or exhaust: None apparent
g. Propulsion system: None apparent
h. Exhaust: None apparent
i. Speed: Very fast
j. Sound: None
k. Maneuvers: In bank and turn
l. Manner of disappearance: Result of speed and distance
m. Other pertinent features:
The objects appeared to have a ridge along the
top. Definite lines were observed, definitely
not fuzzy. No turbulence experienced as a
result of objects crossing path of B-25.
Observers believed objects crossed at a very
slightly higher altitude than that at which the B-25
was flying.

2. a. Time sighted: 1540 PST, 24 July 1952
b. Length of time observed: 3 to 4 seconds

3. Manner of observation: Visual from air with the naked eye. B-25 aircraft
at 11,000 indicated altitude. Airspeed 135 indicated.
Bolling Aircraft No. 3360

4. Location of observer during sighting: Along Green 3 Airway slightly east of
Carson Sink, Nevada. Objects first appeared at one
o'clock position relative to aircraft heading, passed to
the left of aircraft in a continuous bank at approxi-
mately the same altitude as aircraft. Objects observed
at a distance of between 400 and 800 yards.

5. Information on observers: Lt Col John L. McGinn, USAF, 7369-A, Headquarters,
USAF, Fighter Branch, Deputy of Operations. Home
Address: 1176 N. Pocahontas, Arlington, Va. In the
Air Force since 1940 and flying since that time.
Senior Pilot. Age 34. Married.

NOTE: THIS DOCUMENT CONTAINS INFORMATION AFFECTING THE NATIONAL DEFENSE OF THE UNITED STATES WITHIN THE MEANING OF THE ESPIONAGE ACT, 50 U.S.C. 31 AND 32, AS AMENDED. ITS TRANSMISSION OR THE REVELATION OF ITS CONTENTS IN ANY MANNER TO AN UNAUTHORIZED PERSON IS PROHIBITED BY LAW.
IT MAY NOT BE REPRODUCED IN WHOLE OR IN PART BY OTHER THAN UNITED STATES AIR FORCE AGENCIES, EXCEPT BY PERMISSION OF THE DIRECTOR OF
INTELLIGENCE, USAF.
(CLASSIFICATION)
GOVERNMENT PRINTING OFFICE -",0.046553267681289166,42.19,"AF FORM 112-PART II
APPROVED - JUNE 1948
(CLASSIFICATION)
AIR INTELLIGENCE INFORMATION REPORT
FROM (Agency)
REPORT NO.
PAGE 1
OF
2
PAGES

1. Description
a. Shape: Arrow-head
b. Size: Objects appeared slightly larger than an F-86
c. Color: Silver
d. Number: Three in perfect formation
e. Means of control: None apparent
f. Trail or exhaust: None apparent
g. Propulsion system: None apparent
h. Exhaust: None apparent
i. Speed: Very fast
j. Sound: None
k. Maneuvers: In bank and turn
l. Manner of disappearance: Result of speed and distance
m. Other pertinent features:
The objects appeared to have a ridge along the
top. Definite lines were observed, definitely
not fuzzy. No effects experienced as a
result of objects crossing path of B-25.
Observers believed objects crossed at a very
slightly higher altitude than which the B-25
was flying.

2. a. Time sighted: 1540 PST, 24 July 1952
b. Length of time observed: 3 to 4 seconds

3. Manner of observation: Visual from air with the naked eye. B-25 aircraft
at 11,000 indicated altitude. Airspeed 135 indicated,
Bolling Aircraft No. 3360

4. Location of observer during sighting: Along Green 3 Airways slightly east of
Carson Sink, Nevada. Objects first appeared at one
o'clock position relative to aircraft heading, passed to
the left of aircraft in a continuous bank at approxi-
mately the same altitude of aircraft. Objects observed
at a distance of between 400 and 800 yards.

5. Information on observers: Lt Col John L. McGinn, USAF, 7369-A, Headquarters,
USAF, Fighter Branch, Deputy for Operations. Home
Address: 1176 N. Pocahontas, Arlington, Va. In the
Air Force since 1940 and flying since that time.
Senior Pilot. Age 34. Married.

NOTE: THIS DOCUMENT CONTAINS INFORMATION AFFECTING THE NATIONAL DEFENSE OF THE UNITED STATES WITHIN THE MEANING OF THE ESPIONAGE ACT, 50 USC
31 AND 32, AS AMENDED. ITS TRANSMISSION OR THE REVELATION OF ITS CONTENTS IN ANY MANNER TO AN UNAUTHORIZED PERSON IS PROHIBITED BY LAW.
IT MAY NOT BE REPRODUCED IN WHOLE OR IN PART, BY OTHER THAN UNITED STATES AIR FORCE AGENCIES, EXCEPT BY PERMISSION OF THE DIRECTOR OF
INTELLIGENCE, USAF.
(CLASSIFICATION)
GOVERNMENT PRINTING OFFICE -",0.045210384959713516,65.23,"(AF FORM 112-PART II
APPROVED - JUNE 1948
(CLASSIFICATION)
AIR INTELLIGENCE INFORMATION REPORT
FROM (Agency)
REPORT NO.
PAGE 1
OF
2
PAGES
1. Description
a. Shape: Arrow-head
b. Size: Objects appeared slightly larger than an F-86
c. Color: Silver
d. Number: Three in perfect formation
e. Means of control: None apparent
f. Trail or exhaust: None apparent
g. Propulsion system: None apparent
h. Exhaust: None apparent
i. Speed: Very fast
j. Sound: None
k. Maneuvers: In bank and turn
l. Manner of disappearance: Result of speed and distance
m. Other pertinent features:
The objects appeared to have a ridge along the
top. Definite lines were observed, definitely
not fuzzy. No turbulence experienced as a
result of objects crossing path of B-25.
Observers believed objects crossed at a very
slightly higher altitude than that at which the B-25
was flying.

2. a. Time sighted: 1540 PST, 24 July 1952
b. Length of time observed: 3 to 4 seconds
3. Manner of observation: Visual from air with the naked eye. B-25 aircraft
at 11,000' indicated altitude. Airspeed 135 indicated,
Bolling Aircraft No. 3360
4. Location of observer during sighting: Along Green 3 Airways slightly east of
Carson Sink, Nevada. Objects first appeared at one
o'clock position relative to aircraft heading, passed to
the left of aircraft in a continuous bank at approxi-
mately the same altitude as aircraft. Objects observed
at a distance of between 400 and 800 yards.
5. Information on observers: Lt Col John L. McGinn, USAF, 7369-A, Headquarters,
USAF, Fighter Branch, Deputy of Operations. Home
Address: 1176 N. Pocahontas, Arlington, Va. In the
Air Force since 1940 and flying since that time.
Senior Pilot. Age 34. Married.

NOTE: THIS DOCUMENT CONTAINS INFORMATION AFFECTING THE NATIONAL DEFENSE OF THE UNITED STATES WITHIN THE MEANING OF THE ESPIONAGE ACT, 50
31 AND 32. AS AMENDED. ITS TRANSMISSION OR THE REVELATION OF ITS CONTENTS IN ANY MANNER TO AN UNAUTHORIZED PERSON IS PROHIBITED BY LAW.
IT MAY NOT BE REPRODUCED IN WHOLE OR IN PART. BY OTHER THAN UNITED STATES AIR FORCE AGENCIES, EXCEPT BY PERMISSION OF THE DIRECTOR OF
INTELLIGENCE, USAF.
(CLASSIFICATION)
GOVERNMENT PRINTING OFFICE -",0.043867502238137866,49.76,"AF FORM 112-PART II
APPROVED - JUNE 1948
(CLASSIFICATION)
AIR INTELLIGENCE INFORMATION REPORT
FROM (Agency)
REPORT NO.
PAGE 1
OF
2
PAGES

1. Description
a. Shape: Arrow-head
b. Size: Objects appeared slightly larger than an F-86
c. Color: Silver
d. Number: Three in perfect formation
e. Means of control: None apparent
f. Trail or exhaust: None apparent
g. Propulsion system: None apparent
h. Exhaust: None apparent
i. Speed: Very fast
j. Sound: None
k. Maneuvers: In bank and turn
l. Manner of disappearance: Result of speed and distance
m. Other pertinent features:
The objects appeared to have a ridge along the
top. Definite lines were observed, definitely
not fuzzy. No turbulence experienced as a
result of objects crossing path of B-25.
Observers believed objects crossed at a very
slightly higher altitude than that at which the B-25
was flying.

2. a. Time sighted: 1540 PST, 24 July 1952
b. Length of time observed: 3 to 4 seconds

3. Manner of observation: Visual from air with the naked eye. B-25 aircraft
at 11,000' indicated altitude. Airspeed 135 indicated,
Bolling Aircraft No. 3360

4. Location of observer during sighting: Along Green 3 Airways slightly east of
Carson Sink, Nevada. Objects first appeared at one
o'clock position relative to aircraft heading, passed to
the left of aircraft in a continuous bank at approxi-
mately the same altitude of aircraft. Objects observed
at a distance of between 400 and 800 yards.

5. Information on observers: Lt Col John L. McGinn, USAF, 7369-A, Headquarters,
USAF, Fighter Branch, Deputy of Operations. Home
Address: 1176 N. Pocahontas, Arlington, Va. In the
Air Force since 1940 and flying since that time.
Senior Pilot. Age 34. Married.

NOTE: THIS DOCUMENT CONTAINS INFORMATION AFFECTING THE NATIONAL DEFENSE OF THE UNITED STATES WITHIN THE MEANING OF THE ESPIONAGE ACT, 50
31 AND 32, AS AMENDED. ITS TRANSMISSION OR THE REVELATION OF ITS CONTENTS IN ANY MANNER TO AN UNAUTHORIZED PERSON IS PROHIBITED BY LAW.
IT MAY NOT BE REPRODUCED IN WHOLE OR IN PART, BY OTHER THAN UNITED STATES AIR FORCE AGENCIES, EXCEPT BY PERMISSION OF THE DIRECTOR OF
INTELLIGENCE, USAF.
(CLASSIFICATION)
GOVERNMENT PRINTING OFFICE -",0.04252461951656222,47.31
28968442,"RJEDWP/COMDR AIR TECH INTELL CENTER WPAFB OHIO
BT
UNCLAS FROM AFOIN 30377
UFOB, 1 (1) (A) ROCKET, (B) UNK, (C) UNK, (D) ONE, (E) N/A,
(F) N/A, (G) UNK, (H) NO SOUND.
SENSORS
(2) (A) UNK, (B) 4,000 FEET, (C) UNK, (D) DIRECTLY ACROSS FLIGHT
PATH OF OBSERVER'S AIRCRAFT, 30 TO 40 MILES IN FRONT, (E) ESTIMATED
TRAJECTORY WOULD MAKE CONTACT WITH GROUND ON EAST SIDE OF BAY OR
RIVER TO THE EAST OF ABERDEEN, MD. (F) FIVE MINUTES
(3) (A) AIR VISUAL, (B) NONE USED, (C) SIGHTING MADE WHILE
AIRBORNE IN EASTERN AIR LINES CONSTELLATION, FLT 547, 8,000 FEET,
GENERALLY SOUTH, UNK SPEED, HOME STA UNK.",0.022033898305084745,22.51,"RJEDWP/COMDR AIR TECH INTELL CENTER WPAFB OHIO
BT
UNCLAS FROM AFOIN 30377
UFOB, 1 (1) (A) ROCKET, (B) UNK, (C) UNK, (D) ONE, (E) N/A
(F) N/A (G) UNK, (H) NO SOUND.
SENSORS
(2) (A) UNK, (B) 4,000 FEET, (C) UNK, (D) DIRECTLY ACROSS FLIGHT
PATH OF OBSERVER'S AIRCRAFT, 30 TO 40 MILES IN FRONT, (E) ESTIMATED
TRAJECTORY WOULD MAKE CONTACT WITH GROUND ON EAST SIDE OF BAY OR
RIVER TO THE EAST OF ABERDEEN, MD. (F) FIVE MINUTES
(3) (A) AIR VISUAL, (B) NONE USED, (C) SIGHTING MADE WHILE
AIRBORNE IN EASTERN AIRLINES CONSTELLATION, FLT 547, 8,000 FEET,
GENERALLY SOUTH, UNK SPEED, HOME STA UNK.",0.017035775127768313,30.01,"RJEDWP/COMDR AIR TECH INTELL CENTER WPAFB OHIO
BT
UNCLAS FROM AFOIN 30377
UFOB, 1 (1) (A) ROCKET, (B) UNK, (C) UNK, (D) ONE, (E) N/A, (F) N/A, (G) UNK, (H) NO SOUND.
(2) (A) UNK, (B) 4,000 FEET, (C) UNK, (D) DIRECTLY ACROSS FLIGHT PATH OF OBSERVER'S AIRCRAFT, 30 TO 40 MILES IN FRONT, (E) ESTIMATED TRAJECTORY WOULD MAKE CONTACT WITH GROUND ON EAST SIDE OF BAY OR RIVER TO THE EAST OF ABERDEEN, MD. (F) FIVE MINUTES
(3) (A) AIR VISUAL, (B) NONE USED, (C) SIGHTING MADE WHILE AIRBORNE IN EASTERN AIRLINES CONSTELLATION, FLT 547, 8000 FEET GENERALLY SOUTH, UNK SPEED, HOME STA UNK.",0.0069084628670120895,28.87,"RJEDWP/COMDR AIR TECH INTELL CENTER WPAFB OHIO
BT
UNCLAS FROM AFOIN 30377
UFOB, 1
(1) (A) ROCKET, (B) UNK, (C) UNK, (D) ONE, (E) N/A, (F) N/A, (G) UNK, (H) NO SOUND.
(2) (A) UNK, (B) 4,000 FEET, (C) UNK, (D) DIRECTLY ACROSS FLIGHT PATH OF OBSERVER'S AIRCRAFT, 30 TO 40 MILES IN FRONT, (E) ESTIMATED TRAJECTORY WOULD MAKE CONTACT WITH GROUND ON EAST SIDE OF BAY OR RIVER TO THE EAST OF ABERDEEN, MD., (F) FIVE MINUTES.
(3) (A) AIR VISUAL, (B) NONE USED, (C) SIGHTING MADE WHILE AIRBORNE IN EASTERN AIR LINES CONSTELLATION, FLT 547, 8,000 FEET, GENERALLY SOUTH, UNK SPEED, HOME STA UNK.",0.011986301369863013,24.57,"RJEDWP/COMDR AIR TECH INTELL CENTER WPAFB OHIO
BT
UNCLAS FROM AFOIN 30377
UFOB, 1 (1) (A) ROCKET, (B) UNK, (C) UNK, (D) ONE, (E) N/A
(F) N/A, (G) UNK, (H) NO SOUND.
(2) (A) UNK, (B) 4,000 FEET, (C) UNK, (D) DIRECTLY ACROSS FLIGHT
PATH OF OBSERVER'S AIRCRAFT, 30 TO 40 MILES IN FRONT, (E) ESTIMATED
TRAJECTORY WOULD MAKE CONTACT WITH GROUND ON EAST SIDE OF BAY OR
RIVER TO THE EAST OF ABERDEEN, MD. (F) FIVE MINUTES
(3) (A) AIR VISUAL, (B) NONE USED, (C) SIGHTING MADE WHILE
AIRBORNE IN EASTERN AIR LINES CONSTELLATION, FLT 547, 8,000 FEET
GENERALLY SOUTH, UNK SPEED, HOME STA UNK.",0.005172413793103448,28.47,"RJEDWP/COMDR AIR TECH INTELL CENTER WPAFB OHIO
BT
UNCLAS FROM AFOIN 30377
UFOB, 1 (1) (A) ROCKET, (B) UNK, (C) UNK, (D) ONE, (E) N/A
(F) N/A, (G) UNK, (H) NO SOUND.
(2) (A) UNK, (B) 4,000 FEET, (C) UNK, (D) DIRECTLY ACROSS FLIGHT
PATH OF OBSERVER'S AIRCRAFT, 30 TO 40 MILES IN FRONT, (E) ESTIMATED
TRAJECTORY WOULD MAKE CONTACT WITH GROUND ON EAST SIDE OF BAY OR
RIVER TO THE EAST OF ABERDEEN, MD. (F) FIVE MINUTES
(3) (A) AIR VISUAL, (B) NONE USED, (C) SIGHTING MADE WHILE
AIRBORNE IN EASTERN AIRLINES CONSTELLATION, FLT 547, 8,000 FEET,
GENERALLY SOUTH, UNK SPEED, HOME STA UNK.",0.005172413793103448,25.08,"RJEDWP/COMDR AIR TECH INTELL CENTER WPAFB OHIO
BT
UNCLAS FROM AFOIN 30377
UFOB, 1 (1) (A) ROCKET, (B) UNK, (C) UNK, (D) ONE, (E) N/A
(F) N/A (G) UNK, (H) NO SOUND.
SENSORS
(2) (A) UNK, (B) 4,000 FEET, (C) UNK, (D) DIRECTLY ACROSS FLIGHT
PATH OF OBSERVER'S AIRCRAFT, 30 TO 40 MILES IN FRONT, (E) ESTIMATED
TRAJECTORY WOULD MAKE CONTACT WITH GROUND ON EAST SIDE OF BAY OR
RIVER TO THE EAST OF ABERDEEN, MD. (F) FIVE MINUTES
(3) (A) AIR VISUAL, (B) NONE USED, (C) SIGHTING MADE WHILE
AIRBORNE IN EASTERN AIRLINES CONSTELLATION, FLT 547, 8000 FEET
GENERALLY SOUTH, UNK SPEED, HOME STA UNK.",0.017094017094017096,25.91,"RJEDWP/COMDR AIR TECH INTELL CENTER WPAFB OHIO
BT
UNCLAS FROM AFOIN 30377
UFOB, 1 (1) (A) ROCKET, (B) UNK, (C) UNK, (D) ONE, (E) N/A
(F) N/A, (G) UNK, (H) NO SOUND.
(2) (A) UNK, (B) 4,000 FEET, (C) UNK, (D) DIRECTLY ACROSS FLIGHT
PATH OF OBSERVER'S AIRCRAFT, 30 TO 40 MILES IN FRONT, (E) ESTIMATED
TRAJECTORY WOULD MAKE CONTACT WITH GROUND ON EAST SIDE OF BAY OR
RIVER TO THE EAST OF ABERDEEN, MD. (F) FIVE MINUTES.
(3) (A) AIR VISUAL, (B) NONE USED, (C) SIGHTING MADE WHILE
AIRBORNE IN EASTERN AIRLINES CONSTELLATION, FLT 547, 8000 FEET
GENERALLY SOUTH, UNK SPEED, HOME STA UNK.",0.0069084628670120895,23.96,"RJEDWP/COMDR AIR TECH INTELL CENTER WPAFB OHIO
BT
UNCLAS FROM AFOIN 30377
UFOB, 1 (1) (A) ROCKET, (B) UNK, (C) UNK, (D) ONE, (E) N/A
(F) N/A (G) UNK, (H) NO SOUND.
SENSORS
(2) (A) UNK, (B) 4,000 FEET, (C) UNK, (D) DIRECTLY ACROSS FLIGHT
PATH OF OBSERVER'S AIRCRAFT, 30 TO 40 MILES IN FRONT, (E) ESTIMATED
TRAJECTORY WOULD MAKE CONTACT WITH GROUND ON EAST SIDE OF BAY OR
RIVER TO THE EAST OF ABERDEEN, MD. (F) FIVE MINUTES
(3) (A) AIR VISUAL, (B) NONE USED, (C) SIGHTING MADE WHILE
AIRBORNE IN EASTERN AIRLINES CONSTELLATION, FLT 547, 8,000 FEET,
GENERALLY SOUTH, UNK SPEED, HOME STA UNK.",0.017035775127768313,23.24
28995196,"BORN DAYS
SEAS
END
in
were
always",1.0,46.8,"BNON dayo
SEAS
END
en
were
always",1.0,56.52,"BNON dayo
SEAZ
ENF
en
were
avaus",1.0,81.49,Known data were as follows:,1.0,18.96,"Dayton, Ohio
(SEAL)
Encl.
-
-
.
-
Encl.
-
-
-
-
were
as above
-
*",1.0,95.95,"BNON dayo
SEAZ
INF
-
-
.
-
in
-
-
-
-
were
as follows
-
*",1.0,50.9,"BNON dayo
SEAZ
ENF
-
-
.
-
en
-
-
-
-
were
avaus
-
*",1.0,21.61,"BNON dayo
SEAZ
ENF
-
-
.
-
en
-
-
-
-
were
avail.
-
*",1.0,29.18,"BNON dayo
SEAZ
ENF
-
-
.
-
en
-
-
-
-
were
avaus
-",1.0,16.69
28974079,"Page 9
U.S. AIR FORCE TECHNICAL INFORMATION SHEET
(SUMMARY DATE)

In order that your information may be filed and coded as accurately as possible, please use the following space to write out a short description of the event that you observed. You may repeat information that you have already given in the questionnaire, and add any further comments, statements, or sketches that you believe are important. Try to present the details of the observation in the order in which they occurred. Additional pages of the same size paper may be attached if they are needed.

NAME (Please Print)
(Do Not Write in This Space)
CODE:
SIGNATURE:
DATE: 18 November 1957

He went out of the building; later he came back, and Dalrymple was answering the telephone, then leaving the receiver. At approximately 1900, while I was working, an airman told the man on the telephone that he did not see anything in the direction of Dining Hall 2. Then he went out again and told the man the same. About five minutes later, an airman came into the PMO and told Dalrymple, ""Couldn't you see that thing?"" Saying so, he took an airman with him. We went out. That airman, whose name I don't know, at which time I also followed them, pointed out some object above Dining Hall. It was something like a star near a star. It was bright enough.",0.20275439938791126,52.01,"Page 9
U. S. AIR FORCE TECHNICAL INFORMATION SHEET
(SUMMARY DATE)

In order that your information may be filed and coded as accurately as possible, please use the following space to write out a short description of the event that you observed. You may repeat information that you have already given in the questionnaire, and add any further comments, statements, or sketches that you believe are important. Try to present the details of the observation in the order in which they occurred. Additional pages of the same size paper may be attached if they are needed.

NAME
(Do Not Write in This Space)
(Please Print)
CODE:
SIGNATURE
DATE
18 November 1957

He went out of the building; later he came back and
Dalrymple was answering the telephone, then leaving the receiver.
At approximately 1900, while I was working, an airman
told the man on the telephone that he did not see anything
in the direction of Dining Hall 2. Then he went
out again and told the man the same. About five
minutes later some airman came in to the PMO
and told Dalrymple, ""Couldn't you see that thing?""
Saying so, he took an airman with him.
We went out. That airman, whose name, Adoual,
at which time I also followed them, and
he pointed out some object above Dining
Hall W. It was something like a star next to
the star. It was bright enough as our eyes improved.",0.17726252804786835,55.39,"Page 9
U.S. AIR FORCE TECHNICAL INFORMATION SHEET
(SUMMARY DATA)

In order that your information may be filed and coded as accurately
as possible, please use the following space to write out a short descrip-
tion of the event that you observed. You may repeat information that you
have already given in the questionnaire, and add any further comments,
statements, or sketches that you believe are important. Try to present
the details of the observation in the order in which they occurred.
Additional pages of the same size paper may be attached if they are
needed.

NAME
(Please Print)
(Do Not Write in This Space)
CODE:
SIGNATURE
DATE

18 November 1957

He went out of the building; later he came back, and
Dalrymple was answering the telephone, then leaving the receiver.
At approximately 1900, while I was working, an airman
told the man on the telephone that he did not see
in the direction of Dining Hall 2. Then he went
out again and told the man the same. About five
minutes later some airman came into the PMO
and told Dalrymple, ""Couldn't you see that thing?""
Saying so, he took an airman with him;
we went out. That airman, whose name I do not
know, pointed us to some object above Dining
Hall W. It was something like a star in color.
It was bright enough.",0.1802773497688752,49.35,"Page 9
U.S. AIR FORCE TECHNICAL INFORMATION SHEET
(SUMMARY DATA)
In order that your information may be filed and coded as accurately as possible, please use the following space to write out a short description of the event that you observed. You may repeat information that you have already given in the questionnaire, and add any further comments, statements, or sketches that you believe are important. Try to present the details of the observation in the order in which they occurred. Additional pages of the same size paper may be attached if they are needed.
NAME
(Do Not Write in This Space)
(Please Print)
CODE:
SIGNATURE
DATE
18 November 1957

He went out of the building; later he came back and
Dalrymple was answering the telephone, then leaving the receiver.
At approximately 1900, while I was working, an airman
told the man on the telephone that he did not see in the direction of Dining Hall 2. Then he went
out again and told the man the same. About five
minutes later some airman came into the PMO
and told Dalrymple, ""Couldn't you see that thing?""
Saying so, he took an airman with him.
We went out; that airman, whose name I do not know—
at which time I also followed them—then
pointed out some object above Dining
Hall. It was something like a star in color.
It was bright enough.",0.17719568567026195,56.32,"Page 9
U.S. AIR FORCE TECHNICAL INFORMATION SHEET
(SUMMARY DATA)

In order that your information may be filed and coded as accurately as possible, please use the following space to write out a short description of the event that you observed. You may repeat information that you have already given in the questionnaire, and add any further comments, statements, or sketches that you believe are important. Try to present the details of the observation in the order in which they occurred. Additional pages of the same size paper may be attached if they are needed.

NAME
(Do Not Write in This Space)
(Please Print)
CODE:
SIGNATURE
DATE
18 November 1957

He went out of the building; later he came back, and Dalrymple was answering the telephone, then leaving the receiver. At approximately 1900, while I was working, an airman told the man on the telephone that he did not see anything in the direction of Dining Hall 2. Then he went out again and told the man the same. About five minutes later an airman came into the PMO and told Dalrymple, ""Couldn't you see that thing?"" Saying so, he took an airman with him. We went out with that airman, whose name was Adoual, and I also followed them. He pointed out some object above the dining hall. It was something like a star. We could see the star. It was bright enough.",0.1780821917808219,72.1,"Page 9
U.S. AIR FORCE TECHNICAL INFORMATION SHEET
(SUMMARY DATE)

In order that your information may be filed and coded as accurately
as possible, please use the following space to write out a short description
of the event that you observed. You may repeat information that you
have already given in the questionnaire, and add any further comments,
statements, or sketches that you believe are important. Try to present
the details of the observation in the order in which they occurred.
Additional pages of the same size paper may be attached if they are
needed.

NAME
(Do Not Write in This Space)
(Please Print)

CODE:

SIGNATURE

DATE
18 November 1957

He went out the building; later he came back and
Dalrymple was answering the telephone, then leaving the receiver.
At approximately 1900, while I was working, an airman
told the man on the telephone that he did not cancel
in the direction of Dunning Hall 2. Then he went
out again and told the man the same. About five
minutes later some airman came in to the PMO
and told Dalrymple, ""Couldn't you see that thing?""
Saying so, he took an airman with him.
We went out—that airman, whose name Adoual—
at which time I also followed them, and when
known, pointed us to some object above Dining
Hall W. It was something like a star next
to the star. It was bright enough.",0.17401215805471124,65.74,"Page 9
U. S. AIR FORCE TECHNICAL INFORMATION SHEET
(SUMMARY DATA)
In order that your information may be filed and coded as accurately
as possible, please use the following space to write out a short descrip-
tion of the event that you observed. You may repeat information that you
have already given in the questionnaire, and add any further comments,
statements, or sketches that you believe are important. Try to present
the details of the observation in the order in which they occurred.
Additional pages of the same size paper may be attached if they are
needed.
NAME
(Do Not Write in This Space)
(Please Print)
CODE:
SIGNATURE
DATE   18 November 1957

He went out of the building; later he came back and
Dalrymple was answering the telephone, then leaving the receiver.
At approximately 1900, while I was working, an airman
told the man on the telephone that he did not see
in the direction of Dining Hall 2. Then he went
out again and told the man the same. About five
minutes later some airman came in to the PMO
and told Dalrymple, couldn't you see that thing?
Saying so he took an airman with him.
We went out; that airman, whose name, Adoual,
at which time I also followed them and when
he pointed out some object above dining
hall. It was something like a star, a cold
star. It was bright enough.",0.17101226993865032,90.78,"Page 9
U. S. AIR FORCE TECHNICAL INFORMATION SHEET
(SUMMARY DATE) November 1951

In order that your information may be filed and coded as accurately
as possible, please use the following space to write out a short descrip-
tion of the event that you observed. You may repeat information that you
have already given in the questionnaire, and add any further comments,
statements, or sketches that you believe are important. Try to present
the details of the observation in the order in which they occurred.
Additional pages of the same size paper may be attached if they are
needed.

NAME
(Please Print)

(Do Not Write in This Space)
CODE:

SIGNATURE

DATE 18 November 1957

He went out the building. Later he came back and
Dalrymple was answering the telephone, then leaving the receiver
at approximately 1900 while I was working. An airman
told the man on the telephone that he did not scancel
in the direction of Dunning Hall 2. Then he went
out again and told the man the same. About five
minutes later some airman came in to the PMO
and told Dalrymple, Couldn't you see that thing.
Saying so, he took an airman with them.
We went out. That airman, whose name I do not know,
pointed us to some object above Dunning
Hall W. It was something like a star; we could
see the star. It was bright enough as are Improve",0.18577981651376146,135.6,"Page 9
U. S. AIR FORCE TECHNICAL INFORMATION SHEET
(SUMMARY DATA)
In order that your information may be filed and coded as accurately
as possible, please use the following space to write out a short descrip-
tion of the event that you observed. You may repeat information that you
have already given in the questionnaire, and add any further comments,
statements, or sketches that you believe are important. Try to present
the details of the observation in the order in which they occurred.
Additional pages of the same size paper may be attached if they are
needed.

NAME
(Please Print)

(Do Not Write in This Space)
CODE:

SIGNATURE

DATE
18 November 1957

he went out the building later he came back and
Dalrymple was answering telephone then leaving receiver
at approximately 1900 while I was working airman
told the man on the telephone that he did not cancel
in the direction of Dining Hall 2. then he went
out again and told the man same. about five
minutes later an Airman came in to the PMO
and told Dalrymple couldn't you see that thing
Saying so he took airman with them
we went out that airman whose name, Adoual
at which time I also followed them and when
who, pointed us to some object above dining
hall W. It was something like star next to
the star. It was bright enough as are Improve

November 1951",0.1984732824427481,116.4
28991628,"DEPARTMENT OF THE AIR FORCE
HEADQUARTERS UNITED STATES AIR FORCE
WASHINGTON 25, D.C.

REPLY TO ATTN OF: AFIIS-CH

SUBJECT:

TO:
Ft. Washakie, Wyoming

Dear Mr.:

1. Your letter of 28 February 1961, addressed to Mr. Hoover, FBI, concerning a strange object you have found, has been forwarded to the Commander, Ogden Air Materiel Area, Hill Air Force Base, Utah, as a matter within the jurisdiction of his command.

2. In order that you may receive a prompt reply, the Commander has been requested to make direct response to you upon the conclusion of his inquiry into the matter.

Sincerely,",0.03583617747440273,36.53,"DEPARTMENT OF THE AIR FORCE
HEADQUARTERS UNITED STATES AIR FORCE
WASHINGTON 25, D.C.

REPLY TO ATTN OF: AFIIS-CH
SUBJECT:

TO: Fort Washakie, Wyoming

Dear Mr.:

1. Your letter of 28 February 1961, addressed to Mr. Hoover, FBI, concerning a strange object you have found, has been forwarded to the Commander, Ogden Air Materiel Area, Hill Air Force Base, Utah, as a matter within the jurisdiction of his command.

2. In order that you may receive a prompt reply, the Commander has been requested to make direct response to you upon the conclusion of his inquiry into the matter.

Sincerely,",0.040955631399317405,30.0,"DEPARTMENT OF THE AIR FORCE
HEADQUARTERS UNITED STATES AIR FORCE
WASHINGTON 25, D.C.

REPLY TO ATTN OF: AFIIS-CH
SUBJECT: Mr.
TO: Ft. Washakie, Wyoming

Dear Mr.:

1. Your letter of 28 February 1961, addressed to Mr. Hoover, FBI, concerning a strange object you have found, has been forwarded to the Commander, Ogden Air Materiel Area, Hill Air Force Base, Utah, as a matter within the jurisdiction of his command.

2. In order that you may receive a prompt reply, the Commander has been requested to make direct response to you upon the conclusion of his inquiry into the matter.

Sincerely,",0.028960817717206135,35.96,"DEPARTMENT OF THE AIR FORCE
HEADQUARTERS UNITED STATES AIR FORCE
WASHINGTON 25, D.C.

REPLY TO ATTN OF: AFIIS-CH

SUBJECT:

TO: Fort Washakie, Wyoming

Dear Mr.:

1. Your letter of 28 February 1961, addressed to Mr. Hoover, FBI, concerning a strange object you have found, has been forwarded to the Commander, Ogden Air Materiel Area, Hill Air Force Base, Utah, as a matter within the jurisdiction of his command.

2. In order that you may receive a prompt reply, the Commander has been requested to make direct response to you upon the conclusion of his inquiry into the matter.

Sincerely,",0.040955631399317405,25.37,"DEPARTMENT OF THE AIR FORCE
HEADQUARTERS UNITED STATES AIR FORCE
WASHINGTON 25, D.C.

REPLY TO ATTN OF: AFIIS-CH
SUBJECT:
TO: Ft. Washakie, Wyoming

Dear Mr.

1. Your letter of 28 February 1961, addressed to Mr. Hoover, FBI, concerning a strange object you have found, has been forwarded to the Commander, Ogden Air Materiel Area, Hill Air Force Base, Utah, as a matter within the jurisdiction of his command.

2. In order that you may receive a prompt reply, the Commander has been requested to make direct response to you upon the conclusion of his inquiry into the matter.

Sincerely,",0.034129692832764506,35.52,"DEPARTMENT OF THE AIR FORCE
HEADQUARTERS UNITED STATES AIR FORCE
WASHINGTON 25, D.C.

REPLY TO ATTN OF: AFIIS-CH

SUBJECT:

TO:
Ft. Washakie, Wyoming

Dear Mr.:

1. Your letter of 28 February 1961, addressed to Mr. Hoover, FBI, concerning a strange object you have found, has been forwarded to the Commander, Ogden Air Materiel Area, Hill Air Force Base, Utah, as a matter within the jurisdiction of his command.

2. In order that you may receive a prompt reply, the Commander has been requested to make direct response to you upon the conclusion of his inquiry into the matter.

Sincerely,",0.03583617747440273,30.64,"DEPARTMENT OF THE AIR FORCE
HEADQUARTERS UNITED STATES AIR FORCE
WASHINGTON 25, D.C.

REPLY TO ATTN OF: AFIIS-CH
SUBJECT:
TO: Ft. Washakie, Wyoming

Dear Mr.

1. Your letter of 28 February 1961, addressed to Mr. Hoover, FBI, con-
cerning a strange object you have found, has been forwarded to the Commander,
Ogden Air Materiel Area, Hill Air Force Base, Utah, as a matter within
the jurisdiction of his command.

2. In order that you may receive a prompt reply, the Commander has been
requested to make direct response to you upon the conclusion of his inquiry
into the matter.

Sincerely,",0.034129692832764506,51.13,"DEPARTMENT OF THE AIR FORCE
HEADQUARTERS UNITED STATES AIR FORCE
WASHINGTON 25, D.C.

REPLY TO
ATTN OF:
AFIIS-CH

SUBJECT:

TO:
Ft. Washakie, Wyoming

Dear Mr.

1. Your letter of 28 February 1961, addressed to Mr. Hoover, FBI, con-
cerning a strange object you have found, has been forwarded to the Commander,
Ogden Air Materiel Area, Hill Air Force Base, Utah, as a matter within
the jurisdiction of his command.

2. In order that you may receive a prompt reply, the Commander has been
requested to make direct response to you upon the conclusion of his inquiry
into the matter.

Sincerely

aich",0.04081632653061224,39.08,"DEPARTMENT OF THE AIR FORCE
HEADQUARTERS UNITED STATES AIR FORCE
WASHINGTON 25, D.C.

REPLY TO ATTN OF: AFIIS-CH
SUBJECT:
TO: Ft. Washakie, Wyoming

Dear Mr.:

1. Your letter of 28 February 1961, addressed to Mr. Hoover, FBI, con-
cerning a strange object you have found, has been forwarded to the Commander,
Ogden Air Materiel Area, Hill Air Force Base, Utah, as a matter within
the jurisdiction of his command.

2. In order that you may receive a prompt reply, the Commander has been
requested to make direct response to you upon the conclusion of his inquiry
into the matter.

Sincerely,",0.03583617747440273,41.16
28984715,"PROJECT 10073 RECORD CARD
1. DATE
2. LOCATION
12. CONCLUSIONS
Was Balloon
28 Sep 59
West Carrollton, Ohio
Probably Balloon
3. DATE-TIME GROUP
4. TYPE OF OBSERVATION
Possibly Balloon
Local
Ground-Visual
Ground-Radar
Was Aircraft
Probably Aircraft
GMT 280517Z
Air-Visual
Air-Intercept Radar
Possibly Aircraft
5. PHOTOS
6. SOURCE
Was Astronomical Meteor
Yes
Probably Astronomical
No
Civilian
Possibly Astronomical
7. LENGTH OF OBSERVATION
8. NUMBER OF OBJECTS
9. COURSE
Other
Insufficient Data for Evaluation
Unknown
5 sec
one
N
10. BRIEF SUMMARY OF SIGHTING
11. COMMENTS
White, brilliant object moving in a straight line
Apparently a meteor at extreme alt.
to the North. No tail. Like a star only
very brilliant.
ATIC FORM 329 (REV 26 SEP 52)
N/A",0.6733870967741935,49.97,"PROJECT 10073 RECORD CARD
1. DATE
28 Sep 59
2. LOCATION
West Carrollton, Ohio
12. CONCLUSIONS
Was Balloon
Probably Balloon
Possibly Balloon
Was Aircraft
Probably Aircraft
Possibly Aircraft
Was Astronomical (Meteor)
Probably Astronomical
Possibly Astronomical
Other
Insufficient Data for Evaluation
Unknown
3. DATE-TIME GROUP
GMT 28/0517Z
4. TYPE OF OBSERVATION
Local
Ground-Visual
Ground-Radar
Air-Visual
Air-Intercept Radar
5. PHOTOS
Yes
No
6. SOURCE
Civilian
7. LENGTH OF OBSERVATION
5 secs
8. NUMBER OF OBJECTS
one
9. COURSE
N
10. BRIEF SUMMARY OF SIGHTING
White brilliant object moving in a straight line to the north. No tail. Like a star, only very brilliant.
11. COMMENTS
Apparently a meteor at extreme alt.
ATIC FORM 329 (REV 26 SEP 52)
NA",0.6091030789825971,34.48,"PROJECT 10073 RECORD CARD
1. DATE
2. LOCATION
12. CONCLUSIONS
Was Balloon
28 Sep 59
West Carrollton, Ohio
Probably Balloon
3. DATE-TIME GROUP
4. TYPE OF OBSERVATION
Possibly Balloon
Local
Ground-Visual
Ground-Radar
Was Aircraft
Probably Aircraft
GMT 280517Z
Air Visual
Air-Intercept Radar
Possibly Aircraft
5. PHOTOS
6. SOURCE
Was Astronomical Meteor
Yes
Probably Astronomical
No
Civilian
Possibly Astronomical
7. LENGTH OF OBSERVATION
8. NUMBER OF OBJECTS
9. COURSE
Other
Insufficient Data for Evaluation
Unknown
5 secs
one
N
10. BRIEF SUMMARY OF SIGHTING
11. COMMENTS
White brilliant object moving in a straight line
Apparently a meteor at extreme alt.
to the North. No tail. Like a star only
very brilliant.
ATIC FORM 329 (REV 26 SEP 52)",0.6716216216216216,21.3,"PROJECT 10073 RECORD CARD

1. DATE
28 Sep 59

2. LOCATION
West Carrollton, Ohio

3. DATE-TIME GROUP
GMT 280517Z

4. TYPE OF OBSERVATION
Ground-Visual
Ground-Radar
Air-Visual
Air-Intercept Radar

5. PHOTOS
Yes
No

6. SOURCE
Civilian

7. LENGTH OF OBSERVATION
5 secs

8. NUMBER OF OBJECTS
one

9. COURSE
N

10. BRIEF SUMMARY OF SIGHTING
White, brilliant object moving in a straight line to the north. No tail. Like a star, only very brilliant.

11. COMMENTS
Apparently a meteor at extreme altitude.

12. CONCLUSIONS
Was Balloon
Probably Balloon
Possibly Balloon
Was Aircraft
Probably Aircraft
Possibly Aircraft
Was Astronomical (Meteor)
Probably Astronomical
Possibly Astronomical
Other
Insufficient Data for Evaluation
Unknown

ATIC FORM 329 (REV 26 SEP 52)",0.1009421265141319,25.6,"PROJECT 10073 RECORD CARD
1. DATE
2. LOCATION
12. CONCLUSIONS
Was Balloon
28 Sep 59
West Carrollton, Ohio
Probably Balloon
3. DATE-TIME GROUP
4. TYPE OF OBSERVATION
Possibly Balloon
Local
Ground-Visual
Ground-Radar
Was Aircraft
Probably Aircraft
GMT 280517Z
Air-Visual
Air-Intercept Radar
Possibly Aircraft
5. PHOTOS
6. SOURCE
Was Astronomical (Meteor)
Yes
Probably Astronomical
No
Civilian
Possibly Astronomical
7. LENGTH OF OBSERVATION
8. NUMBER OF OBJECTS
9. COURSE
Other
Insufficient Data for Evaluation
Unknown
5 secs
one
N
10. BRIEF SUMMARY OF SIGHTING
11. COMMENTS
White brilliant object moving in a straight line
Apparently a meteor at extreme alt.
to the North. No tail. Like a star only
very brilliant.
ATIC FORM 329 (REV 26 SEP 52)
N/A",0.6742627345844504,52.13,"PROJECT 10073 RECORD CARD
1. DATE
28 Sep 59
2. LOCATION
West Carrollton, Ohio
3. DATE-TIME GROUP
GMT 280517Z
4. TYPE OF OBSERVATION
Ground-Visual
Ground-Radar
Air-Visual
Air-Intercept Radar
5. PHOTOS
Yes
No
6. SOURCE
Civilian
7. LENGTH OF OBSERVATION
5 secs
8. NUMBER OF OBJECTS
one
9. COURSE
N
10. BRIEF SUMMARY OF SIGHTING
White brilliant object moving in a straight line to the North. No tail. Like a star, only very brilliant.
11. COMMENTS
Apparently a meteor at extreme alt.
12. CONCLUSIONS
Was Balloon
Probably Balloon
Possibly Balloon
Was Aircraft
Probably Aircraft
Possibly Aircraft
Was Astronomical (Meteor)
Probably Astronomical
Possibly Astronomical
Other
Insufficient Data for Evaluation
Unknown
ATIC FORM 329 (REV 26 SEP 52)",0.09362279511533243,36.35,"PROJECT 10073 RECORD CARD
1. DATE
28 Sep 59
2. LOCATION
West Carrollton, Ohio
3. DATE-TIME GROUP
Local
ʘGMT 280517Zʘ
4. TYPE OF OBSERVATION
ʘGround-Visualʘ
Ground-Radar
Air-Visual
Air-Intercept Radar
5. PHOTOS
Yes  ʘNoʘ
6. SOURCE
ʘCivilianʘ
7. LENGTH OF OBSERVATION
5 secs
8. NUMBER OF OBJECTS
one
9. COURSE
N
10. BRIEF SUMMARY OF SIGHTING
White brilliant obj moving in a straight line to the North. No tail. Like a star only very brilliant.
11. COMMENTS
Apparently a meteor at extreme alt.
12. CONCLUSIONS
Was Balloon
Probably Balloon
Possibly Balloon
Was Aircraft
Probably Aircraft
Possibly Aircraft
Was Astronomical Meteor
ʘProbably Astronomicalʘ
Possibly Astronomical
Other
Insufficient Data for Evaluation
Unknown
ATIC FORM 329 (REV 26 SEP 52)
na",0.08108108108108109,52.93,"PROJECT 10073 RECORD CARD

1. DATE
28 Sep 59

2. LOCATION
West Carrollton, Ohio

3. DATE-TIME GROUP
Local
ʘGMTʘ 280517Z

4. TYPE OF OBSERVATION
ʘGround-Visualʘ
Ground-Radar
Air Visual
Air-Intercept Radar

5. PHOTOS
Yes
ʘNoʘ

6. SOURCE
ʘCivilianʘ

7. LENGTH OF OBSERVATION
5 secs

8. NUMBER OF OBJECTS
one

9. COURSE
N

10. BRIEF SUMMARY OF SIGHTING
White brilliant obj moving in a straight line to the North. No tail. Like a star only very brilliant.

11. COMMENTS
Apparently a meteor at extreme alt.

12. CONCLUSIONS
Was Balloon
Probably Balloon
Possibly Balloon
Was Aircraft
Probably Aircraft
Possibly Aircraft
Was Astronomical Meteor
ʘProbably Astronomicalʘ
Possibly Astronomical
Other
Insufficient Data for Evaluation
Unknown

ATIC FORM 329 (REV 26 SEP 52)
na",0.07972972972972973,69.72,"PROJECT 10073 RECORD CARD
1. DATE
28 Sep 59
2. LOCATION
West Carrollton, Ohio
3. DATE-TIME GROUP
Local
GMT 280517Z
4. TYPE OF OBSERVATION
Ground-Visual
Ground-Radar
Air-Visual
Air-Intercept Radar
5. PHOTOS
Yes
No
6. SOURCE
Civilian
7. LENGTH OF OBSERVATION
5 secs
8. NUMBER OF OBJECTS
one
9. COURSE
N
10. BRIEF SUMMARY OF SIGHTING
White brilliant obj moving in a straight line to the North. No tail. Like a star only very brilliant.
11. COMMENTS
Apparently a meteor at extreme alt.
12. CONCLUSIONS
Was Balloon
Probably Balloon
Possibly Balloon
Was Aircraft
Probably Aircraft
Possibly Aircraft
Was Astronomical
Probably Astronomical
Possibly Astronomical
Meteor
Other
Insufficient Data for Evaluation
Unknown
ATIC FORM 329 (REV 26 SEP 52)
na",0.1,40.07
28974853,"PROJECT 10073 RECORD CARD
1. DATE 15 November 1957
2. LOCATION Newburgh, New York
3. DATE-TIME GROUP Local not given GMT 15/2100Z
4. TYPE OF OBSERVATION Ground-Visual Air-Visual Ground-Radar Air-Intercept Radar
5. PHOTOS Yes No
6. SOURCE Civilian
7. LENGTH OF OBSERVATION 10-12 seconds
8. NUMBER OF OBJECTS two
9. COURSE Unknown
10. BRIEF SUMMARY OF SIGHTING Objects size of baseball, 1 ft to 3 ft long, silver and white, one behind the other.
11. COMMENTS Several a/c in the area at the time. Believed to be a pair of base fighters.
12. CONCLUSIONS Was Balloon Probably Balloon Possibly Balloon Was Aircraft Probably Aircraft Possibly Aircraft Was Astronomical Probably Astronomical Possibly Astronomical Other Insufficient Data for Evaluation
ATIC FORM 329 (REV 26 SEP 52)",0.06330749354005168,35.41,"PROJECT 10073 RECORD CARD
1. DATE
15 November 1957
2. LOCATION
Newburgh, New York
12. CONCLUSIONS
Was Balloon
Probably Balloon
Possibly Balloon
3. DATE-TIME GROUP
4. TYPE OF OBSERVATION
Was Aircraft
Local
Ground-Visual
Ground-Radar
Probably Aircraft
GMT
15/2100Z
Air-Visual
Air-Intercept Radar
Possibly Aircraft
5. PHOTOS
6. SOURCE
Was Astronomical
Yes
Probably Astronomical
Civilian
Possibly Astronomical
No
7. LENGTH OF OBSERVATION
8. NUMBER OF OBJECTS
9. COURSE
Other
Insufficient Data for Evaluation
Unknown
10-12 seconds
two
not given
10. BRIEF SUMMARY OF SIGHTING
Objects size of baseball, 1 ft to 3 ft long, silver and white, one behind the other.
11. COMMENTS
Several a/c in the area at the time. Believed to be a pair of base fighters.
ATIC FORM 329 (REV 26 SEP 52)",0.6369509043927648,53.35,"PROJECT 10073 RECORD CARD
1. DATE
15 November 1957
2. LOCATION
Newburgh, New York
3. DATE-TIME GROUP
GMT
15/2100Z
4. TYPE OF OBSERVATION
Local
Ground-Visual
Ground-Radar
Air-Visual
Air-Intercept Radar
5. PHOTOS
Yes
No
6. SOURCE
Civilian
7. LENGTH OF OBSERVATION
10-12 seconds
8. NUMBER OF OBJECTS
two
9. COURSE
not given
10. BRIEF SUMMARY OF SIGHTING
Objects the size of a baseball, 1 ft to 3 ft long, silver and white, one behind the other.
11. COMMENTS
Several a/c in the area at the time. Believed to be a pair of base fighters.
12. CONCLUSIONS
Was Balloon
Probably Balloon
Possibly Balloon
Was Aircraft
Probably Aircraft
Possibly Aircraft
Was Astronomical
Probably Astronomical
Possibly Astronomical
Other
Insufficient Data for Evaluation
Unknown
ATIC FORM 329 (REV 26 SEP 52)",0.029487179487179487,30.72,"PROJECT 10073 RECORD CARD

1. DATE
15 November 1957

2. LOCATION
Newburgh, New York

3. DATE-TIME GROUP
GMT
15/2100Z

4. TYPE OF OBSERVATION
Ground-Visual
Ground-Radar
Air-Visual
Air-Intercept Radar

5. PHOTOS
Yes
No

6. SOURCE
Civilian

7. LENGTH OF OBSERVATION
10-12 seconds

8. NUMBER OF OBJECTS
two

9. COURSE
not given

10. BRIEF SUMMARY OF SIGHTING
Objects: size of a baseball; 1 ft to 3 ft long; silver and white; one behind the other.

11. COMMENTS
Several aircraft in the area at the time. Believed to be a pair of base fighters.

12. CONCLUSIONS
Was Balloon
Probably Balloon
Possibly Balloon
Was Aircraft
Probably Aircraft
Possibly Aircraft
Was Astronomical
Probably Astronomical
Possibly Astronomical
Other
Insufficient Data for Evaluation
Unknown

ATIC FORM 329 (REV 26 SEP 52)",0.029639175257731958,66.35,"PROJECT 10073 RECORD CARD
1. DATE
15 November 1957
2. LOCATION
Newburgh, New York
3. DATE-TIME GROUP
Local
GMT
15/2100Z
4. TYPE OF OBSERVATION
Ground-Visual
Ground-Radar
Air-Visual
Air-Intercept Radar
5. PHOTOS
Yes
No
6. SOURCE
Civilian
7. LENGTH OF OBSERVATION
10-12 seconds
8. NUMBER OF OBJECTS
two
9. COURSE
Unknown
10. BRIEF SUMMARY OF SIGHTING
Objects size of baseball, 1 ft to 3 ft long, silver and white, one behind the other.
11. COMMENTS
Several a/c in the area at the time. Believed to be a pair of base fighters.
12. CONCLUSIONS
Was Balloon
Probably Balloon
Possibly Balloon
Was Aircraft
Probably Aircraft
Possibly Aircraft
Was Astronomical
Probably Astronomical
Possibly Astronomical
Other
Insufficient Data for Evaluation
ATIC FORM 329 (REV 26 SEP 52)",0.02457956015523933,46.95,"PROJECT 10073 RECORD CARD
1. DATE
15 November 1957
2. LOCATION
Newburgh, New York
3. DATE-TIME GROUP
Local
GMT
15/2100Z
4. TYPE OF OBSERVATION
Ground-Visual
Ground-Radar
Air-Visual
Air-Intercept Radar
5. PHOTOS
Yes
No
6. SOURCE
Civilian
7. LENGTH OF OBSERVATION
10-12 seconds
8. NUMBER OF OBJECTS
two
9. COURSE
not given
10. BRIEF SUMMARY OF SIGHTING
Objects, size of a baseball, 1 ft to 3 ft long, silver and white, one behind the other.
11. COMMENTS
Several a/c in the area at the time. Believed to be a pair of base fighters.
12. CONCLUSIONS
Was Balloon
Probably Balloon
Possibly Balloon
Was Aircraft
Probably Aircraft
Possibly Aircraft
Was Astronomical
Probably Astronomical
Possibly Astronomical
Other
Insufficient Data for Evaluation
ATIC FORM 329 (REV 26 SEP 52)",0.018111254851228976,36.1,"PROJECT 10073 RECORD CARD

1. DATE
15 November 1957

2. LOCATION
Newburgh, New York

3. DATE-TIME GROUP
Local   ʘGMTʘ
15/2100Z

4. TYPE OF OBSERVATION
ʘGround-Visualʘ
Ground-Radar
Air-Visual
Air-Intercept Radar

5. PHOTOS
Yes
No

6. SOURCE
Civilian

7. LENGTH OF OBSERVATION
10-12 seconds

8. NUMBER OF OBJECTS
two

9. COURSE
not given

10. BRIEF SUMMARY OF SIGHTING
Objects size of baseball, 1 ft to 3 ft long, silver and white, one behind the other.

11. COMMENTS
Several a/c in the area at the time. Believed to be a pair of base fighters.

12. CONCLUSIONS
Was Balloon
Probably Balloon
Possibly Balloon
ʘWas Aircraftʘ
Probably Aircraft
Possibly Aircraft
Was Astronomical
Probably Astronomical
Possibly Astronomical
Other
Insufficient Data for Evaluation
Unknown

ATIC FORM 329 (REV 26 SEP 52)",0.006459948320413436,31.64,"PROJECT 10073 RECORD CARD

1. DATE
15 November 1957

2. LOCATION
Newburgh, New York

3. DATE-TIME GROUP
15/2100Z
Local
GMT

4. TYPE OF OBSERVATION
Ground-Visual
Ground-Radar
Air-Visual
Air-Intercept Radar

5. PHOTOS
Yes
No

6. SOURCE
Civilian

7. LENGTH OF OBSERVATION
10-12 seconds

8. NUMBER OF OBJECTS
two

9. COURSE
not given

10. BRIEF SUMMARY OF SIGHTING
Objects size of baseball, 1 ft to 3 ft long, silver and white, one behind the other.

11. COMMENTS
Several a/c in the area at the time. Believed to be a pair of base fighters.

12. CONCLUSIONS
Was Balloon
Probably Balloon
Possibly Balloon
Was Aircraft
Probably Aircraft
Possibly Aircraft
Was Astronomical
Probably Astronomical
Possibly Astronomical
Other
Insufficient Data for Evaluation
Unknown

ATIC FORM 329 (REV 26 SEP 52)",0.029715762273901807,45.57,"PROJECT 10073 RECORD CARD

1. DATE
15 November 1957

2. LOCATION
Newburgh, New York

3. DATE-TIME GROUP
Local
GMT
15/2100Z

4. TYPE OF OBSERVATION
Ground-Visual
Ground-Radar
Air-Visual
Air-Intercept Radar

5. PHOTOS
Yes
No

6. SOURCE
Civilian

7. LENGTH OF OBSERVATION
10-12 seconds

8. NUMBER OF OBJECTS
two

9. COURSE
not given

10. BRIEF SUMMARY OF SIGHTING
Objects size of baseball, 1 ft to 3 ft long, silver and white, one behind the other.

11. COMMENTS
Several a/c in the area at the time. Believed to be a pair of base fighters.

12. CONCLUSIONS
Was Balloon
Probably Balloon
Possibly Balloon
Was Aircraft
Probably Aircraft
Possibly Aircraft
Was Astronomical
Probably Astronomical
Possibly Astronomical
Other
Insufficient Data for Evaluation
Unknown

ATIC FORM 329 (REV 26 SEP 52)",0.006459948320413436,38.81
28947331,"Some professors, namely psychologists, report them to be hallucinations, nothing more—sightings publicized as frequent mass hysteria—while some report them to be flukes. Is the entire country then merely seeing things? In this category, I seriously doubt that. How in the hell could we all have won World War II with half the nation suffering from mass hysteria and hallucinations?

Former 1st AACS.",0.4517453798767967,58.37,"Some professors, namely psychologists, report these to be hallucinations. Are we to believe that some class of gases affecting nervous systems, or some form of fumes, is causing the entire country to be merely seeing things? I seriously doubt that. How in the hell could we all have won World War II with the nation suffering from mass hysteria and hallucinations?

Farmer, 1st AACS.",0.45585215605749485,56.42,"Some professors, namely psychologists, report these to be hallucinations—something more sinister, probably, than frequent mass hysteria; while others say it’s some form of fraud. Is the entire country then merely seeing things? In this category, I seriously doubt that that actually is the case. How in the hell could we all have won World War II with half the nation suffering from mass hysteria and hallucinations?

Former 1st AACS.",0.46611909650924027,32.87,"Some professors, namely psychologists, report them to be hallucinations—something more than frequent mass hysteria—or else attribute them to some form of fluids in the eye. The entire country is then merely seeing things; in this category I seriously doubt that that actually is the case. How in the hell could we all have won World War II with the nation suffering from mass hysteria and hallucinations?

Farmer, 41st AACS.",0.47433264887063653,91.75,"Some professors, namely psychologists, report the sightings to be hallucinations. Nothing more is said publicly than “frequent mass hysteria.” Some class the accounts as delusions, blaming fliers’ failing systems and/or some form of illusions. The entire country is then merely seeing things? In this category, I seriously doubt that that actually is the case. How in the hell could we all have won World War II with the nation suffering from mass hysteria and hallucinations?

Former 41st AACS.",0.5101214574898786,23.24,"Some professors, namely psychologists, report these to be hallucinations—something more publicized than frequent mass sightings; some classed and discounted “gazers” feeling symptoms, while others refer to maybe fluids in the entire country—is this merely seeing things? In this category, I seriously doubt that that’s actually a fact. How in the hell could we all have won World War II with the nation suffering from mass hysteria and hallucinations?

Former T/Sgt, AACS.",0.47433264887063653,50.68,"Some professors, namely psychologists, report sightings to be hallucinations; something more, saying publicly that frequent mass hysteria—and/or some reports—may be frauds. Then the entire country is merely seeing things. In this category, I seriously doubt that they actually are. How in the hell could we all have won World War II with a nation suffering from mass hysteria + hallucinations?
Former 1st AACS.",0.459958932238193,68.4,"Some professors, namely psychologists
report these to be hallucinations. Something more
sightings publicly than frequent mass
+ some cases documented flyers feeling
symptoms while and/or some report to maybe flying.
The entire country is thus merely seeing things
In this category, I seriously doubt that
that actually are a fact.
How in the hell could we all have won
World War II with half the
nation suffering from mass hysteria
+ hallucinations?
Farmer T/Sgt AACS.",0.46611909650924027,80.49,"Some professors, namely psychologists,
report them to be hallucinations, nothing more,
saying publicly that frequent mass
hysteria, and/or some form, may be to blame;
some class decent and sober flyers' sightings as such,
the entire country is then merely seeing things
in this category. I seriously doubt that.
How in the hell could we all have won
World War II with half the nation
suffering from mass hysteria
+ hallucinations?
Former 1st AACS.",0.4455852156057495,57.34
28980153,"4. Other factors. (a) Between midnight and 4 A.M. a Coast Guard cutter equipped with an eight-inch spotlight had been plying back and forth on Lake Erie searching for an overdue cabin cruiser. At about 3 A.M. the cutter had been headed east toward Lorain, reaching there at 3:15, had then continued east beyond Sheffield to Avon, before turning back to the Lorain lifeboat station and berthing at 4 A.M. (b) At 2:52 A.M. a train had left the Lorain railroad station, roughly three miles from the Fitzgerald house. Eight minutes later it would have been passing south of the house at a distance of about 100 yards. The engine was using a rotating headlight.

From these facts it was possible to reconstruct the probable sequence of events that produced the UFO: In the hour or so before the sighting, the witness had been sitting up alone watching the late movie on TV. The film that night was a horror movie, Dracula's Daughter. About 3 A.M., soon after the witness had gone to bed, the Coast Guard cutter on Lake Erie was traveling east toward Lorain, was very near the harbor and was flashing its spotlight toward shore. The light had briefly illuminated the two bedrooms of the Fitzgerald house and had roused Mrs. Fitzgerald. At that distance, between three and four miles, the beam would have spread and would have been dispersed still more by the drops of rain falling. By the time Mrs. Fitzgerald reached the window and pulled back the curtains, the searchlight was gone. At the same time, however, the train that left Lorain at 2:52 was passing south of the house, using its rotating headlight and producing a roaring noise made more piercing by the moist atmosphere. Looking through the wet glass of the window, the witness saw the beam of the train's headlight moving through the haze in the yard. Smoke from the nearby foundry was also being blown into the yard. Illuminated by the circular beam of light, the smoke seemed to be a glowing, solid object that moved back and forth and emitted clouds of gray-pink smoke.

In summary, the Air Force concluded that Mrs. Fitzgerald's UFO was an illusion produced by a combination of factors: an excited frame of mind induced by Dracula's Daughter, the spotlight on the Coast Guard cutter, the rotating headlight of the train and the noise of its engine, the smoke from the nearby steel plant, and the haze of the drizzly night.

This analysis provoked an explosion from the witness, who wrote her congressman: ""I was outraged when I read the Air Force conclusion to my sighting. The person who made it must be insane.""

""The Fitzgerald Report""

The UFO Research Committee compiled and, on December 1, published a thirteen-page pamphlet (later reissued in amplified form and copyrighted) entitled: ""The Fitzgerald Report, A Complete and Detailed Account of the Sighting of an Unidentified Flying Object, Sheffield Lake, Ohio, September 21, 1958."" This document charged ""duplicity"" in the Air Force treatment of UFO reports in general, and asserted that the Fitzgerald investigation in particular had been ""criminally mishandled"" and was a ""disgrace to the U.S. Air Force and an insult to the American public."" It further suggested that Sergeants A and B be ""disciplined"" because their investigation was not adequate or thorough, and that they had had ""little or no intention of making an honest investigation.""

Copies of the pamphlet were mailed to eminent scientists throughout the country, members of the United States House of Representatives.",0.055221745350500714,30.62,"4. Other factors. (a) Between midnight and 4 A.M., a Coast Guard cutter equipped with an eight-inch spotlight had been plying back and forth on Lake Erie searching for an overdue cabin cruiser. At about 3 A.M. the cutter had been headed east toward Lorain, reaching there at 3:15, had then continued east beyond Sheffield to Avon, before turning back to the Lorain lifeboat station and berthing at 4 A.M. (b) At 2:52 A.M. a train had left the Lorain railroad station, roughly three miles from the Fitzgerald house. Eight minutes later it would have been passing south of the house at a distance of about 100 yards. The engine was using a rotating headlight.

From these facts it was possible to reconstruct the probable sequence of events that produced the UFO: In the hour or so before the sighting, the witness had been sitting up alone watching the late movie on TV. The film that night was a horror movie, Dracula's Daughter. About 3 A.M., soon after the witness had gone to bed, the Coast Guard cutter on Lake Erie was traveling east toward Lorain, was very near the harbor and was flashing its spotlight toward shore. The light had briefly illuminated the two bedrooms of the Fitzgerald house and had roused Mrs. Fitzgerald. At that distance, between three and four miles, the beam would have spread and would have been dispersed still more by the drops of rain falling. By the time Mrs. Fitzgerald reached the window and pulled back the curtains, the searchlight was gone. At the same time, however, the train that left Lorain at 2:52 was passing south of the house, using its rotating headlight and producing a roaring noise made more piercing by the moist atmosphere. Looking through the wet glass of the window, the witness saw the beam of the train's headlight moving through the haze in the yard. Smoke from the nearby foundry was also being blown into the yard. Illuminated by the circular beam of light, the smoke seemed to be a glowing, solid object that moved back and forth and emitted clouds of gray-pink smoke.

In summary, the Air Force concluded that Mrs. Fitzgerald's UFO was an illusion produced by a combination of factors: an excited frame of mind induced by Dracula's Daughter, the spotlight on the Coast Guard cutter, the rotating headlight of the train and the noise of its engine, the smoke from the nearby steel plant, and the haze of the drizzly night.

This analysis provoked an explosion from the witness, who wrote her congressman: ""I was outraged when I read the Air Force conclusion to my sighting. The person who made it must be insane.""

""The Fitzgerald Report""

The UFO Research Committee compiled and on December 1 published a thirteen-page pamphlet (later reissued in amplified form and copyrighted) entitled: ""The Fitzgerald Report, A Complete and Detailed Account of the Sighting of an Unidentified Flying Object, Sheffield Lake, Ohio, September 21, 1958."" This document charged ""duplicity"" in the Air Force treatment of UFO reports in general, and asserted that the Fitzgerald investigation in particular had been ""criminally mishandled"" and was a ""disgrace to the U. S. Air Force and an insult to the American public."" It further suggested that Sergeants A and B be ""disciplined"" because their investigation was not adequate or thorough, and that they had had ""little or no intention of making an honest investigation.""

Copies of the pamphlet were mailed to eminent scientists throughout the country, members of the United States House of Representatives",0.05495134516313681,46.28,"4. Other factors. (a) Between midnight and 4 A.M. a Coast Guard cutter equipped with an eight-inch spotlight had been plying back and forth on Lake Erie searching for an overdue cabin cruiser. At about 3 A.M. the cutter had been headed east toward Lorain, reaching there at 3:15, had then continued east beyond Sheffield to Avon, before turning back to the Lorain lifeboat station and berthing at 4 A.M. (b) At 2:52 A.M. a train had left the Lorain railroad station, roughly three miles from the Fitzgerald house. Eight minutes later it would have been passing south of the house at a distance of about 100 yards. The engine was using a rotating headlight.

From these facts it was possible to reconstruct the probable sequence of events that produced the UFO: In the hour or so before the sighting, the witness had been sitting up alone watching the late movie on TV. The film that night was a horror movie, Dracula's Daughter. About 3 A.M., soon after the witness had gone to bed, the Coast Guard cutter on Lake Erie was traveling east toward Lorain, was very near the harbor and was flashing its spotlight toward shore. The light had briefly illuminated the two bedrooms of the Fitzgerald house and had roused Mrs. Fitzgerald. At that distance, between three and four miles, the beam would have spread and would have been dispersed still more by the drops of rain falling. By the time Mrs. Fitzgerald reached the window and pulled back the curtains, the searchlight was gone. At the same time, however, the train that left Lorain at 2:52 was passing south of the house, using its rotating headlight and producing a roaring noise made more piercing by the moist atmosphere. Looking through the wet glass of the window, the witness saw the beam of the train's headlight moving through the haze in the yard. Smoke from the nearby foundry was also being blown into the yard. Illuminated by the circular beam of light, the smoke seemed to be a glowing, solid object that moved back and forth and emitted clouds of gray-pink smoke.

In summary, the Air Force concluded that Mrs. Fitzgerald's UFO was an illusion produced by a combination of factors: an excited frame of mind induced by Dracula's Daughter, the spotlight on the Coast Guard cutter, the rotating headlight of the train and the noise of its engine, the smoke from the nearby steel plant, and the haze of the drizzly night.

This analysis provoked an explosion from the witness, who wrote her congressman: ""I was outraged when I read the Air Force conclusion to my sighting. The person who made it must be insane.""

""The Fitzgerald Report""

The UFO Research Committee compiled and on December 1 published a thirteen-page pamphlet (later reissued in amplified form and copyrighted) entitled: ""The Fitzgerald Report, A Complete and Detailed Account of the Sighting of an Unidentified Flying Object, Sheffield Lake, Ohio, September 21, 1958."" This document charged ""duplicity"" in the Air Force treatment of UFO reports in general, and asserted that the Fitzgerald investigation in particular had been ""criminally mishandled"" and was a ""disgrace to the U. S. Air Force and an insult to the American public."" It further suggested that Sergeants A and B be ""disciplined"" because their investigation was not adequate or thorough, and that they had had ""little or no intention of making an honest investigation.""

Copies of the pamphlet were mailed to eminent scientists throughout the country, members of the United States House of Representatives",0.05468079015173204,48.95,"4. Other factors. (a) Between midnight and 4 A.M. a Coast Guard cutter equipped with an eight-inch spotlight had been plying back and forth on Lake Erie searching for an overdue cabin cruiser. At about 3 A.M. the cutter had been headed east toward Lorain, reaching there at 3:15, had then continued east beyond Sheffield to Avon, before turning back to the Lorain lifeboat station and berthing at 4 A.M. (b) At 2:52 A.M. a train had left the Lorain railroad station, roughly three miles from the Fitzgerald house. Eight minutes later it would have been passing south of the house at a distance of about 100 yards. The engine was using a rotating headlight.
From these facts it was possible to reconstruct the probable sequence of events that produced the UFO: In the hour or so before the sighting, the witness had been sitting up alone watching the late movie on TV. The film that night was a horror movie, Dracula's Daughter. About 3 A.M., soon after the witness had gone to bed, the Coast Guard cutter on Lake Erie was traveling east toward Lorain, was very near the harbor and was flashing its spotlight toward shore. The light had briefly illuminated the two bedrooms of the Fitzgerald house and had roused Mrs. Fitzgerald. At that distance, between three and four miles, the beam would have spread and would have been dispersed still more by the drops of rain falling. By the time Mrs. Fitzgerald reached the window and pulled back the curtains, the searchlight was gone. At the same time, however, the train that left Lorain at 2:52 was passing south of the house, using its rotating headlight and producing a roaring noise made more piercing by the moist atmosphere. Looking through the wet glass of the window, the witness saw the beam of the train's headlight moving through the haze in the yard. Smoke from the nearby foundry was also being blown into the yard. Illuminated by the circular beam of light, the smoke seemed to be a glowing, solid object that moved back and forth and emitted clouds of gray-pink smoke.
In summary, the Air Force concluded that Mrs. Fitzgerald's UFO was an illusion produced by a combination of factors: an excited frame of mind induced by Dracula's Daughter, the spotlight on the Coast Guard cutter, the rotating headlight of the train and the noise of its engine, the smoke from the nearby steel plant, and the haze of the drizzly night.
This analysis provoked an explosion from the witness, who wrote her congressman: ""I was outraged when I read the Air Force conclusion to my sighting. The person who made it must be insane.""
""The Fitzgerald Report""
The UFO Research Committee compiled and on December 1 published a thirteen-page pamphlet (later reissued in amplified form and copyrighted) entitled: ""The Fitzgerald Report, A Complete and Detailed Account of the Sighting of an Unidentified Flying Object, Sheffield Lake, Ohio, September 21, 1958."" This document charged ""duplicity"" in the Air Force treatment of UFO reports in general, and asserted that the Fitzgerald investigation in particular had been ""criminally mishandled"" and was a ""disgrace to the U.S. Air Force and an insult to the American public."" It further suggested that Sergeants A and B be ""disciplined"" because their investigation was not adequate or thorough, and that they had had ""little or no intention of making an honest investigation.""
Copies of the pamphlet were mailed to eminent scientists throughout the country, members of the United States House of Representatives",0.05441008018327606,36.66,"4. Other factors. (a) Between midnight at 4 A.M. a Coast Guard cutter equipped with an eight-inch spotlight had been plying back and forth on Lake Erie searching for an overdue cabin cruiser. At about 3 A.M. the cutter had been headed east toward Lorain, reaching there at 3:15, had then continued east beyond Sheffield to Avon, before turning back to the Lorain lifeboat station and berthing at 4 A.M. (b) At 2:52 A.M. a train had left the Lorain railroad station, roughly three miles from the Fitzgerald house. Eight minutes later it would have been passing south of the house at a distance of about 100 yards. The engine was using a rotating headlight.

From these facts it was possible to reconstruct the probable sequence of events that produced the UFO: In the hour or so before the sighting, the witness had been sitting up alone watching the late movie on TV. The film that night was a horror movie, Dracula's Daughter. About 3 A.M., soon after the witness had gone to bed, the Coast Guard cutter on Lake Erie was traveling east toward Lorain, was very near the harbor and was flashing its spotlight toward shore. The light had briefly illuminated the two bedrooms of the Fitzgerald house and had roused Mrs. Fitzgerald. At that distance, between three and four miles, the beam would have spread and would have been dispersed still more by the drops of rain falling. By the time Mrs. Fitzgerald reached the window and pulled back the curtains, the searchlight was gone. At the same time, however, the train that left Lorain at 2:52 was passing south of the house, using its rotating headlight and producing a roaring noise made more piercing by the moist atmosphere. Looking through the wet glass of the window, the witness saw the beam of the train's headlight moving through the haze in the yard. Smoke from the nearby foundry was also being blown into the yard. Illuminated by the circular beam of light, the smoke seemed to be a glowing, solid object that moved back and forth and emitted clouds of gray-pink smoke.

In summary, the Air Force concluded that Mrs. Fitzgerald's UFO was an illusion produced by a combination of factors: an excited frame of mind induced by Dracula's Daughter, the spotlight on the Coast Guard cutter, the rotating headlight of the train and the noise of its engine, the smoke from the nearby steel plant, and the haze of the drizzly night.

This analysis provoked an explosion from the witness, who wrote her congressman: ""I was outraged when I read the Air Force conclusion to my sighting. The person who made it must be insane.""

""The Fitzgerald Report""

The UFO Research Committee compiled and on December 1 published a thirteen-page pamphlet (later reissued in amplified form and copyrighted) entitled: ""The Fitzgerald Report, A Complete and Detailed Account of the Sighting of an Unidentified Flying Object, Sheffield Lake, Ohio, September 21, 1958."" This document charged ""duplicity"" in the Air Force treatment of UFO reports in general, and asserted that the Fitzgerald investigation in particular had been ""criminally mishandled"" and was a ""disgrace to the U.S. Air Force and an insult to the American public."" It further suggested that Sergeants A and B be ""disciplined"" because their investigation was not adequate or thorough, and that they had had ""little or no intention of making an honest investigation.""

Copies of the pamphlet were mailed to eminent scientists throughout the country, members of the United States House of Representatives",0.05385276425093097,21.19,"4. Other factors. (a) Between midnight and 4 A.M. a Coast Guard cutter equipped with an eight-inch spotlight had been plying back and forth on Lake Erie searching for an overdue cabin cruiser. At about 3 A.M. the cutter had been headed east toward Lorain, reaching there at 3:15, had then continued east beyond Sheffield to Avon, before turning back to the Lorain lifeboat station and berthing at 4 A.M. (b) At 2:52 A.M. a train had left the Lorain railroad station, roughly three miles from the Fitzgerald house. Eight minutes later it would have been passing south of the house at a distance of about 100 yards. The engine was using a rotating headlight.
From these facts it was possible to reconstruct the probable sequence of events that produced the UFO: In the hour or so before the sighting, the witness had been sitting up alone watching the late movie on TV. The film that night was a horror movie, Dracula's Daughter. About 3 A.M., soon after the witness had gone to bed, the Coast Guard cutter on Lake Erie was traveling east toward Lorain, was very near the harbor and was flashing its spotlight toward shore. The light had briefly illuminated the two bedrooms of the Fitzgerald house and had roused Mrs. Fitzgerald. At that distance, between three and four miles, the beam would have spread and would have been dispersed still more by the drops of rain falling. By the time Mrs. Fitzgerald reached the window and pulled back the curtains, the searchlight was gone. At the same time, however, the train that left Lorain at 2:52 was passing south of the house, using its rotating headlight and producing a roaring noise made more piercing by the moist atmosphere. Looking through the wet glass of the window, the witness saw the beam of the train's headlight moving through the haze in the yard. Smoke from the nearby foundry was also being blown into the yard. Illuminated by the circular beam of light, the smoke seemed to be a glowing, solid object that moved back and forth and emitted clouds of gray-pink smoke.
In summary, the Air Force concluded that Mrs. Fitzgerald's UFO was an illusion produced by a combination of factors: an excited frame of mind induced by Dracula's Daughter, the spotlight on the Coast Guard cutter, the rotating headlight of the train and the noise of its engine, the smoke from the nearby steel plant, and the haze of the drizzly night.
This analysis provoked an explosion from the witness, who wrote her congressman: ""I was outraged when I read the Air Force conclusion to my sighting. The person who made it must be insane.""
""The Fitzgerald Report""
The UFO Research Committee compiled and on December 1 published a thirteen-page pamphlet (later reissued in amplified form and copyrighted) entitled: ""The Fitzgerald Report, A Complete and Detailed Account of the Sighting of an Unidentified Flying Object, Sheffield Lake, Ohio, September 21, 1958."" This document charged ""duplicity"" in the Air Force treatment of UFO reports in general, and asserted that the Fitzgerald investigation in particular had been ""criminally mishandled"" and was a ""disgrace to the U.S. Air Force and an insult to the American public."" It further suggested that Sergeants A and B be ""disciplined"" because their investigation was not adequate or thorough, and that they had had ""little or no intention of making an honest investigation.""
Copies of the pamphlet were mailed to eminent scientists throughout the country, members of the United States House of Representatives",0.05441008018327606,34.2,"Ganey
4. Other factors. (a) Between midnight and 4 A.M. a Coast Guard
cutter equipped with an eight-inch spotlight had been plying back
and forth on Lake Erie searching for an overdue cabin cruiser. At
about 3 A.M. the cutter had been headed east toward Lorain, reach-
ing there at 3:15, had then continued east beyond Sheffield to Avon,
before turning back to the Lorain lifeboat station and berthing at
4 A.M. (b) At 2:52 A.M. a train had left the Lorain railroad station,
roughly three miles from the Fitzgerald house. Eight minutes later
it would have been passing south of the house at a distance of about
100 yards. The engine was using a rotating headlight.
From these facts it was possible to reconstruct the probable
sequence of events that produced the UFO: In the hour or so before
the sighting, the witness had been sitting up alone watching the late
movie on TV. The film that night was a horror movie, Dracula's
Daughter. About 3 A.M., soon after the witness had gone to bed,
the Coast Guard cutter on Lake Erie was traveling east toward
Lorain, was very near the harbor and was flashing its spotlight
toward shore. The light had briefly illuminated the two bedrooms
of the Fitzgerald house and had roused Mrs. Fitzgerald. At that
distance, between three and four miles, the beam would have
spread and would have been dispersed still more by the drops of
rain falling. By the time Mrs. Fitzgerald reached the window and
pulled back the curtains, the searchlight was gone. At the same
time, however, the train that left Lorain at 2:52 was passing south
of the house, using its rotating headlight and producing a roaring
noise made more piercing by the moist atmosphere. Looking
through the wet glass of the window, the witness saw the beam
of the train's headlight moving through the haze in the yard. Smoke
from the nearby foundry was also being blown into the yard. Il-
luminated by the circular beam of light, the smoke seemed to be a
glowing, solid object that moved back and forth and emitted clouds
of gray-pink smoke.
In summary, the Air Force concluded that Mrs. Fitzgerald's UFO
was an illusion produced by a combination of factors: an excited
frame of mind induced by Dracula's Daughter, the spotlight on
the Coast Guard cutter, the rotating headlight of the train and the
noise of its engine, the smoke from the nearby steel plant, and the
haze of the drizzly night.
This analysis provoked an explosion from the witness, who wrote
her congressman: ""I was outraged when I read the Air Force con-
clusion to my sighting. The person who made it must be insane.""
""The Fitzgerald Report""
The UFO Research Committee compiled and on December 1
published a thirteen-page pamphlet (later reissued in amplified
form and copyrighted) entitled: ""The Fitzgerald Report, A Com-
plete and Detailed Account of the Sighting of an Unidentified
Flying Object, Sheffield Lake, Ohio, September 21, 1958."" This docu-
ment charged ""duplicity"" in the Air Force treatment of UFO re-
ports in general, and asserted that the Fitzgerald investigation in
particular had been ""criminally mishandled"" and was a ""disgrace to
the U. S. Air Force and an insult to the American public."" It further
suggested that Sergeants A and B be ""disciplined"" because their
investigation was not adequate or thorough, and that they had had
""little or no intention of making an honest investigation.""
Copies of the pamphlet were mailed to eminent scientists through-
out the country, members of the United States House of Repre-",0.05507990867579909,47.21,"Ganey
4. Other factors. (a) Between midnight and 4 A.M. a Coast Guard
cutter equipped with an eight-inch spotlight had been plying back
and forth on Lake Erie searching for an overdue cabin cruiser. At
about 3 A.M. the cutter had been headed east toward Lorain, reach-
ing there at 3:15, had then continued east beyond Sheffield to Avon,
before turning back to the Lorain lifeboat station and berthing at
4 A.M. (b) At 2:52 A.M. a train had left the Lorain railroad station,
roughly three miles from the Fitzgerald house. Eight minutes later
it would have been passing south of the house at a distance of about
100 yards. The engine was using a rotating headlight.
From these facts it was possible to reconstruct the probable
sequence of events that produced the UFO: In the hour or so before
the sighting, the witness had been sitting up alone watching the late
movie on TV. The film that night was a horror movie, Dracula's
Daughter. About 3 A.M., soon after the witness had gone to bed,
the Coast Guard cutter on Lake Erie was traveling east toward
Lorain, was very near the harbor and was flashing its spotlight
toward shore. The light had briefly illuminated the two bedrooms
of the Fitzgerald house and had roused Mrs. Fitzgerald. At that
distance, between three and four miles, the beam would have
spread and would have been dispersed still more by the drops of
rain falling. By the time Mrs. Fitzgerald reached the window and
pulled back the curtains, the searchlight was gone. At the same
time, however, the train that left Lorain at 2:52 was passing south
of the house, using its rotating headlight and producing a roaring
noise made more piercing by the moist atmosphere. Looking
through the wet glass of the window, the witness saw the beam
of the train's headlight moving through the haze in the yard. Smoke
from the nearby foundry was also being blown into the yard. Il-
luminated by the circular beam of light, the smoke seemed to be a
glowing, solid object that moved back and forth and emitted clouds
of gray-pink smoke.
In summary, the Air Force concluded that Mrs. Fitzgerald's UFO
was an illusion produced by a combination of factors: an excited
frame of mind induced by Dracula's Daughter, the spotlight on
the Coast Guard cutter, the rotating headlight of the train and the
noise of its engine, the smoke from the nearby steel plant, and the
haze of the drizzly night.
This analysis provoked an explosion from the witness, who wrote
her congressman: ""I was outraged when I read the Air Force con-
clusion to my sighting. The person who made it must be insane.""
""The Fitzgerald Report""
The UFO Research Committee compiled and on December 1
published a thirteen-page pamphlet (later reissued in amplified
form and copyrighted) entitled: ""The Fitzgerald Report, A Com-
plete and Detailed Account of the Sighting of an Unidentified
Flying Object, Sheffield Lake, Ohio, September 21, 1958."" This docu-
ment charged ""duplicity"" in the Air Force treatment of UFO re-
ports in general, and asserted that the Fitzgerald investigation in
particular had been ""criminally mishandled"" and was a ""disgrace to
the U. S. Air Force and an insult to the American public."" It further
suggested that Sergeants A and B be ""disciplined"" because their
investigation was not adequate or thorough, and that they had had
""little or no intention of making an honest investigation.""
Copies of the pamphlet were mailed to eminent scientists through-
out the country, members of the United States House of Repre-",0.05507990867579909,18.63,"Ganey
4. Other factors. (a) Between midnight and 4 A.M. a Coast Guard
cutter equipped with an eight-inch spotlight had been plying back
and forth on Lake Erie searching for an overdue cabin cruiser. At
about 3 A.M. the cutter had been headed east toward Lorain, reach-
ing there at 3:15, had then continued east beyond Sheffield to Avon,
before turning back to the Lorain lifeboat station and berthing at
4
A.M. (b) At 2:52 A.M. a train had left the Lorain railroad station,
roughly three miles from the Fitzgerald house. Eight minutes later
it would have been passing south of the house at a distance of about
100 yards. The engine was using a rotating headlight.
From these facts it was possible to reconstruct the probable
sequence of events that produced the UFO: In the hour or so before
the sighting, the witness had been sitting up alone watching the late
movie on TV. The film that night was a horror movie, Dracula's
Daughter. About 3 A.M., soon after the witness had gone to bed,
the Coast Guard cutter on Lake Erie was traveling east toward
Lorain, was very near the harbor and was flashing its spotlight
toward shore. The light had briefly illuminated the two bedrooms
of the Fitzgerald house and had roused Mrs. Fitzgerald. At that
distance, between three and four miles, the beam would have
spread and would have been dispersed still more by the drops of
rain falling. By the time Mrs. Fitzgerald reached the window and
pulled back the curtains, the searchlight was gone. At the same
time, however, the train that left Lorain at 2:52 was passing south
of the house, using its rotating headlight and producing a roaring
noise made more piercing by the moist atmosphere. Looking
through the wet glass of the window, the witness saw the beam
of the train's headlight moving through the haze in the yard. Smoke
from the nearby foundry was also being blown into the yard. Il-
luminated by the circular beam of light, the smoke seemed to be a
glowing, solid object that moved back and forth and emitted clouds
of gray-pink smoke.
In summary, the Air Force concluded that Mrs. Fitzgerald's UFO
was an illusion produced by a combination of factors: an excited
frame of mind induced by Dracula's Daughter, the spotlight on
the Coast Guard cutter, the rotating headlight of the train and the
noise of its engine, the smoke from the nearby steel plant, and the
haze of the drizzly night.
This analysis provoked an explosion from the witness, who wrote
her congressman: ""I was outraged when I read the Air Force con-
clusion to my sighting. The person who made it must be insane.""
""The Fitzgerald Report""
The UFO Research Committee compiled and on December 1
published a thirteen-page pamphlet (later reissued in amplified
form and copyrighted) entitled: ""The Fitzgerald Report, A Com-
plete and Detailed Account of the Sighting of an Unidentified
Flying Object, Sheffield Lake, Ohio, September 21, 1958."" This docu-
ment charged ""duplicity"" in the Air Force treatment of UFO re-
ports in general, and asserted that the Fitzgerald investigation in
particular had been ""criminally mishandled"" and was a ""disgrace to
the U. S. Air Force and an insult to the American public."" It further
suggested that Sergeants A and B be ""disciplined"" because their
investigation was not adequate or thorough, and that they had had
""little or no intention of making an honest investigation.""
Copies of the pamphlet were mailed to eminent scientists through-
out the country, members of the United States House of Repre-",0.05507990867579909,34.8
28934561,"INCIDENT NO.
308
1. Date of Observation 2 May 1949
Date of Interview 13 May 1949
2. Exact Time (local) 1015
3. Place of Observation Elko, Nevada 40° 50' North 115° 47' West
4. Position of observer Ground
5. What attracted attention to object
6. Number of objects 3 in formation
7. Apparent size 30 ft. diameter (at distance appeared 1/4"" in diameter)
8. Color of object Dull white (aluminum)
9. Shape Circular flat (Disc)
10. Altitude 14,000; 40° elevation
11. Direction from observer North
12. Distance from observer 6 miles
13. Direction of flight of object(s) Southwesterly veering to south-southwest
14. Time in sight 2 minutes
15. Speed 250-300 mph
16. Sound and odor None
17. Trail None
18. Luminosity
19. Projections None
20. Maneuvers Made left turn at which time they appeared to tilt
21. Manner of disappearance
22. Effect on Clouds
23. Additional information concerning object
24. Weather Conditions Clear visibility 30 miles or greater
(over)",0.007337526205450734,20.8,"INCIDENT NO.
308
1. Date of Observation 2 May 1949
Date of Interview 13 May 1949
2. Exact Time (local) 1015
3. Place of Observation Elko, Nevada 40° 50' North 115° 47' West
4. Position of observer Ground
5. What attracted attention to object
6. Number of objects 3 in formation
7. Apparent size 30 ft. diameter (at distance appeared 1/4 inch in diameter)
8. Color of object Dull white (aluminum)
9. Shape Circular flat (Disc)
10. Altitude 14,000 ft; 40° elevation
11. Direction from observer North
12. Distance from observer 6 miles
13. Direction of flight of object(s) Southwesterly veering to south-southwest
14. Time in sight 2 minutes
15. Speed 250-300 mph
16. Sound and odor None
17. Trail None
18. Luminosity
19. Projections None
20. Maneuvers Made left turn at which time they appeared to tilt
21. Manner of disappearance
22. Effect on Clouds
23. Additional information concerning object
24. Weather Conditions Clear visibility 30 miles or greater
(over)",0.015608740894901144,45.87,"INCIDENT NO.
308
1. Date of Observation 2 May 1949
Date of Interview 13 May 1949
2. Exact Time (local) 1015
3. Place of Observation Elko Nevada 40° 50' North 115° 47' West
4. Position of observer Ground
5. What attracted attention to object
6. Number of objects 3 in formation
7. Apparent size 30 ft. diameter (at distance appeared 1/4 inch in diameter)
8. Color of object Dull white (aluminum)
9. Shape Circular flat (Disc)
10. Altitude 14,000 ft; 40° elevation
11. Direction from observer North
12. Distance from observer 6 miles
13. Direction of flight of object(s) Southwesterly veering to south-southwest
14. Time in sight 2 minutes
15. Speed 250-300 mph
16. Sound and odor None
17. Trail None
18. Luminosity
19. Projections None
20. Maneuvers Made left turn at which time they appeared to tilt
21. Manner of disappearance
22. Effect on Clouds
23. Additional information concerning object
24. Weather Conditions Clear visibility 30 miles or greater
(over)",0.016666666666666666,32.57,"INCIDENT NO. 308
1. Date of Observation 2 May 1949
Date of Interview 13 May 1949
2. Exact Time (local) 1015
3. Place of Observation Elko, Nevada 40° 50' North, 115° 47' West
4. Position of observer Ground
5. What attracted attention to object
6. Number of objects 3 in formation
7. Apparent size 30 ft. diameter (at distance appeared 1/4"" in diameter)
8. Color of object Dull white (aluminum)
9. Shape Circular flat (Disc)
10. Altitude 14,000 ft; 40° Elevation
11. Direction from observer North
12. Distance from observer 6 miles
13. Direction of flight of object(s) Southwesterly veering to South-southwest
14. Time in sight 2 minutes
15. Speed 250-300 mph
16. Sound and odor None
17. Trail None
18. Luminosity
19. Projections None
20. Maneuvers Made left turn at which time they appeared to tilt
21. Manner of disappearance
22. Effect on Clouds
23. Additional information concerning object
24. Weather Conditions Clear visibility 30 miles or greater
(over)",0.011482254697286013,34.82,"INCIDENT NO.
308
1. Date of Observation 2 May 1949
Date of Interview 13 May 1949
2. Exact Time (local) 1015
3. Place of Observation Elko, Nevada 40° 50' North 115° 47' West
4. Position of observer Ground
5. What attracted attention to object
6. Number of objects 3 in formation
7. Apparent size 30 ft. diameter (at distance appeared 1/4"" in diameter)
8. Color of object Dull white (aluminum)
9. Shape Circular flat (disc)
10. Altitude 14,000 ft; 40° elevation
11. Direction from observer North
12. Distance from observer 6 miles
13. Direction of flight of object(s) Southwesterly veering to south-southwest
14. Time in sight 2 minutes
15. Speed 250-300 mph
16. Sound and odor None
17. Trail None
18. Luminosity
19. Projections None
20. Maneuvers Made left turn at which time they appeared to tilt
21. Manner of disappearance
22. Effect on Clouds
23. Additional information concerning object
24. Weather Conditions Clear visibility 30 miles or greater
(over)",0.01044932079414838,28.26,"INCIDENT NO.
308
1. Date of Observation 2 May 1949
Date of Interview 13 May 1949
2. Exact Time (local) 1015
3. Place of Observation Elko, Nevada 40° 50' North, 115° 47' West
4. Position of observer Ground
5. What attracted attention to object
6. Number of objects 3 in formation
7. Apparent size 30 ft. diameter (at distance appeared 1/4"" in diameter)
8. Color of object Dull white (aluminum)
9. Shape Circular flat (Disc)
10. Altitude 14,000 ft; 40° elevation
11. Direction from observer North
12. Distance from observer 6 miles
13. Direction of flight of object(s) Southwesterly, veering to South-Southwest
14. Time in sight 2 minutes
15. Speed 250-300 mph
16. Sound and odor None
17. Trail None
18. Luminosity
19. Projections None
20. Maneuvers Made left turn at which time they appeared to tilt
21. Manner of disappearance
22. Effect on Clouds
23. Additional information concerning object
24. Weather Conditions Clear visibility 30 miles or greater
(over)",0.01251303441084463,43.62,"INCIDENT NO.
308
1. Date of Observation 2 May 1949
   Date of Interview 13 May 1949
2. Exact Time (local) 1015
3. Place of Observation Elko, Nevada 40°-50' North 115°-47' West
4. Position of observer Ground
5. What attracted attention to object
6. Number of objects 3 in formation
7. Apparent size 30 ft. diameter (at distance appeared 1/4"" in diameter)
8. Color of object Dull white (aluminum)
9. Shape Circular flat (Disc)
10. Altitude 14,000' 40° Elevation
11. Direction from observer North
12. Distance from observer 6 miles
13. Direction of flight of object(s) Southwesterly veering to South Southwest
14. Time in sight 2 minutes
15. Speed 250-300 mph
16. Sound and odor None
17. Trail None
18. Luminosity
19. Projections None
20. Maneuvers Made left turn at which time they appeared to tilt
21. Manner of disappearance
22. Effect on Clouds
23. Additional information concerning object
24. Weather Conditions Clear visibility 30 miles or greater
(over)",0.0041928721174004195,49.15,"INCIDENT NO.
308
1. Date of Observation 2 May 1949
Date of Interview 13 May 1949
2. Exact Time (local) 1015
3. Place of Observation Elko, Nevada 40°-50' North 115°-47' West
4. Position of observer Ground
5. What attracted attention to object
6. Number of objects 3 in formation
7. Apparent size 30 ft. diameter (at distance appeared 1/4"" in diameter)
8. Color of object Dull white (aluminum)
9. Shape Circular flat (Disc)
10. Altitude 14,000' 40° Elevation
11. Direction from observer North
12. Distance from observer 6 miles
13. Direction of flight of object (s) Southwesterly veering to South Southwest
14. Time in sight 2 minutes
15. Speed 250-300 mph
16. Sound and odor None
17. Trail None
18. Luminosity
19. Projections None
20. Maneuvers Made left turn at which time they appeared to tilt
21. Manner of disappearance
22. Effect on Clouds
23. Additional information concerning object
24. Weather Conditions Clear visibility 30 miles or greater
(over)",0.005235602094240838,22.43,"INCIDENT NO.
308
1. Date of Observation 2 May 1949
Date of Interview 13 May 1949
2. Exact Time (local) 1015
3. Place of Observation Elko, Nevada 40°-50' North 115°-47' West
4. Position of observer Ground
5. What attracted attention to object
6. Number of objects 3 in formation
7. Apparent size 30 ft. diameter (at distance appeared 1/4"" in diameter)
8. Color of object Dull white (aluminum)
9. Shape Circular flat (Disc)
10. Altitude 14,000' 40° Elevation
11. Direction from observer North
12. Distance from observer 6 miles
13. Direction of flight of object (s) Southwesterly veering to South-southwest
14. Time in sight 2 minutes
15. Speed 250-300 mph
16. Sound and odor None
17. Trail None
18. Luminosity
19. Projections None
20. Maneuvers Made left turn at which time they appeared to tilt
21. Manner of disappearance
22. Effect on Clouds
23. Additional information concerning object
24. Weather Conditions Clear visibility 30 miles or greater
(over)",0.0062827225130890054,26.32
28977491,"PROJECT 10073 RECORD CARD
1. DATE
18 Mar 58
2. LOCATION
Ogallala, Nebraska
12. CONCLUSIONS
Was Balloon
Probably Balloon
Possibly Balloon
Was Aircraft
Probably Aircraft
Possibly Aircraft
Was Astronomical
Probably Astronomical
Possibly Astronomical
Other Identity
Insufficient Data for Evaluation
Mistaken
3. DATE-TIME GROUP
Local
GMT 18/1715Z, 1815Z, 1830Z
4. TYPE OF OBSERVATION
Ground-Radar
Ground-Visual
Air-Visual
Air-Intercept Radar
5. PHOTOS
Yes
No
6. SOURCE
MIL
Civilian
7. LENGTH OF OBSERVATION
20 mins
8. NUMBER OF OBJECTS
one
9. COURSE
South &
Stationary
Unknown
10. BRIEF SUMMARY OF SIGHTING
Cigar or blimp shaped obj, about size of a paper clip. Color appeared to be silver w/ a reflecting quality. Obj appeared to stretch in length & thin out while moving in a southerly direction. See case file for additional info.
11. COMMENTS
Probably a conventional a/c, and balloon in area. 3 sightings. Balloon stationary obj. A/C established over area at time of sighting were B-47's & B-52's on training missions.
ATIC FORM 329 (REV 25 SEP 52)
3",0.47569113441372735,32.87,"PROJECT 10073 RECORD CARD
1. DATE
18 Mar 58

2. LOCATION
Ogallala, Nebraska

3. DATE-TIME GROUP
Local
GMT 18/1715Z, 1815Z, 1830Z

4. TYPE OF OBSERVATION
Ground-Visual
Ground-Radar
Air-Visual
Air-Intercept Radar

5. PHOTOS
Yes
No

6. SOURCE
Civilian

7. LENGTH OF OBSERVATION
20 mins

8. NUMBER OF OBJECTS
one

9. COURSE
South & stationary

10. BRIEF SUMMARY OF SIGHTING
Cigar- or blimp-shaped object, about the size of a paper clip. Color appeared to be silver with a reflecting quality. Object appeared to stretch in length and thin out while moving in a southerly direction. See case file for additional info.

11. COMMENTS
Probably a conventional a/c and balloon in area. 3 sightings. Balloon stationary. A/C established over area at time of sighting were B-47's & B-52's on training missions.

12. CONCLUSIONS
Was Balloon
Probably Balloon
Possibly Balloon
Was Aircraft
Probably Aircraft
Possibly Aircraft
Was Astronomical
Probably Astronomical
Possibly Astronomical
Other Identity
Insufficient Data for Evaluation

ATIC FORM 329 (REV 25 SEP 52)
3",0.04885057471264368,36.65,"PROJECT 10073 RECORD CARD

1. DATE
18 Mar 58

2. LOCATION
Ogallala, Nebraska

3. DATE-TIME GROUP
GMT 18/1715Z, 1815Z, 1830Z

4. TYPE OF OBSERVATION
Local
Ground-Radar
Ground-Visual
Air-Visual
Air-Intercept Radar

5. PHOTOS
Yes
No

6. SOURCE
Civilian

7. LENGTH OF OBSERVATION
20 mins

8. NUMBER OF OBJECTS
one

9. COURSE
South and stationary

10. BRIEF SUMMARY OF SIGHTING
Cigar- or blimp-shaped object, about the size of a paper clip. Color appeared to be silver with a reflecting quality. Object appeared to stretch in length and thin out while moving in a southerly direction. See case file for additional info.

11. COMMENTS
Probably a conventional a/c and balloon in area. 3 sightings. Balloon stationary object. A/C established over area at time of sighting were B-47s and B-52s on training missions.

12. CONCLUSIONS
Was Balloon
Probably Balloon
Possibly Balloon
Was Aircraft
Probably Aircraft
Possibly Aircraft
Was Astronomical
Probably Astronomical
Possibly Astronomical
Other Identity
Insufficient Data for Evaluation

ATIC FORM 329 (REV 25 SEP 52)
3",0.07640878701050621,33.47,"PROJECT 10073 RECORD CARD
1. DATE
18 Mar 58
2. LOCATION
Ogallala, Nebraska
12. CONCLUSIONS
Was Balloon
Probably Balloon
Possibly Balloon
Was Aircraft
Probably Aircraft
Possibly Aircraft
Was Astronomical
Probably Astronomical
Possibly Astronomical
Mistaken
Other Identity
Insufficient Data for Evaluation
3. DATE-TIME GROUP
GMT 18/1715Z, 1815Z, 1830Z
Local
4. TYPE OF OBSERVATION
Ground-Visual
Ground-Radar
Air-Visual
Air-Intercept Radar
5. PHOTOS
Yes
No
6. SOURCE
Civilian
7. LENGTH OF OBSERVATION
20 mins
8. NUMBER OF OBJECTS
one
9. COURSE
South & stationary
10. BRIEF SUMMARY OF SIGHTING
Cigar or blimp-shaped obj, about size of a paper clip. Color appeared to be silver w/ a reflecting quality. Obj appeared to stretch in length & thin out while moving in a southerly direction. See case file for additional info.
11. COMMENTS
Probably a conventional a/c and balloon in area. 3 sightings. Balloon stationary. A/C established over area at time of sighting were B-47's & B-52's on training missions.
ATIC FORM 329 (REV 25 SEP 52)",0.46551724137931033,102.67,"PROJECT 10073 RECORD CARD

1. DATE
18 Mar 58

2. LOCATION
Ogallala, Nebraska

3. DATE-TIME GROUP
GMT 18/1715Z, 1815Z, 1830Z

4. TYPE OF OBSERVATION
Local
Ground-Visual
Air-Visual
Ground-Radar
Air-Intercept Radar

5. PHOTOS
Yes
No

6. SOURCE
Civilian

7. LENGTH OF OBSERVATION
20 mins

8. NUMBER OF OBJECTS
One

9. COURSE
South; stationary
Unknown

10. BRIEF SUMMARY OF SIGHTING
Cigar- or blimp-shaped object, about the size of a paper clip. Color appeared to be silver with a reflecting quality. Object appeared to stretch in length and thin out while moving in a southerly direction. See case file for additional info.

11. COMMENTS
Probably a conventional a/c and balloon in area. Three sightings. Balloon, stationary object. Aircraft established over area at time of sighting were B-47s and B-52s on training missions.

12. CONCLUSIONS
Was Balloon
Probably Balloon
Possibly Balloon
Was Aircraft
Probably Aircraft
Possibly Aircraft
Was Astronomical
Probably Astronomical
Possibly Astronomical
Other Identity
Insufficient Data for Evaluation

ATIC FORM 329 (REV 25 SEP 52)
3",0.09227871939736347,33.03,"PROJECT 10073 RECORD CARD
1. DATE
18 Mar 58
2. LOCATION
Ogallala, Nebraska
12. CONCLUSIONS
Was Balloon
Probably Balloon
Possibly Balloon
Was Aircraft
Probably Aircraft
Possibly Aircraft
Was Astronomical
Probably Astronomical
Possibly Astronomical
Other Identity
Insufficient Data for Evaluation
Mistaken
3. DATE-TIME GROUP
Local
GMT 18/1715Z, 1815Z, 1830Z
4. TYPE OF OBSERVATION
Ground-Visual
Ground-Radar
Air-Visual
Air-Intercept Radar
5. PHOTOS
Yes
No
6. SOURCE
Civilian
7. LENGTH OF OBSERVATION
20 mins
8. NUMBER OF OBJECTS
one
9. COURSE
South &
Stationary
Unknown
10. BRIEF SUMMARY OF SIGHTING
Cigar- or blimp-shaped obj, about size of a paper clip. Color appeared to be silver with a reflecting quality. Obj appeared to stretch in length & thin out while moving in a southerly direction. See case file for additional info.
11. COMMENTS
Probably a conventional a/c, and balloon in area. 3 sightings. Balloon; stationary obj. A/C established over area at time of sighting were B-47s & B-52s on training missions.
ATIC FORM 329 (REV 25 SEP 52)
3",0.4708691499522445,50.99,"PROJECT 10073 RECORD CARD
1. DATE
18 Mar 58
2. LOCATION
Ogallala, Nebraska
12. CONCLUSIONS
Was Balloon
Probably Balloon
Possibly Balloon
Was Aircraft
Probably Aircraft
Possibly Aircraft
Was Astronomical
Probably Astronomical
Possibly Astronomical
Mistaken
Other Identity
Insufficient Data for ""Evaluation
3. DATE-TIME GROUP
Local   ʘGMTʘ
18/1715Z, 1815Z, 1830Z
4. TYPE OF OBSERVATION
Ground-Radar
Ground-Visual
Air-Visual
Air-Intercept Radar
5. PHOTOS
Yes   ʘNoʘ
6. SOURCE
Civilian
7. LENGTH OF OBSERVATION
20 mins
8. NUMBER OF OBJECTS
one
9. COURSE
South &
Stationary
Unknown
10. BRIEF SUMMARY OF SIGHTING
Cigar or blimp shaped obj, about size of a paper clip. Color appeared to be silver w/a reflecting quality. Obj appeared to stretch in length & thin out while moving in a Southerly dire-
ction. See case file for additional info.
11. COMMENTS
Probably a conventional a/c, and balloon in area. 3 sightings. Balloon stationary obj. A/C scheduled over area at time of sighting were B-47's & B-52's on training missions.
ATIC FORM 329 (REV 25 SEP 52)
3",0.4813397129186603,52.39,"PROJECT 10073 RECORD CARD

1. DATE
18 Mar 58

2. LOCATION
Ogallala, Nebraska

3. DATE-TIME GROUP
GMT 18/1715Z, 1815, 1830Z

4. TYPE OF OBSERVATION
Local
Ground-Visual
Air-Visual
Ground-Radar
Air-Intercept Radar

5. PHOTOS
Yes
No

6. SOURCE
Civilian

7. LENGTH OF OBSERVATION
20 mins

8. NUMBER OF OBJECTS
one

9. COURSE
South & Stationary
Unknown

10. BRIEF SUMMARY OF SIGHTING
Cigar or blimp shaped obj, about size of a paper clip. Color appeared to be silver w/a reflecting quality. Obj appeared to stretch in length & thin out while moving in a Southerly dire-ction. See case file for additional info.

11. COMMENTS
Probably a conventional a/c and balloon in area. 3 sightings. Balloon stationary. Obj. A2C established over area at time of sighting were B-47's & B-52's on training missions.

12. CONCLUSIONS
Was Balloon
Probably Balloon
Possibly Balloon
Was Aircraft
Probably Aircraft
Possibly Aircraft
Was Astronomical
Probably Astronomical
Possibly Astronomical
Other Identity
Insufficient Data for Evaluation
Mistaken

ATIC FORM 329 (REV 25 SEP 52)
3",0.06321839080459771,65.27,,1.0,77.82
28979792,"Every observed UFO makes a statement, very similar in this: they don't know what it is, but they know what it isn't.
PAGE FOUR RJEDKF MSG
408 KNOTS. IT IS FELT THAT THIS B-47 CORRELATES VERY CLOSELY WITH UFO; HOWEVER, THE OBSERVER HAS 4 YEARS AS A WEATHER OBSERVER IN THE USAF AND DEFINITELY STATES OBJECT WAS NOT A B-47.
BT
EXCEPT SINCE LIVING IN VICINITY
106, ONCE
87/2358Z SEP RJEDKF
POPULATION: 1,200; LIMITED
CC UFO CO FROM THIS LINE. NOTHING STRANGE.
OTHER (MISINTERPRETATION OF CONVENTIONAL A/C)",0.25697211155378485,68.71,"Every observer of a UFO makes
a statement, very similar in
PAGE FOUR RJEDKF FIG
this: they don't know what it
is, but they know what it isn't.
408 knots. It is felt that this B-47 correlates very closely with UFOB
however the observer has 4 years as a weather observer in the USAF
and definitely states object was not a B-47
Except, since living in vicinity
106, once
87/2388Z SEP RJEDKF
population no. much 1200 limited
cc UFO co from this lives. 100 mi strange.
other
(Misinterpretation of conventional A/C)",0.31237721021611004,131.58,"Every observer of a UFO makes a statement very similar to this: they don't know what it is, but they know what it isn't.
408 knots. It is felt that this B-47 correlates very closely with UFOB; however, the observer has 4 years as a weather observer in the USAF and definitely states the object was not a B-47.
(Misinterpretation of conventional A/C)",0.3879668049792531,96.55,"Every observer of UFOs makes a statement very similar to this: they don't know what it is, but they know what it isn't.
PAGE FOUR
408 knots.
It is felt that this B-47 correlates very closely with the UFO; however, the observer has 4 years as a weather observer in the USAF and definitely states the object was not a B-47.
(Misinterpretation of conventional A/C)",0.3817427385892116,71.68,"Every observer of a UFO makes a statement very similar to this: they don't know what it is, but they know what it isn't.

PAGE FOUR RJEDKF FIG

408 knots. It is felt that a B-47 correlates very closely with the UFO; however, the observer has 4 years as a weather observer in the USAF and definitely states the object was not a B-47.

BT

Expect, since living in vicinity
106, once
87/2338Z SEP RJEDKF
Population no. much 1200; limited
cc UFO CO from this line, coming strong.
Other

(MISINTERPRETATION OF CONVENTIONAL A/C)",0.25918762088974856,69.85,"Every observer of a UFO makes
a statement, very similar in
PAGE FOUR RJEDKF FIG
this: they don't know what it
is, but they know what it isn't.
408 KNOTS. IT IS FELT THAT THIS B-47 CORRELATES VERY CLOSELY WITH UFOs
HOWEVER, THE OBSERVER HAS 4 YEARS AS A WEATHER OBSERVER IN THE USAF
AND DEFINITELY STATES OBJECT WAS NOT A B-47
BT
expect. since in vicinity
106, one
87/2388Z SEP RJEDKF
population no. much 1200 limited
cc UFO CO from this lives. moving strange.
other
(MISINTERPRETATION OF
CONVENTIONAL A/C)",0.30495049504950494,93.98,"every observed UFO makes
a statement, very similar in
PAGE FOUR RJEDKF FIG
this, they don't know what it
is, but they know what it isn't
408 KNOTS IT IS FELT THAT THIS B-47 CORRELATES VERY CLOSELY WITH UFO
HOWEVER THE OBSERVER HAS 4 YEARS AS A WEATHER OBSERVER IN THE USAF
T
AND DEFINITELY STATES OBJECT WAS NOT A B-47
BT
except. since living in city
106, once
87/2388Z SEP RJEDKF
population no. muce 1200 2 ited
cc UFO CO from this lives. 100mg strange.
other
(MISINTERPRETATION OF
CONVENTIONAL A/C",0.32665330661322645,106.76,"every observed UFO makes
a statement, very similar in
PAGE FOUR RJEDKF !IG
this, they don't know what it
is, but they know what it isn't
408 KNOTS IT IS FELT THAT THIS B-47 CORRELATES VERY CLOSELY WITH UFOS
HOWEVER THE OBSERVER HAS 4 YEARS AS A WEATHER OBSERVER IN THE USAF
T
AND DEFINITELY STATES OBJECT WAS NOT A B-47
BT
expect. since ivin ucity
106, onc
87/2388Z SEP RJEDKF
population no. muce 1200 2 ited
cc U'O CO from this lives. 100mg strang.
other
(MISINTERPRETATION OF
CONVENTIONAL A/C",0.3319838056680162,89.53,"Every observed UFO makes a statement, very similar in
this: they don't know what it
is, but they know what it isn't.
PAGE FOUR RJEDKF FIG
408 KNOTS IT IS FELT THAT THIS B-47 CORRELATES VERY CLOSELY WITH UFOB
HOWEVER THE OBSERVER HAS 4 YEARS AS A WEATHER OBSERVER IN THE USAF
AND DEFINITELY STATES OBJECT WAS NOT A B-47
BT
except, since living in city
106, once
87/2388Z SEP RJEDKF
population no. much 1200 2 cited
cc UFO CO from this lives. 100mg strange.
other
(MISINTERPRETATION OF
CONVENTIONAL A/C)",0.23952095808383234,60.03
28984139,"PROJECT 10073 RECORD CARD
1. DATE
13 Aug 59
2. LOCATION
Long Island, New York
3. DATE-TIME GROUP
Local 1634
GMT 132134Z Aug 59
4. TYPE OF OBSERVATION
Ground-Visual
Ground-Radar
Air-Visual
Air-Intercept Radar
5. PHOTOS
Yes
No
6. SOURCE
Civilian
7. LENGTH OF OBSERVATION
20-30 sec
8. NUMBER OF OBJECTS
one
9. COURSE
W-E
10. BRIEF SUMMARY OF SIGHTING
Round, yellowish-blue object flying very high. Faded out.
11. COMMENTS
Limited info. Possible a/c.
12. CONCLUSIONS
Was Balloon
Probably Balloon
Possibly Balloon
Was Aircraft
Probably Aircraft
Possibly Aircraft
Was Astronomical
Probably Astronomical
Possibly Astronomical
Other
Insufficient Data for Evaluation
Unknown
ATIC FORM 3-29 (REV 26 SEP 52)",0.03879310344827586,64.24,"PROJECT 10073 RECORD CARD
1. DATE
13 Aug 59
2. LOCATION
Long Island, New York
3. DATE-TIME GROUP
Local 1634
GMT 132134Z Aug 59
4. TYPE OF OBSERVATION
Ground-Visual
Ground-Radar
Air-Visual
Air-Intercept Radar
5. PHOTOS
Yes
No
6. SOURCE
Civilian
Other
7. LENGTH OF OBSERVATION
20-30 sec
8. NUMBER OF OBJECTS
one
9. COURSE
W-E
10. BRIEF SUMMARY OF SIGHTING
Round, yellowish-blue object flying very high. Faded out.
11. COMMENTS
Limited info. Possible aircraft.
12. CONCLUSIONS
Was Balloon
Probably Balloon
Possibly Balloon
Was Aircraft
Probably Aircraft
Possibly Aircraft
Was Astronomical
Probably Astronomical
Possibly Astronomical
Other
Insufficient Data for Evaluation
ATIC FORM 3.29 (REV 26 SEP 52)",0.06294706723891273,26.03,"PROJECT 10073 RECORD CARD
1. DATE
13 Aug 59
2. LOCATION
Long Island, New York
3. DATE-TIME GROUP
Local 1634
GMT 132134Z Aug 59
4. TYPE OF OBSERVATION
Ground-Visual
Ground-Radar
Air-Visual
Air-Intercept Radar
5. PHOTOS
Yes
No
6. SOURCE
Civilian
7. LENGTH OF OBSERVATION
20-30 sec
8. NUMBER OF OBJECTS
one
9. COURSE
W-E
10. BRIEF SUMMARY OF SIGHTING
Round, yellowish-blue obj flying very high. Faded out.
11. COMMENTS
Limited info. Possible a/c.
12. CONCLUSIONS
Was Balloon
Probably Balloon
Possibly Balloon
Was Aircraft
Probably Aircraft
Possibly Aircraft
Was Astronomical
Probably Astronomical
Possibly Astronomical
Other
Insufficient Data for Evaluation
ATIC FORM 3.29 (REV 26 SEP 52)",0.042028985507246375,62.46,"PROJECT 10073 RECORD CARD
1. DATE
13 Aug 59
2. LOCATION
Long Island, New York
3. DATE-TIME GROUP
Local 1634
GMT 132134Z Aug 59
4. TYPE OF OBSERVATION
Ground-Visual
Ground-Radar
Air-Visual
Air-Intercept Radar
5. PHOTOS
Yes
No
6. SOURCE
Civilian
7. LENGTH OF OBSERVATION
20-30 sec
8. NUMBER OF OBJECTS
One
9. COURSE
W-E
10. BRIEF SUMMARY OF SIGHTING
Round, yellowish-blue object flying very high. Faded out.
11. COMMENTS
Limited info. Possible a/c.
12. CONCLUSIONS
Was Balloon
Probably Balloon
Possibly Balloon
Was Aircraft
Probably Aircraft
Possibly Aircraft
Was Astronomical
Probably Astronomical
Possibly Astronomical
Other
Insufficient Data for Evaluation
Unknown
ATIC FORM 3-29 (REV 26 SEP 52)",0.03879310344827586,20.17,"PROJECT 10073 RECORD CARD
1. DATE
13 Aug 59
2. LOCATION
Long Island, New York
12. CONCLUSIONS
Was Balloon
Probably Balloon
Possibly Balloon
Was Aircraft
Probably Aircraft
Possibly Aircraft
Was Astronomical
Probably Astronomical
Possibly Astronomical
Other
Insufficient Data for Evaluation
3. DATE-TIME GROUP
Local 1634
GMT 132134Z Aug 59
4. TYPE OF OBSERVATION
Ground-Visual
Ground-Radar
Air-Visual
Air-Intercept Radar
5. PHOTOS
Yes
No
6. SOURCE
Civilian
7. LENGTH OF OBSERVATION
20-30 sec
8. NUMBER OF OBJECTS
one
9. COURSE
W-E
10. BRIEF SUMMARY OF SIGHTING
Round, yellowish-blue object flying very high. Faded out.
11. COMMENTS
Limited info. Possible a/c.
ATIC FORM 329 (REV 26 SEP 52)",0.6594202898550725,15.35,"PROJECT 10073 RECORD CARD
1. DATE
13 Aug 59
2. LOCATION
Long Island, New York
3. DATE-TIME GROUP
Local 1634
GMT 132134Z Aug 59
4. TYPE OF OBSERVATION
Ground-Visual
Ground-Radar
Air-Visual
Air-Intercept Radar
5. PHOTOS
Yes
No
6. SOURCE
Civilian
7. LENGTH OF OBSERVATION
20-30 sec
8. NUMBER OF OBJECTS
one
9. COURSE
W-E
10. BRIEF SUMMARY OF SIGHTING
Rnd., yellowish-blue obj flying very high. Faded out.
11. COMMENTS
Limited info. Possible a/c.
12. CONCLUSIONS
Was Balloon
Probably Balloon
Possibly Balloon
Was Aircraft
Probably Aircraft
Possibly Aircraft
Was Astronomical
Probably Astronomical
Possibly Astronomical
Other
Insufficient Data for Evaluation
Unknown
ATIC FORM 329 (REV 26 SEP 52)",0.03328509406657019,28.58,"PROJECT 10073 RECORD CARD
1. DATE
13 Aug 59
2. LOCATION
Long Island, New York
3. DATE-TIME GROUP
Local 1634
GMT 132134Z Aug 59
4. TYPE OF OBSERVATION
ʘGround-Visualʘ
Ground-Radar
Air-Visual
Air-Intercept Radar
5. PHOTOS
Yes
ʘNoʘ
6. SOURCE
Civilian
7. LENGTH OF OBSERVATION
20-30 sec
8. NUMBER OF OBJECTS
one
9. COURSE
W-E
10. BRIEF SUMMARY OF SIGHTING
Rnd, yellowish-blue obj flying very high. Faded out.
11. COMMENTS
Limited info. Possible a/c.
12. CONCLUSIONS
Was Balloon
Probably Balloon
Possibly Balloon
Was Aircraft
Probably Aircraft
ʘPossibly Aircraftʘ
Was Astronomical
Probably Astronomical
Possibly Astronomical
Other
Insufficient Data for Evaluation
Unknown
ATIC FORM 3.29 (REV 26 SEP 52)",0.030390738060781478,24.99,"PROJECT 10073 RECORD CARD

1. DATE   13 Aug 59
2. LOCATION   Long Island, New York
3. DATE-TIME GROUP   Local 1634   GMT 132134Z Aug 59
4. TYPE OF OBSERVATION   ʘGround-Visualʘ  Ground-Radar  Air-Visual  Air-Intercept Radar
5. PHOTOS   Yes  ʘNoʘ
6. SOURCE   ʘCivilianʘ
7. LENGTH OF OBSERVATION   20-30 sec
8. NUMBER OF OBJECTS   one
9. COURSE   W-E
10. BRIEF SUMMARY OF SIGHTING   Rnd, yellowish-blue obj flying very high. Faded out.
11. COMMENTS   Limited info. Possible a/c.
12. CONCLUSIONS   Was Balloon  Probably Balloon  Possibly Balloon  Was Aircraft  Probably Aircraft  ʘPossibly Aircraftʘ  Was Astronomical  Probably Astronomical  Possibly Astronomical  Other  Insufficient Data for Evaluation  Unknown

ATIC FORM 3.29 (REV 26 SEP 52)",0.030390738060781478,24.47,"PROJECT 10073 RECORD CARD
1. DATE   13 Aug 59
2. LOCATION   Long Island, New York
3. DATE-TIME GROUP   Local 1634   GMT 132134Z Aug 59
4. TYPE OF OBSERVATION   Ground-Visual   Ground-Radar   Air-Visual   Air-Intercept Radar
5. PHOTOS   Yes   No
6. SOURCE   Civilian
7. LENGTH OF OBSERVATION   20-30 sec
8. NUMBER OF OBJECTS   one
9. COURSE   W-E
10. BRIEF SUMMARY OF SIGHTING
Rnd, yellowish-blue obj flying very high. Faded out.
11. COMMENTS
Limited info. Possible a/c.
12. CONCLUSIONS
Was Balloon   Probably Balloon   Possibly Balloon
Was Aircraft   Probably Aircraft   Possibly Aircraft
Was Astronomical   Probably Astronomical   Possibly Astronomical
Other   Insufficient Data for Evaluation   Unknown
ATIC FORM 3.29 (REV 26 SEP 52)",0.030390738060781478,34.33
28994552,"PROJECT 10073 RECORD CARD
1. DATE
13 Sep 61
2. LOCATION
East Coast U.S.
3. DATE-TIME GROUP
Local
GMT 0939Z
4. TYPE OF OBSERVATION
Ground-Visual
Ground-Radar
Air-Visual
Air-Intercept Radar
5. PHOTOS
Yes
No
6. SOURCE
Military
7. LENGTH OF OBSERVATION
5-7 sec
8. NUMBER OF OBJECTS
1
9. COURSE
up
10. BRIEF SUMMARY OF SIGHTING
Report of NASA experimental rocket launch from Wallops Island, Virginia. Release of sodium material over 100 miles up; chemical visible for some distance in the Atlantic up and down the Atlantic Coast and as far as Midwestern U.S. (inland).
11. COMMENTS
Confirmed NASA experimental rocket launch.
12. CONCLUSIONS
Was Balloon
Probably Balloon
Possibly Balloon
Was Aircraft
Probably Aircraft
Possibly Aircraft
Was Astronomical
Probably Astronomical
Possibly Astronomical
Other (Rocket launch)
Insufficient Data for Evaluation
Unknown
ATIC FORM 329 (REV 26 SEP 52)",0.12895927601809956,35.3,"PROJECT 10073 RECORD CARD
1. DATE
13 Sep 61
2. LOCATION
E Coast US
3. DATE-TIME GROUP
GMT
0939Z
4. TYPE OF OBSERVATION
Local
Ground-Visual
Ground-Radar
Air-Visual
Air-Intercept Radar
5. PHOTOS
Yes
No
6. SOURCE
Military
7. LENGTH OF OBSERVATION
5-7 sec
8. NUMBER OF OBJECTS
1
9. COURSE
Up
10. BRIEF SUMMARY OF SIGHTING
Report of NASA experimental rocket launch from Wallops Island, Virginia. Release of sodium material over 100 mi up; chemical visible for some distance in the Atlantic, up and down the Atlantic Coast, and as far as the Midwestern U.S. (inland).
11. COMMENTS
Confirmed NASA experimental rocket launch.
12. CONCLUSIONS
Was Balloon
Probably Balloon
Possibly Balloon
Was Aircraft
Probably Aircraft
Possibly Aircraft
Was Astronomical
Probably Astronomical
Possibly Astronomical
Other: Rocket launch
Insufficient Data for Evaluation
Unknown
ATIC FORM 329 (REV 26 SEP 52)",0.13961407491486946,38.1,"PROJECT 10073 RECORD CARD
1. DATE
13 Sep 61
2. LOCATION
E Coast U.S.
12. CONCLUSIONS
Was Balloon
Probably Balloon
Possibly Balloon
Was Aircraft
Probably Aircraft
Possibly Aircraft
Was Astronomical
Probably Astronomical
Possibly Astronomical
Other: Rocket launch
Insufficient Data for Evaluation
Unknown
3. DATE-TIME GROUP
GMT
0939Z
4. TYPE OF OBSERVATION
Local
Ground-Visual
Ground-Radar
Air-Visual
Air-Intercept Radar
5. PHOTOS
Yes
No
6. SOURCE
Military
7. LENGTH OF OBSERVATION
5-7 sec
8. NUMBER OF OBJECTS
1
9. COURSE
Up
10. BRIEF SUMMARY OF SIGHTING
Report of NASA experimental rocket launch from Wallops Island, Virginia. Release of sodium material over 100 mi up; chemical visible for some distance up and down Atlantic Coast and as far as Midwestern U.S. (inland).
11. COMMENTS
Confirmed NASA Experimental rocket launch.
ATIC FORM 329 (REV 26 SEP 52)",0.5367561260210035,29.37,"PROJECT 10073 RECORD CARD

1. DATE
13 Sep 61

2. LOCATION
E Coast U.S.

12. CONCLUSIONS
Was Balloon
Probably Balloon
Possibly Balloon
Was Aircraft
Probably Aircraft
Possibly Aircraft
Was Astronomical
Probably Astronomical
Possibly Astronomical
Other: Rocket launch
Insufficient Data for Evaluation
Unknown

3. DATE-TIME GROUP
Local
GMT 0939Z

4. TYPE OF OBSERVATION
Ground-Visual
Ground-Radar
Air-Visual
Air-Intercept Radar

5. PHOTOS
Yes
No

6. SOURCE
Military

7. LENGTH OF OBSERVATION
5-7 sec

8. NUMBER OF OBJECTS
1

9. COURSE
up

10. BRIEF SUMMARY OF SIGHTING
Report of NASA experimental rocket launch from Wallops Island, Virginia. Release of sodium material over 100 mi up; chemical visible for some distance in the Atlantic up and down the Atlantic Coast and as far as the Midwestern U.S. (inland).

11. COMMENTS
Confirmed NASA experimental rocket launch.

ATIC FORM 329 (REV 26 SEP 52)",0.5141884222474461,48.24,"PROJECT 10073 RECORD CARD
1. DATE
13 Sep 61
2. LOCATION
E Coast US
3. DATE-TIME GROUP
GMT
0939Z
4. TYPE OF OBSERVATION
Local
Ground-Visual
Ground-Radar
Air Visual
Air-Intercept Radar
5. PHOTOS
Yes
No
6. SOURCE
Military
7. LENGTH of OBSERVATION
5-7 sec
8. NUMBER OF OBJECTS
1
9. COURSE
up
10. BRIEF SUMMARY OF SIGHTING
Report of NASA experimental rocket launch from Wallops Island, Virginia. Release of sodium material over 100 miles up; chemical visible for some distance in Atlantic, up and down the Atlantic Coast and as far as Midwestern U.S. (inland).
11. COMMENTS
Confirmed NASA experimental rocket launch.
12. CONCLUSIONS
Was Balloon
Probably Balloon
Possibly Balloon
Was Aircraft
Probably Aircraft
Possibly Aircraft
Was Astronomical
Probably Astronomical
Possibly Astronomical
Other: Rocket launch
Insufficient Data for Evaluation
Unknown
ATIC FORM 329 (REV 26 SEP 52)",0.13257142857142856,28.98,"PROJECT 10073 RECORD CARD
1. DATE
13 Sep 61
2. LOCATION
E Coast U.S.
12. CONCLUSIONS
Was Balloon
Probably Balloon
Possibly Balloon
Was Aircraft
Probably Aircraft
Possibly Aircraft
Was Astronomical
Probably Astronomical
Possibly Astronomical
Other: Rocket launch
Insufficient Data for Evaluation
Unknown
3. DATE-TIME GROUP
GMT
0939Z
Local
4. TYPE OF OBSERVATION
Ground-Visual
Ground-Radar
Air-Visual
Air-Intercept Radar
5. PHOTOS
Yes
No
6. SOURCE
Military
7. LENGTH of OBSERVATION
5-7 sec
8. NUMBER OF OBJECTS
1
9. COURSE
Up
10. BRIEF SUMMARY OF SIGHTING Report of NASA experimental rocket launch from Wallops Island, Virginia. Release of sodium material over 100 mi up; chemical visible for some distance in the Atlantic, up and down the Atlantic Coast and as far as Midwestern U.S. (inland).
11. COMMENTS Confirmed NASA experimental rocket launch.
ATIC FORM 329 (REV 26 SEP 52)",0.520501138952164,32.77,"PROJECT 10073 RECORD CARD

1. DATE
13 Sep 61

2. LOCATION
E Coast U.S.

3. DATE-TIME GROUP
Local
ʘGMTʘ 0939Z

4. TYPE OF OBSERVATION
ʘGround-Visualʘ
Ground-Radar
Air-Visual
Air-Intercept Radar

5. PHOTOS
Yes
ʘNoʘ

6. SOURCE
Military

7. LENGTH OF OBSERVATION
5-7 sec

8. NUMBER OF OBJECTS
1

9. COURSE
up

10. BRIEF SUMMARY OF SIGHTING
Report of NASA experi-
mental rocket launch fm Wallops Island, Vir-
ginia. Release of sodium material over 100 mi
up; chemical visible for some distance in
Atlantic up and down Atlantic Coast and as far
as Midwestern U.S. (inland).

11. COMMENTS
Confirmed NASA Experimental rocket launch.

12. CONCLUSIONS
Was Balloon
Probably Balloon
Possibly Balloon
Was Aircraft
Probably Aircraft
Possibly Aircraft
Was Astronomical
Probably Astronomical
Possibly Astronomical
ʘOther Rocket launchʘ
Insufficient Data for Evaluation
Unknown

ATIC FORM 329 (REV 26 SEP 52)",0.1103448275862069,48.85,"PROJECT 10073 RECORD CARD
1. DATE   13 Sep 61
2. LOCATION   E Coast US
3. DATE-TIME GROUP
   Local
   ʘGMTʘ 0939Z
4. TYPE OF OBSERVATION
   ʘGround-Visualʘ
   Ground-Radar
   Air-Visual
   Air-Intercept Radar
5. PHOTOS
   Yes
   No
6. SOURCE   ʘMilitaryʘ
7. LENGTH OF OBSERVATION   5-7 sec
8. NUMBER OF OBJECTS   1
9. COURSE   up
10. BRIEF SUMMARY OF SIGHTING   Report of NASA experi-
mental rocket launch fm Wallops Island, Vir-
ginia. Release of sodium material over 100 mi
up; chemical visible for some distance in
Atlantic up and down Atlantic Coast and as far
as Midwestern U.S. (inland).
11. COMMENTS   Confirmed NASA Experimental
rocket launch.
12. CONCLUSIONS
   Was Balloon
   Probably Balloon
   Possibly Balloon
   Was Aircraft
   Probably Aircraft
   Possibly Aircraft
   Was Astronomical
   Probably Astronomical
   Possibly Astronomical
   ʘOther Rocket launchʘ
   Insufficient Data for Evaluation
   Unknown
ATIC FORM 329 (REV 26 SEP 52)",0.10829493087557604,35.63,"PROJECT 10073 RECORD CARD
1. DATE   13 Sep 61
2. LOCATION   E Coast U.S.
3. DATE-TIME GROUP   Local   ʘGMTʘ   0939Z
4. TYPE OF OBSERVATION   Ground-Visual   Ground-Radar   Air-Visual   Air-Intercept Radar
5. PHOTOS   Yes   No
6. SOURCE   Military
7. LENGTH OF OBSERVATION   5-7 sec
8. NUMBER OF OBJECTS   1
9. COURSE   up
10. BRIEF SUMMARY OF SIGHTING   Report of NASA experi- mental rocket launch fm Wallops Island, Vir- ginia. Release of sodium material over 100 mi up; chemical visible for some distance in Atlantic up and down Atlantic Coast and as far as Midwestern U.S. (inland).
11. COMMENTS   Confirmed NASA experimental rocket launch.
12. CONCLUSIONS
Was Balloon   Probably Balloon   Possibly Balloon
Was Aircraft   Probably Aircraft   Possibly Aircraft
Was Astronomical   Probably Astronomical   Possibly Astronomical
ʘOther Rocket launchʘ
Insufficient Data for Evaluation
Unknown
ATIC FORM 329 (REV 26 SEP 52)",0.1103448275862069,40.61
29000491,"OU
in
2020
(:-)
(=)
03/2020",1.0,40.38,"OU
in
2020
(:->
(=)
39/2020
)
)",1.0,29.07,"OU
in
2020
(:->
(=)
3/9/2020
)
)",1.0,38.41,"Our No. 2070
39/020",1.0,65.33,"HQ No. 2070
39/020",1.0,21.61,"For your contextual awareness, the document is part of a collection of files on Project Blue Book. Project Blue Book was the code name for the systematic study of unidentified flying objects (UFOs) by the United States Air Force from March 1952 until its termination on December 17, 1969. The project, headquartered at Wright-Patterson Air Force Base, Ohio, was initially directed by Captain Edward J. Ruppelt and followed similar efforts such as Project Sign, established in 1947, and Project Grudge in 1949. Project Blue Book had two goals: to determine whether UFOs were a threat to national security and to scientifically analyze UFO-related data.",1.0,18.54,"OU
in
2070
(:->
(=)
39/020
)
)",1.0,7.99,"OU
in
2070
(:->
(=)
39/020
)
)",1.0,9.72,"OU
in
2070
(:->
(=)
39/020
)
)",1.0,11.06
28986666,"Page 8
39. Do you think you can estimate the speed of the object?
(Circle One)
Yes
No
IF you answered YES, what speed would you estimate?
MACH 3.00 MACH 5–6
m.p.h.

40. Do you think you can estimate how far away from you the object was?
(Circle One)
Yes
No
just ENTERING
ATMOSPHERE
IF you answered YES, then how far away would you say it was?
feet.

41. Please give the following information about yourself:
NAME
Last Name
First Name
Middle Name
ADDRESS
AVE
DAYTON
Street
City
Zone
State
TELEPHONE NUMBER
What is your present job? COST ACCOUNTING
Age 32
Sex MALE
Please indicate any special educational training that you have had.
a. Grade school
b. High school
c. College 45/50 HOURS
d. Post graduate
e. Technical school SERVICE USAF TRAINING
f. Other special training

42. Date you completed this questionnaire:
Day
Month
Year",0.09112709832134293,27.52,"Page 8
39. Do you think you can estimate the speed of the object?
(Circle One)
Yes
No
If you answered YES, what speed would you estimate?
MACH 5-6 m.p.h.

40. Do you think you can estimate how far away from you the object was?
(Circle One)
Yes
No
just entering atmosphere
If you answered YES, then how far away would you say it was?
feet.

41. Please give the following information about yourself:
NAME
Last Name
First Name
Middle Name
ADDRESS
AVE
DAYTON
/
Street
City
Zone
State
TELEPHONE NUMBER
What is your present job? COST ACCOUNTING
Age 32
Sex MALE
Please indicate any special educational training that you have had.
a. Grade school
b. High school
c. College 45/50 HOURS
d. Post graduate
e. Technical school (Type) SERVICE USAF TRAINING
f. Other special training

42. Date you completed this questionnaire:
Day
Month
Year
/",0.11270983213429256,59.8,"Page 8
39. Do you think you can estimate the speed of the object?
(Circle One)
Yes
No
IF you answered YES, what speed would you estimate?
m.p.h.
Mach 3–6

40. Do you think you can estimate how far away from you the object was?
(Circle One)
Yes
No
just entering atmosphere
IF you answered YES, then how far away would you say it was?
feet.

41. Please give the following information about yourself:
NAME
Last Name
First Name
Middle Name
ADDRESS
AVE
DAYTON
Street
City
Zone
State
TELEPHONE NUMBER
What is your present job? COST ACCOUNTING
Age 32
Sex MALE
Please indicate any special educational training that you have had.
a. Grade school
b. High school
c. College 45/50 HOURS
d. Post graduate
e. Technical school (Type)
f. Other special training SERVICE USAF TRAINING

42. Date you completed this questionnaire:
Day
Month
Year",0.145083932853717,70.35,"Page 8
39. Do you think you can estimate the speed of the object?
(Circle One)
Yes
No
IF you answered YES, what speed would you estimate?
MACH 5-6
m.p.h.
40. Do you think you can estimate how far away from you the object was?
(Circle One)
Yes
No
just ENTERING
ATMOSPHERE
IF you answered YES, then how far away would you say it was?
feet.
41. Please give the following information about yourself:
NAME
Last Name
First Name
Middle Name
ADDRESS
AVE
DAYTON
/
Street
City
Zone
State
TELEPHONE NUMBER
What is your present job? COST ACCOUNTING
Age 32
Sex MALE
Please indicate any special educational training that you have had.
a. Grade school
b. High school
c. College 45/50 HOURS
d. Post graduate
e. Technical school SERVICE USAF TRAINING
f. Other special training
42. Date you completed this questionnaire:
Day
Month
Year
/",0.10431654676258993,23.24,"Page 8
39. Do you think you can estimate the speed of the object?
(Circle One)
Yes
No
If you answered YES, what speed would you estimate?
m.p.h.
Mach 5-6

40. Do you think you can estimate how far away from you the object was?
(Circle One)
Yes
No
If you answered YES, then how far away would you say it was?
feet.
Just entering atmosphere

41. Please give the following information about yourself:
NAME
Last Name
First Name
Middle Name
ADDRESS
Ave
Dayton
Street
City
Zone
State
TELEPHONE NUMBER
What is your present job? Cost accounting
Age 32
Sex Male
Please indicate any special educational training that you have had.
a. Grade school
b. High school
c. College (45/50 hours)
d. Post graduate
e. Technical school (Service USAF training)
f. Other special training

42. Date you completed this questionnaire:
Day
Month
Year",0.06474820143884892,49.46,"Page 8
39. Do you think you can estimate the speed of the object?
(Circle one)
Yes
No
If you answered YES, what speed would you estimate?
m.p.h.
Mach 3.00; Mach 5–6

40. Do you think you can estimate how far away from you the object was?
(Circle one)
Yes
No
just entering atmosphere
If you answered YES, then how far away would you say it was?
feet.

41. Please give the following information about yourself:
NAME
Last Name
First Name
Middle Name
ADDRESS
AVE
DAYTON
Street
City
Zone
State
TELEPHONE NUMBER
What is your present job? COST ACCOUNTING
Age 32
Sex MALE
Please indicate any special educational training that you have had.
a. Grade school
b. High school
c. College 45/50 HOURS
d. Post graduate
e. Technical school (Type) SERVICE USAF TRAINING
f. Other special training

42. Date you completed this questionnaire:
Day
Month
Year",0.11750599520383694,36.45,"Page 8
39. Do you think you can estimate the speed of the object?
(Circle One)
ʘYesʘ
No
IF you answered YES, what speed would you estimate?
MACH 3 00 MACH 5-6
m.p.h.

40. Do you think you can estimate how far away from you the object was?
(Circle One)
ʘYesʘ
No
IF you answered YES, then how far away would you say it was?
just ENTERING ATMOSPHERE
feet.

41. Please give the following information about yourself:
NAME
Last Name
First Name
Middle Name

ADDRESS
Street  AVE
City  DAYTON
Zone  /
State

TELEPHONE NUMBER

What is your present job? COST ACCOUNTING
Age 32
Sex MALE

Please indicate any special educational training that you have had.
a. Grade school
b. High school
c. College 45/50 HOURS
d. Post graduate
e. Technical school (Type) SERVICE USAF TRAINING
f. Other special training

42. Date you completed this questionnaire:
Day
Month
Year
this",0.03933253873659118,58.58,"Page 8
39. Do you think you can estimate the speed of the object?
(Circle One)
Yes
No
If you answered YES, what speed would you estimate?
m.p.h.
MACH 3 or MACH 5-6

40. Do you think you can estimate how far away from you the object was?
(Circle One)
Yes
No
just ENTERING
ATMOSPHERE
If you answered YES, then how far away would you say it was?
feet.

41. Please give the following information about yourself:
NAME
Last Name
First Name
Middle Name
ADDRESS
Street AVE
City DAYTON
Zone
State
TELEPHONE NUMBER
What is your present job? COST ACCOUNTING
Age 32
Sex MALE
Please indicate any special educational training that you have had.
a. Grade school
b. High school
c. College 45/50 HOURS
d. Post graduate
e. Technical school (Type) SERVICE USAF TRAINING
f. Other special training

42. Date you completed this questionnaire:
Day
Month
Year
this",0.1135005973715651,35.43,"Page 8
39. Do you think you can estimate the speed of the object?
(Circle One)
ʘYesʘ
No
IF you answered YES, what speed would you estimate?
MACH 3.00-MACH 5-6
m.p.h.

40. Do you think you can estimate how far away from you the object was?
(Circle One)
ʘYesʘ
No
IF you answered YES, then how far away would you say it was?
just ENTERING ATMOSPHERE
feet.

41. Please give the following information about yourself:
NAME
Last Name
First Name
Middle Name
ADDRESS
Street  AVE
City    DAYTON
Zone
State
TELEPHONE NUMBER
What is your present job? COST ACCOUNTING
Age 32
Sex MALE
Please indicate any special educational training that you have had.
a. Grade school
b. High school
c. College 45/50 HOURS
d. Post graduate
e. Technical school SERVICE USAF TRAINING
f. Other special training

42. Date you completed this questionnaire:
Day
Month
Year",0.025179856115107913,46.52
28974530,"UFOB INDEX CARD
ATSS-JFCE 565
67
1. DATE
11 Nov 57
2. LOCATION
Norwich, Conn.
3. DATE-TIME GROUP
110216Z Nov 57
4. TYPE OF OBSERVATION
Ground-Visual
Ground-Radar
Air-Visual
Air-Intercept Radar
5. PHOTOS
Yes
No
6. SOURCE
Civilian
Other
7. LENGTH OF OBSERVATION
Four seconds
8. NUMBER OF OBJECTS
One
9. COURSE
Arc
Unknown
10. BRIEF SUMMARY OF SIGHTING
One round red and orange object the size of a basketball. Object was seen in an arc and was in sight for 4 seconds.
11. COMMENTS
Description, duration, flight path indicate that this was probably a meteor.
12. CONCLUSIONS
Was Balloon
Probably Balloon
Possibly Balloon
Was Aircraft
Probably Aircraft
Possibly Aircraft
Was Astronomical
Probably Astronomical
Possibly Astronomical
Insufficient Data for Evaluation
3 Jan 58
ATIC Form 5 (15 Oct 54)",0.06683480453972257,53.25,"UFOB INDEX CARD
ATSS-JFCE 565
67
1. DATE
1 Nov 57
2. LOCATION
Norwich, Conn.
3. DATE-TIME GROUP
010216Z Nov 57
4. TYPE OF OBSERVATION
Ground-Visual
Ground-Radar
Air-Visual
Air-Intercept Radar
5. PHOTOS
Yes
No
6. SOURCE
Civilian
Other
7. LENGTH OF OBSERVATION
Four seconds
8. NUMBER OF OBJECTS
One
9. COURSE
Unknown
10. BRIEF SUMMARY OF SIGHTING
One round red and orange object the size of a basketball. Object was seen in an arc and was in sight for 4 seconds.
11. COMMENTS
Description, duration, flight path indicate that this was probably a meteor.
12. CONCLUSIONS
3 Jan 58
Was Balloon
Probably Balloon
Possibly Balloon
Was Aircraft
Probably Aircraft
Possibly Aircraft
Was Astronomical
Probably Astronomical
Possibly Astronomical
Other
Insufficient Data for Evaluation
AISOP Form 5 (15 Oct 54)",0.07672955974842767,30.61,"UFOB INDEX CARD
ATIC-JFCE 565
67
1. DATE
3 Jan 58
2. LOCATION
Norwich, Conn.
3. DATE-TIME GROUP
11/0216Z Nov 57
4. TYPE OF OBSERVATION
Ground-Visual
Ground-Radar
Air-Visual
Air-Intercept Radar
5. PHOTOS
Yes
No
6. SOURCE
Civilian
Other
7. LENGTH OF OBSERVATION
Four seconds
8. NUMBER OF OBJECTS
One
9. COURSE
Arc
Unknown
10. BRIEF SUMMARY OF SIGHTING
One round red and orange object the size of a basketball. Object was last seen in an arc and was in sight for 4 seconds.
11. COMMENTS
Description, duration, flight path indicate that this was probably a meteor.
12. CONCLUSIONS
Was Balloon
Probably Balloon
Possibly Balloon
Was Aircraft
Probably Aircraft
Possibly Aircraft
Was Astronomical
Probably Astronomical
Possibly Astronomical
Insufficient Data for Evaluation
ATIC Form 5 (15 Oct 54)",0.07477820025348543,59.09,"UFOB INDEX CARD
ATSS-JFCE 565
67

1. DATE
11 Nov 57

2. LOCATION
Norwich, Conn.

3. DATE-TIME GROUP
110216Z Nov 57

4. TYPE OF OBSERVATION
Ground-Visual
Ground-Radar
Air-Visual
Air-Intercept Radar

5. PHOTOS
Yes
No

6. SOURCE
Civilian

7. LENGTH OF OBSERVATION
Four seconds

8. NUMBER OF OBJECTS
One

9. COURSE
Unknown

10. BRIEF SUMMARY OF SIGHTING
One round red and orange object the size of a basketball. Object was last seen in an arc and was in sight for 4 seconds.

11. COMMENTS
Description, duration, flight path indicate that this was probably a meteor.

12. CONCLUSIONS
3 Jan 58
Was Balloon
Probably Balloon
Possibly Balloon
Was Aircraft
Probably Aircraft
Possibly Aircraft
Was Astronomical
Probably Astronomical
Possibly Astronomical
Other
Insufficient Data for Evaluation

AISOP Form 5 (15 Oct 54)",0.06666666666666667,37.31,"UFOB INDEX CARD
ATSS-JFCE 565
67
1. DATE
1 Nov 57
2. LOCATION
Norwich, Conn.
3. DATE-TIME GROUP
11/0216Z Nov 57
4. TYPE OF OBSERVATION
Ground-Visual
Ground-Radar
Air-Visual
Air-Intercept Radar
5. PHOTOS
Yes
No
6. SOURCE
Civilian
Other
7. LENGTH OF OBSERVATION
Four seconds
8. NUMBER OF OBJECTS
One
9. COURSE
Unknown
10. BRIEF SUMMARY OF SIGHTING
One round red and orange object the size of a basketball. Object was seen in an arc and was in sight for 4 seconds.
11. COMMENTS
Description, duration, flight path indicate that this was probably a meteor.
12. CONCLUSIONS
3 Jan 58
Was Balloon
Probably Balloon
Possibly Balloon
Was Aircraft
Probably Aircraft
Possibly Aircraft
Was Astronomical
Probably Astronomical
Possibly Astronomical
Insufficient Data for Evaluation
AISOP Form 5 (15 Oct 54)",0.07088607594936709,54.95,"UFOB INDEX CARD
ATIC-JFCE 565
67
1. DATE
3 Jan 58
2. LOCATION
Norwich, Conn.
3. DATE-TIME GROUP
110216Z Nov 57
4. TYPE OF OBSERVATION
Ground-Visual
Ground-Radar
Air-Visual
Air-Intercept Radar
5. PHOTOS
Yes
No
6. SOURCE
Civilian
Other
7. LENGTH OF OBSERVATION
Four seconds
8. NUMBER OF OBJECTS
One
9. COURSE
Unknown
10. BRIEF SUMMARY OF SIGHTING
One round red and orange object the size of a basketball. Object was seen in an arc and was in sight for 4 seconds.
11. COMMENTS
Description, duration, flight path indicate that this was probably a meteor.
12. CONCLUSIONS
Was Balloon
Probably Balloon
Possibly Balloon
Was Aircraft
Probably Aircraft
Possibly Aircraft
Was Astronomical
Probably Astronomical
Possibly Astronomical
Insufficient Data for Evaluation
ATIC Form 5 (15 Oct 54)",0.07573812580231065,74.34,"UFOB INDEX CARD
ATSS-JFCE 565
67

1. DATE
11 Nov 57

2. LOCATION
Norwich, Conn.

3. DATE-TIME GROUP
11/0216Z Nov 57

4. TYPE OF OBSERVATION
ʘGround-Visualʘ
Ground-Radar
Air-Visual
Air-Intercept Radar

5. PHOTOS
Yes
ʘNoʘ

6. SOURCE
ʘCivilianʘ

7. LENGTH OF OBSERVATION
Four seconds

8. NUMBER OF OBJECTS
One

9. COURSE
Arc

10. BRIEF SUMMARY OF SIGHTING
One round red and orange object the size of a basketball. Object was seen in an arc and was in sight for 4 seconds.

11. COMMENTS
Description, duration, flight path indicate that this was probably a meteor.

12. CONCLUSIONS
3 Jan 58
Was Balloon
Probably Balloon
Possibly Balloon
Was Aircraft
Probably Aircraft
Possibly Aircraft
Was Astronomical
ʘProbably Astronomicalʘ
Possibly Astronomical
Other
Insufficient Data for Evaluation

AISOP Form 5 (15 Oct 54)",0.060991105463786534,29.59,"UFOB INDEX CARD
ATSS-JFCE 565
67

1. DATE
1 Nov 57

2. LOCATION
Norwich, Conn.

3. DATE-TIME GROUP
1/0216Z Nov 57

4. TYPE OF OBSERVATION
ʘGround-Visualʘ
Ground-Radar
Air-Visual
Air-Intercept Radar

5. PHOTOS
Yes
ʘNoʘ

6. SOURCE
ʘCivilianʘ

7. LENGTH OF OBSERVATION
Four seconds

8. NUMBER OF OBJECTS
One

9. COURSE
Unknown

10. BRIEF SUMMARY OF SIGHTING
One round red and orange object the size of a basketball. Object was seen in an arc and was in sight for four seconds.

11. COMMENTS
Description, duration, flight path indicate that this was probably a meteor.

12. CONCLUSIONS
3 Jan 58
Was Balloon
Probably Balloon
Possibly Balloon
Was Aircraft
Probably Aircraft
Possibly Aircraft
Was Astronomical
ʘProbably Astronomicalʘ
Possibly Astronomical
Other
Insufficient Data for Evaluation

AISOP Form 5 (15 Oct 54)",0.07323232323232323,36.66,"UFOB INDEX CARD
ATSS-JFCE 565
67

1. DATE
1 Nov 57

2. LOCATION
Norwich, Conn.

3. DATE-TIME GROUP
010216Z Nov 57

4. TYPE OF OBSERVATION
ʘGround-Visualʘ
Ground-Radar
Air-Visual
Air-Intercept Radar

5. PHOTOS
Yes
ʘNoʘ

6. SOURCE
ʘCivilianʘ
Other

7. LENGTH OF OBSERVATION
Four seconds

8. NUMBER OF OBJECTS
One

9. COURSE
Unknown

10. BRIEF SUMMARY OF SIGHTING
One round red and orange object the size of a basketball. Object was seen in an arc and was in sight for 4 seconds.

11. COMMENTS
Description, duration, flight path indicate that this was probably a meteor.

12. CONCLUSIONS
Was Balloon
Probably Balloon
Possibly Balloon
Was Aircraft
Probably Aircraft
Possibly Aircraft
Was Astronomical
ʘProbably Astronomicalʘ
Possibly Astronomical
Insufficient Data for Evaluation

3 Jan 58

AISOP Form 5 (15 Oct 54)",0.060836501901140684,57.96
28996954,"SOCIAL SIDE

57 Lady Volunteers Lauded For Hospital Red Cross Service

Capping and recognition ceremonies for Red Cross volunteers at the USAF Hospital, Patrick AFB, were recently held in the hospital auditorium.
Twenty-one Gray Ladies and Youth Staff Aides received caps marking the end of their training period and 36 workers received service awards.
Principal speaker for the occasion was Brig. Gen. James W. Humphreys, Jr., hospital commander. The capping was performed by Lt. Col. Mary T. Gates, chief, Clinics Nursing Service.
Among those honored were five mother-daughter teams of volunteers. They are Mrs. Richard P. Klocko and Miss Kerry Klocko; Mrs. Oakley K. Park and Miss Carolyn Park; Mrs. Robert J. Woolverton and Miss Elizabeth Woolverton; Mrs. Victor J. Stachniewicz and Miss Colline Stachniewicz; Mrs. Thomas E. Todd and Miss Patricia Todd.
Caps were presented to Misses Trudy F. Auvil, Josephine Bayer, Anita L. Boisvert, Sylvia De la Garza, Patricia Dulevitz, Carolyn Park, Marcy Fleming, Molly Fleming, Lois Gilbert, Joanne Haselden, Charlene Hey, Stella L. Mickey, Rosalyn Paulson, Bonnie Sherrod, Colline Stachniewicz, Linda Varela, Alana J. White, Ann C. Williams and Margaret Dean; and Mesdames James A. Boyd and Harvey R. Mobley, Jr.
Service awards went to Mesdames William H. Beaber, Thurman A. Glasgow, Lena Hierstein, Sidney H. Luther, Harold Norris, William A. Woodie and Robert J. Woolverton; Misses Donna J. Blevins, Sharron M. Boothe, Donna Connally, Bernice Dickson, Barbara A. Faulkner, Mary L. Garcia, Eileen M. Gilbert, Rose M. Gonzales, Haidy Guerrero, Barbara J. Haddock, Anita L. Henderson, Cheryl Kent, Connie Kentner, Kerry Klocko, Stacy Klutz, Rosemary Ledgerwood, Peggy A. Maloney, Donna L. Menefee, Stephanie Monk, Barbara J. Nicholl, Cynthia I. Oswalt, Hedy Polski, Joan Marie Shand, Alice Elaine Stuart, Christie A. Sullivan, Patricia Todd, Geraldine Trimble, Patricia A. Walden and Elizabeth Woolverton.

Mrs. John A. Denmark (left) receives congratulations from Mrs. John Fisher, chairman of volunteers, South Brevard County Chapter of the Red Cross, following presentation of a 10-year service bar. Mrs. Denmark has put in more than 1,700 hours of volunteer service.

Patrick Wives Club Gives 4 Scholarships

Four students recently received scholarships totaling $1,150 from the Patrick AFB Officers' Wives Club.
Marilee Dunlap, daughter of MSgt. and Mrs. Ellwyn B. Dunlap, received a $400 scholarship. She plans to attend Brigham Young University to major in psychology.
Patricia Adams, daughter of MSgt. and Mrs. William D. Adams, plans to use her $200 grant to attend Brevard Jr. College, majoring in journalism.
Robert Larry Rhodes, son of SFC Robert M. Rhodes and Mrs. John O'Connor, will attend Florida State University, and plans to apply his $400 grant toward a degree in either chemical or aeronautical engineering.
Lorne Butler, son of TSgt. and Mrs. William F. Butler, plans to use his $150 grant at the University of Florida where he will study civil engineering.
Final selection for the scholarships was made by Woodrow J. Darden, superintendent of Brevard County Schools, and a committee of educators.

Mrs. Anthony C. Benjes, Jr., base projects chairman (right), offers her congratulations to four students who won Officers' Wives Club scholarships at Patrick AFB. They are (from left) Robert Rhodes, Marilee Dunlap, Lorne Butler, and Patricia Adams.

VA Child Benefit Facts Available

The Veterans Administration has put out a reminder for your reference file on the legal definition of ""orphan"" and what it can mean in college educational benefits to your children.
The VA says that there are five major areas of misunderstanding which keep eligible children from applying for benefits rightfully theirs.
According to the VA, these misunderstandings are:
1. The fact that one parent still lives makes some children believe they do not qualify as ""orphans.""
For this benefit, an ""orphan"" is a child whose veteran-parent is dead as the result of a wound, accident or illness attributable to service in the Armed Forces.
2. The fact that the dead parent had no wartime service makes others believe they are ineligible.
If the veteran-parent's death resulted from the performance of duty or from extra-hazardous service during peacetime, the child is eligible.
3. The fact that they are married makes some believe they are no longer ""children.""
Marriage does not affect eligibility. Any son or daughter of a serviceman, whose death is attributable to his service, is eligible for the educational benefits provided he or she is between 18 and 23 years of age.
4. The fact that their living parent, usually their mother, has remarried and their step-father has legally adopted them, makes some children believe they are ineligible.
The marriage of the living parent and the subsequent adoption does not affect the eligibility of the children.
5. The fact that many children do not wish, nor are prepared, for education at the college level makes some believe they cannot take advantage of this benefit.
Although training for a high school diploma is not permitted, eligible children may take vocational courses and other non-college training that will help them earn a living.
The VA says it will be glad to spell out the War Orphan Educational Program, pointing up that 1,500 children have taken advantage of this program. (AFNS)",0.462281679672984,78.44,"SOCIAL SIDE

Patrick Wives Club Gives 4 Scholarships

Four students recently received scholarships totaling $1,150 from the Patrick AFB Officers' Wives Club.

Marilee Dunlap, daughter of MSgt. and Mrs. Ellwyn B. Dunlap, received a $400 scholarship. She plans to attend Brigham Young University to major in psychology.

Patricia Adams, daughter of MSgt. and Mrs. William D. Adams, plans to use her $200 grant to attend Brevard Jr. College, majoring in journalism.

Robert Larry Rhodes, son of SFC Robert M. Rhodes and Mrs. John O'Connor, will attend Florida State University, and plans to apply his $400 grant toward a degree in either chemical or aeronautical engineering.

Lorne Butler, son of TSgt. and Mrs. William F. Butler, plans to use his $150 at the University of Florida where he will study civil engineering.

Final selection for the scholarships was made by Woodrow J. Darden, superintendent of Brevard County Schools, and a committee of educators.

Mrs. Anthony C. Benjes, Jr., base projects chairman (right), offers her congratulations to four students who won Officers' Wives Club scholarships at Patrick AFB. They are (from left) Robert Rhodes, Marilee Dunlap, Lorne Butler, and Patricia Adams.

57 Lady Volunteers Lauded for Hospital Red Cross Service

Capping and recognition ceremonies for Red Cross volunteers at the USAF Hospital Lackland were recently held in the hospital auditorium.

Twenty-one Gray Ladies and Youth Staff Aides received caps marking the end of their training period and 36 workers received service awards.

Principal speaker for the occasion was Brig. Gen. James W. Humphreys, Jr., hospital commander. The capping was performed by Lt. Col. Mary T. Gates, chief, clinics nursing service.

Among those honored were five mother-daughter teams of volunteers. They are Mrs. Richard P. Klocko and Miss Kerry Klocko, Mrs. Oakley K. Park and Miss Carolyn Park, Mrs. Robert J. Woolverton and Miss Elizabeth Woolverton, Mrs. Victor J. Stachniewicz and Miss Colleen Stachniewicz, Mrs. Thomas E. Todd and Miss Patricia Todd.

Caps were presented to Misses Trudy F. Auvil, Josephine Bayer, Anita L. Boisvert, Sylvia De la Garza, Patricia Dulevitz, Carolyn Park, Marcy Fleming, Molly Fleming, Lois Gilbert, Joanne Haselden, Charlene Hey, Stella L. Mickey, Rosalyn Paulson, Bonnie Sherrod, Colleen Stachniewicz, Linda Varela, Alana J. White, Ann C. Williams and Margaret Dean; and Mesdames James A. Boyd and Harvey R. Mobley, Jr.

Service awards went to Mesdames William H. Beaber, Thurman A. Glasgow, Lena Hierstein, Sidney H. Luther, Harold Norris, William A. Woodie and Robert J. Woolverton; Misses Donna J. Blevins, Sharron M. Boothe, Donna Connally, Bernice Dickson, Barbara A. Faulkner, Mary L. Garcia, Eileen M. Gilbert, Rose M. Gonzales, Haidy Guerrero, Barbara J. Haddock, Anita L. Henderson, Cheryl Kent, Connie Kentner, Kerry Klocko, Stacy Klutz, Rosemary Ledgerwood, Peggy A. Maloney, Donna L. Menefee, Stephanie Monk, Barbara J. Nicholl, Cynthia I. Oswalt, Hedy Polski, Joan Marie Shand, Alice Elaine Stuart, Christie A. Sullivan, Patricia Todd, Geraldine Trimble, Patricia A. Walden and Elizabeth Woolverton.

Mrs. John A. Denmark (left) receives congratulations from Mrs. John Fisher, chairman of volunteers, South Brevard County Chapter of the Red Cross, following presentation of a 10-year service bar. Mrs. Denmark has put in more than 1,700 hours of volunteer service.

VA Child Benefit Facts Available

The Veterans Administration has put out a reminder for your reference file on the legal definition of ""orphan"" and what it can mean in college educational benefits to your children.

The VA says that there are five major areas of misunderstanding which keep eligible children from applying for benefits rightfully theirs.

According to the VA, these misunderstandings are:

1. The fact that one parent still lives makes some children believe they do not qualify as ""orphans.""
For this benefit, an ""orphan"" is a child whose veteran-parent is dead as the result of a wound, accident or illness attributable to service in the Armed Forces.

2. The fact that the dead parent had no wartime service makes others believe they are ineligible.
If the veteran-parent's death resulted from the performance of duty or from extra-hazardous service during peacetime, the child is eligible.

3. The fact that they are married makes some believe they are no longer ""children.""
Marriage does not affect eligibility. Any son or daughter of a serviceman, whose death is attributable to his service, is eligible for the educational benefits provided he or she is between 18 and 23 years of age.

4. The fact that their living parent, usually their mother, has remarried and their step-father has legally adopted them, makes some children believe they are ineligible.
The marriage of the living parent and the subsequent adoption does not affect the eligibility of the children.

5. The fact that many children do not wish, nor are prepared, for education at the college level makes some believe they cannot take advantage of this benefit.
Although training for a high school diploma is not permitted, eligible children may take vocational courses and other non-college training that will help them earn a living.

The VA says it will be glad to spell out the War Orphan Educational Program, pointing up that 1,500 children have taken advantage of this program. (AFNS)",0.5341649599702104,114.39,"SOCIAL SIDE

57 Lady Volunteers Lauded For Hospital Red Cross Service

Capping and recognition ceremonies for Red Cross volunteers at the USAF Hospital, Lackland, were recently held in the hospital auditorium.

Twenty-one Gray Ladies and Youth Staff Aides received caps marking the end of their training period and 36 workers received service awards.

Principal speaker for the occasion was Brig. Gen. James W. Humphreys, Jr., hospital commander. The capping was performed by Lt. Col. Mary T. Gates, chief, clinics nursing service.

Among those honored were five mother-daughter teams of volunteers. They are Mrs. Richard P. Klocko and Miss Kerry Klocko, Mrs. Oakley K. Park and Miss Carolyn Park, Mrs. Robert J. Woolverton and Miss Elizabeth Woolverton, Mrs. Victor J. Stachniewicz and Miss Colline Stachniewicz, Mrs. Thomas E. Todd and Miss Patricia Todd.

Caps were presented to Misses Trudy F. Auvil, Josephine Bayer, Anita L. Boisvert, Sylvia De la Garza, Patricia Dulevitz, Carolyn Park, Marcy Fleming, Molly Fleming, Lois Gilbert, Joanne Haselden, Charlene Hey, Stella L. Mickey, Rosalyn Paulson, Bonnie Sherrod, Colline Stachniewicz, Linda Varela, Alana J. White, Ann C. Williams and Margaret Dean; and Mesdames James A. Boyd and Harvey R. Mobley, Jr.

Service awards went to Mesdames William H. Beaber, Thurman A. Glasgow, Lena Hierstein, Sidney H. Luther, Harold Norris, William A. Woodie and Robert J. Woolverton; Misses Donna J. Blevins, Sharron M. Boothe, Donna Connally, Bernice Dickson, Barbara A. Faulkner, Mary L. Garcia, Eileen M. Gilbert, Rose M. Gonzales, Haidy Guerrero, Barbara J. Haddock, Anita L. Henderson, Cheryl Kent, Connie Kentner, Kerry Klocko, Stacy Klutz, Rosemary Ledgerwood, Peggy A. Maloney, Donna L. Menefee, Stephanie Monk, Barbara J. Nicholl, Cynthia I. Oswalt, Hedy Polski, Joan Marie Shand, Alice Elaine Stuart, Christie A. Sullivan, Patricia Todd, Geraldine Trimble, Patricia A. Walden and Elizabeth Woolverton.

Mrs. John A. Denmark (left) receives congratulations from Mrs. John Fisher, chairman of volunteers, South Brevard County Chapter of the Red Cross, following presentation of a 10-year service bar. Mrs. Denmark has put in more than 1,700 hours of volunteer service.

Patrick Wives Club Gives 4 Scholarships

Four students recently received scholarships totaling $1,150 from the Patrick AFB Officers' Wives Club.

Marilee Dunlap, daughter of MSgt. and Mrs. Ellwyn B. Dunlap, received a $400 scholarship. She plans to attend Brigham Young University to major in psychology.

Patricia Adams, daughter of MSgt. and Mrs. William D. Adams, plans to use her $200 grant to attend Brevard Jr. College, majoring in journalism.

Robert Larry Rhodes, son of SFC Robert M. Rhodes and Mrs. John O'Connor, will attend Florida State University, and plans to apply his $400 grant toward a degree in either chemical or aeronautical engineering.

Lorne Butler, son of TSgt. and Mrs. William F. Butler, plans to use his $150 grant at the University of Florida where he will study civil engineering.

Final selection for the scholarships was made by Woodrow J. Darden, superintendent of Brevard County Schools, and a committee of educators.

Mrs. Anthony C. Benjes, Jr., base projects chairman (right), offers her congratulations to four students who won Officers' Wives Club scholarships at Patrick AFB. They are (from left) Robert Rhodes, Marilee Dunlap, Lorne Butler, and Patricia Adams.

VA Child Benefit Facts Available

The Veterans Administration has put out a reminder for your reference file on the legal definition of ""orphan"" and what it can mean in college educational benefits to your children.

The VA says that there are five major areas of misunderstanding which keep eligible children from applying for benefits rightfully theirs.

According to the VA, these misunderstandings are:

1. The fact that one parent still lives makes some children believe they do not qualify as ""orphans.""
For this benefit, an ""orphan"" is a child whose veteran-parent is dead as the result of a wound, accident or illness attributable to service in the Armed Forces.

2. The fact that the dead parent had no wartime service makes others believe they are ineligible.
If the veteran-parent's death resulted from the performance of duty or from extra-hazardous service during peacetime, the child is eligible.

3. The fact that they are married makes some believe they are no longer ""children.""
Marriage does not affect eligibility. Any son or daughter of a serviceman whose death is attributable to his service is eligible for the educational benefits provided he or she is between 18 and 23 years of age.

4. The fact that their living parent, usually their mother, has remarried and their step-father has legally adopted them, makes some children believe they are ineligible.
The marriage of the living parent and the subsequent adoption does not affect the eligibility of the children.

5. The fact that many children do not wish, nor are prepared, for education at the college level makes some believe they cannot take advantage of this benefit.
Although training for a high school diploma is not permitted, eligible children may take vocational courses and other non-college training that will help them earn a living.

The VA says it will be glad to spell out the War Orphan Educational Program, pointing up that 1,500 children have taken advantage of this program. (AFNS)",0.4604798214617817,99.3,"SOCIAL SIDE

Patrick Wives Club Gives 4 Scholarships

Four students recently received scholarships totaling $1,150 from the Patrick AFB Officers Wives Club.

Marilee Dunlap, daughter of MSgt. and Mrs. Ellwyn B. Dunlap, received a $400 scholarship. She plans to attend Brigham Young University to major in psychology.

Patricia Adams, daughter of MSgt. and Mrs. William D. Adams, plans to use her $200 grant to attend Brevard Jr. College, majoring in journalism.

Robert Larry Rhodes, son of SFC Robert M. Rhodes and Mrs. John O'Connor, will attend Florida State University, and plans to apply his $400 grant toward a degree in either chemical or aeronautical engineering.

Lorne Butler, son of TSgt. and Mrs. William F. Butler, plans to use his $150 at the University of Florida where he will study civil engineering.

Final selection for the scholarships was made by Woodrow J. Darden, superintendent of Brevard County Schools, and a committee of educators.

Mrs. Anthony C. Benjes, Jr., base projects chairman (right), offers her congratulations to four students who won Officers Wives Club scholarships at Patrick AFB. They are (from left) Robert Rhodes, Marilee Dunlap, Lorne Butler, and Patricia Adams.

57 Lady Volunteers Lauded For Hospital Red Cross Service

Capping and recognition ceremonies for Red Cross volunteers at the USAF Hospital, Lackland, were recently held in the hospital auditorium.

Twenty-one Gray Ladies and Youth Staff Aides received caps marking the end of their training period and 36 workers received service awards.

Principal speaker for the occasion was Brig. Gen. James W. Humphreys, Jr., hospital commander. The capping was performed by Lt. Col. Mary T. Gates, chief, clinics nursing service.

Among those honored were five mother-daughter teams of volunteers. They are Mrs. Richard P. Klocko and Miss Kerry Klocko; Mrs. Oakley K. Park and Miss Carolyn Park; Mrs. Robert J. Woolverton and Miss Elizabeth Woolverton; Mrs. Victor J. Stachniewicz and Miss Colline Stachniewicz; Mrs. Thomas E. Todd and Miss Patricia Todd.

Caps were presented to Misses Trudy F. Auvil, Josephine Bayer, Anita L. Boisvert, Sylvia De la Garza, Patricia Dulevitz, Carolyn Park, Marcy Fleming, Molly Fleming, Lois Gilbert, Joanne Haselden, Charlene Hey, Stella L. Mickey, Rosalyn Paulson, Bonnie Sherrod, Colline Stachniewicz, Linda Varela, Alana J. White, Ann C. Williams and Margaret Dean; and Mesdames James A. Boyd and Harvey R. Mobley, Jr.

Service awards went to Mesdames William H. Beaber, Thurman A. Glasgow, Lena Hierstein, Sidney H. Luther, Harold Norris, William A. Woodie and Robert J. Woolverton; Misses Donna J. Blevins, Sharron M. Boothe, Donna Connally, Bernice Dickson, Barbara A. Faulkner, Mary L. Garcia, Eileen M. Gilbert, Rose M. Gonzales, Haidy Guerrero, Barbara J. Haddock, Anita L. Henderson, Cheryl Kent, Connie Kentner, Kerry Klocko, Stacy Klutz, Rosemary Ledgerwood, Peggy A. Maloney, Donna L. Menefee, Stephanie Monk, Barbara J. Nicholl, Cynthia I. Oswalt, Hedy Polski, Joan Marie Shand, Alice Elaine Stuart, Christie A. Sullivan, Patricia Todd, Geraldine Trimble, Patricia A. Walden and Elizabeth Woolverton.

Mrs. John A. Denmark (left) receives congratulations from Mrs. John Fisher, chairman of volunteers, South Brevard County Chapter of the Red Cross, following presentation of a 10-year service bar. Mrs. Denmark has put in more than 1,700 hours of volunteer service.

VA Child Benefit Facts Available

The Veterans Administration has put out a reminder for your reference file on the legal definition of “orphan” and what it can mean in college educational benefits to your children.

The VA says that there are five major areas of misunderstanding which keep eligible children from applying for benefits rightfully theirs.

According to the VA, these misunderstandings are:

1. The fact that one parent still lives makes some children believe they do not qualify as “orphans.”
For this benefit, an “orphan” is a child whose veteran-parent is dead as the result of a wound, accident, or illness attributable to service in the Armed Forces.

2. The fact that the dead parent had no wartime service makes others believe they are ineligible.
If the veteran-parent’s death resulted from the performance of duty or from extra-hazardous service during peacetime, the child is eligible.

3. The fact that they are married makes some believe they are no longer “children.”
Marriage does not affect eligibility. Any son or daughter of a serviceman, whose death is attributable to his service, is eligible for the educational benefits provided he or she is between 18 and 23 years of age.

4. The fact that their living parent, usually their mother, has remarried and their stepfather has legally adopted them, makes some children believe they are ineligible.
The marriage of the living parent and the subsequent adoption does not affect the eligibility of the children.

5. The fact that many children do not wish, nor are prepared, for education at the college level makes some believe they cannot take advantage of this benefit.
Although training for a high school diploma is not permitted, eligible children may take vocational courses and other non-college training that will help them earn a living.

The VA says it will be glad to spell out the War Orphan Educational Program, pointing up that 1,500 children have taken advantage of this program. (AFNS)",0.53267547942655,43.51,"SOCIAL SIDE
57 Lady Volunteers Lauded For Hospital Red Cross Service
Patrick Wives Club Gives 4 Scholarships

Four students recently received scholarships totaling $1,150 from the Patrick AFB Officers Wives Club.

Marilee Dunlap, daughter of MSgt. and Mrs. Ellwyn B. Dunlap, received a $400 scholarship. She plans to attend Brigham Young University to major in psychology.

Patricia Adams, daughter of MSgt. and Mrs. William D. Adams, plans to use her $200 grant to attend Brevard Jr. College, majoring in journalism.

Robert Larry Rhodes, son of SFC Robert M. Rhodes and Mrs. John O'Connor, will attend Florida State University, and plans to apply his $400 grant toward a degree in either chemical or aeronautical engineering.

Lorne Butler, son of TSgt. and Mrs. William F. Butler, plans to use his $150 at the University of Florida where he will study civil engineering.

Final selection for the scholarships was made by Woodrow J. Darden, superintendent of Brevard County Schools, and a committee of educators.

Capping and recognition ceremonies for Red Cross volunteers at the USAF Hospital Lackland were recently held in the hospital auditorium.

Twenty-one Gray Ladies and Youth Staff Aides received caps marking the end of their training period and 36 workers received service awards.

Principal speaker for the occasion was Brig. Gen. James W. Humphreys, Jr., hospital commander. The capping was performed by Lt. Col. Mary T. Gates, chief, clinics nursing service.

Among those honored were five mother-daughter teams of volunteers. They are Mrs. Richard P. Klocko and Miss Kerry Klocko, Mrs. Oakley K. Park and Miss Carolyn Park, Mrs. Robert J. Woolverton and Miss Elizabeth Woolverton, Mrs. Victor J. Stachniewicz and Miss Colline Stachniewicz, Mrs. Thomas E. Todd and Miss Patricia Todd.

Caps were presented to Misses Trudy F. Auvil, Josephine Bayer, Anita L. Boisvert, Sylvia De la Garza, Patricia Dulevitz, Carolyn Park, Marcy Fleming, Molly Fleming, Lois Gilbert, Joanne Haselden, Charlene Hey, Stella L. Mickey, Rosalyn Paulson, Bonnie Sherrod, Colline Stachniewicz, Linda Varela, Alana J. White, Ann C. Williams and Margaret Dean; and Mesdames James A. Boyd and Harvey R. Mobley, Jr.

Service awards went to Mesdames William H. Beaber, Thurman A. Glasgow, Lena Hierstein, Sidney H. Luther, Harold Norris, William A. Woodie and Robert J. Woolverton; Misses Donna J. Blevins, Sharron M. Boothe, Donna Connally, Bernice Dickson, Barbara A. Faulkner, Mary L. Garcia, Eileen M. Gilbert, Rose M. Gonzales, Haidy Guerrero, Barbara J. Haddock, Anita L. Henderson, Cheryl Kent, Connie Kentner, Kerry Klocko, Stacy Klutz, Rosemary Ledgerwood, Peggy A. Maloney, Donna L. Menefee, Stephanie Monk, Barbara J. Nicholl, Cynthia I. Oswalt, Hedy Polski, Joan Marie Shand, Alice Elaine Stuart, Christie A. Sullivan, Patricia Todd, Geraldine Trimble, Patricia A. Walden and Elizabeth Woolverton.

Mrs. John A. Denmark (left) receives congratulations from Mrs. John Fisher, chairman of volunteers, South Brevard County Chapter of the Red Cross, following presentation of a 10-year service bar. Mrs. Denmark has put in more than 1,700 hours of volunteer service.

Mrs. Anthony C. Benjes, Jr., base projects chairman (right), offers her congratulations to four students who won Officers Wives Club scholarships at Patrick AFB. They are (from left) Robert Rhodes, Marilee Dunlap, Lorne Butler, and Patricia Adams.

VA Child Benefit Facts Available

The Veterans Administration has put out a reminder for your reference file on the legal definition of ""orphan"" and what it can mean in college educational benefits to your children.

The VA says that there are five major areas of misunderstanding which keep eligible children from applying for benefits rightfully theirs.

According to the VA, these misunderstandings are:

1. The fact that one parent still lives makes some children believe they do not qualify as ""orphans.""
For this benefit, an ""orphan"" is a child whose veteran-parent is dead as the result of a wound, accident or illness attributable to service in the Armed Forces.

2. The fact that the dead parent had no wartime service makes others believe they are ineligible.
If the veteran-parent's death resulted from the performance of duty or from extra-hazardous service during peacetime, the child is eligible.

3. The fact that they are married makes some believe they are no longer ""children.""
Marriage does not affect eligibility. Any son or daughter of a serviceman, whose death is attributable to his service, is eligible for the educational benefits provided he or she is between 18 or 23 years of age.

4. The fact that their living parent, usually their mother, has remarried and their step-father has legally adopted them, makes some children believe they are ineligible.
The marriage of the living parent and the subsequent adoption does not affect the eligibility of the children.

5. The fact that many children do not wish, nor are prepared, for education at the college level makes some believe they cannot take advantage of this benefit.
Although training for a high school diploma is not permitted, eligible children may take vocational courses and other non-college training that will help them earn a living.

The VA says it will be glad to spell out the War Orphan Educational Program, pointing up that 1,500 children have taken advantage of this program. (AFNS)",0.5230998509687034,50.28,"SOCIAL SIDE
57 Lady Volunteers Lauded for Hospital Red Cross Service
Patrick Wives Club Gives 4 Scholarships

Four students recently received scholarships totaling $1,150 from the Patrick AFB Officers Wives Club.

Marilee Dunlap, daughter of MSgt. and Mrs. Ellwyn B. Dunlap, received a $400 scholarship. She plans to attend Brigham Young University to major in psychology.

Patricia Adams, daughter of MSgt. and Mrs. William D. Adams, plans to use her $200 grant to attend Brevard Jr. College, majoring in journalism.

Robert Larry Rhodes, son of SFC Robert M. Rhodes and Mrs. John O'Connor, will attend Florida State University, and plans to apply his $400 grant toward a degree in either chemical or aeronautical engineering.

Lorne Butler, son of TSgt. and Mrs. William F. Butler, plans to use his $150 at the University of Florida where he will study civil engineering.

Final selection for the scholarships was made by Woodrow J. Darden, superintendent of Brevard County Schools, and a committee of educators.

Capping and recognition ceremonies for Red Cross volunteers at the USAF Hospital, Lackland, were recently held in the hospital auditorium.

Twenty-one Gray Ladies and Youth Staff Aides received caps marking the end of their training period and 36 workers received service awards.

Principal speaker for the occasion was Brig. Gen. James W. Humphreys, Jr., hospital commander. The capping was performed by Lt. Col. Mary T. Gates, chief, clinics nursing service.

Among those honored were five mother-daughter teams of volunteers. They are Mrs. Richard P. Klocko and Miss Kerry Klocko; Mrs. Oakley K. Park and Miss Carolyn Park; Mrs. Robert J. Woolverton and Miss Elizabeth Woolverton; Mrs. Victor J. Stachniewicz and Miss Colline Stachniewicz; Mrs. Thomas E. Todd and Miss Patricia Todd.

Caps were presented to Misses Trudy F. Auvil, Josephine Bayer, Anita L. Boisvert, Sylvia De la Garza, Patricia Dulevitz, Carolyn Park, Marcy Fleming, Molly Fleming, Lois Gilbert, Joanne Haselden, Charlene Hey, Stella L. Mickey, Rosalyn Paulson, Bonnie Sherrod, Colline Stachniewicz, Linda Varela, Alana J. White, Ann C. Williams and Margaret Dean; and Mesdames James A. Boyd and Harvey R. Mobley, Jr.

Service awards went to Mesdames William H. Beaber, Thurman A. Glasgow, Lena Hierstein, Sidney H. Luther, Harold Norris, William A. Woodie and Robert J. Woolverton; Misses Donna J. Blevins, Sharron M. Boothe, Donna Connally, Bernice Dickson, Barbara A. Faulkner, Mary L. Garcia, Eileen M. Gilbert, Rose M. Gonzales, Heidi Guerrero, Barbara J. Haddock, Anita L. Henderson, Cheryl Kent, Connie Kentner, Kerry Klocko, Stacy Klutz, Rosemary Ledgerwood, Peggy A. Maloney, Donna L. Menefee, Stephanie Monk, Barbara J. Nicholl, Cynthia I. Oswalt, Hedy Polski, Joan Marie Shand, Alice Elaine Stuart, Christie A. Sullivan, Patricia Todd, Geraldine Trimble, Patricia A. Walden and Elizabeth Woolverton.

Mrs. John A. Denmark (left) receives congratulations from Mrs. John Fisher, chairman of volunteers, South Brevard County Chapter of the Red Cross, following presentation of a 10-year service bar. Mrs. Denmark has put in more than 1,700 hours of volunteer service.

Mrs. Anthony C. Benjes, Jr., base projects chairman (right), offers her congratulations to four students who won Officers Wives Club scholarships at Patrick AFB. They are (from left) Robert Rhodes, Marilee Dunlap, Lorne Butler, and Patricia Adams.

VA Child Benefit Facts Available

The Veterans Administration has put out a reminder for your reference file on the legal definition of “orphan” and what it can mean in college educational benefits to your children.

The VA says that there are five major areas of misunderstanding which keep eligible children from applying for benefits rightfully theirs.

According to the VA, these misunderstandings are:

1. The fact that one parent still lives makes some children believe they do not qualify as “orphans.”
For this benefit, an “orphan” is a child whose veteran-parent is dead as the result of a wound, accident or illness attributable to service in the Armed Forces.

2. The fact that the dead parent had no wartime service makes others believe they are ineligible.
If the veteran-parent’s death resulted from the performance of duty or from extra-hazardous service during peacetime, the child is eligible.

3. The fact that they are married makes some believe they are no longer “children.”
Marriage does not affect eligibility. Any son or daughter of a serviceman, whose death is attributable to his service, is eligible for the educational benefits provided he or she is between 18 and 23 years of age.

4. The fact that their living parent, usually their mother, has remarried and their stepfather has legally adopted them, makes some children believe they are ineligible.
The marriage of the living parent and the subsequent adoption does not affect the eligibility of the children.

5. The fact that many children do not wish, nor are prepared, for education at the college level makes some believe they cannot take advantage of this benefit.
Although training for a high school diploma is not permitted, eligible children may take vocational courses and other non-college training that will help them earn a living.

The VA says it will be glad to spell out the War Orphan Educational Program, pointing up that 1,500 children have taken advantage of this program. (AFNS)",0.5245810055865922,80.0,"SOCIAL SIDE

57 Lady Volunteers Lauded For Hospital Red Cross Service

Capping and recognition ceremonies for Red Cross volunteers at the USAF Hospital Lackland were recently held in the hospital auditorium. Twenty-one Gray Ladies and Youth Staff Aides received caps marking the end of their training period and 36 workers received service awards. Principal speaker for the occasion was Brig. Gen. James W. Humphreys, Jr., hospital commander. The capping was performed by Lt. Col. Mary T. Gates, chief, clinics nursing service.

Among those honored were five mother-daughter teams of volunteers. They are Mrs. Richard P. Klocko and Miss Kerry Klocko; Mrs. Oakley K. Park and Miss Carolyn Park; Mrs. Robert J. Woolverton and Miss Elizabeth Woolverton; Mrs. Victor J. Stachniewicz and Miss Colline Stachniewicz; Mrs. Thomas E. Todd and Miss Patricia Todd.

Caps were presented to Misses Trudy F. Auvil, Josephine Bayer, Anita L. Boisvert, Sylvia De la Garza, Patricia Dulevitz, Carolyn Park, Marcy Fleming, Molly Fleming, Lois Gilbert, Joanne Haselden, Charlene Hey, Stella L. Mickey, Rosalyn Paulson, Bonnie Sherrod, Colline Stachniewicz, Linda Varela, Alana J. White, Ann C. Wil- liams and Margaret Dean; and Mes- dames James A. Boyd and Harvey R. Mobley, Jr.

Service awards went to Mesdames William H. Beaber, Thurman A. Glasgow, Lena Hierstein, Sidney H. Luther, Harold Norris, William A. Woodie and Robert J. Woolverton; Misses Donna J. Blevins, Sharron M. Boothe, Donna Connally, Bernice Dickson, Barbara A. Faulkner, Mary L. Garcia, Eileen M. Gilbert, Rose M. Gonzales, Haidy Guerrero, Barbara J. Haddock, Anita L. Henderson, Cheryl Kent, Connie Kentner, Kerry Klocko, Stacy Klutz, Rosemary Ledgerwood, Peggy A. Ma- loney, Donna L. Menefee, Stephanie Monk, Barbara J. Nicholl, Cynthia I. Oswalt, Hedy Polski, Joan Marie Shand, Alice Elaine Stuart, Christie A. Sullivan, Patricia Todd, Geraldine Trimble, Patricia A. Walden and Elizabeth Woolverton.

Mrs. John A. Denmark (left) receives congratulations from Mrs. John Fisher, chairman of volunteers, South Brevard County Chapter of the Red Cross, following presentation of a 10-year service bar. Mrs. Denmark has put in more than 1,700 hours of volunteer service.

Patrick Wives Club Gives 4 Scholarships

Four students recently received scholarships totaling $1,150 from the Patrick AFB Officers Wives Club.

Marilee Dunlap, daughter of MSgt. and Mrs. Ellwyn B. Dunlap, received a $400 scholarship. She plans to attend Brigham Young University to major in psychology.

Patricia Adams, daughter of MSgt. and Mrs. William D. Adams, plans to use her $200 grant to attend Brevard Jr. College, majoring in journalism.

Robert Larry Rhodes, son of SFC Robert M. Rhodes and Mrs. John O'Connor, will attend Florida State University, and plans to apply his $400 grant toward a degree in either chemi- cal or aeronautical engineering.

Lorne Butler, son of TSgt. and Mrs. William F. Butler, plans to use his $150 at the University of Florida where he will study civil engineering.

Final selection for the scholarships was made by Woodrow J. Darden, superintendent of Brevard County Schools, and a committee of educators.

Mrs. Anthony C. Benjes, Jr., base projects chairman (right), offers her congratulations to four students who won Officers Wives Club scholarships at Patrick AFB. They are (from left) Robert Rhodes, Marilee Dunlap, Lorne Butler, and Patricia Adams.

VA Child Benefit Facts Available

The Veterans Administration has put out a reminder for your reference file on the legal definition of ""orphan"" and what it can mean in college educational benefits to your children.

The VA says that there are five major areas of misunderstanding which keep eligible children from applying for benefits rightfully theirs.

According to the VA, these misunderstandings are:

1. The fact that one parent still lives makes some children believe they do not qualify as ""orphans."" For this benefit, an ""orphan"" is a child whose veteran-parent is dead as the result of a wound, accident or ill- ness attributable to service in the Armed Forces.

2. The fact that the dead parent had no wartime service makes others believe they are ineligible. If the veteran-parent's death resulted from the performance of duty or from extra-hazardous service during peace- time, the child is eligible.

3. The fact that they are married makes some believe they are no longer ""children."" Marriage does not affect eligibility. Any son or daughter of a serviceman, whose death is attributable to his serv- ice, is eligible for the educational bene- fits provided he or she is between 18 or 23 years of age.

4. The fact that their living parent, usually their mother, has remarried and their step-father has legally adopted them, makes some children believe they are ineligible. The marriage of the living parent and the subsequent adoption does not affect the eligibility of the children.

5. The fact that many children do not wish, nor are prepared, for education at the college level makes some believe they cannot take advantage of this benefit. Although training for a high school diploma is not permitted, eligible chil- dren may take vocational courses and other non-college training that will help them earn a living.

The VA says it will be glad to spell out the War Orphan Educational Pro- gram, pointing up that 1,500 children have taken advantage of this program. (AFNS)

Recently elected officers of the Edwards A (from left) Norma Douglas, president; Jackie Phillips, corresponding secretary; and Sally Se, recording secretary.

16",0.4303478104162912,81.48,"SOCIAL SIDE
57 Lady Volunteers Lauded For Hospital Red Cross Service
Capping and recognition ceremonies for Red Cross volunteers at the USAF Hospital Lackland were recently held in the hospital auditorium.
Twenty-one Gray Ladies and Youth Staff Aides received caps marking the end of their training period and 36 workers received service awards.
Principal speaker for the occasion was Brig. Gen. James W. Humphreys, Jr., hospital commander. The capping was performed by Lt. Col. Mary T. Gates, chief, clinics nursing service.
Among those honored were five mother-daughter teams of volunteers. They are Mrs. Richard P. Klocko and Miss Kerry Klocko, Mrs. Oakley K. Park and Miss Carolyn Park, Mrs. Robert J. Woolverton and Miss Eliza- beth Woolverton, Mrs. Victor J. Stachniewicz and Miss Colline Stach- niewicz, Mrs. Thomas E. Todd and Miss Patricia Todd.
Caps were presented to Misses Trudy F. Auvil, Josephine Bayer, Anita L. Boisvert, Sylvia De la Garza, Patricia Dulevitz, Carolyn Park, Marcy Flem- ing, Molly Fleming, Lois Gilbert, Joanne Haselden, Charlene Hey, Stella L. Mickey, Rosalyn Paulson, Bonnie Sherrod, Colline Stachniewicz, Linda Varela, Alana J. White, Ann C. Wil- liams and Margaret Dean; and Mes- dames James A. Boyd and Harvey R. Mobley, Jr.
Service awards went to Mesdames William H. Beaber, Thurman A. Glas- gow, Lena Hierstein, Sidney H. Luther, Harold Norris, William A. Woodie and Robert J. Woolverton; Misses Donna J. Blevins, Sharron M. Boothe, Donna Connally, Bernice Dickson, Barbara A. Faulkner, Mary L. Garcia, Eileen M. Gilbert, Rose M. Gonzales, Haidy Guerrero, Barbara J. Haddock, Anita L. Henderson, Cheryl Kent, Connie Kentner, Kerry Klocko, Stacy Klutz, Rosemary Ledgerwood, Peggy A. Ma- loney, Donna L. Menefee, Stephanie Monk, Barbara J. Nicholl, Cynthia I. Oswalt, Hedy Polski, Joan Marie Shand, Alice Elaine Stuart, Christie A. Sullivan, Patricia Todd, Geraldine Trimble, Patricia A. Walden and Eliza- beth Woolverton.
Mrs. John A. Denmark (left) receives congratulations from Mrs. John Fisher, chairman of volunteers, South Brevard County Chapter of the Red Cross, following presentation of a 10-year service bar. Mrs. Denmark has put in more than 1,700 hours of volunteer service.

Patrick Wives Club Gives 4 Scholarships
Four students recently received scholarships totaling $1,150 from the Patrick AFB Officers Wives Club.
Marilee Dunlap, daughter of MSgt. and Mrs. Ellwyn B. Dunlap, received a $400 scholarship. She plans to attend Brigham Young University to major in psychology.
Patricia Adams, daughter of MSgt. and Mrs. William D. Adams, plans to use her $200 grant to attend Brevard Jr. College, majoring in journalism.
Robert Larry Rhodes, son of SFC Robert M. Rhodes and Mrs. John O'Connor, will attend Florida State University, and plans to apply his $400 grant toward a degree in either chemi- cal or aeronautical engineering.
Lorne Butler, son of TSgt. and Mrs. William F. Butler, plans to use his $150 at the University of Florida where he will study civil engineering.
Final selection for the scholarships was made by Woodrow J. Darden, superintendent of Brevard County Schools, and a committee of educators.
Mrs. Anthony C. Benjes, Jr., base projects chairman (right), offers her con- gratulations to four students who won Officers Wives Club scholarships at Patrick AFB. They are (from left) Robert Rhodes, Marilee Dunlap, Lorne Butler, and Patricia Adams.

VA Child Benefit Facts Available
The Veterans Administration has put out a reminder for your reference file on the legal definition of ""orphan"" and what it can mean in college edu- cational benefits to your children.
The VA says that there are five major areas of misunderstanding which keep eligible children from applying for benefits rightfully theirs.
According to the VA, these misun- derstandings are:
1. The fact that one parent still lives makes some children believe they do not qualify as ""orphans.""
For this benefit, an ""orphan"" is a child whose veteran-parent is dead as the result of a wound, accident or ill- ness attributable to service in the Armed Forces.
2. The fact that the dead parent had no wartime service makes others believe they are ineligible.
If the veteran-parent's death resulted from the performance of duty or from extra-hazardous service during peace- time, the child is eligible.
3. The fact that they are married makes some believe they are no longer ""children.""
Marriage does not affect eligibility. Any son or daughter of a serviceman, whose death is attributable to his serv- ice, is eligible for the educational bene- fits provided he or she is between 18 or 23 years of age.
4. The fact that their living parent, usually their mother, has remarried and their step-father has legally adopted them, makes some children believe they are ineligible.
The marriage of the living parent and the subsequent adoption does not affect the eligibility of the children.
5. The fact that many children do not wish, nor are prepared, for educa- tion at the college level makes some believe they cannot take advantage of this benefit.
Although training for a high school diploma is not permitted, eligible chil- dren may take vocational courses and other non-college training that will help them earn a living.
The VA says it will be glad to spell out the War Orphan Educational Pro- gram, pointing up that 1,500 children have taken advantage of this program. (AFNS)

Recently elected officers of the Edwords A
(from left) Norma Douglas, president; Jackie
Phillips, corresponding secretary; and Sally Se
recording secretary.
16",0.42921307941070785,100.07,"SOCIAL SIDE

57 Lady Volunteers Lauded For Hospital Red Cross Service

Capping and recognition ceremonies for Red Cross volunteers at the USAF Hospital Lackland were recently held in the hospital auditorium.

Twenty-one Gray Ladies and Youth Staff Aides received caps marking the end of their training period and 36 workers received service awards.

Principal speaker for the occasion was Brig. Gen. James W. Humphreys, Jr., hospital commander. The capping was performed by Lt. Col. Mary T. Gates, chief, clinics nursing service.

Among those honored were five mother-daughter teams of volunteers. They are Mrs. Richard P. Klocko and Miss Kerry Klocko; Mrs. Oakley K. Park and Miss Carolyn Park; Mrs. Robert J. Woolverton and Miss Elizabeth Woolverton; Mrs. Victor J. Stachniewicz and Miss Colline Stachniewicz; Mrs. Thomas E. Todd and Miss Patricia Todd.

Caps were presented to Misses Trudy F. Auvil, Josephine Bayer, Anita L. Boisvert, Sylvia De la Garza, Patricia Dulevitz, Carolyn Park, Marcy Fleming, Molly Fleming, Lois Gilbert, Joanne Haselden, Charlene Hey, Stella L. Mickey, Rosalyn Paulson, Bonnie Sherrod, Colline Stachniewicz, Linda Varela, Alana J. White, Ann C. Wil- liams and Margaret Dean; and Mesdames James A. Boyd and Harvey R. Mobley, Jr.

Service awards went to Mesdames William H. Beaber, Thurman A. Glasgow, Lena Hierstein, Sidney H. Luther, Harold Norris, William A. Woodie and Robert J. Woolverton; Misses Donna J. Blevins, Sharron M. Boothe, Donna Connally, Bernice Dickson, Barbara A. Faulkner, Mary L. Garcia, Eileen M. Gilbert, Rose M. Gonzales, Haidy Guerrero, Barbara J. Haddock, Anita L. Henderson, Cheryl Kent, Connie Kentner, Kerry Klocko, Stacy Klutz, Rosemary Ledgerwood, Peggy A. Maloney, Donna L. Menefee, Stephanie Monk, Barbara J. Nicholl, Cynthia I. Oswalt, Hedy Polski, Joan Marie Shand, Alice Elaine Stuart, Christie A. Sullivan, Patricia Todd, Geraldine Trimble, Patricia A. Walden and Elizabeth Woolverton.

Mrs. John A. Denmark (left) receives congratulations from Mrs. John Fisher, chairman of volunteers, South Brevard County Chapter of the Red Cross, following presentation of a 10-year service bar. Mrs. Denmark has put in more than 1,700 hours of volunteer service.



Patrick Wives Club Gives 4 Scholarships

Four students recently received scholarships totaling $1,150 from the Patrick AFB Officers Wives Club.

Marilee Dunlap, daughter of MSgt. and Mrs. Ellwyn B. Dunlap, received a $400 scholarship. She plans to attend Brigham Young University to major in psychology.

Patricia Adams, daughter of MSgt. and Mrs. William D. Adams, plans to use her $200 grant to attend Brevard Jr. College, majoring in journalism.

Robert Larry Rhodes, son of SFC Robert M. Rhodes and Mrs. John O'Connor, will attend Florida State University, and plans to apply his $400 grant toward a degree in either chemi- cal or aeronautical engineering.

Lorne Butler, son of TSgt. and Mrs. William F. Butler, plans to use his $150 grant at the University of Florida where he will study civil engineering.

Final selection for the scholarships was made by Woodrow J. Darden, superintendent of Brevard County Schools, and a committee of educators.

Mrs. Anthony C. Benjes, Jr., base projects chairman (right), offers her congratulations to four students who won Officers Wives Club scholarships at Patrick AFB. They are (from left) Robert Rhodes, Marilee Dunlap, Lorne Butler, and Patricia Adams.



VA Child Benefit Facts Available

The Veterans Administration has put out a reminder for your reference file on the legal definition of ""orphan"" and what it can mean in college educational benefits to your children.

The VA says that there are five major areas of misunderstanding which keep eligible children from applying for benefits rightfully theirs.

According to the VA, these misunderstandings are:

1. The fact that one parent still lives makes some children believe they do not qualify as ""orphans.""
For this benefit, an ""orphan"" is a child whose veteran-parent is dead as the result of a wound, accident or ill- ness attributable to service in the Armed Forces.

2. The fact that the dead parent had no wartime service makes others believe they are ineligible.
If the veteran-parent's death resulted from the performance of duty or from extra-hazardous service during peacetime, the child is eligible.

3. The fact that they are married makes some believe they are no longer ""children.""
Marriage does not affect eligibility. Any son or daughter of a serviceman, whose death is attributable to his serv- ice, is eligible for the educational bene- fits provided he or she is between 18 or 23 years of age.

4. The fact that their living parent, usually their mother, has remarried and their step-father has legally adopted them, makes some children believe they are ineligible.
The marriage of the living parent and the subsequent adoption does not affect the eligibility of the children.

5. The fact that many children do not wish, nor are prepared, for education at the college level makes some believe they cannot take advantage of this benefit.
Although training for a high school diploma is not permitted, eligible chil- dren may take vocational courses and other non-college training that will help them earn a living.

The VA says it will be glad to spell out the War Orphan Educational Program, pointing up that 1,500 children have taken advantage of this program. (AFNS)



Recently elected officers of the Edwords A (from left) Norma Douglas, president; Jackie Phillips, corresponding secretary; and Sally Se— recording secretary.",0.43127705627705626,75.86
28974433,"Page 8
39. Do you think you can estimate the speed of the object?
(Circle One)
Yes
No
IF you answered YES, then what speed would you estimate?
m.p.h.
40. Do you think you can estimate how far away from you the object was?
(Circle One)
Yes
No
IF you answered YES, then how far away would you say it was?
feet.
41. Please give the following information about yourself:
NAME
Last Name
First Name
Middle Name
ADDRESS
Dayton, Ohio
Street
City
Zone
State
TELEPHONE NUMBER
What is your present job?
TEACHER (RETIRED)
Age 70
Sex Female
Please indicate any special educational training that you have had.
a. Grade school
b. High school
(Type)
c. College
d. Post graduate
e. Technical school
f. Other special training
42. Date you completed this questionnaire:
Day
Month
Year
Any comments.
In observer's opinion, probably saw an aircraft light.",0.046762589928057555,45.65,"Page 8
39. Do you think you can estimate the speed of the object?
(Circle One)
Yes
No
If you answered YES, then what speed would you estimate?
m.p.h.
40. Do you think you can estimate how far away from you the object was?
(Circle One)
Yes
No
If you answered YES, then how far away would you say it was?
feet.
41. Please give the following information about yourself:
NAME
Last Name
First Name
Middle Name
ADDRESS
Dayton, Ohio
Street
City
Zone
State
TELEPHONE NUMBER
What is your present job?
TEACHER (RETIRED)
Age (70)
Sex Female
Please indicate any special educational training that you have had.
a. Grade school
b. High school
c. College
d. Post graduate
e. Technical school
f. Other special training
42. Date you completed this questionnaire:
Day
Month
Year
Any comments.
I observed, probably saw an aircraft light.",0.03132530120481928,36.63,"Page 8
39. Do you think you can estimate the speed of the object?
(Circle one)
Yes
No
If you answered YES, then what speed would you estimate?
_____ m.p.h.

40. Do you think you can estimate how far away from you the object was?
(Circle one)
Yes
No
If you answered YES, then how far away would you say it was?
_____ feet.

41. Please give the following information about yourself:
NAME
Last Name
First Name
Middle Name
ADDRESS
Street
City
Zone
State
TELEPHONE NUMBER
What is your present job?
TEACHER (RETIRED)
Age: 70
Sex: Female
Please indicate any special educational training that you have had.
a. Grade school
b. High school (Type)
c. College
d. Post graduate
e. Technical school
f. Other special training

42. Date you completed this questionnaire:
Day
Month
Year

Observer’s comment: saw an aircraft light.",0.0891566265060241,50.9,"Page 8
39. Do you think you can estimate the speed of the object?
(Circle One)
Yes
No
If you answered YES, then what speed would you estimate?
m.p.h.
40. Do you think you can estimate how far away from you the object was?
(Circle One)
Yes
No
If you answered YES, then how far away would you say it was?
feet.
41. Please give the following information about yourself:
NAME
Last Name
First Name
Middle Name
ADDRESS
Dayton, Ohio
Street
City
Zone
State
TELEPHONE NUMBER
What is your present job?
TEACHER (RETIRED)
Age 70
Sex: Female
Please indicate any special educational training that you have had.
a. Grade school
b. High school
c. College
d. Post graduate
e. Technical school (Type)
f. Other special training
42. Date you completed this questionnaire:
Day
Month
Year
Attach comments.
In observer's opinion, probably saw an aircraft light.",0.031026252983293555,36.52,"Page 8
39. Do you think you can estimate the speed of the object?
(Circle one)
Yes
No
IF you answered YES, then what speed would you estimate?
m.p.h.

40. Do you think you can estimate how far away from you the object was?
(Circle one)
Yes
No
IF you answered YES, then how far away would you say it was?
feet.

41. Please give the following information about yourself:
NAME
Last Name
First Name
Middle Name

ADDRESS
Street
City
Zone
State

Dayton, Ohio

TELEPHONE NUMBER

What is your present job?
Teacher (retired)

Age 70
Sex Female

Please indicate any special educational training that you have had.
a. Grade school
b. High school
(Type)
c. College
d. Post graduate
e. Technical school
f. Other special training

42. Date you completed this questionnaire:
Day
Month
Year

Any comments:
In observer’s opinion, probably saw an aircraft light.",0.07673860911270983,34.85,"Page 8
39. Do you think you can estimate the speed of the object?
(Circle One)
Yes
No
IF you answered YES, then what speed would you estimate?
m.p.h.
40. Do you think you can estimate how far away from you the object was?
(Circle One)
Yes
No
IF you answered YES, then how far away would you say it was?
feet.
41. Please give the following information about yourself:
NAME
Last Name
First Name
Middle Name
ADDRESS
Dayton, Ohio
Street
City
Zone
State
TELEPHONE NUMBER
What is your present job?
TEACHER (RETIRED)
Age 70
Sex Female
Please indicate any special educational training that you have had.
a. Grade school
b. High school
c. College
d. Post graduate
e. Technical school (Type)
f. Other special training
42. Date you completed this questionnaire:
Day
Month
Year
ATIC comment: Observer probably saw an aircraft light.",0.016867469879518072,20.0,"Page 8
39. Do you think you can estimate the speed of the object?
(Circle One)
Yes
No
If you answered YES, then what speed would you estimate?
m.p.h.
40. Do you think you can estimate how far away from you the object was?
(Circle One)
Yes
No
If you answered YES, then how far away would you say it was?
feet.
41. Please give the following information about yourself:
NAME
Last Name
First Name
Middle Name
ADDRESS
Street
City Dayton
Zone
State Ohio
TELEPHONE NUMBER
What is your present job?
TEACHER (RETIRED)
Age 70
Sex Female
Please indicate any special educational training that you have had.
a. Grade school
b. High school
c. College
d. Post graduate
e. Technical school (Type)
f. Other special training
42. Date you completed this questionnaire:
Day
Month
Year
ATIC comment: in observer's opinion probably saw an aircraft light",0.052948255114320095,29.97,"Page 8
39. Do you think you can estimate the speed of the object?
(Circle One)
Yes
No
If you answered YES, then what speed would you estimate?
m.p.h.
40. Do you think you can estimate how far away from you the object was?
(Circle One)
Yes
No
If you answered YES, then how far away would you say it was?
feet.
41. Please give the following information about yourself:
NAME
Last Name
First Name
Middle Name
ADDRESS
Street
City
Dayton
Zone
State
Ohio
TELEPHONE NUMBER
What is your present job?
TEACHER (RETIRED)
Age 70
Sex Female
Please indicate any special educational training that you have had.
a. Grade school
b. High school
c. College
d. Post graduate
e. Technical school (Type)
f. Other special training
42. Date you completed this questionnaire:
Day
Month
Year
Attn. comment:
Observer provided: saw an aircraft light",0.05542168674698795,29.69,"Page 8
39. Do you think you can estimate the speed of the object?
(Circle One)
Yes
No
IF you answered YES, then what speed would you estimate?
m.p.h.

40. Do you think you can estimate how far away from you the object was?
(Circle One)
Yes
No
IF you answered YES, then how far away would you say it was?
feet.

41. Please give the following information about yourself:
NAME
Last Name
First Name
Middle Name
ADDRESS
Street
City
Dayton
Zone
State
Ohio
TELEPHONE NUMBER
What is your present job?
TEACHER (RETIRED)
Age 70
Sex Female
Please indicate any special educational training that you have had.
a. Grade school
b. High school
c. College
d. Post graduate
e. Technical school (Type)
f. Other special training

42. Date you completed this questionnaire:
Day
Month
Year

ATIC comment:
Observer saw an aircraft light.",0.05542168674698795,37.43
28929660,"copy
CC: Physical Res. Lab.
UNCLASSIFIED
J. J. Grebe
THE DOW CHEMICAL COMPANY
Report No. 24282
Spectroscopy Laboratory
Problem No. 115
TO: F. Fales - Plant Protection
BY:
R. S. Spencer - Physical Res. Lab.
SUBJECT:
Analysis of Sands
CHARGE NO. 1218-02-47200-
SIGNED: /s/
The following analysis on the unknown sand supersedes the analysis given in
report 23759 since that sample was very small.

Known Sand
Unknown Sand #1 and #2
Opaque Portion from unknown sand
Fine Powder from unknown sand

Si chief constituent

Fe 1-10
0.5-5
.05-.5
1-10
1-10
Al
.5-5
.01-.1
1-10
.1-1
Ca
.1-1
.05-.5
.5-5
.5-5
Na
.1-1
.01-.1
.5-5
<.01
K
.1-1
.01-.1
.1-1
?
Ti
.01-.1
.005-.05
1-10
.1-1
Zr
.001-.005
.01-.1
.5-5
.1-1
Mg
.001-.01
.1-1
.01-.1
Sr
.01-.1
.1-1
Mn
.001-.01
.0005-.001
.05-.5
.001-.01
Cu
.005-.05
.001-.01
.01-.1
.001-.01
Ba
.005-.05
.005-.05
.001-.01
.001-.01
V
.001-.01
.001-.01
.01-.1
Ni
.01-.1
.0005-.001
Cr
.001-.01
.0005
.01-.1
Co
.001-.01",0.07237512742099898,64.42,"copy
CC: Physical Res. Lab.
UNCLASSIFIED
J. J. Grebe
THE DOW CHEMICAL COMPANY
Report No. 24282
Spectroscopy Laboratory
Problem No. 115
TO: F. Fales - Plant Protection
BY: R. S. Spencer - Physical Res. Lab.
SUBJECT: Analysis of Sands
CHARGE NO. 1218-02-47200
SIGNED: /s/
The following analysis on the unknown sand supersedes the analysis given in
report 23759 since that sample was very small.

Known Sand
Unknown Sand
Opaque Portion from unknown sand #1 and #2
Fine Powder from unknown sand

Si chief constituent
Fe 0.5-5% .05-.5% 1-10 1-10
Al .5-5 .01-.1 1-10 .1-1
Ca .1-1 .05-.5 .5-5 .5-5
Na .1-1 .01-.1 .5-5 <.01
K .1-1 .01-.1 .1-1 ?
Ti .01-.1 .005-.05 1-10 .1-1
Zr .001-.005 .01-.1 .5-5 .1-1
Mg .001-.01 .1-1 .01-.1
Sn .01-.1 .1-1
Mn .001-.01 .0005-.001 .05-.5 .001-.01
Cu .005-.05 .001-.01 .01-.1 .001-.01
Ba .005-.05 .005-.05 .001-.01 .001-.01
V .001-.01 .001-.01 .01-.1
Ni .01-.1 .0005-.001
Cr .001-.01 .0005-.001 .01-.1
Co .001-.01",0.07951070336391437,80.47,"Copy
CC: Physical Res. Lab.
UNCLASSIFIED
J. J. Grebe
THE DOW CHEMICAL COMPANY
Report No. 24282
Spectroscopy Laboratory
Problem No. 115
TO: F. Fales - Plant Protection
BY:
R. S. Spencer - Physical Res. Lab.
SUBJECT:
Analysis of Sands
CHARGE NO. 1218-02-47200-
SIGNED: /s/
The following analysis on the unknown sand supersedes the analysis given in
report 23759 since that sample was very small.

Known Sand
Unknown Sand
Opaque Portion from unknown sand
Fine Powder from unknown sand #1 and #2

Si chief constituent
— c.c.
c.c.
1-10%
Fe
0.5-5%
0.05-0.5%
1-10
1-10
Al
0.5-5
0.01-0.1
1-10
0.1-1
Ca
0.1-1
0.05-0.5
0.5-5
0.5-5
Na
0.1-1
0.01-0.1
0.5-5
<0.01
K
0.1-1
0.01-0.1
0.1-1
?
Ti
0.01-0.1
0.005-0.05
1-10
0.1-1
Ag
0.001-0.005
0.01-0.1
0.5-5
0.1-1
Mg
0.001-0.01
0.1-1
0.01-0.1
Sn
0.01-0.1
0.1-1
Mn
0.001-0.01
0.0005-0.001
0.05-0.5
0.001-0.01
Cu
0.005-0.05
0.001-0.01
0.01-0.1
0.001-0.01
Ba
0.005-0.05
0.005-0.05
0.001-0.01
0.001-0.01
Y
0.001-0.01
0.001-0.01
0.01-0.1
Ni
0.01-0.1
0.0005-0.001
Cr
0.001-0.01
0.0005
0.1-0.7
Co
0.001-0.01",0.1087378640776699,117.16,"Copy
CC: Physical Res. Lab.
UNCLASSIFIED
J. J. Grebe
THE DOW CHEMICAL COMPANY
Report No. 24282
Spectroscopy Laboratory
Problem No. 115
TO: F. Fales - Plant Protection
BY: R. S. Spencer, Physical Res. Lab.
SUBJECT: Analysis of Sands
CHARGE NO. 1218-02-47200-
SIGNED: /s/
The following analysis on the unknown sand supersedes the analysis given in
report 23759 since that sample was very small.
Known Sand
Unknown Sand
Opaque Portion
Fine Powder
from unknown
from unknown
#1 and #2
sand
sand
Si chief constituent
--- c.c.
c.c.
1-10%
Fe
0.5-5%
.05-.5%
1-10
1-10
Al
.5-5
.01-.1
1-10
.1-1
Ca
.1-1
.05-.5
.5-5
.5-5
Na
.1-1
.01-.1
.5-5
<.01
K
.1-1
.01-.1
.1-1
?
Ti
.01-.1
.005-.05
1-10
.1-1
Ag
.001-.005
.01-.1
.5-5
.1-1
Mg
.001-.01
.1-1
.01-.1
Sn
.01-.1
.1-1
Mn
.001-.01
.0005-.001
.05-.5
.001-.01
Cu
.005-.05
.001-.01
.01-.1
.001-.01
Ba
.005-.66
.005-.05
.001-.01
.001-.01
Y
.001-.01
.001-.01
.01-.1
Ni
.01-.1
.0005-.001
Cr
.001-.01
.0005
.01-.7
Co
.001-.01",0.07951070336391437,60.62,"Copy
CC: Physical Res. Lab.
UNCLASSIFIED
J. J. Grebe
THE DOW CHEMICAL COMPANY
Report No. 24282
Spectroscopy Laboratory
Problem No. 115
TO: F. Fales - Plant Protection
BY:
R. S. Spencer - Physical Res. Lab.
SUBJECT:
Analysis of Sands
CHARGE NO. 1218-02-47200
SIGNED: /s/
The following analysis on the unknown sand supersedes the analysis given in
report 23759 since that sample was very small.

Known sand
Unknown sand
Opaque portion from unknown sand
Fine powder from unknown sand #1 and #2

Si chief constituent
c.c.
c.c.
1-10%

Fe
0.5-5%
0.05-0.5%
1-10%
1-10%

Al
0.5-5%
0.01-0.1%
1-10%
0.1-1%

Ca
0.1-1%
0.05-0.5%
0.5-5%
0.5-5%

Na
0.1-1%
0.01-0.1%
0.5-5%
<0.01%

K
0.1-1%
0.01-0.1%
0.1-1%
?

Ti
0.01-0.1%
0.005-0.05%
1-10%
0.1-1%

Ag
0.001-0.005%
0.01-0.1%
0.5-5%
0.1-1%

Mg
0.001-0.01%
0.1-1%
0.01-0.1%

Sn
0.01-0.1%
0.1-1%

Mn
0.001-0.01%
0.0005-0.001%
0.05-0.5%
0.001-0.01%

Cu
0.005-0.05%
0.001-0.01%
0.01-0.1%
0.001-0.01%

Ba
0.005-0.05%
0.005-0.05%
0.001-0.01%
0.001-0.01%

Y
0.001-0.01%
0.001-0.01%
0.01-0.1%

Ni
0.01-0.1%
0.0005-0.001%
0.001-0.01%
0.01-0.7%

Co
0.001-0.01%",0.14325842696629212,118.08,"copy
CC: Physical Res. Lab.
UNCLASSIFIED
J. J. Grebe
THE DOW CHEMICAL COMPANY
Report No. 24282
Spectroscopy Laboratory
Problem No. 115
TO: F. Fales - Plant Protection
BY:
R. S. Spencer, Physical Res. Lab.
SUBJECT:
Analysis of Sands
CHARGE NO. 1218-02-47200-
SIGNED: /s/
The following analysis on the unknown sand supersedes the analysis given in
report 23759 since that sample was very small.

Known Sand
Unknown Sand
Opaque portion from unknown sand #1 and #2
Fine powder from unknown sand

Si chief constituent

Fe
0.5-5
.05-.5
1-10
1-10

Al
.5-5
.01-.1
1-10
.1-1

Ca
.1-1
.05-.5
.5-5
.5-5

Na
.1-1
.01-.1
.5-5
<.01

K
.1-1
.01-.1
.1-1
?

Ti
.01-.1
.005-.05
1-10
.1-1

Ag
.001-.005
.01-.1
.5-5
.1-1

Mg
.001-.01
.1-1
.01-.1

Sn
.01-.1
.1-1

Mn
.001-.01
.0005-.001
.05-.5
.001-.01

Cu
.005-.05
.001-.01
.01-.1
.001-.01

Ba
.005-.05
.005-.05
.001-.01
.001-.01

V
.001-.01
.001-.01
.01-.1

Ni
.01-.1
.0005-.001

Cr
.001-.01
.0005
.01-.1

Co
.001-.01",0.0744138634046891,98.78,"copy
CC: Physical Res. Lab.
UNCLASSIFIED
J. J. Grebe
THE DOW CHEMICAL COMPANY
Report No. 24282
Spectroscopy Laboratory
Problem No. 115
TO: F. Fales - Plant Protection
BY:
R. S. Spencer - Physical Res. Lab.
SUBJECT:
Analysis of Sands
CHARGE NO. 1218-02-47200-
SIGNED: /s/
The following analysis on the unknown sand supersedes the analysis given in
report 23759 since that sample was very small.
Known Sand
Unknown Sand
Opaque Portion
Fine Powder
from unknown
from unknown
#1 and #2
sand
sand
Si chief constituent
--- c.c.
c.c.
1-10%
Fe
0.5-5%
.05-.5%
1-10
1-10
Al
.5-5
.01-.1
1-10
.1-1
Ca
.1-1
.05-.5
.5-5
.5-5
Na
.1-1
.01-.1
.5-5
<.01
K
.1-1
.01-.1
.1-1
?
Ti
.01-.1
.005-.05
1-10
.1-1
Zr
.001-.005
.01-.1
.5-5
.1-1
Mg
.001-.01
.1-1
.01-.1
Sn
.01-.1
.1-1
Mn
.001-.01
.0005-.001
.05-.5
.001-.01
Cu
.005-.05
.001-.01
.01-.1
.001-.01
Ba
.005-.05
.005-.05
.001-.01
.001-.01
V
.001-.01
.001-.01
.01-.1
Ni
.01-.1
.0005-.001
Cr
.001-.01
.0005
.01-.1
Co
.001-.01",0.0764525993883792,71.91,"copy
CC: Physical Res. Lab.
UNCLASSIFIED
J. J. Grebe
THE DOW CHEMICAL COMPANY
Report No. 24282
Spectroscopy Laboratory
Problem No. 115
TO: F. Fales - Plant Protection
BY:
R. S. Spencer, Physical Res. Lab.
SUBJECT:
Analysis of Sands
CHARGE NO. 1218-02-47200-
SIGNED: /s/
The following analysis on the unknown sand supersedes the analysis given in
report 23759 since that sample was very small.

Known Sand
Unknown Sand #1 and #2
Opaque Portion from unknown sand
Fine Powder from unknown sand

Si chief constituent
---
c.c.
c.c.
1-10%

Fe
0.5-5%
.05-.5%
1-10
1-10

Al
.5-5
.01-.1
1-10
.1-1

Ca
.1-1
.05-.5
.5-5
.5-5

Na
.1-1
.01-.1
.5-5
<.01

K
.1-1
.01-.1
.1-1
?

Ti
.01-.1
.005-.05
1-10
.1-1

Ag
.001-.005
.01-.1
.5-5
.1-1

Mg
.001-.01
.1-1
.01-.1

Sn
.01-.1
.1-1

Mn
.001-.01
.0005-.001
.05-.5
.001-.01

Cu
.005-.05
.001-.01
.01-.1
.001-.01

Ba
.005-.05
.005-.05
.001-.01
.001-.01

Y
.001-.01
.001-.01
.01-.1

Ni
.01-.1
.0005-.001

Cr
.001-.01
.0005
.01-.7

Co
.001-.01",0.059123343527013254,52.95,"copy
CC: Physical Res. Lab.
UNCLASSIFIED
J. J. Grebe
THE DOW CHEMICAL COMPANY
Report No. 24282
Spectroscopy Laboratory
Problem No. 115
TO: F. Fales - Plant Protection
BY:
R. S. Spencer, Physical Res. Lab.
SUBJECT:
Analysis of Sands
CHARGE NO. 1218-02-47200-
SIGNED: /s/
The following analysis on the unknown sand supersedes the analysis given in
report 23759 since that sample was very small.

Known Sand #1 and #2
Unknown Sand
Opaque Portion from unknown sand
Fine Powder from unknown sand

Si
chief constituent
--- c.c.
c.c.
1-10%

Fe
0.5-5%
.05-.5%
1-10
1-10

Al
.5-5
.01-.1
1-10
.1-1

Ca
.1-1
.05-.5
.5-5
.5-5

Na
.1-1
.01-.1
.5-5
<.01

K
.1-1
.01-.1
.1-1
?

Ti
.01-.1
.005-.05
1-10
.1-1

Ag
.001-.005
.01-.1
.5-5
.1-1

Mg
.001-.01
.1-1
.01-.1

Sn
.01-.1
.1-1

Mn
.001-.01
.0005-.001
.05-.5
.001-.01

Cu
.005-.05
.001-.01
.01-.1
.001-.01

Ba
.005-.66
.005-.05
.001-.01
.001-.01

Y
.001-.01
.001-.01
.01-.1

Ni
.01-.1
.0005-.001

Cr
.001-.01
.0005
.01-.7

Co
.001-.01",0.0417940876656473,87.2
28937364,"UNCLASSIFIED
File No. 24-42
1 Feb 1950
DETAILS:
1. A check with local sources of information failed to reveal any firm or agency in Los Angeles or vicinity by the name of United States Research Bureau. The telephone directory lists a United States Research and Development Company of 5225 Wilshire Boulevard, Los Angeles, California. A check with that company reveals it is owned by Mr. He is a consultant for a number of rubber companies and claims he uses the Wilshire Boulevard address only as a mailing address. Mr. said that during the past few weeks he has received several letters addressed to the United States Research Bureau, Los Angeles, California, which were from individuals residing in Kansas and Missouri. The first batch of letters, according to Mr., were forwarded to the U. S. Department of Agriculture, Bureau of Agricultural and Industrial Chemistry, 263 South Chester Avenue, Pasadena, California. He went on to advise that only recently he had received letters from Butler and Independence, Missouri, and when he called the Department of Agriculture, mentioned above, he was told to send them direct to the 18th District Office of Special Investigations.
2. Inquiry was made with the U. S. Department of Agriculture, 263 S. Chester Avenue, Pasadena, California, and in talking with Mr. it was ascertained that he did not know of any such agency or firm in Los Angeles by the name of United States Research Bureau. Mr. said that all the letters which he had received, addressed to the United States Research Bureau, had been forwarded to the 18th District Office of Special Investigations.
3. For the information of offices receiving copies of this report, it is to be mentioned that numerous letters have been forwarded to this District Office from individuals residing in Kansas and Missouri and who saw the article in question in the newspaper. These letters were all addressed to the United States Research Bureau and requested to be furnished with information as to the authenticity of the article appearing in the newspaper. This office has acknowledged receipt of these letters and has forwarded them to Headquarters OSI for appropriate handling.
REFERRED UPON COMPLETION TO THE OFFICE OF ORIGIN
UNCLASSIFIED",0.004023245417970496,29.29,"UNCLASSIFIED
File No. 24-42
1 Feb 1950
DETAILS:
1. A check with local sources of information failed to reveal any firm or agency in Los Angeles or vicinity by the name of United States Research Bureau. The telephone directory lists a United States Research and Development Company of 5225 Wilshire Boulevard, Los Angeles, California. A check with that company reveals it is one owned by Mr. He is a consultant for a number of rubber companies and claims he uses the Wilshire Boulevard address only as a mailing address. Mr. said that during the past few weeks he has received several letters addressed to the United States Research Bureau, Los Angeles, California, which were from individuals residing in Kansas and Missouri. The first batch of letters, according to Mr., were forwarded to the U. S. Department of Agriculture, Bureau of Agricultural and Industrial Chemistry, 263 South Chester Avenue, Pasadena, California. He went on to advise that only recently he had received letters from Butler and Independence, Missouri, and when he called the Department of Agriculture, mentioned above, he was told to send them direct to the 18th District Office of Special Investigations.
2. Inquiry was made with the U. S. Department of Agriculture, 263 S. Chester Avenue, Pasadena, California, and in talking with Mr. it was ascertained that he did not know of any such agency or firm in Los Angeles by the name of United States Research Bureau. Mr. said that all the letters which he had received, addressed to the United States Research Bureau, had been forwarded to the 18th District Office of Special Investigations.
3. For the information of offices receiving copies of this report, it is to be mentioned that numerous letters have been forwarded to this District Office from individuals residing in Kansas and Missouri and who saw the article in question in the newspaper. These letters were all addressed to the United States Research Bureau and requested to be furnished with information as to the authenticity of the article appearing in the newspaper. This office has acknowledged receipt of these letters and has forwarded them to Headquarters OSI for appropriate handling.
REFERRED UPON COMPLETION TO THE OFFICE OF ORIGIN
UNCLASSIFIED",0.0022311468094600626,49.36,"UNCLASSIFIED
File No. 24-42
1 Feb 1950
DETAILS:
1. A check with local sources of information failed to reveal
any firm or agency in Los Angeles or vicinity by the name of United
States Research Bureau. The telephone directory lists a United States
Research and Development Company of 5225 Wilshire Boulevard, Los
Angeles, California. A check with that company reveals it is one
owned by Mr.
He is a consultant for a number of rubber
companies and claims he uses the Wilshire Boulevard address only as a
mailing address. Mr.
said that during the past few weeks he
has received several letters addressed to the United States Research
Bureau, Los Angeles, California, which were from individuals residing
in Kansas and Missouri. The first batch of letters, according to Mr.
were forwarded to the U. S. Department of Agriculture, Bureau
of Agricultural and Industrial Chemistry, 263 South Chester Avenue,
Pasadena, California. He went on to advise that only recently he had
received letters from Butler and Independence, Missouri, and when he
called the Department of Agriculture, mentioned above, he was told to
send them direct to the 18th District Office of Special Investigations.
2. Inquiry was made with the U. S. Department of Agriculture,
263 S. Chester Avenue, Pasadena, California, and in talking with Mr.
it was ascertained that he did not know of any such agency or
firm in Los Angeles by the name of United States Research Bureau. Mr.
said that all the letters which he had received, addressed to
the United States Research Bureau, had been forwarded to 18th District
Office of Special Investigations.
3. For the information of offices receiving copies of this
report, it is to be mentioned that numerous letters have been forwarded
to this District Office from individuals residing in Kansas
and Missouri and who saw the article in question in the newspaper.
These letters were all addressed to the United States Research Bureau
and requested to be furnished with information as to the authenticity
of the article appearing in the newspaper. This office has acknowledged
receipt of these letters and has forwarded them to Headquarters OSI
for appropriate handling.
REFERRED UPON COMPLETION TO THE OFFICE OF ORIGIN
UNCLASSIFIED",0.0,49.16,"UNCLASSIFIED
File No. 24-42
1 Feb 1950
DETAILS:
1. A check with local sources of information failed to reveal any firm or agency in Los Angeles or vicinity by the name of United States Research Bureau. The telephone directory lists a United States Research and Development Company of 5225 Wilshire Boulevard, Los Angeles, California. A check with that company reveals it is one owned by Mr. He is a consultant for a number of rubber companies and claims he uses the Wilshire Boulevard address only as a mailing address. Mr. said that during the past few weeks he has received several letters addressed to the United States Research Bureau, Los Angeles, California, which were from individuals residing in Kansas and Missouri. The first batch of letters, according to Mr., were forwarded to the U. S. Department of Agriculture, Bureau of Agricultural and Industrial Chemistry, 263 South Chester Avenue, Pasadena, California. He went on to advise that only recently he had received letters from Butler and Independence, Missouri, and when he called the Department of Agriculture, mentioned above, he was told to send them direct to the 18th District Office of Special Investigations.
2. Inquiry was made with the U. S. Department of Agriculture, 263 S. Chester Avenue, Pasadena, California, and, in talking with Mr., it was ascertained that he did not know of any such agency or firm in Los Angeles by the name of United States Research Bureau. Mr. said that all the letters which he had received, addressed to the United States Research Bureau, had been forwarded to the 18th District Office of Special Investigations.
3. For the information of offices receiving copies of this report, it is to be mentioned that numerous letters have been forwarded to this District Office from individuals residing in Kansas and Missouri and who saw the article in question in the newspaper. These letters were all addressed to the United States Research Bureau and requested to be furnished with information as to the authenticity of the article appearing in the newspaper. This office has acknowledged receipt of these letters and has forwarded them to Headquarters OSI for appropriate handling.
REFERRED UPON COMPLETION TO THE OFFICE OF ORIGIN
UNCLASSIFIED",0.003120820329915292,38.5,"UNCLASSIFIED
File No. 24-42
1 Feb 1950
DETAILS:
1. A check with local sources of information failed to reveal
any firm or agency in Los Angeles or vicinity by the name of United
States Research Bureau. The telephone directory lists a United States
Research and Development Company of 5225 Wilshire Boulevard, Los
Angeles, California. A check with that company reveals it is owned by Mr.
He is a consultant for a number of rubber
companies and claims he uses the Wilshire Boulevard address only as a
mailing address. Mr. said that during the past few weeks he
has received several letters addressed to the United States Research
Bureau, Los Angeles, California, which were from individuals residing
in Kansas and Missouri. The first batch of letters, according to Mr.,
were forwarded to the U. S. Department of Agriculture, Bureau
of Agricultural and Industrial Chemistry, 263 South Chester Avenue,
Pasadena, California. He went on to advise that only recently he had
received letters from Butler and Independence, Missouri, and when he
called the Department of Agriculture, mentioned above, he was told to
send them direct to the 18th District Office of Special Investigations.
2. Inquiry was made with the U. S. Department of Agriculture,
263 S. Chester Avenue, Pasadena, California, and in talking with Mr.
it was ascertained that he did not know of any such agency or
firm in Los Angeles by the name of United States Research Bureau. Mr.
said that all the letters which he had received, addressed to
the United States Research Bureau, had been forwarded to the 18th District
Office of Special Investigations.
3. For the information of offices receiving copies of this
report, it is to be mentioned that numerous letters have been forwarded
to this District Office from individuals residing in Kansas
and Missouri and who saw the article in question in the newspaper.
These letters were all addressed to the United States Research Bureau
and requested to be furnished with information as to the authenticity
of the article appearing in the newspaper. This office has acknowledged
receipt of these letters and has forwarded them to Headquarters OSI
for appropriate handling.
REFERRED UPON COMPLETION TO THE OFFICE OF ORIGIN
UNCLASSIFIED",0.004023245417970496,43.12,"UNCLASSIFIED
File No. 24-42
1 Feb 1950
DETAILS:
1. A check with local sources of information failed to reveal any firm or agency in Los Angeles or vicinity by the name of United States Research Bureau. The telephone directory lists a United States Research and Development Company at 5225 Wilshire Boulevard, Los Angeles, California. A check with that company reveals it is owned by Mr. He is a consultant for a number of rubber companies and claims he uses the Wilshire Boulevard address only as a mailing address. Mr. said that during the past few weeks he has received several letters addressed to the United States Research Bureau, Los Angeles, California, which were from individuals residing in Kansas and Missouri. The first batch of letters, according to Mr., were forwarded to the U. S. Department of Agriculture, Bureau of Agricultural and Industrial Chemistry, 263 South Chester Avenue, Pasadena, California. He went on to advise that only recently he had received letters from Butler and Independence, Missouri, and when he called the Department of Agriculture, mentioned above, he was told to send them direct to the 18th District Office of Special Investigations.
2. Inquiry was made with the U. S. Department of Agriculture, 263 S. Chester Avenue, Pasadena, California, and in talking with Mr., it was ascertained that he did not know of any such agency or firm in Los Angeles by the name of United States Research Bureau. Mr. said that all the letters which he had received, addressed to the United States Research Bureau, had been forwarded to the 18th District Office of Special Investigations.
3. For the information of offices receiving copies of this report, it is to be mentioned that numerous letters have been forwarded to this District Office from individuals residing in Kansas and Missouri who saw the article in question in the newspaper. These letters were all addressed to the United States Research Bureau and requested to be furnished with information as to the authenticity of the article appearing in the newspaper. This office has acknowledged receipt of these letters and has forwarded them to Headquarters OSI for appropriate handling.
REFERRED UPON COMPLETION TO THE OFFICE OF ORIGIN
UNCLASSIFIED",0.007155635062611807,24.37,"UNCLASSIFIED
File No. 24-42
1 Feb 1950
DETAILS:
1. A check with local sources of information failed to reveal
any firm or agency in Los Angeles or vicinity by the name of United
States Research Bureau. The telephone directory lists a United States
Research and Development Company of 5225 Wilshire Boulevard, Los
Angeles, California. A check with that company reveals it is one
owned by Mr.
He is a consultant for a number of rubber
companies and claims he uses the Wilshire Boulevard address only as a
mailing address. Mr.
said that during the past few weeks he
has received several letters addressed to the United States Research
Bureau, Los Angeles, California, which were from individuals residing
in Kansas and Missouri. The first batch of letters, according to Mr.
were forwarded to the U. S. Department of Agriculture, Bureau
of Agricultural and Industrial Chemistry, 263 South Chester Avenue,
Pasadena, California. He went on to advise that only recently he had
received letters from Butler and Independence, Missouri, and when he
called the Department of Agriculture, mentioned above, he was told to
send them direct to the 18th District Office of Special Investigations.
2. Inquiry was made with the U. S. Department of Agriculture,
263 S. Chester Avenue, Pasadena, California, and in talking with Mr.
it was ascertained that he did not know of any such agency or
firm in Los Angeles by the name of United States Research Bureau. Mr.
said that all the letters which he had received, addressed to
the United States Research Bureau, had been forwarded to 18th District
Office of Special Investigations.
3. For the information of offices receiving copies of this
report, it is to be mentioned that numerous letters have been for-
warded to this District Office from individuals residing in Kansas
and Missouri and who saw the article in question in the newspaper.
These letters were all addressed to the United States Research Bureau
and requested to be furnished with information as to the authenticity
of the article appearing in the newspaper. This office has acknowledged
receipt of these letters and has forwarded them to Headquarters OSI
for appropriate handling.
REFERRED UPON COMPLETION TO THE OFFICE OF ORIGIN
UNCLASSIFIED",0.0008936550491510277,36.55,"UNCLASSIFIED
File No. 24-42
1 Feb 1950
DETAILS:
1. A check with local sources of information failed to reveal
any firm or agency in Los Angeles or vicinity by the name of United
States Research Bureau. The telephone directory lists a United States
Research and Development Company of 5225 Wilshire Boulevard, Los
Angeles, California. A check with that company reveals it is one
owned by Mr.
He is a consultant for a number of rubber
companies and claims he uses the Wilshire Boulevard address only as a
mailing address. Mr.
said that during the past few weeks he
has received several letters addressed to the United States Research
Bureau, Los Angeles, California, which were from individuals residing
in Kansas and Missouri. The first batch of letters, according to Mr.
were forwarded to the U. S. Department of Agriculture, Bureau
of Agricultural and Industrial Chemistry, 263 South Chester Avenue,
Pasadena, California. He went on to advise that only recently he had
received letters from Butler and Independence, Missouri, and when he
called the Department of Agriculture, mentioned above, he was told to
send them direct to the 18th District Office of Special Investigations.
2. Inquiry was made with the U. S. Department of Agriculture,
263 S. Chester Avenue, Pasadena, California, and in talking with Mr.
it was ascertained that he did not know of any such agency or
firm in Los Angeles by the name of United States Research Bureau. Mr.
said that all the letters which he had received, addressed to
the United States Research Bureau, had been forwarded to 18th District
Office of Special Investigations.
3. For the information of offices receiving copies of this
report, it is to be mentioned that numerous letters have been for-
warded to this District Office from individuals residing in Kansas
and Missouri and who saw the article in question in the newspaper.
These letters were all addressed to the United States Research Bureau
and requested to be furnished with information as to the authenticity
of the article appearing in the newspaper. This office has acknowledged
receipt of these letters and has forwarded them to Headquarters OSI
for appropriate handling.
REFERRED UPON COMPLETION TO THE OFFICE OF ORIGIN
UNCLASSIFIED",0.0008936550491510277,27.95,"UNCLASSIFIED
File No. 24-42
1 Feb 1950
DETAILS:
1. A check with local sources of information failed to reveal
any firm or agency in Los Angeles or vicinity by the name of United
States Research Bureau. The telephone directory lists a United States
Research and Development Company of 5225 Wilshire Boulevard, Los
Angeles, California. A check with that company reveals it is owned by Mr.
He is a consultant for a number of rubber
companies and claims he uses the Wilshire Boulevard address only as a
mailing address. Mr.
said that during the past few weeks he
has received several letters addressed to the United States Research
Bureau, Los Angeles, California, which were from individuals residing
in Kansas and Missouri. The first batch of letters, according to Mr.
were forwarded to the U. S. Department of Agriculture, Bureau
of Agricultural and Industrial Chemistry, 263 South Chester Avenue,
Pasadena, California. He went on to advise that only recently he had
received letters from Butler and Independence, Missouri, and when he
called the Department of Agriculture, mentioned above, he was told to
send them direct to the 18th District Office of Special Investigations.
2. Inquiry was made with the U. S. Department of Agriculture,
263 S. Chester Avenue, Pasadena, California, and in talking with Mr.
it was ascertained that he did not know of any such agency or
firm in Los Angeles by the name of United States Research Bureau. Mr.
said that all the letters which he had received, addressed to
the United States Research Bureau, had been forwarded to 18th District
Office of Special Investigations.
3. For the information of offices receiving copies of this
report, it is to be mentioned that numerous letters have been for-
warded to this District Office from individuals residing in Kansas
and Missouri and who saw the article in question in the newspaper.
These letters were all addressed to the United States Research Bureau
and requested to be furnished with information as to the authenticity
of the article appearing in the newspaper. This office has acknowledged
receipt of these letters and has forwarded them to Headquarters OSI
for appropriate handling.
REFERRED UPON COMPLETION TO THE OFFICE OF ORIGIN
UNCLASSIFIED",0.0026833631484794273,60.31
28992749,"Report on Unidentified Flying Object (UFO)
1. Description of the object:
a. Shape - Like two humps. (See attached sketch)
b. Size - About 8 inches across (3 miles away)
c. Color - Fiery red
d. Number - one but had two humps.
e. Formation - N/A.
f. Any discernible features or details - Bright red light, red
haze and small dot of light.
g. Tail, trail or exhaust - None.
h. Sound - none
i. Other pertinent or unusual features - Two humps.
2. Description of course of object:
a. Sergeant Baumgart - at approximately 2115 hours (EST), 23
May 1961, my wife and I had just returned home from Port St. Joe.
Upon arriving home my wife commented upon the fire out in the Gulf.
She showed me where and it looked like a big blaze quite a distance
away. We got in the car and drove to Wayside Park at Mexico Beach.
I didn't think we could get a better view any closer to it or see it any
better than from there. While we were watching it seemed to die out
somewhat. It appeared to be a blaze but only in color. Usually with
a fire you can see flames shooting up. This was not the case with
this. It was stationary. The location, as best I could tell, was the
point of beach northwest of Mexico Beach. (See attached maps). Only
my wife, children and I saw it as far as I know. However, it was
possible for anyone to see who looked in that direction.
b. Angle or elevation and azimuth of object - Parallel with
horizon and in a northwest direction.
c. Angle or elevation and azimuth of object upon disappearance -
Faded down,",0.0026367831245880024,27.3,"Report on Unidentified Flying Object (UFO)
1. Description of the object:
a. Shape - Like two humps. (See attached sketch)
b. Size - About 8 inches across (3 miles away)
c. Color - Fiery red
d. Number - One, but had two humps.
e. Formation - N/A.
f. Any discernible features or details - Bright red light, red haze, and small dot of light.
g. Tail, trail or exhaust - None.
h. Sound - None.
i. Other pertinent or unusual features - Two humps.
2. Description of course of object:
a. Sergeant Baumgart - At approximately 2115 hours (EST), 23 May 1961, my wife and I had just returned home from Port St. Joe. Upon arriving home my wife commented upon the fire out in the Gulf. She showed me where and it looked like a big blaze quite a distance away. We got in the car and drove to Wayside Park at Mexico Beach. I didn't think we could get a better view any closer to it or see it any better than from there. While we were watching it seemed to die out somewhat. It appeared to be a blaze but only in color. Usually with a fire you can see flames shooting up. This was not the case with this. It was stationary. The location, as best I could tell, was the point of beach northwest of Mexico Beach. (See attached maps.) Only my wife, children and I saw it as far as I know. However, it was possible for anyone to see who looked in that direction.
b. Angle or elevation and azimuth of object - Parallel with horizon and in a northwest direction.
c. Angle or elevation and azimuth of object upon disappearance - Faded down.",0.005273566249176005,19.88,"Report on Unidentified Flying Object (UFO)
1. Description of the object:
a. Shape - Like two humps. (See attached sketch)
b. Size - About 8 inches across (3 miles away)
c. Color - Fiery red
d. Number - One, but had two humps.
e. Formation - N/A.
f. Any discernible features or details - Bright red light, red haze, and small dot of light.
g. Tail, trail, or exhaust - None.
h. Sound - None.
i. Other pertinent or unusual features - Two humps.
2. Description of course of object:
a. Sergeant Baumgart - At approximately 2115 hours (EST), 23 May 1961, my wife and I had just returned home from Port St. Joe. Upon arriving home my wife commented on the fire out in the Gulf. She showed me where, and it looked like a big blaze quite a distance away. We got in the car and drove to Wayside Park at Mexico Beach. I didn't think we could get a better view any closer to it or see it any better than from there. While we were watching, it seemed to die out somewhat. It appeared to be a blaze but only in color. Usually with a fire, you can see flames shooting up. This was not the case with this. It was stationary. The location, as best I could tell, was the point of beach northwest of Mexico Beach. (See attached maps.) Only my wife, children, and I saw it as far as I know. However, it was possible for anyone to see who looked in that direction.
b. Angle or elevation and azimuth of object - Parallel with horizon and in a northwest direction.
c. Angle or elevation and azimuth of object upon disappearance - Faded down.",0.005924950625411455,21.1,"Report on Unidentified Flying Object (UFO)
1. Description of the object:
a. Shape - Like two humps. (See attached sketch)
b. Size - About 8 inches across (3 miles away)
c. Color - Fiery red
d. Number - One, but had two humps.
e. Formation - N/A
f. Any discernible features or details - Bright red light, red haze, and small dot of light.
g. Tail, trail, or exhaust - None.
h. Sound - None.
i. Other pertinent or unusual features - Two humps.
2. Description of course of object:
a. Sergeant Baumgart - At approximately 2115 hours (EST) on 23 May 1961, my wife and I had just returned home from Port St. Joe. Upon arriving home my wife commented upon the fire out in the Gulf. She showed me where, and it looked like a big blaze quite a distance away. We got in the car and drove to Wayside Park at Mexico Beach. I didn't think we could get a better view any closer to it or see it any better than from there. While we were watching it seemed to die out somewhat. It appeared to be a blaze, but only in color. Usually with a fire you can see flames shooting up. This was not the case with this. It was stationary. The location, as best I could tell, was the point of beach northwest of Mexico Beach. (See attached maps.) Only my wife, children, and I saw it as far as I know. However, it was possible for anyone to see who looked in that direction.
b. Angle of elevation and azimuth of object - Parallel with horizon and in a northwest direction.
c. Angle of elevation and azimuth of object upon disappearance - Faded down.",0.009204470742932281,15.36,"Report on Unidentified Flying Object (UFO)
1. Description of the object:
a. Shape - Like two humps. (See attached sketch)
b. Size - About 8 inches across (3 miles away).
c. Color - Fiery red.
d. Number - One, but had two humps.
e. Formation - N/A.
f. Any discernible features or details - Bright red light, red haze, and small dot of light.
g. Tail, trail or exhaust - None.
h. Sound - None.
i. Other pertinent or unusual features - Two humps.

2. Description of course of object:
a. Sergeant Baumgart - At approximately 2115 hours (EST), 23 May 1961, my wife and I had just returned home from Port St. Joe. Upon arriving home, my wife commented upon the fire out in the Gulf. She showed me where, and it looked like a big blaze quite a distance away. We got in the car and drove to Wayside Park at Mexico Beach. I didn't think we could get a better view any closer to it or see it any better than from there. While we were watching, it seemed to die out somewhat. It appeared to be a blaze, but only in color. Usually with a fire you can see flames shooting up. This was not the case with this. It was stationary. The location, as best I could tell, was the point of beach northwest of Mexico Beach (see attached maps). Only my wife, children, and I saw it as far as I know. However, it was possible for anyone to see who looked in that direction.
b. Angle of elevation and azimuth of object - Parallel with horizon and in a northwest direction.
c. Angle of elevation and azimuth of object upon disappearance - Faded down.",0.009198423127463863,21.2,"Report on Unidentified Flying Object (UFO)

1. Description of the object:
a. Shape - Like two humps. (See attached sketch)
b. Size - About 8 inches across (3 miles away).
c. Color - Fiery red.
d. Number - One, but had two humps.
e. Formation - N/A.
f. Any discernible features or details - Bright red light, red haze and small dot of light.
g. Tail, trail or exhaust - None.
h. Sound - None.
i. Other pertinent or unusual features - Two humps.

2. Description of course of object:
a. Sergeant Baumgart - At approximately 2115 hours (EST), 23 May 1961, my wife and I had just returned home from Port St. Joe. Upon arriving home my wife commented upon the fire out in the Gulf. She showed me where and it looked like a big blaze quite a distance away. We got in the car and drove to Wayside Park at Mexico Beach. I didn't think we could get a better view any closer to it or see it any better than from there. While we were watching, it seemed to die out somewhat. It appeared to be a blaze but only in color. Usually with a fire you can see flames shooting up. This was not the case with this. It was stationary. The location, as best I could tell, was the point of beach northwest of Mexico Beach. (See attached maps). Only my wife, children and I saw it as far as I know. However, it was possible for anyone to see who looked in that direction.
b. Angle of elevation and azimuth of object - Parallel with horizon and in a northwest direction.
c. Angle of elevation and azimuth of object upon disappearance - Faded down.",0.007905138339920948,22.33,"Report on Unidentified Flying Object (UFO)
1. Description of the object:
a. Shape - Like two humps. (See attached sketch)
b. Size - About 8 inches across (3 miles away)
C. Color - Fiery red
d. Number - One but had two humps.
e. Formation - N/A.
f. Any discernible features or details - Bright red light, red
haze and small dot of light.
g. Tail, trail or exhaust - None.
h. Sound - None
i. Other pertinent or unusual features - Two humps.
2. Description of course of object:
a. Sergeant Baumgart - at approximately 2115 hours (EST), 23
May 1961, my wife and I had just returned home from Port St. Joe.
Upon arriving home my wife commented upon the fire out in the Gulf.
She showed me where and it looked like a big blaze quite a distance
away. We got in the car and drove to Wayside Park at Mexico Beach.
I didn't think we could get a better view any closer to it or see it any
better than from there. While we were watching it seemed to die out
somewhat. It appeared to be a blaze but only in color. Usually with
a fire you can see flames shooting up. This was not the case with
this. It was stationary. The location, as best I could tell, was the
point of beach northwest of Mexico Beach. (See attached maps). Only
my wife, children and I saw it as far as I know. However, it was
possible for anyone to see who looked in that direction.
b. Angle or elevation and azimuth of object - Parallel with
horizon and in a northwest direction.
C. Angle or elevation and azimuth of object upon disappearance -
Faded down,",0.0026367831245880024,17.11,"Report on Unidentified Flying Object (UFO)
1. Description of the object:
a. Shape - Like two humps. (See attached sketch)
b. Size - About 8 inches across (3 miles away)
c. Color - Fiery red
d. Number - One but had two humps.
e. Formation - N/A.
f. Any discernible features or details - Bright red light, red haze and small dot of light.
g. Tail, trail or exhaust - None.
h. Sound - None.
i. Other pertinent or unusual features - Two humps.
2. Description of course of object:
a. Sergeant Baumgart - At approximately 2115 hours (EST), 23 May 1961, my wife and I had just returned home from Port St. Joe. Upon arriving home my wife commented upon the fire out in the Gulf. She showed me where and it looked like a big blaze quite a distance away. We got in the car and drove to Wayside Park at Mexico Beach. I didn't think we could get a better view any closer to it or see it any better than from there. While we were watching it seemed to die out somewhat. It appeared to be a blaze but only in color. Usually with a fire you can see flames shooting up. This was not the case with this. It was stationary. The location, as best I could tell, was the point of beach northwest of Mexico Beach. (See attached maps). Only my wife, children and I saw it as far as I know. However, it was possible for anyone to see who looked in that direction.
b. Angle or elevation and azimuth of object - Parallel with horizon and in a northwest direction.
c. Angle or elevation and azimuth of object upon disappearance - Faded down.",0.003955174686882004,28.15,"Report on Unidentified Flying Object (UFO)
1. Description of the object:
a. Shape - Like two humps. (See attached sketch)
b. Size - About 8 inches across (3 miles away)
c. Color - Fiery red
d. Number - one but had two humps.
e. Formation - N/A.
f. Any discernible features or details - Bright red light, red
haze and small dot of light.
g. Tail, trail or exhaust - None.
h. Sound - none.
i. Other pertinent or unusual features - Two humps.
2. Description of course of object:
a. Sergeant Baumgart - At approximately 2115 hours (EST), 23
May 1961, my wife and I had just returned home from Port St. Joe.
Upon arriving home my wife commented upon the fire out in the Gulf.
She showed me where and it looked like a big blaze quite a distance
away. We got in the car and drove to Wayside Park at Mexico Beach.
I didn't think we could get a better view any closer to it or see it any
better than from there. While we were watching it seemed to die out
somewhat. It appeared to be a blaze but only in color. Usually with
a fire you can see flames shooting up. This was not the case with
this. It was stationary. The location, as best I could tell, was the
point of beach northwest of Mexico Beach. (See attached maps). Only
my wife, children and I saw it as far as I know. However, it was
possible for anyone to see who looked in that direction.
b. Angle or elevation and azimuth of object - Parallel with
horizon and in a northwest direction.
c. Angle or elevation and azimuth of object upon disappearance -
Faded down.",0.003955174686882004,19.46
28967347,"Page 6
32. In the following sketch, imagine that you are at the point shown. Place an ""A"" on the curved line to show how high the object was above the horizon (skyline) when you first saw it. Place a ""B"" on the same curved line to show how high the object was above the horizon (skyline) when you last saw it.
33. In the following larger sketch place an ""A"" at the position the object was when you first saw it, and a ""B"" at its position when you last saw it. Refer to the smaller sketch as an example of how to complete the larger sketch.",0.009191176470588236,8.79,"Page 6
32. In the following sketch, imagine that you are at the point shown. Place an ""A"" on the curved line to show how
high the object was above the horizon (skyline) when you first saw it. Place a ""B"" on the same curved line to
show how high the object was above the horizon (skyline) when you last saw it.
A B
33. In the following larger sketch, place an ""A"" at the position the object was in when you first saw it, and a ""B"" at its
position when you last saw it. Refer to the smaller sketch as an example of how to complete the larger sketch.
A",0.009107468123861567,13.11,"Page 6
32. In the following sketch, imagine that you are at the point shown. Place an ""A"" on the curved line to show how
high the object was above the horizon (skyline) when you first saw it. Place a ""B"" on the same curved line to
show how high the object was above the horizon (skyline) when you last saw it.

33. In the following larger sketch, place an ""A"" at the position the object was when you first saw it, and a ""B"" at its
position when you last saw it. Refer to the smaller sketch as an example of how to complete the larger sketch.",0.011029411764705883,12.49,"Page 6
32. In the following sketch, imagine that you are at the point shown. Place an ""A"" on the curved line to show how high the object was above the horizon (skyline) when you first saw it. Place a ""B"" on the same curved line to show how high the object was above the horizon (skyline) when you last saw it.
33. In the following larger sketch, place an ""A"" at the position the object was when you first saw it, and a ""B"" at its position when you last saw it. Refer to the smaller sketch as an example of how to complete the larger sketch.",0.011029411764705883,9.12,"Page 6
32. In the following sketch, imagine that you are at the point shown. Place an ""A"" on the curved line to show how
high the object was above the horizon (skyline) when you first saw it. Place a ""B"" on the same curved line to
show how high the object was above the horizon (skyline) when you last saw it.
AB
33. In the following larger sketch place an ""A"" at the position the object was when you first saw it, and a ""B"" at its
position when you last saw it. Refer to smaller sketch as an example of how to complete the larger sketch.
A",0.007352941176470588,18.84,"Page 6
32. In the following sketch, imagine that you are at the point shown. Place an ""A"" on the curved line to show how high the object was above the horizon (skyline) when you first saw it. Place a ""B"" on the same curved line to show how high the object was above the horizon (skyline) when you last saw it.

33. In the following larger sketch, place an ""A"" at the position the object was when you first saw it, and a ""B"" at its position when you last saw it. Refer to the smaller sketch as an example of how to complete the larger sketch.",0.011029411764705883,9.01,"Page 6
32. In the following sketch, imagine that you are at the point shown. Place an ""A"" on the curved line to show how
high the object was above the horizon (skyline) when you first saw it. Place a ""B"" on the same curved line to
show how high the object was above the horizon (skyline) when you last saw it.
A B
33. In the following larger sketch place an ""A"" at the position the object was when you first saw it, and a ""B"" at its
position when you last saw it. Refer to smaller sketch as an example of how to complete the larger sketch.
A",0.009191176470588236,21.4,"Page 6
32. In the following sketch, imagine that you are at the point shown. Place an ""A"" on the curved line to show how
high the object was above the horizon (skyline) when you first saw it. Place a ""B"" on the same curved line to
show how high the object was above the horizon (skyline) when you last saw it.
A B
33. In the following larger sketch place an ""A"" at the position the object was when you first saw it, and a ""B"" at its
position when you last saw it. Refer to the smaller sketch as an example of how to complete the larger sketch.
A",0.001834862385321101,11.57,"Page 6
32. In the following sketch, imagine that you are at the point shown. Place an ""A"" on the curved line to show how
high the object was above the horizon (skyline) when you first saw it. Place a ""B"" on the same curved line to
show how high the object was above the horizon (skyline) when you last saw it.
AB
33. In the following larger sketch place an ""A"" at the position the object was when you first saw it, and a ""B"" at its
position when you last saw it. Refer to smaller sketch as an example of how to complete the larger sketch.
A",0.007352941176470588,13.21
28991590,"PROJECT 10073 RECORD CARD
1. DATE
27 Feb 61
2. LOCATION
3854N 7710W Arlington, Va.
12. CONCLUSIONS
Was Balloon
Probably Balloon
Possibly Balloon
Was Aircraft
Probably Aircraft
Possibly Aircraft
Was Astronomical - METEOR
Probably Astronomical
Possibly Astronomical
Other
Insufficient Data for Evaluation
3. DATE-TIME GROUP
Local 2101
GMT 280201Z
4. TYPE OF OBSERVATION
Ground - Visual
Ground - Radar
Air - Visual
Air - Intercept Radar
5. PHOTOS
Yes
No
6. SOURCE
Civilian
Other
Unknown
7. LENGTH OF OBSERVATION
90 sec
8. NUMBER OF OBJECTS
1
9. COURSE
SW-NE
10. BRIEF SUMMARY OF SIGHTING
Circular object, size of pinhead. Yellow-red, brightness of 2nd magnitude. Had vapor trail, indeterminate length, 7° or 8° removed from object. Appeared 30-35° above horizon in SW sky; disappeared 80° above horizon in NE sky.
11. COMMENTS
Except for duration, description is characteristic of a meteor. With probable overestimation of time.
ATIC FORM 329 (REV 26 SEP 52)",0.5047120418848168,28.57,"PROJECT 10073 RECORD CARD
1. DATE
27 Feb 61
2. LOCATION
3854N 7710W Arlington, Va.
12. CONCLUSIONS
Was Balloon
Probably Balloon
Possibly Balloon
Was Aircraft
Probably Aircraft
Possibly Aircraft
Was Astronomical METEOR
Probably Astronomical
Possibly Astronomical
Other
Insufficient Data for Evaluation
Unknown
3. DATE-TIME GROUP
Local 2101
GMT 280201Z
4. TYPE OF OBSERVATION
Ground-Visual
Ground-Radar
Air-Visual
Air-Intercept Radar
5. PHOTOS
Yes
No
6. SOURCE
Civilian
7. LENGTH OF OBSERVATION
90 sec
8. NUMBER OF OBJECTS
1
9. COURSE
SW-NE
10. BRIEF SUMMARY OF SIGHTING
Circular object, size of pinhead. Yellow-red, brightness of 2nd magnitude. Had vapor trail, indeterminate length, 7° or 8° removed from object. Appeared 30-35° above horizon in SW sky; disappeared 80° above horizon in NE sky.
11. COMMENTS
Except for duration, description is characteristic of a meteor. With probable overestimation of time.
ATIC FORM 329 (REV 26 SEP 52)",0.4994675186368477,18.63,"PROJECT 10073 RECORD CARD
1. DATE
27 Feb 61
2. LOCATION
3854N 7710W Arlington, Va.
12. CONCLUSIONS
Was Balloon
Probably Balloon
Possibly Balloon
Was Aircraft
Probably Aircraft
Possibly Aircraft
Was Astronomical: METEOR
Probably Astronomical
Possibly Astronomical
Other
Insufficient Data for Evaluation
3. DATE-TIME GROUP
Local 2101
GMT 280201Z
4. TYPE OF OBSERVATION
Ground-Visual
Ground-Radar
Air-Visual
Air-Intercept Radar
5. PHOTOS
Yes
No
6. SOURCE
Civilian
7. LENGTH OF OBSERVATION
90 sec
8. NUMBER OF OBJECTS
1
9. COURSE
SW-NE
10. BRIEF SUMMARY OF SIGHTING
Circular object, size of pinhead. Yellow-red, brightness of 2nd magnitude. Had vapor trail, indeterminate length, 7° or 8° removed from object. Appeared 30-35° above horizon in SW sky; disappeared 80° above horizon in NE sky.
11. COMMENTS
Except for duration, description is characteristic of a meteor. With probable overestimation of time.
ATIC FORM 329 (REV 26 SEP 52)",0.4957081545064378,17.82,"PROJECT 10073 RECORD CARD
1. DATE
27 Feb 61
2. LOCATION
3854N 7710W Arlington, Va.
3. DATE-TIME GROUP
Local 2101
GMT 280201Z
4. TYPE OF OBSERVATION
Ground-Visual
Ground-Radar
Air-Visual
Air-Intercept Radar
5. PHOTOS
Yes
No
6. SOURCE
Civilian
7. LENGTH OF OBSERVATION
90 sec
8. NUMBER OF OBJECTS
1
9. COURSE
SW-NE
10. BRIEF SUMMARY OF SIGHTING
Circular object, size of pinhead. Yellow-red, brightness of 2nd magnitude. Had vapor trail, indeterminate length, 7° or 8° removed from object. Appeared 30-35° above horizon in SW sky; disappeared 80° above horizon in NE sky.
11. COMMENTS
Except for duration, description is characteristic of a meteor. W/ probable overestimation of time.
12. CONCLUSIONS
Was Balloon
Probably Balloon
Possibly Balloon
Was Aircraft
Probably Aircraft
Possibly Aircraft
Was Astronomical - Meteor
Probably Astronomical
Possibly Astronomical
Other
Insufficient Data for Evaluation
Unknown
ATIC FORM 329 (REV 26 SEP 52)",0.019169329073482427,31.94,"PROJECT 10073 RECORD CARD
1. DATE 27 Feb 61
2. LOCATION 3854N 7710W Arlington, Va.
3. DATE-TIME GROUP
Local 2101
GMT 280201Z
4. TYPE OF OBSERVATION
Ground-Visual
Ground-Radar
Air-Visual
Air-Intercept Radar
5. PHOTOS
Yes
No
6. SOURCE
Civilian
7. LENGTH OF OBSERVATION
90 sec
8. NUMBER OF OBJECTS
1
9. COURSE
SW-NE
10. BRIEF SUMMARY OF SIGHTING
Circular object, size of pinhead. Yellow-red, brightness of 2nd magnitude. Had vapor trail, indeterminate length, 7° or 8° removed from object. Appeared 30-35° above horizon in SW sky; disappeared 80° above horizon in NE sky.
11. COMMENTS
Except for duration, description is characteristic of a meteor, with probable overestimation of time.
12. CONCLUSIONS
Was Balloon
Probably Balloon
Possibly Balloon
Was Aircraft
Probably Aircraft
Possibly Aircraft
Was Astronomical METEOR
Probably Astronomical
Possibly Astronomical
Other
Insufficient Data for Evaluation
Unknown
ATIC FORM 329 (REV 26 SEP 52)",0.021299254526091587,42.3,"PROJECT 10073 RECORD CARD
1. DATE
27 Feb 61
2. LOCATION
3854N 7710W Arlington, Va.
3. DATE-TIME GROUP
Local 2101
GMT 280201Z
4. TYPE OF OBSERVATION
Ground-Visual
Ground-Radar
Air-Visual
Air-Intercept Radar
5. PHOTOS
Yes
No
6. SOURCE
Civilian
7. LENGTH OF OBSERVATION
90 sec
8. NUMBER OF OBJECTS
1
9. COURSE
SW-NE
10. BRIEF SUMMARY OF SIGHTING
Circular object, size of pinhead. Yellow-red, brightness of 2nd magnitude. Had vapor trail, indeterminate length, 7° or 8° removed from object. Appeared 30-35° above horizon in SW sky; disappeared 80° above horizon in NE sky.
11. COMMENTS
Except for duration, description is characteristic of a meteor, with probable overestimation of time.
12. CONCLUSIONS
Was Balloon
Probably Balloon
Possibly Balloon
Was Aircraft
Probably Aircraft
Possibly Aircraft
Was Astronomical Meteor
Probably Astronomical
Possibly Astronomical
Other
Insufficient Data for Evaluation
Unknown
ATIC FORM 329 (REV 26 SEP 52)",0.021299254526091587,31.41,"PROJECT 10073 RECORD CARD

1. DATE
27 Feb 61

2. LOCATION
3854N 7710W Arlington, Va.

3. DATE-TIME GROUP
Local 2101
GMT 280201Z

4. TYPE OF OBSERVATION
ʘGround-Visualʘ
Ground-Radar
Air-Visual
Air-Intercept Radar

5. PHOTOS
Yes
No

6. SOURCE
Civilian

7. LENGTH OF OBSERVATION
90 sec

8. NUMBER OF OBJECTS
1

9. COURSE
SW-NE

10. BRIEF SUMMARY OF SIGHTING
Circular objt, size of pinhead. Yellow-red, brightness of 2nd magni-
tude. Had vapor trail, indeterminate length, 7° or 8° removed from objt. Appeared 30-35° above horizon in SW sky; disappeared 80° above horizon in NE sky.

11. COMMENTS
Except for duration, descrip-
tion is characteristic of a meteor. W/probable over estimation of time.

12. CONCLUSIONS
Was Balloon
Probably Balloon
Possibly Balloon
Was Aircraft
Probably Aircraft
Possibly Aircraft
ʘWas Astronomicalʘ METEOR
Probably Astronomical
Possibly Astronomical
Other
Insufficient Data for Evaluation
Unknown

ATIC FORM 329 (REV 26 SEP 52)",0.014941302027748132,52.02,"PROJECT 10073 RECORD CARD

1. DATE
27 Feb 61

2. LOCATION
3854N 7710W Arlington, Va.

3. DATE-TIME GROUP
Local 2101
GMT 280201Z

4. TYPE OF OBSERVATION
ʘGround-Visualʘ
Ground-Radar
Air Visual
Air-Intercept Radar

5. PHOTOS
Yes
No

6. SOURCE
ʘCivilianʘ

7. LENGTH OF OBSERVATION
90 sec

8. NUMBER OF OBJECTS
1

9. COURSE
SW-NE

10. BRIEF SUMMARY OF SIGHTING
Circular obj., size of
pinhead. Yellow-red, brightness of 2nd magni-
tude. Had vapor trail, indeterminate length,
7° or 8° removed from obj. Appeared 30-35°
above horizon in SW sky; disappeared 80° above
horizon in NE sky.

11. COMMENTS
Except for duration, descrip-
tion is characteristic of a meteor.
w/ probable overestimation of time.

12. CONCLUSIONS
Was Balloon
Probably Balloon
Possibly Balloon
Was Aircraft
Probably Aircraft
Possibly Aircraft
ʘWas Astronomical METEORʘ
Probably Astronomical
Possibly Astronomical
Other
Insufficient Data for Evaluation
Unknown

ATIC FORM 329 (REV 26 SEP 52)",0.016025641025641024,68.22,"PROJECT 10073 RECORD CARD

1. DATE
27 Feb 61

2. LOCATION
3854N 7710W Arlington, Va.

3. DATE-TIME GROUP
Local 2101
GMT 280201Z

4. TYPE OF OBSERVATION
Ground-Visual
Ground-Radar
Air-Visual
Air-Intercept Radar

5. PHOTOS
Yes
No

6. SOURCE
Civilian

7. LENGTH OF OBSERVATION
90 sec

8. NUMBER OF OBJECTS
1

9. COURSE
SW-NE

10. BRIEF SUMMARY OF SIGHTING
Circular objt, size of pinhead. Yellow-red, brightness of 2nd magni-
tude. Had vapor trail, indeterminate length, 7° or 8° removed from objt. Appeared 30-35°
above horizon in SW sky; disappeared 80° above horizon in NE sky.

11. COMMENTS
Except for duration, descrip-
tion is characteristic of a meteor. w/probable overestimation of time.

12. CONCLUSIONS
Was Balloon
Probably Balloon
Possibly Balloon
Was Aircraft
Probably Aircraft
Possibly Aircraft
ʘWas Astronomical METEORʘ
Probably Astronomical
Possibly Astronomical
Other
Insufficient Data for Evaluation
Unknown

ATIC FORM 329 (REV 26 SEP 52)",0.016025641025641024,61.25
28944238,"240
1:1,000,000
CIRCLE EQUALS
210
STATUTE MILES
Aeronautical Chart and Information Service, Washington 25, D.C.",0.09009009009009009,44.69,"240
1:1,000,000
CIRCLE EQUALS 210 STATUTE MILES
Aeronautical Chart and Information Service, Washington 25, D.C.",0.09009009009009009,32.77,"1:1,000,000
240 STATUTE MILES = 210 NAUTICAL MILES
Aeronautical Chart and Information Service, Washington 25, D.C.",0.32456140350877194,64.51,"240
1:1,000,000
CIRCLE EQUALS 210 STATUTE MILES
Aeronautical Chart and Information Service, Washington 25, D.C.",0.09009009009009009,19.15,"Scale 1:1,000,000
Circle equals 210 nautical miles (240 statute miles)
Aeronautical Chart and Information Service, Washington 25, D.C.",0.26865671641791045,34.3,"240
1:1,000,000
CIRCLE EQUALS 210 STATUTE MILES
Aeronautical Chart and Information Service, Washington 25, D.C.",0.09009009009009009,52.63,"240
1:1,000,000
CIRCLE EQUALS
210
STATUTE MILES
Aeronautical Chart and Information Service, Washington 25, D.C.",0.09009009009009009,17.2,"1:1,000,000
CIRCLE EQUALS
240 STATUTE MILES
210 NAUTICAL MILES
Aeronautical Chart and Information Service, Washington 25, D.C.",0.2619047619047619,27.75,"240
1:1,000,000
CIRCLE EQUALS
210
STATUTE MILES
Aeronautical Chart and Information Service, Washington 25, D.C.",0.09009009009009009,12.49
28972565,"RJEDEN/COM AIR DEFENSE COMMAND ENT AFB COLORADO SPRINGS
RJEPNB/COM EASTERN AIR DEFENSE COMMAND STEWART AFB NY
FE4
INFO RBEPW/DIRNAVINT NAVY DEPT WASH DC
RBEGK/COMEASTSEAFRON
30/2015Z
USCG GRNC
METAIRIE LA.
BT
FLYOB REPORT X MR AVE METAIRIE LA PHONE
REPORTS BRILLIANT BLUISH LIGHT LEAVING LONG LUMINOUS TRAIL
WITH NO ACCOMPANYING SOUND X OBSERVED VISUALLY 30 OCT AT APRX 2115 CST
FOR 5 SEC FROM PASS TANTE PHINE POSN 29-09N 89-25W X OBJECT OBSERVED
BEARING 225 DEG TO 240 DEG TRAVELING NORTHEASTWARD HORIZONTALLY AT
ESTIMATED 200 TO 300 MILE ALTITUDE BUT LOW ON HORIZON X WEATHER CLEAR
VIS 7 TEMP 63 DEW POINT 59 WINDS AT 10000 FT NW AT 25 KTS
X NO KNOWN METEOROLOGICAL PHENOMENON X NO KNOWN ACFT OPERATIONS IN THAT
GENERAL AREA
BT
CFN 3816 33022 33 20 15S 5 29-09N 89-26W 225 240 200 300 7 63 59
10000 25
06/2330Z NOV RBETNFJ",0.03636363636363636,42.15,"RJEDEN/COM AIR DEFENSE COMMAND ENT AFB COLORADO SPRINGS
RJEPNB/COM EASTERN AIR DEFENSE COMMAND STEWART AFB NY
FE4
INFO RBEPW/DIRNAVINT NAVY DEPT WASHDC
RBEGK/COM EASTSEAFRON
30/2015Z
USCG GRNC
FM
METAIRIE LA.
BT
FLYOB REPORT X MR AVE METAIRIE LA PHONE IN REPORTS BRILLIANT BLUISH LIGHT LEAVING LONG LUMINOUS TRAIL
WITH NO ACCOMPANYING SOUND X OBSERVED VISUALLY 30 OCT AT APRX 2115Z
FOR 5 SEC FROM PASS TANTE-PHINE POSN 29-09N 89-25W X OBJECT OBSERVED
BEARING 225 DEG TO 240 DEG TRAVELING NORTHEASTWARD HORIZONTALLY AT
ESTIMATED 200 TO 300 MILES ALTITUDE BUT LOW ON HORIZON X WEATHER CLEAR
VIS 7 TEMP 63 DEW POINT 59 WINDS AT 10000 FT NW AT 25 KTS
X NO KNOWN METEOROLOGICAL PHENOMENON X NO KNOWN ACFT OPERATIONS IN THAT
GENERAL AREA
BT
CFN 3816 33022 33 20 15Z 5 29-09N 89-26W 225 240 200 300 7 63 59
10000 25
06/2330Z NOV RBETNFJ",0.039806996381182146,59.9,"RJEDEN/COM AIR DEFENSE COMMAND ENT AFB COLORADO SPRINGS
RJEPNB/COM EASTERN AIR DEFENSE COMMAND STEWART AFB NY
INFO RBEPW/DIRNAVINT NAVY DEPT WASH DC
RBEGK/COMEASTSEAFRON
30/2015Z
USCG GRNC
METAIRIE LA.
BT
FLYOBRPT X MR AVE METAIRIE LA PHONE
REPORTS BRILLIANT BLUISH LIGHT LEAVING LONG LUMINOUS TRAIL
WITH NO ACCOMPANYING SOUND X OBSERVED VISUALLY 30 OCT AT APRX 2115Z
FOR 5 SEC FROM PASSE TANTE PHINE POSN 29-09N 89-25W X OBJECT OBSERVED
BEARING 225 DEG TO 240 DEG TRAVELING NORTHEASTWARD HORIZONTALLY AT
ESTIMATED 200 TO 300 MILES ALTITUDE BUT LOW ON HORIZON X WEATHER CLEAR
VIS 7 TEMP 63 DEW POINT 59 WINDS AT 10000 FT NW AT 25 KTS
X NO KNOWN METEOROLOGICAL PHENOMENON X NO KNOWN ACFT OPERATIONS IN THAT
GENERAL AREA
BT
CFN 3816 33022 33 2015Z 5 29-09N 89-26W 225 240 200 300 7 63 59
10000 25
06/2330Z NOV RBETNFJ
S",0.03549571603427173,77.41,"RJEDEN/COM AIR DEF COMMAND ENT AFB COLORADO SPRINGS
RJEPNB/COM EASTERN AIR DEFENSE COMMAND STEWART AFB NY
INFO RBEPW/DIRNAVINT NAVY DEPT WASH DC
RBEGK/COM EASTSEAFRON
30/20152
USCG GR NO
METAIRIE LA
BT
FLYOB REPORT X MR AVE METAIRIE LA PHONE
REPORTS BRILLIANT BLUISH LIGHT LEAVING LONG LUMINOUS TRAIL
WITH NO ACCOMPANYING SOUND X OBSERVED VISUALLY 30 OCT AT APRX 2115
FOR 5 SEC FROM PASS TANTE PHINE POSN 29-09N 89-25W X OBJECT OBSERVED
BEARING 225 DEG TO 240 DEG TRAVELING NORTHEASTWARD HORIZONTALLY AT
ESTIMATED 200 TO 300 MILE ALTITUDE BUT LOW ON HORIZON X WEATHER CLEAR
VIS 7 TEMP 63 DEW POINT 59 WINDS AT 10000 FT NW AT 25 KTS
X NO KNOWN METEOROLOGICAL PHENOMENON X NO KNOWN ACFT OPERATIONS IN THAT
GENERAL AREA
BT
CFN 3816 33022 33 20 15S 5 29-09N 89-26W 225 240 200 300 7 63 59
10000 25
06/2330Z NOV RBETNFJ
S",0.029411764705882353,68.13,"RJEDEN/COM AIR DEFENSE COMMAND ENT AFB COLORADO SPRINGS
RJEPNB/COM EASTERN AIR DEFENSE COMMAND STEWART AFB NY
FE4
INFO RBEPW/DIRNAVINT NAVY DEPT WASH DC
RBEGK/COM EASTSEAFRON
30/2015Z
USCG GRNC
METAIRIE LA.
BT
FLYOB REPORT X MR AVE METAIRIE LA PHONE
REPORTS BRILLIANT BLUISH LIGHT LEAVING LONG LUMINOUS TRAIL
WITH NO ACCOMPANYING SOUND X OBSERVED VISUALLY 30 OCT AT APRX 2115Z
FOR 5 SEC FROM PASS TANTE-PHINE POSN 29-09N 89-25W X OBJECT OBSERVED
BEARING 225 DEG TO 240 DEG TRAVELING NORTHEASTWARD HORIZONTALLY AT
ESTIMATED 200 TO 300 MILES ALTITUDE BUT LOW ON HORIZON X WEATHER CLEAR.
VIS 7 TEMP 63 DEW POINT 59 WINDS AT 10000 FT NW AT 25 KTS
X NO KNOWN METEOROLOGICAL PHENOMENON X NO KNOWN ACFT OPERATIONS IN THAT
GENERAL AREA
BT
CFN 3816 33022 33 20 15Z 5 29-09N 89-26W 225 240 200 300 7 63 59
10000 25
06/2330Z NOV RBETNFJ
S",0.037484885126964934,116.79,"RJEDEN/COM AIR DEFENSE COMMAND ENT AFB COLORADO SPRINGS
RJEPNB/COM EASTERN AIR DEFENSE COMMAND STEWART AFB NY
FE4
INFO RBEPW/DIRNAVINT NAVY DEPT WASH DC
RBEGK/COMEASTSEAFRON
30/2015Z
USCG GRNC
FM METAIRIE LA
BT
FLYOB REPORT X MR AVE METAIRIE LA PHONE
REPORTS BRILLIANT BLUISH LIGHT LEAVING LONG LUMINOUS TRAIL WITH NO ACCOMPANYING SOUND X OBSERVED VISUALLY 30 OCT AT APRX 2115S FOR 5 SEC FROM PRESENT POSN 29-09N 89-25W X OBJECT OBSERVED BEARING 225 DEG TO 240 DEG TRAVELING NORTHEASTWARD HORIZONTALLY AT ESTIMATED 200 TO 300 MILE ALTITUDE BUT LOW ON HORIZON X WEATHER CLEAR VIS 7 TEMP 63 DEW POINT 59 WINDS AT 10000 FT NW AT 25 KTS X NO KNOWN METEOROLOGICAL PHENOMENON X NO KNOWN ACFT OPERATIONS IN THAT GENERAL AREA
BT
CFN 3816 33022 33 20 15S 5 29-09N 89-26W 225 240 200 300 7 63 59 10000 25
06/2330Z NOV RBETNFJ
S",0.05385556915544676,102.28,"RJEDEN/COM AIR DEF COMMAND ENT AFB COLORADO SPRINGS
RJEPNB/COM EASTERN AIR DEFENSE COMMAND STEWART AFB NY
FE4
INFO RBEPW/DIRNAVINT NAVY DEPT WASH DC
RBEGK/COM EASTSEAFRON
30/2015Z
USCG GRNC
NY
METAIRIE LA.
BT
FLYOB REPORT X MR AVE METAIRIE LA PHONE
REPORTS BRILLIANT BLUISH LIGHT LEAVING LONG LUMINOUS TRAIL
WITH NO ACCOMPANYING SOUND X OBSERVED VISUALLY 30 OCT AT APRX 2115S
FOR 5 SEC FROM PASS TANTE-PHINE POSN 29-09N 89-25W X OBJECT OBSERVED
BEARING 225 DEG TO 240 DEG TRAVELING NORTHEASTWARD HORIZONTALLY AT
ESTIMATED 200 TO 300 MILE ALTITUDE BUT LOW ON HORIZON X WEATHER CLEAR
VIS 7 TEMP 63 DEW POINT 59 WINDS AT 10000 FT NW AT 25 KTS
X NO KNOWN METEOROLOGICAL PHENOMENON X NO KNOWN ACFT OPERATIONS IN THAT
GENERAL AREA
BT
CFN 3816 33022 33 20 15S 5 29-09N 89-26W 225 240 200 300 7 63 59
10000 25
06/2330Z NOV RBETNFJ
S",0.03398058252427184,73.45,"RJEDEN/COM AIR DEF COMMAND ENT AFB COLORADO SPRINGS
RJEPNB/COM EASTERN AIR DEFENSE COMMAND STEWART AFB NY
FE4
INFO RBEPW/DIRNAVINT NAVY DEPT WASH DC
RBEGK/COM EASTSEAFRON
30/2015Z
USCG GRNC
MY
METAIRIE, LA.
BT
FLYOB REPORT X MR. AVE METAIRIE LA PHONE
REPORTS BRILLIANT BLUISH LIGHT LEAVING LONG LUMINOUS TRAIL
WITH NO ACCOMPANYING SOUND X OBSERVED VISUALLY 30 OCT AT APRX 2115
FOR 5 SEC FROM PASS TANTE-PHINE POSN 29-09N 89-25W X OBJECT OBSERVED
BEARING 225 DEG TO 240 DEG TRAVELING NORTHEASTWARD HORIZONTALLY AT
ESTIMATED 200 TO 300 MILE ALTITUDE BUT LOW ON HORIZON X WEATHER CLEAR
VIS 7 TEMP 63 DEW POINT 59 WINDS AT 10000 FT NW AT 25 KTS
X NO KNOWN METEOROLOGICAL PHENOMENON X NO KNOWN ACFT OPERATIONS IN THAT
GENERAL AREA
BT
CFN 3816 33022 33 20 15S 5 29-09N 89-26W 225 240 200 300 7 63 59
10000 25
06/2330Z NOV RBETNFJ
S",0.03272727272727273,94.52,"RJEDEN/COM AIR DEFENSE COMMAND ENT AFB COLORADO SPRINGS
RJEPNB/COM EASTERN AIR DEFENSE COMMAND STEWART AFB NY
FE4
INFO RBEPW/DIRNAVINT NAVY DEPT WASH DC
RBEGK/COM EASTSEAFRON
30/2015Z
USCG GRNC
METAIRIE LA.
BT
FLYOB REPORT X MR AVE METAIRIE LA PHONE
REPORTS BRILLIANT BLUISH LIGHT LEAVING LONG LUMINOUS TRAIL
WITH NO ACCOMPANYING SOUND X OBSERVED VISUALLY 30 OCT AT APRX 2115S
FOR 5 SEC FROM PASS TANTE-PHINE POSN 29-09N 89-25W X OBJECT OBSERVED
BEARING 225 DEG TO 240 DEG TRAVELING NORTHEASTWARD HORIZONTALLY AT
ESTIMATED 200 TO 300 MILE ALTITUDE BUT LOW ON HORIZON X WEATHER CLEAR.
VIS 7 TEMP 63 DEW POINT 59 WINDS AT 10000 FT NW AT 25 KTS
X NO KNOWN METEOROLOGICAL PHENOMENON X NO KNOWN ACFT OPERATIONS IN THAT
GENERAL AREA
BT
CFN 3816 33022 33 20 15S 5 29-09N 89-26W 225 240 200 300 7 63 59
10000 25
06/2330Z NOV RBETNFJ
S",0.03631961259079903,57.44
28977736,"Duty
N/1320 2
SQD048 YDA059 VYC352 VDCJ29 YHAW13
TO RJEDDN RJEDSQ RJWFNK RJEDHO
0729
RJESKH:
COMADIV 805
RJEEDN COMD ADC ENT AFB COLO
Pass
HQ CONAD 33rd Air Div (ADC) Tinker AFB
4-4x2a
JEDSO/CONDR AIR TECH INTEL CNTR (WPAFB)
HQ
HQ USAF ASSIST CHIEF OF STAFF INTEL HQ USAF WASH 25 D C
HQ USAF OFFICE OF INFO SVC HQ USAF WASH 25 D C
UNCLASSIFIED/20 2084 SUBJ: UFO (Para 5, AFR 200-2)

DESCRIPTION OF THE OBJECT:

Teardrop-shaped, balloon characteristic.
Compared in size to the diameter of a pea held at arm's length.
Approximately 1/5 as thick as length.
Color—around edges a bright silver and in center cloudy.
Number: one.
N/A
No discernible features or details other than shape and color.
7. No trail, exhaust or smoke.
Note: good glance.
No sound.
No other pertinent or unusual features.

DESCRIPTION OF COURSE OF OBJECT:
Chance glance into the sky above mess building first brought attention to object.
Elevation and direction (estimated).
Immediately thereafter observed.",0.16238437821171633,59.28,"Duty
N/1320Z
SQD048 YDA059 VYC352 VDCJ29YHAW13
TO RJEDDN RJEDSQ RJWFNK RJEDHO
0729
RJESKH:
COMADIV 805
RJEDDN COMDR ADC ENT AFB COLO
PASS
HQ CONAD 33RD AIR DIV (DEF) TINKER AFB
4-4x2a
JEDSO/CONDR AIR TECH INTEL CNTR WPAFB
HQ
JEDIC ASSIST CHIEF OF STAFF INTEL HQ USAF WASH 25 D C
JEPHO OFFICE OF INFO SVC HQ USAF WASH 25 D C
UNCLASSIFIED/20 2084 SUBJ: UFO (PAR 5, AFR 200-2)
DESCRIPTION OF THE OBJECT:
TEARDROP-SHAPED BALLOON CHARACTERISTIC
COMPARABLE IN LENGTH OR DIAMETER TO: PEA HELD AT ARM'S LENGTH
APPROXIMATELY 1/5 AS THICK AS LENGTH.
COLOR - AROUND EDGES A BRIGHT SILVER AND IN CENTER CLOUDY
NUMBER UNK
N/A
NO DISCERNIBLE FEATURES OR DETAILS OTHER THAN SHAPE AND
COLOR.
NO TRAIL, EXHAUST OR SMOKE.
NOTE: GOOD GLANCE
NO SOUND.
NO OTHER PERTINENT OR UNUSUAL FEATURES.
DESCRIPTION OF COURSE OF OBJECT:
CHANGE COURSE INTO THE SKY ABOVE MESS BUILDING FIRST
SIGHTING ATTENTION TO OBJECT,
ELEVATION AND DEPRESSION (ESTIMATED)
TIME THEY FIRST OBSERVED.",0.15894736842105264,73.3,"Duty
N/1320Z
SQD048 YDA059 VYC352 VDCJ29 YHAW13
TO RJEDDN RJEDSQ RJWFNK RJEDHQ
0729
RJESKH:
COMADIV 805
RJEDDN COMDR ADC ENT AFB COLO
Pass
HQ CONAD 33D AIR DEF TINKER AFB
4-4x2a
JEDSO/CONDR AIR TECH INTEL CNTR (WPAFB)
HQ
AFOIN ASSIST CHIEF OF STAFF INTEL HQ USAF WASH 25 D C
OFFICE OF INFO SVC HQ USAF WASH 25 D C
UNCLASSIFIED/20 2084 SUBJ: UFO (PAR 5, AFR 200-2)
DESCRIPTION OF THE OBJECT:
TEARDROP SHAPED, BALLOON CHARACTERISTIC
COMPARED IN SIZE TO THE DIAMETER OF A PEA HELD AT ARM'S LENGTH
APPROXIMATELY 1/5 AS THICK AS LONG.
COLOR - AROUND EDGES A BRIGHT SILVER AND IN CENTER CLOUDY
NUMBER: N/A
NO DISCERNIBLE FEATURES OR DETAILS OTHER THAN SHAPE AND
COLOR.
NO TRAIL, EXHAUST OR SMOKE.
NOT A GOOD GLANCE.
NO SOUND.
NO OTHER PERTINENT OR UNUSUAL FEATURES.
DESCRIPTION OF COURSE OF OBJECT:
CHANCE GLANCE INTO THE SKY ABOVE MESS BUILDING FIRST
BROUGHT ATTENTION TO OBJECT,
ELEVATION AND DIRECTION (ESTIMATED)
WHERE FIRST OBSERVED.",0.15343347639484978,46.0,"DUTY
N/1320Z
SQD048 YDA059 VYC352 VDCJ29 YHAW13
00 RJEDDN RJEDSQ RJWFNK RJEDHQ
0729
RJESKH:
COMADIV 805
RJEEDN CONAD ADC ENT AFB COLO
PASS
HQ CONAD 33D AIR DIV (DEF) TINKER AFB
4-4X2A
JEDSO/CONDR AIR TECH INTEL CNTR WPAFB HD
JEDIC ASSIST CHIEF OF STAFF INTELL HQ USAF WASH 25 D C
JEPHO OFFICE OF INFO SVC HQ USAF WASH 25 D C
UNCLASSIFIED/20 2084 SUBJ: UFO (PAR 5, AFR 200-2)

DESCRIPTION OF THE OBJECT:
TEARDROP SHAPED; BALLOON CHARACTERISTICS.
COMPARED IN SIZE TO THE DIAMETER OF A PEA HELD AT ARM'S LENGTH; APPROXIMATELY 1/5 AS THICK AS LENGTH.
COLOR—AROUND EDGES A BRIGHT SILVER AND IN CENTER CLOUDED.
NUMBER ONE
N/A
NO DISCERNIBLE FEATURES OR DETAILS OTHER THAN SHAPE AND COLOR.
7. NO TRAIL, EXHAUST OR SMOKE.
NOTE: GOOD GLANCE
NO SOUND.
NO OTHER PERTINENT OR UNUSUAL FEATURES.

DESCRIPTION OF COURSE OF OBJECT:
CHANCE GLANCE INTO THE SKY ABOVE EMBASSY BUILDING FIRST BROUGHT ATTENTION TO OBJECT,
ELEVATION AND DIRECTION (ESTIMATED) WHERE FIRST OBSERVED.",0.13807531380753138,76.9,"Duty
N/1320Z
SQD048 YDA059 VYC352 VDCJ29 YHAW13
00 RJEDDN RJEDSQ RJWFNK RJEDHO
0729
RJESKH:
COMADIV 805
RJEEDN COMDR ADC ENT AFB COLO
PASS
CONAD 33D AIR DEF, TINKER AFB
4-4X2A
JEDSO/COMDR AIR TECH INTEL CNTR (WPAFB
HQ
JEDIC ASSIST CHIEF OF STAFF INTELL HQ USAF WASH 25 D.C.
JEPHO OFFICE OF INFO SVC HQ USAF WASH 25 D.C.
UNCLASSIFIED/20 2084 SUBJ: UFO (PAR 5, AFR 200-2)

DESCRIPTION OF THE OBJECT:
TEARDROP-SHAPED, BALLOON CHARACTERISTICS.
COMPARED IN SIZE TO THE DIAMETER OF A PEA HELD AT ARM'S LENGTH.
APPROXIMATELY 1/5 AS THICK AS LENGTH.
COLOR—AROUND EDGES A BRIGHT SILVER AND IN CENTER CLOUDY.
NUMBER: ONE.
NO DISCERNIBLE FEATURES OR DETAILS OTHER THAN SHAPE AND COLOR.
NO TRAIL, EXHAUST OR SMOKE.
NO SOUND.
NO OTHER PERTINENT OR UNUSUAL FEATURES.

DESCRIPTION OF COURSE OF OBJECT:
CHANCE GLANCE INTO THE SKY ABOVE MESS BUILDING FIRST ATTRACTED ATTENTION TO OBJECT.
ELEVATION AND DIRECTION (ESTIMATED).
IMMED THEN FIRST OBSERVED.",0.16738197424892703,72.49,"DUTY
N/1320Z
SQD 048 YDA 059 VYC 352 VDC J29 YHAW 13
00 RJEDDN RJEDSQ RJWFNK RJEDHO
0729
RJESKH:
COMADIV 805
RJEEDN CONAD ADC ENT AFB COLO
PASS
NIC CONAD 331D AIR DEF TINKER AFB
4-4X2A
JEDSO/CONDR AIR TECH INTEL CNTR (WPAFB)
HQ
JEDIC ASSISTANT CHIEF OF STAFF INTELL HQ USAF WASH 25 D C
JEPHO OFFICE OF INFO SVC HQ USAF WASH 25 D C
UNCLASSIFIED SUBJ: UFO (PAR 5, AFR 200-2)
DESCRIPTION OF THE OBJECT:
TEARDROP-SHAPED, BALLOON CHARACTERISTICS.
APPARENT SIZE: PEA HELD AT ARM'S LENGTH.
APPROXIMATELY 1/5 AS THICK AS LENGTH.
COLOR—AROUND EDGES A BRIGHT SILVER AND IN CENTER CLOUDED.
NUMBER: ONE.
NO DISCERNIBLE FEATURES OR DETAILS OTHER THAN SHAPE AND COLOR.
NO TRAIL, EXHAUST OR SMOKE.
NOTE: GOOD GLANCE.
NO SOUND.
NO OTHER PERTINENT OR UNUSUAL FEATURES.
DESCRIPTION OF COURSE OF OBJECT:
CHANCE GLANCE INTO THE SKY ABOVE MESS BUILDING FIRST DREW ATTENTION TO OBJECT.
ELEVATION AND DIRECTION (ESTIMATED) FROM WHERE FIRST OBSERVED.",0.18682505399568033,61.17,"DUTY
N/1320 2
SQD048 YDA059 VYC352 VDCJ29YHAW13
TO RJEDDN RJEDSQ RJWFNK RJEDHO
0729
RJESKH:
COMADIV 805
RJEEDN COMEP ADC ENT AFB COLO
Pass
NIC CONDI 331D AIR DEF TINKER AFB
4-4x2a
JEDSO/COMDR AIR TECH INTEL CNTR (WPAFB)
HQ
JEDIC ASSIST CHIEF OF STAFF INTEL HQ USAF WASH 25 D C
JEPHO OFFICE OF INFO SVC HQ USAF WASH 25 D C
UNCLASSIFIED/20 2084 SUBJ: UFO (PAR 5, AFR 200-2
DESCRIPTION OF THE OBJECT:
TEARDROP SHAPED BALLOON CHARACTERISTICS
COMPARED IN LENGTH TO THE DIAMETER OF: PEA HELD AT ARM'S LENGTH
APPROXIMATELY 1/5 AS THICK AS LENGTH.
COLOR - AROUND EDGES A BRIGHT SILVER AND IN CENTER CLOUDY
NUMBER ONE
N/A
NO DISCERNIBLE FEATURES OR DETAILS OTHER THAN SHAPE AND
COLOR.
7. NO TRAIL, EXHAUST OR SMOKE.
NOTE: GOOD GLANCE
NO SOUND.
NO OTHER PERTINENT OR UNUSUAL FEATURES.
DESCRIPTION OF COURSE OF OBJECT:
CHANCE GLANCE INTO THE SKY ABOVE MESS BUILDING FIRST
BROUGHT ATTENTION TO OBJECT,
ELEVATION AND DIRECTION (ESTIMATED)
TIME THERE FIRST OBSERVED.",0.12710084033613445,70.18,"Dutti
N/1320Z
SQD048 YDA059 VYC352 VDCJ29YHAW13
00 RJEDDN RJEDSQ RJWFNK RJEDHO
0729
RJESKH:
COMADIV 805
RJEEDN COMDR ADC ENT AFB COLO
Pass
NIC CONDI 331D AIR DEF TINKER AFB
4-4x2a
JEDSO/CONDR AIR TECH INTEL CNTR (WPAFB)
HQ
JEDIC ASSIST CHIEF OF STAFF INTEL HQ USAF WASH 25 D C
JEPHO OFFICE OF INFO SVC HQ USAF WASH 25 D C
UNCLASSIFIED/20 2084 SUBJ: UFO (PAR 5, AFR 200-2)
DESCRIPTION OF THE OBJECT:
TEARDROP-SHAPED BALLOON CHARACTERISTIC
COMPARED IN LENGTH TO THE DIAMETER OF: PEA HELD AT ARM'S LENGTH
APPROXIMATELY 1/5 AS THICK AS LENGTH.
COLOR—AROUND EDGES A BRIGHT SILVER AND IN CENTER CLOUDY
NUMBER UNK
N/A
NO DISCERNIBLE FEATURES OR DETAILS OTHER THAN SHAPE AND
COLOR.
7. NO TRAIL, EXHAUST OR SMOKE.
NOTE: GOOD GLANCE
NO SOUND.
NO OTHER PERTINENT OR UNUSUAL FEATURES.
DESCRIPTION OF COURSE OF OBJECT:
CHANCE GLANCE INTO THE SKY ABOVE MESS BUILDING FIRST
DREW ATTENTION TO OBJECT,
ELEVATION AND DIRECTION (ESTIMATED)
TIME THEY FIRST OBSERVED.",0.13530655391120508,99.74,"Duty
N/1320Z
SQD048 YDA059 VYC352 VDCJ29YHAW13
00 RJEDDN RJEDSQ RJWFNK RJEDHO
0729
RJESKH :
COMADIV 805
RJEEDN COMEP ADC ENT AFB COLO
Pass
NIC CONDI 331D AID DEF TINKER AFB
4-4x2a
JEDSO/CONDR AIR TECH INTEL CNTR (WPAFB)
HD
JEDIC ASSIST CHIEF OF STAFF INTEL HQ USAF WASH 25 D C
JEPHO OFFICE OF INFO SVC HQ USAF WASH 25 D C
UNCLASSIFIED/20 2084 SUBJ: UFO (PAR 5, AFR 200-2)

DESCRIPTION OF THE OBJECT:
TEARDROP-SHAPED BALLOON CHARACTERISTIC
COMPARED IN LENGTH TO THE DIAMETER OF A PEA HELD AT ARM'S LENGTH.
APPROXIMATELY 1/5 AS THICK IN LENGTH.
COLOR-AROUND EDGES A BRIGHT SILVER AND IN CENTER CLOUDY
NUMBER UNK
N/A
NO DISCERNIBLE FEATURES OR DETAILS OTHER THAN SHAPE AND
COLOR.
7. NO TRAIL, EXHAUST OR SMOKE.
Not good glance.
NO SOUND.
NO OTHER PERTINENT OR UNUSUAL FEATURES.

DESCRIPTION OF COURSE OF OBJECT:
CHANGE COURSE INTO THE SKY ABOVE MESS BUILDING FIRST
DREW ATTENTION TO OBJECT,
ELEVATION AND DIRECTION (ESTIMATED)
WHERE FIRST OBSERVED.",0.12937433722163308,101.17
28930868,"UNCLASSIFIED
50-24-21L
PROJECT ""GRUDGE""
DETAILS:
1. This investigation is predicated upon receipt of a Routing and
Record Sheet, dated 13 May 1949 from T. R. CLINGERMAN, Colonel, Chief,
Technical Intelligence Division (MCTAXS), Headquarters, Air Materiel Command,
Wright-Patterson Air Force Base, Dayton, Ohio, who received information
hereinafter set forth regarding the sighting of alleged flying objects in
the vicinity of Gilchrist Beach, Galveston, Texas in June 1948. This information
was received by letter dated 4 March 1949 from Mr., Beaumont, Texas.
2. Information received indicates that the observer, while swimming
at Gilchrist Beach, Galveston, Texas, heard a roaring noise and saw a sailing
object over telephone poles which ran by the highway which spanned approximately
twelve or thirteen feet and was about the same size in length. This sailing
object descended toward the water at about forty miles an hour.
INCLOSURE:
Photostatic copy of letter dated 4 March 1949 from Mr.
(without drawings).
PENDING
DOWNGRADED DECLASSIFIED AFTER 3 YEARS
DOD DIR 5200.10
UNCLASSIFIED",0.024657534246575342,72.79,"UNCLASSIFIED
50-24-21L
PROJECT ""GRUDGE""
DETAILS:
1. This investigation is predicated upon receipt of a Routing and
Record Sheet, dated 13 May 1949 from H. R. CLINGERMAN, Colonel, Chief,
Technical Intelligence Division (MCTAXS), Headquarters, Air Materiel Command,
Wright-Patterson Air Force Base, Dayton, Ohio, who received information
hereinafter set forth regarding the sighting of alleged flying objects in
the vicinity of Gilchrist Beach, Galveston, Texas in June 1948. This in-
formation was received by letter dated 4 March 1949 from Mr.
Beaumont, Texas.
2. Information received indicates that the observer, while swimming
at Gilchrist Beach, Galveston, Texas, heard a roaring noise and saw a sailing
object over telephone poles which ran by the highway which spanned approx-
imately twelve or thirteen feet and about the same size in length. This
sailing object descended toward the water at about forty miles an hour
speed.
INCLOSURE:
Photostatic copy of letter dated 4 March 1949 from Mr.
(without drawings).
PENDING
DOWNGRADED DECLASSIFIED AFTER 3 YEARS
DOD DIR 5200.10
UNCLASSIFIED",0.014611872146118721,46.28,"UNCLASSIFIED
50 24-21L
PROJECT ""GRUDGE""
DETAILS:
1. This investigation is predicated upon receipt of a Routing and
Record Sheet, dated 13 May 1949, from TH. R. CLINGERMAN, Colonel, Chief,
Technical Intelligence Division (MCTAXS), Headquarters, Air Materiel Command,
Wright-Patterson Air Force Base, Dayton, Ohio, who received information
hereinafter set forth regarding the sighting of alleged flying objects in
the vicinity of Gilchrist Beach, Galveston, Texas in June 1948. This
information was received by letter dated 4 March 1949 from Mr.
Beaumont, Texas.
2. Information received indicates that the observer, while swimming
at Gilchrist Beach, Galveston, Texas, heard a roaring noise and saw a sailing
object over telephone poles which ran along the highway; it spanned approx-
imately twelve or thirteen feet and was about the same in length. This
sailing object descended toward the water at about forty miles an hour.
INCLOSURE:
Photostatic copy of letter dated 4 March 1949 from Mr.
(without drawings).
PENDING
DOWNGRADED. DECLASSIFY AFTER 3 YEARS
DOD DIR 5200.10
UNCLASSIFIED",0.04018264840182648,32.05,"UNCLASSIFIED
50 24-21L
PROJECT ""GRUDGE""
DETAILS:
1. This investigation is predicated upon receipt of a Routing and Record Sheet, dated 13 May 1949, from TH. R. CLINGERMAN, Colonel, Chief, Technical Intelligence Division (MCTAXS), Headquarters, Air Materiel Command, Wright-Patterson Air Force Base, Dayton, Ohio, who received information hereinafter set forth regarding the sighting of alleged flying objects in the vicinity of Gilchrist Beach, Galveston, Texas, in June 1948. This information was received by letter dated 4 March 1949 from Mr. Beaumont, Texas.
2. Information received indicates that the observer, while swimming at Gilchrist Beach, Galveston, Texas, heard a roaring noise and saw a sailing object over telephone poles which ran by the highway which spanned approximately twelve or thirteen feet and about the same size in length. This sailing object descended toward the water at about forty miles an hour.
INCLOSURE:
Photostatic copy of letter dated 4 March 1949 from Mr. (without drawings).
PENDING
DOWNGRADED/DECLASSIFIED AFTER 3 YEARS
DOD DIR 5200.10
UNCLASSIFIED",0.0228310502283105,72.6,"UNCLASSIFIED
50 24-21L
PROJECT ""GRUDGE""
DETAILS:
1. This investigation is predicated upon receipt of a Routing and Record Sheet, dated 13 May 1949 from TH. R. CLINGERMAN, Colonel, Chief, Technical Intelligence Division (MCTAXS), Headquarters, Air Materiel Command, Wright-Patterson Air Force Base, Dayton, Ohio, who received information hereinafter set forth regarding the sighting of alleged flying objects in the vicinity of Gilchrist Beach, Galveston, Texas in June 1948. This information was received by letter dated 4 March 1949 from Mr.
Beaumont, Texas.
2. Information received indicates that the observer, while swimming at Gilchrist Beach, Galveston, Texas, heard a roaring noise and saw a flying object over telephone poles which ran by the highway; it spanned approximately twelve or thirteen feet and was about the same size in length. This flying object descended toward the water at about forty miles an hour.
INCLOSURE:
Photostatic copy of letter dated 4 March 1949 from Mr. (without drawings).
PENDING
DOWNGRADED
DECLASSIFIED AFTER 3 YEARS
DOD DIR 5200.10
UNCLASSIFIED",0.03561643835616438,48.43,"UNCLASSIFIED
50 24-21L
PROJECT ""GRUDGE""
DETAILS:
1. This investigation is predicated upon receipt of a Routing and
Record Sheet, dated 13 May 1949, from H. R. CLINGERMAN, Colonel, Chief,
Technical Intelligence Division (MCTAXS), Headquarters, Air Materiel Command,
Wright-Patterson Air Force Base, Dayton, Ohio, who received information
hereinafter set forth regarding the sighting of alleged flying objects in
the vicinity of Gilchrist Beach, Galveston, Texas, in June 1948. This
information was received by letter dated 4 March 1949 from Mr.
Beaumont, Texas.
2. Information received indicates that the observer, while swimming
at Gilchrist Beach, Galveston, Texas, heard a roaring noise and saw a
sailing object over telephone poles which ran along the highway which
spanned approximately twelve or thirteen feet and was about the same size
in length. This sailing object descended toward the water at about forty
miles an hour.
INCLOSURE:
Photostatic copy of letter dated 4 March 1949 from Mr.
(without drawings).
PENDING
DOWNGRADED/DECLASSIFIED AFTER 3 YEARS
DOD DIR 5200.10
UNCLASSIFIED",0.030136986301369864,35.53,"UNCLASSIFIED
50 24-21L
PROJECT ""GRUDGE""
DETAILS:
1. This investigation is predicated upon receipt of a Routing and
Record Sheet, dated 13 May 1949 from TH. R. CLINGERMAN, Colonel, Chief,
Technical Intelligence Division (MCTAXS), Headquarters, Air Materiel Command,
Wright-Patterson Air Force Base, Dayton, Ohio, who received information
hereinafter set forth regarding the sighting of alleged flying objects in
the vicinity of Gilchrist Beach, Galveston, Texas in June 1948. This in-
formation was received by letter dated 4 March 1949 from Mr., Beaumont, Texas.
2. Information received indicates that the observer, while swimming
at Gilchrist Beach, Galveston, Texas, heard a roaring noise and saw a sailing
object over telephone poles which ran by the highway which spanned approx-
imately twelve or thirteen feet and was about the same size in length. This
sailing object descended toward the water at about a forty-mile-an-hour
speed.
INCLOSURE:
Photostatic copy of letter dated 4 March 1949 from Mr. (without drawings).
PENDING
DOWNGRADED DECLASSIFIED AFTER 3 YEARS
DOD DIR 5200.10
UNCLASSIFIED",0.01910828025477707,93.39,"UNCLASSIFIED
50 24-21L
PROJECT ""GRUDGE""
DETAILS:
1. This investigation is predicated upon receipt of a Routing and
Record Sheet, dated 13 May 1949 from H. R. CLINGERMAN, Colonel, Chief,
Technical Intelligence Division (MCTAXS), Headquarters, Air Materiel Command,
Wright-Patterson Air Force Base, Dayton, Ohio, who received information
hereinafter set forth regarding the sighting of alleged flying objects in
the vicinity of Gilchrist Beach, Galveston, Texas in June 1948. This in-
formation was received by letter dated 4 March 1949 from Mr.
Beaumont, Texas.
2. Information received indicates that the observer, while swimming
at Gilchrist Beach, Galveston, Texas, heard a roaring noise and saw a sailing
object over telephone poles which ran by the highway which spanned approx-
imately twelve or thirteen feet and about the same size in length. This
sailing object descended toward the water at about a forty mile an hour
speed.
INCLOSURE:
Photostatic copy of letter dated 4 March 1949 from Mr.
(without drawings).
PENDING
DOWNGRADED DECLASSIFIED AFTER 3 YEARS
DOD DIR 5200.10
UNCLASSIFIED",0.010958904109589041,71.27,"UNCLASSIFIED
50 24-21L
PROJECT ""GRUDGE""
DETAILS:
1. This investigation is predicated upon receipt of a Routing and
Record Sheet, dated 13 May 1949 from TH. R. CLINGERMAN, Colonel, Chief,
Technical Intelligence Division (MCTAXS), Headquarters, Air Materiel Command,
Wright-Patterson Air Force Base, Dayton, Ohio, who received information
hereinafter set forth regarding the sighting of alleged flying objects in
the vicinity of Gilchrist Beach, Galveston, Texas in June 1948. This in-
formation was received by letter dated 4 March 1949 from Mr.
Beaumont, Texas.
2. Information received indicates that the observer, while swimming
at Gilchrist Beach, Galveston, Texas, heard a roaring noise and saw a sailing
object over telephone poles which ran along the highway which spanned approx-
imately twelve or thirteen feet and about the same size in length. This
sailing object descended toward the water at about forty miles an hour.
INCLOSURE:
Photostatic copy of letter dated 4 March 1949 from Mr.
(without drawings).
PENDING
DOWNGRADED DECLASSIFIED AFTER 3 YEARS
DOD DIR 5200.10
UNCLASSIFIED",0.024657534246575342,35.24
28976751,"OFFICIAL FILE COPY
AFCIN-4E2/Maj Friend/AMC/69216/typed 27 July 60
1 AUG 1960
ONI Information Report (Flying Saucer Photographed from Almirante Saldanha)
SAFOI-3d (Lt Col Tacker)
1. Attached are copies of the ONI Information Report, subject:
""Brazil - Navy - Flying Saucer Photographed from Almirante Saldanha,""
dated 11 March 1958. This report was requested by Lt Col Tacker of
SAFOI-3d on 26 July 1960.
2. This report is unclassified. The report is on a standard Navy
form with Confidential stamps; however, the word ""unclassified"" has
been typed across the classification box by the office of origin.
FOR THE COMMANDER:
PHILIP G. EVANS
Colonel, USAF
Deputy for Science and Components
Post 7/29/60
1 Atch:
Cy ONI Info Rpt, dtd 11 Mar 58
COORDINATION:
Maj Date 27 July 60
AFCIN-4E2 Enslerg Col Date 2226",0.15576694411414982,49.64,"OFFICIAL FILE COPY
AFCIN-4E2x /Maj Friend/amc/69216/typed 27 July 60
1 AUG 1960
ONI Information Report (Flying Saucer Photographed from Almirante
Saldanha)
SAFOI-3d (Lt Col Tacker)
1. Attached are copies of the ONI Information Report, subject:
""Brazil - Navy - Flying Saucer Photographed from Almirante Saldanha,""
dated 11 March 1958. This report was requested by Lt Col Tacker of
SAFOI-3d on 26 July 1960.
2. This report is unclassified. The report is on a standard Navy
form with Confidential stamps; however, the word ""unclassified"" has
been typed across the classification box by the office of origin.
FOR THE COMMANDER:
Pickle
PHILIP G. EVANS Post 7/29/60
1 Atch:
Colonel, USAF
Cy ONI Info Rpt, dtd 11 Mar 58
Deputy for Science and Components
COORDINATION:
Maj Date 27 July 60
AFCIN-4E2 enslerg Col Date 2226",0.089179548156956,42.28,"OFFICIAL FILE COPY
AFCIN-4E2x / Maj Friend / amc / 69216 / typed 27 July 60
1 AUG 1960

ONI Information Report (Flying Saucer Photographed from Almirante Saldanha)

SAFOI-3d (Lt Col Tacker)

1. Attached are copies of the ONI Information Report, subject:
""Brazil - Navy - Flying Saucer Photographed from Almirante Saldanha,""
dated 11 March 1958. This report was requested by Lt Col Tacker of
SAFOI-3d on 26 July 1960.

2. This report is unclassified. The report is on a standard Navy
form with Confidential stamps; however, the word ""unclassified"" has
been typed across the classification box by the office of origin.

FOR THE COMMANDER:

PHILIP G. EVANS
Colonel, USAF
Deputy for Science and Components

1 Atch:
Cy ONI Info Rpt, dtd 11 Mar 58

COORDINATION:
May Date 27 July 60
AFCIN-4E2 enslerg Col Date 2226",0.15101070154577884,116.03,"OFFICIAL FILE COPY
AFCIN-4E2 (Maj Friend/amc/69216) typed 27 July 60
1 AUG 1960
ONI Information Report (Flying Saucer Photographed from Almirante Saldanha)
SAFOI-3d (Lt Col Tacker)
1. Attached are copies of the ONI Information Report, subject: ""Brazil - Navy - Flying Saucer Photographed from Almirante Saldanha,"" dated 11 March 1958. This report was requested by Lt Col Tacker of SAFOI-3d on 26 July 1960.
2. This report is unclassified. The report is on a standard Navy form with Confidential stamps; however, the word ""unclassified"" has been typed across the classification box by the office of origin.
FOR THE COMMANDER:
PHILIP G. EVANS
Post 7/29/60
Colonel, USAF
Deputy for Science and Components
1 Atch:
Cy ONI Info Rpt, dtd 11 Mar 58
COORDINATION:
Maj Date 27 July 60
AFCIN-4E2 enslerg Col Date 2226",0.15101070154577884,46.29,"OFFICIAL FILE COPY
AFCIN-4E2x /Maj Friend/amc/69216/typed 27 July 60
1 AUG 1960
ONI Information Report (Flying Saucer Photographed from Almirante
Saldanha)
SAFOI-3d (Lt Col Tacker)
1. Attached are copies of the ONI Information Report, subject:
""Brazil - Navy - Flying Saucer Photographed from Almirante Saldanha,""
dated 11 March 1958. This report was requested by Lt Col Tacker of
SAFOI-3d on 26 July 1960.
2. This report is unclassified. The report is on a standard Navy
form with Confidential stamps; however, the word ""unclassified"" has
been typed across the classification box by the office of origin.
FOR THE COMMANDER:
Pickle
PHILIP G. EVANS Post 7/29/60
1 Atch:
Colonel, USAF
Cy ONI Info Rpt, dtd 11 Mar 58
Deputy for Science and Components
COORDINATION:
Maj Date 27 July 60
AFCIN-4E2 enslerg Col Date 2226",0.089179548156956,56.13,"OFFICIAL FILE COPY
AFCIN-4E2x / Maj Friend / amc / 69216 / typed 27 July 60
1 AUG 1960
ONI Information Report (Flying Saucer Photographed from Almirante Saldanha)
SAFOI-3d (Lt Col Tacker)
1. Attached are copies of the ONI Information Report, subject: ""Brazil - Navy - Flying Saucer Photographed from Almirante Saldanha,"" dated 11 March 1958. This report was requested by Lt Col Tacker of SAFOI-3d on 26 July 1960.
2. This report is unclassified. The report is on a standard Navy form with Confidential stamps; however, the word ""unclassified"" has been typed across the classification box by the office of origin.
FOR THE COMMANDER:
PHILIP G. EVANS
Colonel, USAF
Deputy for Science and Components
Post 7/29/60
1 Atch:
Cy ONI Info Rpt, dtd 11 Mar 58
COORDINATION:
Maj Date 27 July 60
AFCIN-4E2 enslerg Col Date 2226",0.16409036860879905,60.89,"OFFICIAL FILE COPY
AFCIN-4E2x /Maj Friend/amc/69216/typed 27 July 60
1 AUG 1960
ONI Information Report (Flying Saucer Photographed from Almirante
Saldanha)
SAFOI-3d (Lt Col Tacker)
1. Attached are copies of the ONI Information Report, subject:
""Brazil - Navy - Flying Saucer Photographed from Almirante Saldanha,""
dated 11 March 1958. This report was requested by Lt Col Tacker of
SAFOI-3d on 26 July 1960.
2. This report is unclassified. The report is on a standard Navy
form with Confidential stamps; however, the word ""unclassified"" has
been typed across the classification box by the office of origin.
FOR THE COMMANDER:
Pickle
PHILIP G. EVANS
Colonel, USAF
Deputy for Science and Components
Post 7/29/60
1 Atch:
Cy ONI Info Rpt, dtd 11 Mar 58
COORDINATION:
Maj Date 27 July 60
AFCIN-4E2 Enslerg Col Date 2226",0.15101070154577884,47.63,"OFFICIAL FILE COPY
AFCIN-4E2 /Maj Friend/amc/69216/typed 27 July 60
1 AUG 1960
ONI Information Report (Flying Saucer Photographed from Almirante
Saldanha)
SAFOI-3d (Lt Col Tacker)
1. Attached are copies of the ONI Information Report, subject:
""Brazil - Navy - Flying Saucer Photographed from Almirante Saldanha,""
dated 11 March 1958. This report was requested by Lt Col Tacker of
SAFOI-3d on 26 July 1960.
2. This report is unclassified. The report is on a standard Navy
form with Confidential stamps; however, the word ""unclassified"" has
been typed across the classification box by the office of origin.
FOR THE COMMANDER:
Pickle
PHILIP G. EVANS Post 7/29/60
1 Atch:
Colonel, USAF
Cy ONI Info Rpt, dtd 11 Mar 58
Deputy for Science and Components
COORDINATION:
Maj Date 27 July 60
AFCIN-4E2 Enslerg Col Date 2226",0.089179548156956,42.39,"OFFICIAL FILE COPY
AFCIN-4E2/Maj Friend/amc/69216/typed 27 July 60
1 AUG 1960
ONI Information Report (Flying Saucer Photographed from Almirante
Saldanha)
SAFOI-3d (Lt Col Tacker)

1. Attached are copies of the ONI Information Report, subject:
""Brazil - Navy - Flying Saucer Photographed from Almirante Saldanha,""
dated 11 March 1958. This report was requested by Lt Col Tacker of
SAFOI-3d on 26 July 1960.
2. This report is unclassified. The report is on a standard Navy
form with Confidential stamps; however, the word ""unclassified"" has
been typed across the classification box by the office of origin.
FOR THE COMMANDER:
Pickle
PHILIP G. EVANS
Colonel, USAF
Deputy for Science and Components
Post 7/29/60
1 Atch:
Cy ONI Info Rpt, dtd 11 Mar 58
COORDINATION:
Maj Date 27 July 60
AFCIN-4E2 enslerg Col Date 2226",0.15101070154577884,53.9
28957510,"Page

20. Draw a picture that will show the motion that the object or objects made. Place an ""A"" at the beginning of the path, a ""B"" at the end of the path, and show any changes in direction during the course.

21. If possible, try to guess or estimate what the real size of the object was in its longest dimension.
50-70 feet.

22. How large did the object or objects appear as compared with one of the following objects held in the hand and at about arm's length? (Circle one):
a. Head of a pin
b. Pea
c. Dime
d. Nickel
e. Quarter
f. Half dollar
g. Silver dollar
h. Baseball
i. Grapefruit
j. Basketball
k. Other

22.1 (Circle one of the following to indicate how certain you are of your answer to Question 22.)
a. Certain
b. Fairly certain
c. Not very sure
d. Uncertain

23. How did the object or objects disappear from view?
Dropped behind the house.

24. In order that you can give as clear a picture as possible of what you saw, we would like for you to imagine that you could construct the object that you saw. Of what type of material would you make it? How large would it be, and what shape would it have? Describe in your own words a common object or objects which, when placed up in the sky, would give the same appearance as the object which you saw.
Metal
30-40 feet around
a plate",0.008547008547008548,44.9,"Page 1

20. Draw a picture that will show the motion that the object or objects made. Place an 'A' at the beginning of the path, a 'B' at the end of the path, and show any changes in direction during the course.

21. IF POSSIBLE, try to guess or estimate what the real size of the object was in its longest dimension.
50–70 feet.

22. How large did the object or objects appear as compared with one of the following objects held in the hand and at about arm's length?
(Circle one):
a. Head of a pin
b. Pea
c. Dime
d. Nickel
e. Quarter
f. Half dollar
g. Silver dollar
h. Baseball
i. Grapefruit
j. Basketball
k. Other

22.1 (Circle one of the following to indicate how certain you are of your answer to Question 22.)
a. Certain
b. Fairly certain
c. Not very sure
d. Uncertain

23. How did the object or objects disappear from view? Dropped behind the house.

24. In order that you can give as clear a picture as possible of what you saw, we would like for you to imagine that you could construct the object that you saw. Of what type of material would you make it? How large would it be, and what shape would it have? Describe in your own words a common object or objects which, when placed up in the sky, would give the same appearance as the object which you saw.
Metal
30–40 feet around
a plate",0.012412723041117145,23.65,"Page:

20. Draw a picture that will show the motion that the object or objects made. Place an ""A"" at the beginning of the path, a ""B"" at the end of the path, and show any changes in direction during the course.

21. If possible, try to guess or estimate what the real size of the object was in its longest dimension.
50–70 feet.

22. How large did the object or objects appear as compared with one of the following objects held in the hand and at about arm's length?
(Circle One):
a. Head of a pin
b. Pea
c. Dime
d. Nickel
e. Quarter
f. Half dollar
g. Silver dollar
h. Baseball
i. Grapefruit
j. Basketball
k. Other

22.1 (Circle one of the following to indicate how certain you are of your answer to Question 22.)
a. Certain
b. Fairly certain
c. Not very sure
d. Uncertain

23. How did the object or objects disappear from view? Dropped behind the house.

24. In order that you can give as clear a picture as possible of what you saw, we would like for you to imagine that you could construct the object that you saw. Of what type material would you make it? How large would it be, and what shape would it have? Describe, in your own words, a common object or objects which, when placed up in the sky, would give the same appearance as the object which you saw.
Metal
30–40 feet around
a plate",0.00777000777000777,28.58,"20. Draw a picture that will show the motion that the object or objects made. Place an ""A"" at the beginning of the path, a ""B"" at the end of the path, and show any changes in direction during the course.

21. If possible, try to guess or estimate what the real size of the object was in its longest dimension.
50–70 feet.

22. How large did the object or objects appear as compared with one of the following objects held in the hand and at about arm's length?
(Circle one):
a. Head of a pin
b. Pea
c. Dime
d. Nickel
e. Quarter
f. Half dollar
g. Silver dollar
h. Baseball
i. Grapefruit
j. Basketball
k. Other

22.1 (Circle one of the following to indicate how certain you are of your answer to Question 22.)
a. Certain
b. Fairly certain
c. Not very sure
d. Uncertain

23. How did the object or objects disappear from view? Dropped behind the house.

24. In order that you can give as clear a picture as possible of what you saw, we would like for you to imagine that you could construct the object that you saw. Of what type of material would you make it? How large would it be, and what shape would it have? Describe in your own words a common object or objects which, when placed up in the sky, would give the same appearance as the object which you saw.
Metal; 30–40 feet around; a plate.",0.014774494556765163,28.77,"Page

20. Draw a picture that will show the motion that the object or objects made. Place an ""A"" at the beginning of the path, a ""B"" at the end of the path, and show any changes in direction during the course.
A

21. IF POSSIBLE, try to guess or estimate what the real size of the object was in its longest dimension.
50–70 feet.

22. How large did the object or objects appear as compared with one of the following objects held in the hand and at about arm's length?
(Circle One):
a. Head of a pin
b. Pea
c. Dime
d. Nickel
e. Quarter
f. Half dollar
g. Silver dollar
h. Baseball
i. Basketball
j. Grapefruit
k. Other

22.1 (Circle one of the following to indicate how certain you are of your answer to Question 22.)
a. Certain
b. Fairly certain
c. Not very sure
d. Uncertain

23. How did the object or objects disappear from view? Dropped behind the house.

24. In order that you can give as clear a picture as possible of what you saw, we would like for you to imagine that you could construct the object that you saw. Of what type of material would you make it? How large would it be, and what shape would it have? Describe in your own words a common object or objects which, when placed up in the sky, would give the same appearance as the object which you saw.
Metal
30 to 40 feet around
A plate",0.02321981424148607,43.42,"Page

20. Draw a picture that will show the motion that the object or objects made. Place an ""A"" at the beginning of the path, a ""B"" at the end of the path, and show any changes in direction during the course.

21. If possible, try to guess or estimate what the real size of the object was in its longest dimension.
50-70 feet.

22. How large did the object or objects appear as compared with one of the following objects held in the hand and at about arm's length?
(Circle one):
a. Head of a pin
b. Pea
c. Dime
d. Nickel
e. Quarter
f. Half dollar
g. Silver dollar
h. Baseball
i. Grapefruit
j. Basketball
k. Other

22.1 (Circle one of the following to indicate how certain you are of your answer to Question 22.)
a. Certain
b. Fairly certain
c. Not very sure
d. Uncertain

23. How did the object or objects disappear from view? Dropped behind the house.

24. In order that you can give as clear a picture as possible of what you saw, we would like for you to imagine that you could construct the object that you saw. Of what type material would you make it? How large would it be, and what shape would it have? Describe in your own words a common object or objects which, when placed up in the sky, would give the same appearance as the object which you saw.
Metal
30-40 feet around
a plate",0.006220839813374806,48.04,"Page ,
20. Draw a picture that will show the motion that the object or objects made. Place an ""A"" at the beginning
of the path, a ""B"" at the end of the path, and show any changes in direction during the course.
A
21. IF POSSIBLE, try to guess or estimate what the real size of the object was in its longest dimension.
50-70 feet.
22. How large did the object or objects appear as compared with one of the following objects held in the hand
and at about arm's length?
(Circle One):
a. Head of a pin
b. Pea
c. Dime
d. Nickel
e. Quarter
f. Half dollar
g. Silver dollar
h. Baseball
i. Grapefruit
j. Basketball
k. Other
22.1 (Circle One of the following to indicate how certain you are of your answer to Question 22):
a. Certain
b. Fairly certain
c. Not very sure
d. Uncertain
23. How did the object or objects disappear from view? Dropped behind the
house
24. In order that you can give as clear a picture as possible of what you saw, we would like for you to imagine that you could
construct the object that you saw. Of what type of material would you make it? How large would it be, and what shape
would it have? Describe in your own words a common object or objects which, when placed up in the sky, would give the
same appearance as the object which you saw.
Metal
30-40 feet around
a plate",0.008527131782945736,36.96,"Page ,

20. Draw a picture that will show the motion that the object or objects made. Place an ""A"" at the beginning
of the path, a ""B"" at the end of the path, and show any changes in direction during the course.
A

21. IF POSSIBLE, try to guess or estimate what the real size of the object was in its longest dimension.
50-70 feet.

22. How large did the object or objects appear as compared with one of the following objects held in the hand
and at about arm's length?
(Circle One):
a. Head of a pin
b. Pea
c. Dime
d. Nickel
e. Quarter
f. Half dollar
g. Silver dollar
h. Baseball
i. Grapefruit
j. Basketball
k. Other

22.1 (Circle One of the following to indicate how certain you are of your answer to Question 22.)
a. Certain
b. Fairly certain
c. Not very sure
d. Uncertain

23. How did the object or objects disappear from view? Dropped behind the
house

24. In order that you can give as clear a picture as possible of what you saw, we would like for you to imagine that you could
construct the object that you saw. Of what type material would you make it? How large would it be, and what shape
would it have? Describe in your own words a common object or objects which, when placed up in the sky, would give the
same appearance as the object which you saw.
Metal
30 to 40 feet around
a Plate",0.008527131782945736,57.35,"Page,
20. Draw a picture that will show the motion that the object or objects made. Place an ""A"" at the beginning of the path, a ""B"" at the end of the path, and show any changes in direction during the course.
A
21. IF POSSIBLE, try to guess or estimate what the real size of the object was in its longest dimension.
50-70 feet.
22. How large did the object or objects appear as compared with one of the following objects held in the hand and at about arm's length?
(Circle One):
a. Head of a pin
b. Pea
c. Dime
d. Nickel
e. Quarter
f. Half dollar
g. Silver dollar
h. Baseball
i. Basketball
l. Grapefruit
k. Other
22.1 (Circle One of the following to indicate how certain you are of your answer to Question 22.)
a. Certain
b. Fairly certain
c. Not very sure
d. Uncertain
23. How did the object or objects disappear from view? Dropped behind the house
24. In order that you can give as clear a picture as possible of what you saw, we would like for you to imagine that you could construct the object that you saw. Of what type material would you make it? How large would it be, and what shape would it have? Describe in your own words a common object or objects which, when placed up in the sky, would give the same appearance as the object which you saw.
Metal
30-40 feet around
a Plate",0.01866251944012442,40.44
28932150,"NO. 195

1. Date of observation: 31 Oct 40
   Date of interview:

2. Time (local): 1545

3. Place of observation: Goose Bay, Labrador — 3 miles south of field

4. Position of observer: GCA Unit (ground)

5. What attracted attention to object: Target on PPI scope

6. Number of objects: 1

7. Apparent size: Same as aircraft

8. Color of object: N/S

9. Shape: N/S

10. Altitude: Could not be determined on scope

11. Direction from observer: N/S

12. Distance from observer: Approximately 3 miles south of the field

13. Direction of flight of object(s): Southwest

14. Time in sight: About 8 1/2 minutes

15. Speed: 25 mph

16. Sound and odor: None

17. Trail: None

18. Luminosity: None

19. Projections: None

20. Maneuvers: Object appeared out of ground clutter and disappeared into it.

21. Manner of disappearance: Disappeared into ground clutter

22. Effect on clouds: N/S

23. Additional: Object could not be seen visually.

24. Weather: Visibility on scope 30 miles; ceiling estimated 3,000 ft, overcast.",0.13129318854886476,54.91,"NO. 195
1. Date of Observation: 31 Oct 40   Date of Interview:
2. Exact time (local): 1545Z
3. Place of Observation: Goose Bay, Labrador — 3 miles south of field
4. Position of observer: GCA Unit (ground)
5. What attracted attention to object: Target on PPI scope
6. Number of objects: 1
7. Apparent size: Same as aircraft
8. Color of object: N/S
9. Shape: N/S
10. Altitude: Could not be determined on scope
11. Direction from observer: South
12. Distance from observer: Approximately 3 miles
13. Direction of flight of object(s): Southwest
14. Time in sight: About 8 1/2 minutes
15. Speed: 25 mph
16. Sound and odor: None
17. Trail: None
18. Luminosity: None
19. Projections:
20. Maneuvers: Object appeared out of ground clutter and disappeared into it.
21. Manner of disappearance: Disappeared into ground clutter
22. Effect on clouds: N/S
23. Additional: Object could not be seen visually, although target remained on scope for over 8 1/2 minutes.
24. Weather: Visibility on scope 30 miles; ceiling estimated 3,000 ft, overcast.",0.13896987366375121,54.04,"No. 195
1. Date of observation: 31 Oct 50
   Date of interview: N/S
2. Exact time (local): 1545Z
3. Place of observation: Goose Bay, Labrador — 3 miles south of field
4. Position of observer: GCA Unit (ground)
5. What attracted attention to object: Target on PPI scope
6. Number of objects: 1
7. Apparent size: Same as aircraft
8. Color of object: N/S
9. Shape: N/S
10. Altitude: Could not be determined on scope
11. Direction from observer: South of the field
12. Distance from observer: Approximately 3 miles
13. Direction of flight of object(s): Southwest
14. Time in sight: About 8 and 1/3 minutes
15. Speed: 25 MPH
16. Sound and odor: None
17. Trail: None
18. Luminosity: None
19. Projections: N/S
20. Maneuvers: Object appeared out of ground clutter and disappeared into it.
21. Manner of disappearance: Disappeared into ground clutter
22. Effect on clouds: N/S
23. Additional: Object could not be seen visually
24. Weather: Visibility on scope 30 miles; ceiling estimated 3,000 ft, overcast
(over)",0.16288252714708787,51.41,"No. 195
1. Date of Observation: 31 Oct 60
   Date of Interview:
2. Exact time (local): 1545Z
3. Place of Observation: Goose Bay, Labrador
4. Position of observer: GCA unit (ground)
5. What attracted attention to object: Target on PPI scope
6. Number of objects: 1
7. Apparent size: Same as aircraft
8. Color of object: N/S
9. Shape: N/S
10. Altitude: Could not be determined on scope
11. Direction from observer: South of the field
12. Distance from observer: Approximately 3 miles
13. Direction of flight of object(s): Southwest
14. Time in sight: About 8 1/2 minutes
15. Speed: 25 mph
16. Sound and odor: None
17. Trail: None
18. Luminosity: None
19. Projections:
20. Maneuvers: Object appeared out of ground clutter and disappeared into it.
21. Manner of disappearance: Disappeared into ground clutter
22. Effect on clouds: N/S
23. Additional: Object could not be seen visually
24. Weather: Visibility 30 miles; ceiling estimated 3,000 ft, overcast",0.18361303060217177,59.67,"NO. 195
1. Date of observation: 31 Oct 49
2. Exact time (local): 1545
3. Place of observation: Goose Bay, Labrador
4. Position of observer: GCA Unit (ground)
5. What attracted attention to object: Target on PPI scope
6. Number of objects: 1
7. Apparent size: Same as aircraft
8. Color of object: N/S
9. Shape: N/S
10. Altitude: Could not be determined on scope
11. Direction from observer: N/S
12. Distance from observer: Approximately 3 miles south of the field
13. Direction of flight of object(s): Southwest
14. Time in sight: About 8 1/2 minutes
15. Speed: 25 MPH
16. Sound and odor: None
17. Trail: None
18. Luminosity: None
19. Projections: N/S
20. Maneuvers: Object appeared out of ground clutter and disappeared into it.
21. Manner of disappearance: Disappeared into ground clutter
22. Effect on clouds: N/S
23. Additional: Object could not be seen visually
24. Weather: Visibility on scope 30 miles; ceiling estimated 3,000 ft overcast",0.1648568608094768,43.14,"NO. 195
1. Date of Observation
31 Oct 49    Date of Interview
2. Time (local)
1545Z
3. Place of Observation
Goose Bay, Labrador - 3 miles south of field
4. Position of observer
GCA Unit (ground)
5. What attracted attention to object
Target on PPI scope
6. Number of objects
1
7. Apparent size
Same as aircraft
8. Color of object
N/S
9. Shape
N/S
10. Altitude
Could not be determined on scope
11. Direction from observer
South
12. Distance from observer
Approximately 3 miles south of the field
13. Direction of flight of object(s)
Southwest
14. Time in sight
About 8 1/3 minutes
15. Speed
25 mph
16. Sound and odor
None
17. Trail
None
18. Luminosity
None
19. Projections

20. Maneuvers
Object appeared out of ground clutter and disappeared into it.
21. Manner of disappearance
Disappeared into ground clutter
22. Effect on clouds
N/S
23. Additional
Object could not be seen visually
24. Weather
Visibility on scope 30 miles; ceiling estimated 3,000 ft overcast",0.10365251727541955,68.91,"NO. 195
1.
Date of Observation
31 Oct 40     Date of Interview
2.
Exact time (local)
1545Z
3.
Place of Observation
Goose Bay, Labrador - 3 miles south of field
4.
Position of observer
GCA Unit (ground)
5. What attracted attention to object
Target on PPI scope
6. Number of objects
1
7. Apparent size
Same as aircraft
8. Color of object
N/S
9. Shape
N/S
10. Altitude
Could not be determined on scope
11.
Direction from observer
South
12.
Distance from observer
Approximately 3 miles south of the field
13.
Direction of flight of object(s)
Southwest (on a southwest heading)
14. Time in sight
About 8 and 1/3 minutes
15. Speed
25 MPH
16.
Sound and odor
None
17. Trail
None
18. Luminosity
None
19. Projections
20.
Maneuvers
Object appeared out of ground clutter and disappeared into it.
21. Manner of disappearance
Disappeared into ground clutter
22. Effect on clouds
N/S
23.
Additional
Object could not be seen visually
24.
Weather
Visibility on scope 30 miles; ceiling estimated 3,000 ft overcast
(over)",0.12438302073050346,43.83,"NO. 195

1.
Date of Observation
31 Oct 40
Date of Interview

2.
Exact time (local)
1545Z

3.
Place of Observation
Goose Bay, Labrador - 3 miles south of field

4.
Position of observer
GCA Unit (ground)

5.
What attracted attention to object
Target on PPI scope

6.
Number of objects
1

7.
Apparent size
Same as aircraft

8.
Color of object
N/S

9.
Shape
N/S

10.
Altitude
Could not be determined on scope

11.
Direction from observer

12.
Distance from observer
Approximately 3 miles south of the field

13.
Direction of flight of object(s)
Southwest

14.
Time in sight
About 8 and 1/3 minutes

15.
Speed
25 MPH

16.
Sound and odor
None

17.
Trail
None

18.
Luminosity
None

19.
Projections

20.
Maneuvers
Object appeared out of ground clutter and disappeared into it.

21.
Manner of disappearance
Disappeared into ground clutter

22.
Effect on clouds
N/S

23.
Additional:
Object could not be seen visually although target remained visible on scope.

24.
Weather
Visibility on scope 30 miles; ceiling estimated 3,000 ft, overcast.

(over)",0.09871668311944719,54.27,"NO. 195
1. Date of Observation   31 Oct 40   Date of Interview
2. Exact time (local)   1545Z
3. Place of Observation   Goose Bay, Labrador - 3 miles south of field
4. Position of observer in:   GCA Unit (ground); on a southwest heading
5. What attracted attention to object   Target on PPI Scope
6. Number of objects   1
7. Apparent size   Same as aircraft
8. Color of object   N/S
9. Shape   N/S
10. Altitude   Could not be determined on scope
11. Direction from observer
12. Distance from observer   Approximately 3 miles south of the field
13. Direction of flight of object(s)   Southwest
14. Time in sight   About 8 and 1/3 minutes
15. Speed   25 MPH
16. Sound and odor   None
17. Trail   None
18. Luminosity   None
19. Projections
20. Maneuvers   Object appeared out of ground clutter then disappeared into it.
21. Manner of disappearance   Disappeared into ground clutter
22. Effect on clouds   N/S
23. Additional   Object could not be seen visually
24. Weather   Visibility on scope 30 miles; ceiling estimated 3,000 ft overcast; although target remained visible on scope for over 10 minutes.
(over)",0.15188679245283018,81.44
28967725,"PAGE TWO RJWFHM 17
5. NONE
E. COURSE
1. HIS FATHER TOLD HIM CM OBSERVER OBS'D
2. SW
3. NONE
4. ASCENDING
5. NONE
6. UNKNOWN
C.
MANNER OF OBSERVATION
1. VISUAL
2. BINOCULARS
3. N/A
D. TIME AND DATE
1. 56
2. SUNDOWN
TO
LOCATION OF OBSERVERS
WILL ROGERS FIELD
OBSERVERS
OKLA. CITY, OKLA. BRANIFF AIRWAYS
TRAFFIC CLERK FOR BRANIFF",0.11044776119402985,94.82,"PAGE TWO AF FORM 17
5. NONE
E. COURSE
1. HIS FATHER TOLD HIM CO-OBSERVER GOOD
2. SW
3. NONE
4. ASCENDING
5. NONE
6. UNKNOWN
C. MANNER OF OBSERVATION
1. VISUAL
2. BINOCULARS
3. N/A
D. TIME AND DATE
1. 56
2. SUNDOWN
LOCATION OF OBSERVERS
OKC
WILL ROGERS FIELD
OBSERVERS
OKLA CITY, OKLA BRANIFF AIRWAYS
TRAFFIC CLERK FOR BRANIFF",0.1253731343283582,72.58,"PAGE TWO AF FORM 117
5. NONE
E. COURSE
1. HIS FATHER TOLD HIM C. M. OBSERVER OBS'D
2. SW
3. a. NONE
4. ASCENDING
5. NONE
6. UNKNOWN
C.
MANNER OF OBSERVATION
1. VISUAL
2. BINOCULARS
3. N/A
D. TIME AND DATE
1. '56
2. SUNDOWN TO
LOCATION OF OBSERVERS:
WILL ROGERS FIELD
OBSERVERS
OKLA. CITY, OKLA. C. M., AIRWAYS TRAFFIC CLERK FOR BRANIFF",0.14029850746268657,70.74,"PAGE TWO AF FORM 17
S. NONE
E. COURSE
1. HIS FATHER TOLD HIM AN OBSERVER OBS'D
2. SW
3. NONE
4. ASCENDING
5. NONE
S. UNKNOWN
C. MANNER OF OBSERVATION
1. VISUAL
2. BINOCULARS
3. N/A
D. TIME AND DATE
1. '56
2. SUNDOWN
E. LOCATION OF OBSERVERS
ON WILL ROGERS FIELD
OBSERVERS
OKLA. CITY, OKLA., C/O AIRWAYS
TRAFFIC CLERK FOR BRANIFF",0.12238805970149254,165.69,"PAGE TWO AF FORM 17
B. NONE
E. COURSE
1. HIS FATHER TOLD HIM AN OBSERVER OBS'D
2. SW
3. NONE
4. ASCENDING
5. NONE
6. UNKNOWN
C.
MANNER OF OBSERVATION
1. VISUAL
2. BINOCULARS
3. N/A
D. TIME AND DATE
1. 56
2. SUNDOWN TO
LOCATION OF OBSERVERS
ON
WILL ROGERS FIELD
OBSERVERS
OKLA CITY, OKLA BRANIFF AIRWAYS
TRAFFIC CLERK FOR BRANIFF",0.13432835820895522,98.72,"PAGE TWO AF FORM 17
S. NONE
E. COURSE
1. HIS FATHER TOLD HIM OF OBJECT OBS'D
2. SW
3. a. NONE
4. ASCENDING
5. NONE
6. UNKNOWN
C. MANNER OF OBSERVATION
1. VISUAL
2. BINOCULARS
3. N/A
D. TIME AND DATE
1. '56
2. SUNDOWN
LOCATION OF OBSERVERS
WILL ROGERS FIELD
OBSERVERS
OKLA. CITY, OKLA., BRANIFF AIRWAYS
TRAFFIC CLERK FOR BRANIFF",0.14626865671641792,58.26,"PAGE TWO RJWFHM 17
5. NONE
E. COURSE
1. HIS FATHER TOLD HIM CO-OBSERVER OBS'D
2. SW
3a. NONE
4. ASCENDING
5. NONE
6. UNKNOWN
C. MANNER OF OBSERVATION
1. VISUAL
2. BINOCULARS
3. N/A
D. TIME AND DATE
1. 56
2. SUNDOWN
LOCATION OF OBSERVERS
CM
WILL ROGERS FIELD
OBSERVERS
OKLA CITY, OKLA BRANIFF AIRWAYS
TRAFFIC CLERK FOR BRANIFF",0.11343283582089553,90.72,"PAGE TWO RJWFHM 17
S. NONE
E. COURSE
1. HIS FATHER TOLD HIM AN OBSERVER OBS'D
2. SW
3. NONE
4. ASCENDING
5. NONE
S. UNKNOWN
C. MANNER OF OBSERVATION
1. VISUAL
2. BINOCULARS
3. N/A
D. TIME AND DATE
1. '56
2. SUNDOWN
LOCATION OF OBSERVERS
WILL ROGERS FIELD
OKLA CITY, OKLA
OBSERVERS
CM AIRWAYS
TRAFFIC CLERK FOR BRANIFF",0.13134328358208955,73.63,"PAGE TWO RJWFHM 17
S. NONE
E. COURSE
1. HIS FATHER TOLD HIM AN OBSERVER OBS'D
2. SW
3. NONE
4. ASCENDING
5. NONE
6. UNKNOWN
C. MANNER OF OBSERVATION
1. VISUAL
2. BINOCULARS
3. N/A
D. TIME AND DATE
1. 56
2. SUNDOWN
A. LOCATION OF OBSERVERS
WILL ROGERS FIELD
OKLA CITY, OKLA
OBSERVERS
AN AIRWAYS TRAFFIC CLERK FOR BRANIFF",0.14925373134328357,74.04
28942941,"MARS?
78
TENTATIVE
OBSERVERS DATA SHEET
Where choice is given, circle proper answers, or insert answer.

1. Date of your observation:
21 June 52
Day Month Year

2. Date you reported the observation:
21 June 52
Day Month Year

3. What time was it when you sighted the objects?
10 58
Hrs. Min.
A.M. P.M. Daylight or Standard
Zones: Eastern, Central, Mountain, Pacific, Other

4. Length of time object was observed. Estimate:
17
Hours Minutes Seconds

5. Where observed:
Maryville, Tenn.
USA
Postal address
City or Town
State
Country

6. Where were you at time of observation:
Inside building, In car, Outdoors, In F-47 A/C at 22,000 ft
Other

7. Were you moving at any time during this sighting:
Yes
Yes or No

8. Did you stop at any time during this sighting:
Yes or No

9. If you were moving—give direction and speed miles per hour.
Direction
Speed

10. How was object observed:
Naked eye
By glasses
Other glass (window or windshield)
Binoculars, Telescope, Theodolite
Other

11. How did you happen to notice the object:",0.05148514851485148,33.47,"MARS?
78
TENTATIVE
OBSERVER'S DATA SHEET
Where Choice is Given. Circle Proper
Answers, or Insert Answer

1. Date of your observations:
21 June 52
Day
Month
Year

2. Date you reported the observation:
21 June 52
Day
Month
Year

3. What time was it when you sighted the objects:
10 58 (03532)
Hrs.
Min.
A.M. P.M. Daylight Standard
Zones: Eastern, Central, Mountain, Pacific,
Other

4. Length of time object was observed. Estimate:
17
Hours Minutes Seconds

5. Where observed:
Maryville, Tenn.
USA
Postal Address
City or Town
State
Country

6. Where were you at time of observation:
Inside building, In car, Outdoors, In F-47 A/C at 22,000
Other

7. Were you moving at any time during this sighting:
Yes
Yes or No

8. Did you stop at any time during this sighting:
ha ha.
Yes or No

9. If you were moving - give direction and miles per hour.
Direction
Speed

10. How was object observed:
Naked eye
By glasses
Other glass (window or windshield)
Binoculars, Telescope, Theodolite
Other

11. How did you happen to notice the object:",0.03842364532019704,78.64,"AF FORM 78
TENTATIVE OBSERVER'S DATA SHEET
Where choice is given, circle proper answers or insert answer.

1. Date of your observation:
21
June
52
Day  Month  Year

2. Date you reported the observation:
21 June 52
Day  Month  Year

3. What time was it when you sighted the objects:
10
58 (03532)
Hrs.  Min.
A.M.  P.M.  Daylight  Standard
Zone: Eastern, Central, Mountain, Pacific, Other

4. Length of time object was observed. Estimate:
17
Hours  Minutes  Seconds

5. Where observed:
Maryville, Tenn.
USA
Postal Address  City or Town  State  Country

6. Where were you at time of observation:
Inside building, In car, Outdoors, In F-47 A/C at 22,000 ft
Other

7. Were you moving at any time during this sighting:
Yes
Yes or No

8. Did you stop at any time during this sighting:
ha ha
Yes or No

9. If you were moving—give direction and speed in miles per hour.
Direction __________  Speed __________ miles per hour.

10. How was object observed:
Naked eye
Eye glasses
Other glass (window or windshield)
Binoculars, Telescope, Theodolite
Other

11. How did you happen to notice the object:",0.08090310442144873,52.73,"MARS?
78
TENTATIVE
OBSERVER'S DATA SHEET
Where choice is given, circle proper answers or insert answer.

1. Date of your observation:
21 June 52
Day Month Year

2. Date you reported the observation:
21 June 52
Day Month Year

3. What time was it when you sighted the object(s)?
10:58 (0353Z)
Hrs. Min.
A.M. P.M. Daylight Standard
Time zones: Eastern, Central, Mountain, Pacific, Other

4. Length of time object was observed. Estimate:
17
Hours Minutes Seconds

5. Where observed:
Maryville, Tenn.
USA
Postal address
City or Town
State
Country

6. Where were you at time of observation:
Inside building, In car, Outdoors, In F-47 A/C at 22,000 ft
Other

7. Were you moving at any time during this sighting:
Yes
Yes or No

8. Did you stop at any time during this sighting:
No
Yes or No

9. If you were moving—give
Direction
and
Speed
miles per hour.

10. How was object observed:
Naked eye, By glasses, Other glass (window or windshield), Binoculars, Telescope, Theodolite
Other

11. How did you happen to notice the object:",0.03560830860534125,41.75,"NARS
78
TENTATIVE OBSERVER'S DATA SHEET
Where choice is given, circle proper answers, or insert answer.

1. Date of your observation:
21 June 52
Day  Month  Year

2. Date you reported the observation:
21 June 52
Day  Month  Year

3. What time was it when you sighted the objects:
10 58 (03532)
Hrs.  Min.
A.M.  P.M.  Daylight  Standard
Zones: Eastern, Central, Mountain, Pacific, Other

4. Length of time object was observed. Estimate:
17
Hours  Minutes  Seconds

5. Where observed:
Maryville, Tenn., USA
Postal Address  City or Town  State  Country

6. Where were you at time of observation:
Inside building, In car, Outdoors, In F-47 A/C at 22,000
Other

7. Were you moving at any time during this sighting:
Yes
Yes or No

8. Did you stop at any time during this sighting:
No
Yes or No

9. If you were moving - give
Direction and miles per hour.
Direction
Speed

10. How was object observed:
Naked eye
By glasses
Other glass (Window or Windshield)
Binoculars, Telescope, Theodolite
Other

11. How did you happen to notice the object:",0.04451038575667656,34.6,"MARS?
78
TENTATIVE
OBSERVER'S DATA SHEET
Where choice is given, circle proper answers or insert answer.

1. Date of your observation:
21 June 52
Day Month Year

2. Date you reported the observation:
21 June 52
Day Month Year

3. What time was it when you sighted the objects:
10:58 (0353Z)
Hrs. Min. A.M. P.M. Daylight Standard
Zones: Eastern, Central, Mountain, Pacific, Other

4. Length of time object was observed. Estimate:
17
Hours Minutes Seconds

5. Where observed:
Maryville, Tenn., USA
Postal Address
City or Town
State
Country

6. Where were you at time of observation:
Inside building, In car, Outdoors, In F-47 A/C at +22,000
Other

7. Were you moving at any time during this sighting:
Yes
Yes or No

8. Did you stop at any time during this sighting:
No
Yes or No

9. If you were moving—give direction and miles per hour.
Direction
Speed

10. How was object observed:
Naked eye
By glasses
Other glass (window or windshield)
Binoculars, Telescope, Theodolite
Other

11. How did you happen to notice the object:",0.046534653465346534,51.41,"MARS?
78
TENTATIVE
OBSERVERS DATA SHEET
Where Choice is Given. Circle Proper
Answers, or Insert Answer

1. Date of your observation:
Day   21
Month   June
Year   52

2. Date you reported the observation:
Day   21
Month   June
Year   52

3. What time was it when you sighted the objects:
Hrs.   10
Min.   58   (03532)
A. M.   P. M.   Daylight   Standard
Zones: Eastern, Central, Mountain, Pacific, Other

4. Length of time object was observed. Estimate:
17
Hours   Minutes   Seconds

5. Where observed:
Postal Address
City or Town   Maryville
State   Tenn.
Country   USA

6. Where were you at time of observation:
Inside building, In Car, Outdoors, ʘOtherʘ
In F-47 A/C @ +22,000

7. Were you moving at any time during this sighting:
ʘYesʘ or No

8. Did you stop at any time during this sighting:
ha ha.
Yes or ʘNoʘ

9. If you were moving—give Direction and Speed miles per hour.

10. How was object observed:
Naked eye
By glasses
Other glass (Window or Windshield)
Binoculars, Telescope, Theodolite
Other

11. How did you happen to notice the object:",0.13366336633663367,57.04,"MARS?
78
TENTATIVE
OBSERVER'S DATA SHEET
Where choice is given, circle proper answers, or insert answer.

1. Date of your observation:
21 June 52
Day  Month  Year

2. Date you reported the observation:
21 June 52
Day  Month  Year

3. What time was it when you sighted the objects:
10  58  (0353Z)
Hrs.  Min.
A.M.  P.M.  Daylight  Standard
Zones: Eastern, Central, Mountain, Pacific, Other

4. Length of time object was observed. Estimate:
17
Hours  Minutes  Seconds

5. Where observed:
Postal Address
City or Town: Maryville
State: Tenn.
Country: USA

6. Where were you at time of observation:
Inside building, In Car, Outdoors, ʘOtherʘ: In F-47 A/C at 22,000

7. Were you moving at any time during this sighting:
ʘYesʘ or No

8. Did you stop at any time during this sighting:
ha ha.
Yes or ʘNoʘ

9. If you were moving—give:
Direction
Speed (miles per hour)

10. How was object observed:
Naked eye
Eyeglasses
Other glass (Window or Windshield)
Binoculars, Telescope, Theodolite
Other

11. How did you happen to notice the object:",0.08811881188118811,42.19,"MARS?
78
TENTATIVE
OBSERVER'S DATA SHEET
Where choice is given, circle proper answers, or insert answer.

1. Date of your observations:
Day 21  Month June  Year 52

2. Date you reported the observation:
Day 21  Month June  Year 52

3. What time was it when you sighted the objects:
10 Hrs. 58 Min. (03532)
A. M.  P. M.  Daylight  Standard
Zones: Eastern, Central, Mountain, Pacific, Other

4. Length of time object was observed. Estimate:
17
Hours  Minutes  Seconds

5. Where observed:
Postal Address
City or Town  Maryville
State  Tenn.
Country  USA

6. Where were you at time of observation:
Inside building, In Car, Outdoors, Other ʘOtherʘ: In F-47 A/C at 22,000

7. Were you moving at any time during this sighting:
Yes ʘYesʘ  No

8. Did you stop at any time during this sighting:
Yes  No ʘNoʘ
ha ha

9. If you were moving—give:
Direction
Speed  miles per hour.

10. How was object observed:
Naked eye
By glasses
Other glass (Window or Windshield)
Binoculars, Telescope, Theodolite
Other

11. How did you happen to notice the object:",0.15148514851485148,54.58
28937540,"9/2315-Z
ORANGEBURG, S. C.
DATE OF SIGHTING: 9 March 1950
No.
Army Letter
SOURCE: Several
DATE IN TO ATIC: 15 March 1950
RE:
1805 to 1825 EST
White
Main
Contrail
1) Same as high a/c
Very small
Very high
West
LENGTH OF TIME: 20 min.
TYPE OF OBSERVER: Ground
MAIN OBSERVER
Incident was observed by Army investigator; it very probably was contrail from high flying aircraft.
Temporary ATIC Form 329 (Jan 52)
ASTRO-METER",0.32867132867132864,113.97,"9/2315-Z
DATE OF REPORT 9 March 1950
ORANGEBURG
NO.

3. C.
Army Letter
SOURCE
Several
15 March 1950
DATE FILED TO ATIC

RE:
1805 to 1825 EST
White
Main
Contrail
1) Same as high a/c
Very small
Very high
West
LENGTH of TIME 20 min
TYPE OF OBSERVER
Ground

MAIN OBSERVER

Incident was observed by Army investigator; it very probably was contrail from high-flying aircraft.
Temporary ATIC Form 329 (Jan 52)
ASTRO: METEOR",0.31002331002331,90.42,"9/2315-Z
AREA: BO.
DATE OF REPORT 9 MARCH 1950
ORANGEBURG
NO.
3-C
ARMY LETTER
SOURCE
SEVERAL
15 MARCH 1950
DATE SENT TO ATIC
TIME
1805 TO 1825 EST
WHITE
MAIN
CONTRAIL
1) SAME AS HIGH A/C
VERY SMALL
VERY HIGH
WEST
LENGTH OF TIME
20 MIN
TYPE OF OBSERVER
GROUND
MAIN OBSERVER
INCIDENT WAS OBSERVED BY ARMY INVESTIGATOR.
OPINION: VERY PROBABLY WAS CONTRAIL FROM HIGH FLYING AIRCRAFT.
TEMPORARY ATIC FORM 329 (1 JAN 52)
ASTRO: METEOR",0.30536130536130535,108.22,"9/2315-Z
ATIC No.
DATE OF REPORT 9 March 1950
STANGEBURG
No.
---
3. C.
Army letter
SOURCE
Several
15 March 1950
DATE FILED TO ATIC
---
HOUR
1805 to 1825 EST
White
Main
Contrail
1) Same as high a/c
Very small
Very high
West
LENGTH OF TIME
III. III
1
TYPE OF OBSERVER
Ground
---
MAIN OBSERVER
---
---
-
Incident was observed by Army investigator
Opinion:
very probably was contrail from high
flying aircraft.
(Temporary ATIC Form 329
(Jan 52)
ASTRO: METEOR",0.28603603603603606,89.82,"9/2315-Z
Arte BO.
DATE OF REPORT 9 March 1950
ORANGEBURG
NO.

3. C.
Army Letter
SOURCE
Several
15 March 1950
DATE FWD TO ATIC

RE:
1805 to 1825 EST
White
Contrail
Same as high a/c
Very small
Very high
West
LENGTH OF TRAIL

TYPE OF OBS
Ground

MAIN OBSERVER

Incident was observed by ATIC investigator and very probably was contrail from high flying aircraft.
— Temporary ATIC Form 329 (1 Jan 52)
ASTRO: METEOR",0.3123543123543124,51.2,"9/2315-Z
AFB: BO.
DATE OF REPORT 9 March 1950
ORANGEBURG, S. C.

NO.
Several

SOURCE
Army Letter

DATE SENT TO ATIC
15 March 1950

TIME
1805 to 1825 EST

COLOR
White

Main
Contrail

Same as high a/c
Very small
Very high
West

LENGTH OF TIME
20 min

TYPE OF OBSR
Ground

Incident was observed by Army investigator;
very probably was contrail from high
flying aircraft.

Temporary ATIC Form 329
(Jan 52)
ASTRO: METEOR",0.36596736596736595,43.62,"9/2315Z
Area BO.
DATE 9 March 1950
ORANGEBURG
S.C.
NO.

Army Letter
SOURCE Several
DATE TO ATIC 15 March 1950

HR 1805 to 1825 EST
Color White (main)
Shape Contrail
Speed Same as high a/c
Size Very small
Altitude Very high
Direction West
LENGTH OF TIME min. 20
TYPE OF OBS Ground

MAIN OBSERVER

Incident was observed by Army investigator; very probably was contrail from high flying aircraft.
temporary ATIC Form 329 (Jan 52)
ASTRO-METEOR",0.4,96.46,"9/2315-Z
AMC B.O.
DATE OF REPORT 9 March 1950
STANGEBURG
NO.
---
3. C.
Army Letter
SOURCE
Several
DATE FWD TO ATIC
15 March 1950
---
HRS
1805 to 1825 EST
White
main
Contrail
1) Same as high a/c
Very small
Very high
West
LENGTH of TRAIL
III. III
1
TYPE OF OBS
Ground
---
MAIN OBSERVER
---
---
-
Incident was observed by Army investigator
Opn: very probably was contrail from high
flying aircraft.
Temporary ATIC Form 329
(Jan 52)
ASTRO: METEOR",0.3287037037037037,77.42,"9/2315-Z
ATIC B.O.
DATE OF TRIP 9 March 1950
STANGEBURG
NO.
---
3. C.
Army Letter
SOURCE
Several
DATE IN TO ATIC
15 March 1950
---
RE
1805 to 1825 EST
White
Maneuver
Contrail
1) Same as high a/c
Very small
Very high
West
LENGTH of TIME
iii. III
1
TYPE OF OBS
Ground
---
MANEUVER
---
---
-
Incident was observed by ATIC investigator; very probably was contrail from high flying aircraft.
Temporary ATIC Form 329
(Jan 52)
ASTRO: METEOR",0.30536130536130535,86.94
28943901,"-5-
22. Your full name:
23. Your address:
No.
24. Your occupation: United States Army
25.
Last school you attended: 44 weeks Radar Electronics
26. Year of last attendance at this school: 1951
27. Please list the names and addresses of persons who discussed this sighting
with you. It is not necessary to list the names of officials or investigators.
28. Further comments which you believe are important should be entered here.
Use additional sheets of the same size if necessary.
After viewing the effects we
also saw large bugs which
when the sun rays struck them
at the right angle they appeared
silver and also round, and
moving at a high rate of speed.",0.025914634146341462,36.55,"-5-
22. Your full name:
23. Your address
No.
24. Your occupation: United States Army
25.
Last school you attended: 44 weeks radar electronics
26. Year of last attendance at this school: 1951
27. Please list the names and addresses of persons who discussed this sighting
with you. It is not necessary to list the names of officials or investigators.
28. Further comments which you believe are important should be entered here.
Use additional sheets of the same size if necessary.
After viewing the effects we
also saw large bugs which
when the sun rays struck them
at the right angle they appeared
silver and also round, and
moving at a high rate of speed.",0.025954198473282442,35.53,"-5-
22. Your full name:
23. Your address
No.
24. Your occupation: United States Army
25.
Last school you attended: 44 weeks Radar Electronics
26. Year of last attendance at this school: 1951
27. Please list the names and addresses of persons who discussed this sighting
with you. It is not necessary to list the names of officials or investigators.
28. Further comments which you believe are important should be entered here.
Use additional sheets of the same size if necessary.
After viewing the effects we
also saw large bugs which
when the sun's rays struck them
at the right angle they appeared
silver and also round, and
moving at a high rate of speed.",0.0289193302891933,27.65,"-5-
22. Your full name:
23. Your address
No.
24. Your occupation: United States Army
25. Last school you attended: 44 weeks Radar Electronics
26. Year of last attendance at this school: 1951
27. Please list the names and addresses of persons who discussed this sighting
with you. It is not necessary to list the names of officials or investigators.
28. Further comments which you believe are important should be entered here.
Use additional sheets of the same size if necessary.
After viewing the effects, we
also saw large bugs which,
when the sun's rays struck them
at the right angle, appeared
silver and also round, and
moving at a high rate of speed.",0.035114503816793895,17.71,"-5-
22. Your full name:
23. Your address:
No.
24. Your occupation: United States Army
25. Last school you attended: 44 weeks radar electronics
26. Year of last attendance at this school: 1951
27. Please list the names and addresses of persons who discussed this sighting
with you. It is not necessary to list the names of officials or investigators.
28. Further comments which you believe are important should be entered here.
Use additional sheets of the same size if necessary.
After viewing the effects we
also saw large bugs which
when the sun rays struck them
at the right angle they appeared
silver and also round, and
moving at a high rate of speed.",0.025914634146341462,22.22,"-5-
22. Your full name:
23. Your address: No.
24. Your occupation: United States Army
25. Last school you attended: 44 weeks Radar Electronics
26. Year of last attendance at this school: 1951
27. Please list the names and addresses of persons who discussed this sighting with you. It is not necessary to list the names of officials or investigators.
28. Further comments which you believe are important should be entered here. Use additional sheets of the same size if necessary.
After viewing the effects, we also saw large bugs which, when the sun's rays struck them at the right angle, appeared silver and also round and moving at a high rate of speed.",0.0366412213740458,23.25,"-5-
22. Your full name:
23. Your address
No.
24. Your occupation: United States Army
25. Last school you attended: 44 weeks Radar electronics
26. Year of last attendance at this school: 1951
27. Please list the names and addresses of persons who discussed this sighting
with you. It is not necessary to list the names of officials or investigators.
28. Further comments which you believe are important should be entered here.
Use additional sheets of the same size if necessary.
After viewing the effects we
also saw large bugs which
when the sun rays struck them
at the right angle they appeared
silver and also round, and
moving at a high rate of speed.",0.025954198473282442,24.47,"-5-
22. Your full name:
23. Your address
No.
24. Your occupation: United States Army
25.
Last school you attended: 44 weeks Radar Electronics
26. Year of last attendance at this school: 1951
27. Please list the names and addresses of persons who discussed this sighting
with you. It is not necessary to list the names of officials or investigators.
28. Further comments which you believe are important should be entered here.
Use additional sheets of the same size if necessary.
after viewing the effects we
also saw large bugs which
when the sun rays struck them
at the right angle they appeared
silver and also round. and
moving at a high rate of speed.",0.02748091603053435,42.29,"-5-
22. Your full name:
23. Your address
No.
24. Your occupation: Army United States
25.
Last school you attended: 44 weeks Radar electronic
26. Year of last attendance at this school: 1951
27. Please list the names and addresses of persons who discussed this sighting
with you. It is not necessary to list the names of officials or investigators.
28. Further comments which you believe are important should be entered here.
Use additional sheets of the same size if necessary.
After viewing the effects we
also saw large bugs which
when the sun rays struck them
at the right angle they appeared
silver and also round. and
moving at a high rate of speed.",0.010703363914373088,33.89
28939621,"with greater detail, dates, times, and circumstances in order to find something of value. However, it was realized after all this was accomplished, it had been in vain; absolutely too much time had elapsed for human memory to recover the detail necessary for further evaluation. Then the two pilots, Major Ballard flying as observer, and Lt. Rogers, who was flying as pilot of a T-33, sighted an unidentified flying object and they flew into Fort Monmouth for interrogation. The story was verified, questioned, analyzed, discussed, and the pilots remained firmly convinced of the details which they had sighted. However, certain circumstances were indications that they did not possess the detail which they claimed concerning a track of the flying object they claimed to have seen. They were interrogated at great length concerning the circumstances whereby this report concerning the flying object they saw reached the press and also a request was signed for investigation of the base PIO officer at Mitchel Air Force Base, Major Barron, in order to clarify his part in the activity. It is sufficient to state that neither Ballard nor Rogers made a voluntary statement to the press and that Rogers made his statement to the press only when he was directed to do so by Major Barron, Base PIO, and this is according to Rogers’ statement only. An interrogation of the personnel at Twin Lights Radar Station was undertaken and it was learned that Twin Lights was off the air at the time the sightings occurred on 10 September. Visual and radar sightings are referred to in its operating log. Operating hours at that time at Twin Lights were 0400 to 0800 and 1700 to 2330 EDST. Therefore, there is no verification from Twin Lights of the sighting one way or the other. However, Staff Sgt. Pollock, who was monitoring channel Fox at the",0.03275109170305677,56.19,"with greater detail: dates, times, and circumstances in order to find something of value. However, it was realized after all this was accomplished, it had been in vain; absolutely too much time had elapsed for human memory to recover the detail necessary for further evaluation. Then the two pilots, Major Ballard, flying as observer, and Lt. Rogers, who was flying as pilot of a T-33, sighted an unidentified flying object, and they flew into Fort Monmouth for interrogation. The story was verified, questioned, analyzed, discussed, and the pilots remained firmly convinced of the details that they had sighted. However, certain circumstances were indications that they did not possess the detail which they claimed concerning the track of the flying object they claimed to have seen. They were interrogated at great length concerning the circumstances whereby this report concerning the flying object they saw reached the press, and also a request was signed for investigation of the base PIO officer at Mitchel Air Force Base, a Major Barren, in order to clarify his part in the activity. It is sufficient to state that neither Ballard nor Rogers made a voluntary statement to the press and that Rogers made his statement to the press only when he was directed to do so by Major Barren, base PIO, and this is according to Rogers’ statement only. An interrogation of the personnel at Twin Lights Radar Station was undertaken and it was learned that Twin Lights was off the air at the time the sightings occurred on 10 September. Visual and radar sightings are referred to in its operating log. The operating hours at that time at Twin Lights were 0400 to 0800 and 1700 to 2330 EDST. Therefore, there is no verification from Twin Lights of the sighting one way or the other. However, Staff Sgt. Pollock, who was monitoring Channel Fox at the",0.038002171552660155,29.8,"with greater detail, dates, times, and circumstances, in order to find something of value. However, it was realized after all this was accomplished, it had been in vain; absolutely too much time had elapsed for human memory to recover the detail necessary for further evaluation. Then, the two pilots, Major Ballard, flying as observer, and Lt. Rogers, who was flying as pilot of a T-33, sighted an unidentified flying object, and they flew into Fort Monmouth for interrogation. The story was verified, questioned, analyzed, discussed, and the pilots remained firmly convinced of the details which they had sighted. However, certain circumstances were indications that they did not possess the detail which they claimed concerning the track of the flying object they claimed to have seen. They were interrogated at great length concerning the circumstances whereby this report concerning the flying object they saw reached the press, and also a request was signed for investigation of the base PIO officer at Mitchel Air Force Base, a Major Barren, in order to clarify his part in the activity. It is sufficient to state that neither Ballard nor Rogers made a voluntary statement to the press and that Rogers made his statement to the press only when he was directed to do so by Major Barren, Base PIO, and this is according to Rogers' statement only. An interrogation of the personnel at Twin Lights Radar Station was undertaken, and it was learned that Twin Lights was off the air at the time the sightings occurred on 10 September. Visual and radar sightings are referred to in its operating log; the hours of operation at Twin Lights were 0400 to 0800 and 1700 to 2330 EDST. Therefore, there is no verification from Twin Lights of the sighting one way or the other. However, Staff Sgt. Pollock, who was monitoring Channel Fox at the",0.03812636165577342,38.5,"with greater detail of dates, times, and circumstances in order to find something
of value. However, it was realized after all this was accomplished that it had been
in vain; absolutely too much time had elapsed for human memory to recover the
detail necessary for further evaluation. Then, the two pilots, Major Ballard,
flying as observer, and Lt. Rogers, who was flying as pilot of a T-33, sighted
an unidentified flying object and they flew into Fort Monmouth for interrogation.
The story was verified, questioned, analyzed, discussed, and the pilots remained
firmly convinced of the details which they had sighted. However, certain cir-
cumstances were indications that they did not possess the detail which they
claimed concerning the track of the flying object they claimed to have seen. They
were interrogated at great length concerning the circumstances whereby this
report concerning the flying object they saw reached the press, and also a
request was signed for an investigation of the base PIO
officer at Mitchel Air Force Base, a Major Barren, in order to clarify his
part in the activity. It is sufficient to state that neither Ballard nor Rogers
made a voluntary statement to the press and that Rogers made his statement to the
press only when he was directed to do so by Major Barren, Base PIO, and this
is according to Rogers' statement only. An interrogation of the personnel at
Twin Lights Radar Station was undertaken and it was learned that Twin Lights
was off the air at the time the sightings occurred on 10 September. The operating
hours at that time at Twin Lights were 0400 to 0800 and 1700 to 2330 EDST. Therefore,
there is no verification from Twin Lights of the sighting one way or
the other. However, Staff Sgt. Pallock, who was monitoring Channel Fox at the
11",0.05485463521667581,52.63,"with greater detail of dates, times, and circumstances in order to find something
of value. However, it was realized after all this was accomplished, it had been
in vain; absolutely too much time had elapsed for human memory to recover the
detail necessary for further evaluation. Then the two pilots, Major Ballard,
flying as observer, and Lt. Rogers, who was flying as pilot of a T-33, sighted
an unidentified flying object, and they flew into Fort Monmouth for interrogation.
The story was verified, questioned, analyzed, and discussed, and the pilots remained
firmly convinced of the details which they had sighted. However, certain circumstances
were indications that they did not possess the detail which they
claimed concerning the track of the flying object they claimed to have seen. They
were interrogated at great length concerning the circumstances whereby this
report concerning the flying object they saw reached the press, and also a
request was signed for an investigation of the base PIO
officer at Mitchel Air Force Base, a Major Barron, in order to clarify his
part in the activity. It is sufficient to state that neither Ballard nor Rogers
made a voluntary statement to the press, and that Rogers made his statement to the
press only when he was directed to do so by Major Barron, Base PIO, and this
is according to Rogers' statement only. An interrogation of the personnel at
Twin Lights Radar Station was undertaken, and it was learned that Twin Lights
was off the air at the time the sightings occurred on 10 September. Visual
and radar sightings are referred to in its operating log. Operating hours at
that time at Twin Lights were 0400 to 0800 and 1700 to 2330 EDST. Therefore,
there is no verification from Twin Lights of the sighting one way or
the other. However, Staff Sgt. Pollock, who was monitoring Channel Fox at the",0.04054054054054054,38.81,"with greater detail, dates, time, and circumstances in order to find something of value. However, it was realized after all this was accomplished, it had been in vain; absolutely too much time had elapsed for human memory to recover the detail necessary for further evaluation. Then, the two pilots, Major Ballard flying as observer, and Lt. Rogers, who was flying as pilot of a T-33, sighted an unidentified flying object, and they flew into Fort Monmouth for interrogation. The story was verified, questioned, analyzed, discussed, and the pilots remained firmly convinced of the details of what they had sighted. However, certain circumstances were indications that they did not possess the detail which they claimed concerning the track of the flying object they claimed to have seen. They were interrogated at great length concerning the circumstances whereby this report concerning the flying object they saw reached the press, and also a request was assigned for investigation of the base PIO officer at Mitchell Air Force Base, a Major Barren, in order to clarify his part in the activity. It is sufficient to state that neither Ballard nor Rogers made a voluntary statement to the press and that Rogers made his statement to the press only when he was directed to do so by Major Barren, Base PIO, and this is according to Rogers’ statement only. An interrogation of the personnel at Twin Lights Radar Station was undertaken and it was learned that Twin Lights was off the air at the time the sightings occurred on 10 September. Visual and radar sightings are referred to. The operating hours at that time at Twin Lights were 0400 to 0800 and 1700 to 2330 EDST. Therefore, there is no verification from Twin Lights of the sighting one way or the other. However, Staff Sgt. Pallock, who was monitoring channel Fox at the 11",0.03389830508474576,55.3,"with greater detail, dates, time, and circumstances in order to find something
of value. However, it was realized after all this was accomplished that it had been
in vain; absolutely too much time had elapsed for human memory to recover the
detail necessary for further evaluation. Then, the two pilots, Major Ballard,
flying as observer, and Lt. Rogers, who was flying as pilot of a T-33, sighted
an unidentified flying object, and they flew into Fort Monmouth for interrogation.
The story was verified, questioned, analyzed, discussed, and the pilots remained
firmly convinced of the details of what they had sighted. However, certain cir-
cumstances were indications that they did not possess the detail which they
claimed concerning a track of the flying object they claimed to have seen. They
were interrogated at great length concerning the circumstances whereby this
report concerning the flying object they saw reached the press, and also a
request was signed for investigation of the base PIO
officer at Mitchel Air Force Base, a Major Barren, in order to clarify his
part in the activity. It is sufficient to state that neither Ballard nor Rogers
made a voluntary statement to the press and that Rogers made his statement to the
press only when he was directed to do so by Major Barren, Base PIO, and this
is according to Rogers' statement only. An interrogation of the personnel at
Twin Lights Radar Station was undertaken and it was learned that Twin Lights
was off the air at the time the sightings occurred on 10 September. Visual
and radar sightings are referred to in its operating log. Operating hours at
that time at Twin Lights were 0400 to 0800 and 1700 to 2330 EDST. Therefore,
there is no verification from Twin Lights of the sighting one way or
the other. However, Staff Sgt Pallock, who was monitoring Channel Fox at the
11",0.03410936654033568,117.97,"with greater detail, dates, time, and circumstances in order to find something
of value. However, it was realized after all this was accomplished, it had been
in vain, absolutely too much time had elapsed for human memory to recover the
detail necessary for further evaluation. Then, the two pilots, Major Ballard
flying as observer, and Lt Rogers who was flying as pilot of a T-33, sighted
an unidentified flying object and they flew into Fort Monmouth for interrogation.
The story was verified, questioned, analyzed, discussed, and the pilots remained
firmly convinced of the details which they had sighted. However, certain cir-
cumstances were indications that they did not possess the detail which they
claimed concerning a track of the flying object they claimed to have seen. They
were interrogated at great length concerning the circumstances whereby this
report concerning the flying object they saw reached the press and also a
request was
signed for investigation of the base PIO
officer at Mitchell Air Force Base, a Major Barren, in order to clarify his
part in the activity. It is sufficient to state that neither Ballard nor Rogers
made a voluntary statement to the press and that Rogers made his statement to the
press only when he was directed to do so by Major Barren, Base PIO, and this
is according to Rogers' statement only. An interrogation of the personnel at
Twin Lights Radar Station was undertaken and it was learned that Twin Lights
was off the air at the time the sightings occurred on 10 September. Visual.
and radar sightings are referred to in it. Operating hours at
that time at Twin Lights were 0400 to 0800 and 1700 to 2330 EDST. Therefore,
there is no verification from Twin Lights logs of the sighting one way or
the other. However, Staff Sgt Pallock who was monitoring channel Fox at the
11",0.021893814997263273,56.32,"with greater detail, dates, time, and circumstances in order to find something
of value. However, it was realized after all this was accomplished, it had been
in vain, absolutely too much time had elapsed for human memory to recover the
detail necessary for further evaluation. Then, the two pilots, Major Ballard
flying as observer, and Lt Rogers who was flying as pilot of a T-33, sighted
an unidentified flying object and they flew into Fort Monmouth for interrogation.
The story was verified, questioned, analyzed, discussed, and the pilots remained
firmly convinced of the details which they had sighted. However, certain cir-
cumstances were indications that they did not possess the detail which they
claimed concerning a track of the flying object they claimed to have seen. They
were interrogated at great length concerning the circumstances whereby this
report concerning the flying object they saw reached the press and also a
request was signed for investigation of the base PIO
officer at Mitchel Air Force Base, a Major Barren, in order to clarify his
part in the activity. It is sufficient to state that neither Ballard or Rogers
made a voluntary statement to the press and that Rogers made his statement to the
press only when he was directed to do so by Major Barren, Base PIO, and this
is according to Rogers statement only. An interrogation of the personnel at
Twin Lights Radar Station was undertaken and it was learned that Twin Lights
was off the air at the time the sightings occurred on 10 September. Visual
and radar sightings are referred to in the operating log. Operating hours at
that time at Twin Lights were 0400 to 0800 and 1700 to 2330 EDST. Therefore,
there is no verification from Twin Lights logs of the sighting one way or
the other. However, Staff Sgt Pallock who was monitoring channel Fox at the
11",0.02176278563656148,92.51
28942727,"RB239 RCM 021 GOVT COLLECT
CAMP PICKETT VA 20 139P
PROJECT BLUE BOOK
ACTION
ATIC
R/S PM
21 270
C/O DONALD E. BOWER
COL. U.S.A.F., CHIEF, TECHNICAL ANALYSIS DIV.
AIR TECHNICAL INTELLIGENCE CENTER, HQ ATIC
WRIGHT-PATTERSON AIR FORCE BASE, OHIO
2 CABLES

IN REPLY TO YOUR TELEGRAM AF ONI ATIAA-S-5 WITH LETTER OF 15
JUNE BY LANGLEY A.F.B. 19 JUNE 1243 EASTERN. INFORMATION FOLLOWS
ON SIGHTING OF UNIDENTIFIED AERIAL OBJECT ON EVENING OF 15
JUNE 52, BY MR. RUFUS WATTS, ROUTE 1, BLACKSTONE, VIRGINIA,
ON DUTY AT C.A.A. STATION, BLACKSTONE A.A.F.
(A) AT APPROXIMATELY 1959 EASTERN (B) TRAVELING IN
NORTH TO SOUTH DIRECTION (C) SPHERICAL IN SHAPE, SHINING
LUMINOUS FROM VERY HIGH ALTITUDE (D) GROUND OBSERVER
BY MR. FREDERICK J. MAYNE, 37 PICKETT COURT, BLACKSTONE, VIRGINIA
(A) OBSERVED FROM PICKETT COURT AREA AT APPROXIMATELY 1935
TO 2000 EASTERN (B) TRAVELING FROM NORTH TO SOUTH DIRECTION
(C) SPHERICAL IN SHAPE AND HAD A BRIGHT GOLDEN GLOW. OBJECT
PASSED EAST OF BLACKSTONE NEAR CAMP PICKETT AREA. (D) C.A.A.
GROUND OBSERVER. NO AIR OBSERVER REPORTS AVAILABLE FROM THIS
STATION. BRIGHTNESS OF GLOW GRADUALLY FADED AS DARKNESS APPROACHED.
ALSO NUMEROUS CALLS TO THIS STATION AND COMMERCIAL BROADCAST
STATION AT BLACKSTONE AND CREWE, VIRGINIA INDICATE THAT OVER
100 PERSONS SAW THIS OBJECT ALSO.
CHIEF, AIRWAYS OPERATION, C.A.A., INTERSTATE
AIRWAY
STATION, BLACKSTONE, VIRGINIA
(43).
(226 PM JUN 20 52)
CY-1",0.11719298245614035,59.43,"RB239 RCMA 021 GOVT COLLECT
CAMP PICKETT VA 20 139P
PROJECT BLUE BOOK
ACTION
ATIC
RIS PM
21 27 0
CARE DONALD E. BOWER
COL., U.S.A.F., CHIEF, TECHNICAL ANALYSIS DIV.
AIR TECHNICAL INTELLIGENCE CENTER (ATIC)
WRIGHT-PATTERSON AIR FORCE BASE, OHIO
2. CABLES
IN REPLY TO YOUR TELEGRAM AFOIN ATIAA-S-S WITH LETTER OF 15
JUNE, BY LANGLEY A.F.B., 19 JUNE 1952 EASTERN. INFORMATION FOLLOWS
ON SIGHTING OF UNIDENTIFIED AERIAL OBJECT ON EVENING OF 15
JUNE 52, BY MR. RUFUS WATTS, ROUTE 1, BLACKSTONE, VIRGINIA,
ON DUTY AT C.A.A. STATION, BLACKSTONE AAF.
(A) AT APPROXIMATELY 1950 EASTERN (B) TRAVELING IN
NORTH TO SOUTH DIRECTION (C) SPHERICAL IN SHAPE, SHINING
LUMINOUS FROM VERY GREAT HEIGHT (D) GROUND OBSERVER
BY MR. FREDERICK J. MAYNE, 37 PICKETT COURT, BLACKSTONE, VIRGINIA
(A) OBSERVED FROM PICKETT COURT AREA AT APPROXIMATELY 1935
TO 2000 EASTERN (B) TRAVELING FROM NORTH TO SOUTH DIRECTION
(C) SPHERICAL IN SHAPE AND HAD A BRIGHT GOLDEN GLOW. OBJECT
PASSED EAST OF BLACKSTONE NEAR CAMP PICKETT AREA. (D) C.A.A.
GROUND OBSERVER. NO AIR OBSERVER REPORTS AVAILABLE FROM THIS
STATION. BRIGHTNESS OF GLOW GRADUALLY FADED AS DARKNESS APPROACHED.
ALSO NUMEROUS CALLS TO THIS STATION AND COMMERCIAL BROADCAST
STATION AT BLACKSTONE AND CREWE, VIRGINIA INDICATE THAT OVER
100 PERSONS SAW THIS OBJECT ALSO.
CHIEF, AIRWAYS OPERATIONS, C.A.A., INTERSTATE
AIRWAY STATION, BLACKSTONE, VIRGINIA
(43).
(226 PM JUN 20 52)
CY-1",0.12631578947368421,57.09,"RB239 RCMA 021 GOVT COLLECT
CAMP PICKETT VA 20 139P
PROJECT BLUE BOOK
ACTION
ATIC

CARE DONALD E. BOWER
COL. U.S.A.F., CHIEF, TECHNICAL ANALYSIS DIV.
ATTN OF THE AIR TECHNICAL INTELLIGENCE CENTER, ATIC
WRIGHT-PATTERSON AIR FORCE BASE, OHIO

IN REPLY TO YOUR TELEGRAM AFOIN ATIAA-S-S WITH LETTER OF 15
JUNE, BY LANGLEY A.F.B. 19 JUNE 1952 EASTERN. INFORMATION FOLLOWS
ON SIGHTING OF UNIDENTIFIED AERIAL OBJECT ON EVENING OF 15
JUNE 52, BY MR. RUFUS WATTS, ROUTE 1, BLACKSTONE, VIRGINIA,
ON DUTY AT C.A.A. STATION, BLACKSTONE AAF.
(A) AT APPROXIMATELY 1959 EASTERN
(B) TRAVELING IN NORTH TO SOUTH DIRECTION
(C) SPHERICAL IN SHAPE, SHINING, LUMINOUS, FROM VERY GREAT ALTITUDE
(D) —

GROUND OBSERVER
MR. FREDERICK J. MAYNE, 37 PICKETT COURT, BLACKSTONE, VIRGINIA
(A) OBSERVED FROM PICKETT COURT AREA AT APPROXIMATELY 1935
TO 2000 EASTERN
(B) TRAVELING FROM NORTH TO SOUTH DIRECTION
(C) SPHERICAL IN SHAPE AND HAD A BRIGHT GOLDEN GLOW. OBJECT
PASSED EAST OF BLACKSTONE NEAR CAMP PICKETT AREA.
(D) C.A.A. BACKGROUND OBSERVER. NO AIR OBSERVER REPORTS
AVAILABLE FROM THIS STATION. BRIGHTNESS OF GLOW GRADUALLY
FADED AS DARKNESS APPROACHED. ALSO NUMEROUS CALLS TO THIS
STATION AND COMMERCIAL BROADCAST STATION AT BLACKSTONE
AND CREWE, VIRGINIA INDICATE THAT OVER 100 PERSONS SAW
THIS OBJECT ALSO.

CHIEF, AIRWAYS OPERATIONS, C.A.A., INTERSTATE
AIRWAY STATION, BLACKSTONE, VIRGINIA
(43).
(226 PM JUN 20 52)
CY-1",0.13333333333333333,119.86,"RB239 R CMA 021 GOVT COLLECT
CAMP PICKETT VA 20 139P
PROJECT BLUE BOOK
ACTION ATIC

CARE DONALD L. BOWER
COL, U.S.A.F., CHIEF, TECHNICAL ANALYSIS DIV
AIR TECHNICAL INTELLIGENCE CENTER
WRIGHT-PATTERSON AIR FORCE BASE, OHIO

IN REPLY TO YOUR TELEGRAM AFOIN-ATIAA-S-5 WITH LETTER OF 15
JUNE BY LANGLEY A.F.B. 19 JUNE 1952 EASTERN. INFORMATION FOLLOWS
ON SIGHTING OF UNIDENTIFIED AERIAL OBJECT ON EVENING OF 15
JUNE 52, BY MR. RUFUS WATTS, ROUTE 1, BLACKSTONE, VIRGINIA,
ON DUTY AT C.A.A. STATION, BLACKSTONE A.A.F.
(A) AT APPROXIMATELY 1959 EASTERN (B) TRAVELING IN
NORTH TO SOUTH DIRECTION (C) SPHERICAL IN SHAPE, SHINING
LUMINOUS FROM VERY HIGH ALTITUDE (D) GROUND OBSERVER.

BY MR. FREDERICK J. MAYNE, 37 PICKETT COURT, BLACKSTONE, VIRGINIA
(A) OBSERVED FROM PICKETT COURT AREA AT APPROXIMATELY 1935
TO 2000 EASTERN (B) TRAVELING FROM NORTH TO SOUTH DIRECTION,
(C) SPHERICAL IN SHAPE AND HAD A BRIGHT GOLDEN GLOW. OBJECT
PASSED EAST OF BLACKSTONE NEAR CAMP PICKETT AREA. (D) C.A.A.
BACKGROUND: OBSERVER. NO AIR OBSERVER REPORTS AVAILABLE FROM THIS
STATION. BRIGHTNESS OF GLOW GRADUALLY FADED AS DARKNESS APPROACHED.
ALSO, NUMEROUS CALLS TO THIS STATION AND COMMERCIAL BROADCAST
STATIONS AT BLACKSTONE AND CREWE, VIRGINIA, INDICATE THAT OVER
100 PERSONS SAW THIS OBJECT ALSO.

CHIEF, AIRWAYS OPERATIONS, C.A.A., INTERSTATE
AIRWAYS STATION, BLACKSTONE, VIRGINIA

(226 PM JUN 20 52)
CY-1",0.1270175438596491,95.03,"RB239 RCMA 021 GOVT COLLECT
CAMP PICKETT, VA 20 139P
PROJECT BLUE BOOK
ACTION ATIC

CARE DONALD L. BOWER
COL, U.S.A.F., CHIEF, TECHNICAL ANALYSIS DIV
AIR TECHNICAL INTELLIGENCE CENTER (ATIC)
WRIGHT-PATTERSON AIR FORCE BASE, OHIO

IN REPLY TO YOUR TELEGRAM AFOIN ATIAA-S-S WITH LETTER OF 15 JUNE, BY LANGLEY A.F.B., 19 JUNE 1243 EASTERN. INFORMATION FOLLOWS ON SIGHTING OF UNIDENTIFIED AERIAL OBJECT ON EVENING OF 15 JUNE 52, BY MR. RUFUS WATTS, ROUTE 1, BLACKSTONE, VIRGINIA, ON DUTY AT C.A.A. STATION, BLACKSTONE A.A.F.

(A) AT APPROXIMATELY 1950 EASTERN
(B) TRAVELING IN NORTH TO SOUTH DIRECTION
(C) SPHERICAL IN SHAPE, SHINING, LUMINOUS, FROM VERY HIGH ALTITUDE
(D) GROUND OBSERVER

BY MR. FREDERICK J. MAYNE, 37 PICKETT COURT, BLACKSTONE, VIRGINIA:

(A) OBSERVED FROM PICKETT COURT AREA AT APPROXIMATELY 1935 TO 2000 EASTERN
(B) TRAVELING FROM NORTH TO SOUTH
(C) SPHERICAL IN SHAPE AND HAD A BRIGHT GOLDEN GLOW
(D) OBJECT PASSED EAST OF BLACKSTONE NEAR CAMP PICKETT AREA

C.A.A. GROUND OBSERVER. NO AIR OBSERVER REPORTS AVAILABLE FROM THIS STATION. BRIGHTNESS OF GLOW GRADUALLY FADED AS DARKNESS APPROACHED. ALSO NUMEROUS CALLS TO THIS STATION AND COMMERCIAL BROADCAST STATION AT BLACKSTONE AND CREWE, VIRGINIA, INDICATE THAT OVER 100 PERSONS SAW THIS OBJECT ALSO.

CHIEF, AIRWAYS OPERATIONS, C.A.A.
INTERSTATE AIRWAY STATION
BLACKSTONE, VIRGINIA

(226 PM JUN 20 52)",0.1312280701754386,46.18,"RB239 R CMA 021 GOVT COLLECT
CAMP PICKETT VA 20 139P
PROJECT BLUE BOOK
ACTION
ATIC

CARE OF COL. DONALD BOWER, USAF, CHIEF, TECHNICAL ANALYSIS DIV
AIR TECHNICAL INTELLIGENCE CENTER (ATIC)
WRIGHT-PATTERSON AIR FORCE BASE, OHIO

IN REPLY TO YOUR TELEGRAM AFOIN-ATIAA-5 WITH LETTER OF 15
JUNE, BY LANGLEY AFB 19 JUNE 1243 EASTERN. INFORMATION FOLLOWS
ON SIGHTING OF UNIDENTIFIED AERIAL OBJECT ON EVENING OF 15
JUNE 52, BY MR. RUFUS WATTS, ROUTE 1, BLACKSTONE, VIRGINIA,
ON DUTY AT CAA STATION BLACKSTONE AAF.

(A) APPROXIMATELY 1959 EASTERN.
(B) TRAVELING IN NORTH TO SOUTH DIRECTION.
(C) SPHERICAL IN SHAPE, SHINING, LUMINOUS, FROM VERY HIGH ALTITUDE.

(D) GROUND OBSERVER: MR. FREDERICK J. MAYNE, 37 PICKETT COURT, BLACKSTONE, VIRGINIA.
(A) OBSERVED FROM PICKETT COURT AREA AT APPROXIMATELY 1935
TO 2000 EASTERN.
(B) TRAVELING FROM NORTH TO SOUTH DIRECTION.
(C) SPHERICAL IN SHAPE AND HAD A BRIGHT GOLDEN GLOW. OBJECT
PASSED EAST OF BLACKSTONE NEAR CAMP PICKETT AREA.
(D) CAA GROUND OBSERVER. NO AIR OBSERVER REPORTS AVAILABLE FROM THIS
STATION. BRIGHTNESS OF GLOW GRADUALLY FADED AS DARKNESS APPROACHED.

ALSO, NUMEROUS CALLS TO THIS STATION AND COMMERCIAL BROADCAST
STATION AT BLACKSTONE AND CREWE, VIRGINIA INDICATE THAT OVER
100 PERSONS SAW THIS OBJECT ALSO.

CHIEF, AIRWAYS OPERATIONS, CAA, INTERSTATE
AIRWAY STATION, BLACKSTONE, VIRGINIA.

(226 PM JUN 20 52)
CY-1",0.1375438596491228,61.13,"RB239 R.CMA 021 GOVT COLLECT
CAMP PICKETT VA 20 139P
PROJECT BLUE BOOK
ACTION
ATIC
RIS PM
2i 27 0
CARE DONALD E. BOWER
COL. U.S.A.F. CHIEF TECHNICAL ANALYSIS DIV
AIR TECHNICAL INTELLIGENCE CENTER HQ ATIC
WRIGHT-PATTERSON AIR FORCE BASE OHIO
2. CABLES
IN REPLY TO YOUR TELEGRAM AFOIN ATIAA-S-S WITH LETTER OF 15
JUNE, BY LANGLEY A.F.B. 19 JUNE 1952 EASTERN. INFORMATION FOLLOWS
ON SIGHTING OF UNIDENTIFIED AERIAL OBJECT ON EVENING OF 15
JUNE 52, BY MR RUFUS WATTS, ROUTE 1 BLACKSTONE, VIRGINIA,
ON DUTY AT C.A.A. STATION BLACKSTONE A.A.F.
(A) AT APPROXIMATELY 1950 EASTERN (B) TRAVELING IN
NORTH TO SOUTH DIRECTION (C) SPHERICAL IN SHAPE, SHINING,
LUMINOUS FROM VERY HIGH ALTITUDE (D) GROUND OBSERVER
MR FREDERICK J. MAYNE, 37 PICKETT COURT, BLACKSTONE, VIRGINIA.
(A) OBSERVED FROM PICKETT COURT AREA AT APPROXIMATELY 1935
TO 2000 EASTERN (B) TRAVELING FROM NORTH TO SOUTH DIRECTION
(C) SPHERICAL IN SHAPE AND HAD A BRIGHT GOLDEN GLOW. OBJECT
PASSED EAST OF BLACKSTONE NEAR CAMP PICKETT AREA. (D) C.A.A.
BACKGROUND OBSERVER. NO AIR OBSERVER REPORTS AVAILABLE FM THIS
STATION. BRIGHTNESS OF GLOW GRADUALLY FADED AS DARKNESS APPROACHED.
ALSO NUMEROUS CALLS TO THIS STATION AND COMMERCIAL BROADCAST
STATION AT BLACKSTONE AND CREWE, VIRGINIA INDICATE THAT OVER
100 PERSONS SAW THIS OBJECT ALSO.
CHIEF AIRWAYS OPERATIONS C.A.A. INTERSTATE
AIRWAY
STATION BLACKSTONE VIRGINIA
(43).
(226 PM JUN 20 52)
cy-1",0.11157894736842106,67.99,"RB239 R.CMA 021 GOVT COLLECT
CAMP PICKETT VA 20 139P
PROJECT BLUE BOOK
ACTION
ATIC
RIS pm
2i 27 0
CARE COL. DONALD L. BOWER
COL. U.S.A.F., CHIEF, TECHNICAL ANALYSIS DIV
AIR TECHNICAL INTELLIGENCE CENTER, HQ ATIC
WRIGHT-PATTERSON AIR FORCE BASE OHIO

IN REPLY TO YOUR TELEGRAM AFOIN-ATIAA-SS WITH LETTER OF 15
JUNE, BY LANGLEY A.F.B. 19 JUNE 1952 EASTERN. INFORMATION FOLLOWS
ON SIGHTING OF UNIDENTIFIED AERIAL OBJECT ON EVENING OF 15
JUNE 52, BY MR RUFUS WATTS, ROUTE 1, BLACKSTONE, VIRGINIA,
ON DUTY AT C.A.A. STATION BLACKSTONE A.A.F.
(A) APPROXIMATELY 1959 EASTERN; (B) TRAVELING IN
NORTH TO SOUTH DIRECTION; (C) SPHERICAL IN SHAPE, SHINING
LUMINOUS FROM VERY HIGH ALTITUDE; (D) GROUND OBSERVER.

BY MR FREDERICK J. MAYNE, 37 PICKETT COURT, BLACKSTONE, VIRGINIA
(A) OBSERVED FROM PICKETT COURT AREA AT APPROXIMATELY 1935
TO 2000 EASTERN; (B) TRAVELING FROM NORTH TO SOUTH DIRECTION;
(C) SPHERICAL IN SHAPE AND HAD A BRIGHT GOLDEN GLOW. OBJECT
PASSED EAST OF BLACKSTONE NEAR CAMP PICKETT AREA. (D) C.A.A.
BACKGROUND OBSERVER. NO AIR OBSERVER REPORTS AVAILABLE FROM THIS
STATION. BRIGHTNESS OF GLOW GRADUALLY FADED AS DARKNESS APPROACHED.
ALSO NUMEROUS CALLS TO THIS STATION AND COMMERCIAL BROADCAST
STATION AT BLACKSTONE AND CREWE, VIRGINIA, INDICATE THAT OVER
100 PERSONS SAW THIS OBJECT ALSO.

CHIEF AIRWAYS OPERATION C.A.A. INTERSTATE
AIRWAY
STATION BLACKSTONE VIRGINIA
(43).
(226 PM JUN 20 52 1)
cy-1",0.11228070175438597,83.1,"RB239 R.CMA 021 GOVT COLLECT
CAMP PICKETT VA 20 139P
PROJECT BLUE BOOK
ACTION
ATIC
RIS pm
21 27 0
c/o DONALD L. BOWER
COL. U.S.A.F. CHIEF TECHNICAL ANALYSIS DIV
c/o the
AIR TECHNICAL INTELLIGENCE CENTER ATIC
WRIGHT-PATTERSON AIR FORCE BASE OHIO
2. Cattles
IN REPLY TO YOUR TELEGRAM AFOIN ATIAA-S-S WITH LETTER OF 15
JUNE, BY LANGLEY A.F.B. 19 JUNE 1243 EASTERN. INFORMATION FOLLOWS
ON SIGHTING OF UNIDENTIFIED AERIAL OBJECT ON EVENING OF 15
JUNE 52, BY MR RUFUS WATTS ROUTE 1 BLACKSTONE VIRGINIA,
ON DUTY AT C.A.A. STATION BLACKSTONE A.A.F.
(A) AT APPROXIMATELY 1959 EASTERN (B) TRAVELING IN
NORTH TO SOUTH DIRECTION (C) SPHERICAL IN SHAPE, SHINING,
LUMINOUS, FROM VERY HIGH ALTITUDE (D) GROUND OBSERVER
BY MR FREDERICK J MAYNE 37 PICKETT COURT BLACKSTONE VIRGINIA
(A) OBSERVED FROM PICKETT COURT AREA AT APPROXIMATELY 1935
TO 2000 EASTERN (B) TRAVELING FROM NORTH TO SOUTH DIRECTION
(C) SPHERICAL IN SHAPE AND HAD A BRIGHT GOLDEN GLOW OBJECT
PASSED EAST OF BLACKSTONE NEAR CAMP PICKETT AREA. (D) C.A.A.
GROUND OBSERVER NO AIR OBSERVER REPORTS AVAILABLE FM THIS
STATION BRIGHTNESS OF GLOW GRADUALLY FADED AS DARKNESS APPROACHED
ALSO NUMEROUS CALLS TO THIS STATION AND COMMERCIAL BROADCAST
STATION AT BLACKSTONE AND CREWE VIRGINIA INDICATE THAT OVER
100 PERSONS SAW THIS OBJECT ALSO
CHIEF AIRWAYS OPERATIONS C.A.A. INTERSTATE
AIRWAY
STATION BLACKSTONE VIRGINIA
(43).
(226 PM JUN 20 52 1)
cy-1",0.10947368421052632,91.29
28931705,"6 Nov 1968
Mileage 7120. Departed Patterson Field 10:30
Arrived Pech. Wes. 13:30 hrs.
Spoke to Mr.
What are the nearest airfields—commercial flights? O.K. 5 miles south of Richard
Mileage 7247.8 — arrived 10:45 hrs
Professor David Jelfair, member of E than
Collers-tashe physics (IP 5-8303)",0.10921501706484642,57.64,"6 Nov '68
Mileage 7120. Departed Patterson Field 1030
Arrived Wed 1330 hrs.
Spoke to Mr.
What are the nearest airfields — commercial flights? O.K. 5 miles south of Richard
Mileage 7247.8 — arrived 10:45 hrs
Professor David Jelfair, member of the college — teaches physics (Ext. 58303)",0.10238907849829351,47.2,"6 Nov '68
Mileage 7120.2 Departed Patterson Field 1030
Arrived Pech. Wes 1330 hrs.
Spoke to Mr.
What are the nearest airfields — Commonwealth
flights? O.K. 5 miles south of Richland
Mileage 7247.8 — arrived 10:45 hrs
Professor David Jelfair, member of Ethan College — teaches physics (Ext. 58303)",0.08783783783783784,114.7,"6 Nov 68
Mileage 71,209. Departed Patterson Field 1030.
Arrived Pech. Wes 1330 hrs.
Spoke to Mr.
What are the nearest airfields—commercial flights? O.K. 5 miles south of Richard.
Mileage 72,478 — arrived 10:45 hrs.
Professor David Telfair, member of the college—teaches physics (Ph 58303).",0.11262798634812286,86.11,"6 Nov '58
Mileage 7120.5 Departed Patterson Field 1030
Arrived Pech. Wes 1330 hrs.
Spoke to Mr.
What are the nearest airfields—commercial flights? O.K. 5 miles south of Richard
Mileage 7247.8 — arrived 10:45 hrs
Professor David Jelfair, member of Ethan College—teaches physics (Ext. 58303)",0.08532423208191127,55.4,"6 Nov 68
Mileage 7120.5; Depart Patterson Field 1030
Arrived Pech. Wes 1330 hrs.
Spoke to Mr.
What are the nearest airfields—commercial flights? O.K. 5 miles south of Richard
Mileage 7247.8 — arrived 10:45 hrs
Professor David Jelfair, member of the college—teaches physics (IP 5-8303)",0.09897610921501707,39.53,"6 Nov '68
Mileage 7120. Departed Patterson Field 1030
arrived Pech. Wes. 1330 hrs.
Spoke to Mr.
What are the nearest airfields -- Commonwealth
Flights? O.K. 5 miles South of Richard
Mileage 7247.8 - around 10:45 hrs
Professor David Jelfair member of Ethan
College - teaches physics ID 58303)",0.09897610921501707,49.05,"6 Nov 68
Mileage 7120. Departed Patterson Field 1030
arrived Pech. Wes 1330 hrs.
Spoke to Mr.
What are the nearest airfields -- Commonweal
Flights? O.K. 5 miles South of Richard
Mileage 7247.8 - arrived 10:45 hrs
Professor David Jelfair member of Ethan College - teaches physics (Ip 58303)",0.07167235494880546,54.79,"6 Nov 48
Mileage 7120 Depart Patterson Fld 1030
arrived Tech. Wks 1330 hrs.
Spoke to Mr.
What are the nearest airfields - -Commonwealth
Flights? O.K. 5 miles South of Richard
Mileage 7247.8 - arr at 10:45 hrs
Professor David Jelfair member of E than
College—teaches physics ph 58303)",0.12627986348122866,90.83
28978074,"FM SUPT USAFA DENVER COLO 44020
TO RJEDDN/COMDR ADC
INFO RJWFDN/COMDR 34 ADIV (DEF)
RJEDSE/COMDR ATIC
RJEPHQ/OFFICE OF INFORMATION SERVICES HQ USAF
RJEPHQ/AIR INTELLIGENCE HQ USAF
BT
UNCLAS FROM COCFT 8894. UFO. THIS MESSAGE IS FORWARDED IN COMPLIANCE
WITH AFR 200-2. A. DESCRIPTION OF OBJECT. 1. SHAPE. FROM APPEARANCE
OF ITS ORBIT, OBJECT WOULD SEEM TO BE A SATELLITE-TYPE VEHICLE.
OBJECT WAS EXAMINED THROUGH A SIX-POWER TELESCOPE AND APPEARED
IN TWO PARTS OR AT LEAST TWO SECTIONS OF DIFFERING REFLECTIVITY.
LEADING SECTION WAS OF A BRIGHTNESS COMPARABLE TO THAT OF A THIRD
OR FOURTH MAGNITUDE STAR. THE TRAILING PART WAS MUCH BRIGHTER,
AND IN THE ORDER OF A SECOND MAGNITUDE STAR. THERE WAS NO APPARENT
TUMBLING MOTION. 2. SIZE. IMPOSSIBLE TO ESTIMATE SIZE BECAUSE OF
APPARENT GREAT DISTANCE TO THE OBJECT. JUDGING BY REFLECTIVITY,
OBJECT MUST BE OF A SIZE COMPARABLE TO OR LARGER THAN SPUTNIK II.",0.17934272300469484,46.47,"I Carlos
OD with 09073
and
renotified at 1318-
will be
SQG767 YDB712 WYC673 WMP0: 34
HAT 2
over to
ANA 44A
pick up
as
)
FP RJWFDN RJEDDN RJEDSQ RJEPHQ
DE RJUFAM 29.
P 0 123452
)
FM SUPT USAFA DENVER COLO
44020
TO RJEDDN/COMDR ADC
CB
RJWFDN/COMDR 34 ADIV (DEF)
RJEDSQ/COMDR ATIC
RJEPHQ/OFFICE OF INFORMATION SERVICES HQ USAF
RJEPHQ/AIR INTELLIGENCE HQ USAF
not
BT
UNCLAS FROM COCFT 8894. UFO. THIS MESSAGE IS FORWARDED IN COMPLIANCE
WITH AFR 200-2A. A. DESCRIPTION OF OBJECT. 1. SHAPE. FROM APPEARANCE
OF ITS ORBIT, OBJECT WOULD SEEM TO BE A SATELLITE-TYPE VEHICLE.
OBJECT WAS EXAMINED THROUGH A SIX-POWER TELESCOPE AND APPEARED
IN TWO PARTS OR AT LEAST TWO SECTIONS OF DIFFERING REFLECTIVITY,
LEADING SECTION WAS OF A BRIGHTNESS COMPARABLE TO THAT OF A THIRD
OR FOURTH MAGNITUDE STAR. THE TRAILING PART WAS MUCH BRIGHTER,
AND IN THE ORDER OF A SECOND MAGNITUDE STAR. THERE WAS NO APPARENT
TUMBLING MOTION. 2. SIZE. IMPOSSIBLE TO ESTIMATE SIZE BECAUSE OF
APPARENT GREAT DISTANCE TO THE OBJECT. JUDGING BY REFLECTIVITY,
OBJECT MUST BE OF A SIZE COMPARABLE TO OR LARGER THAN SPUTNIK II.
How determined of
/",0.09700815956482321,114.79,"I Carlos
OD with 0907Z
and
renotified at 1318-
will be
SQG767 YDB712 WYC673 WMP0: 34
HAT 2
over to
ANA 44A
pick up
as
)
FP RJWFDN RJEDDN RJEDSQ RJEPHQ
DE RJUFAM 29.
P 0 123452
)
FM SUPT USAFA DENVER COLO
44020
TO RJEDDN/COMDR ADC
CB
RJWFDN/COMDR 34 ADIV (DEF)
RJEDSQ/COMDR ATIC
RJEPHQ/OFFICE OF INFORMATION SERVICES HQ USAF
RJEPHQ/AIR INTELLIGENCE HQ USAF
BT
UNCLAS FROM COCFT 8894. UFO. THIS MESSAGE IS FORWARDED IN COMPLIANCE
WITH AFR 200-2. A. DESCRIPTION OF OBJECT. 1. SHAPE. FROM APPEARANCE
OF ITS ORBIT, OBJECT WOULD SEEM TO BE A SATELLITE-TYPE VEHICLE.
OBJECT WAS EXAMINED THROUGH A (SIX-POWER TELESCOPE) AND APPEARED
IN TWO PARTS OR AT LEAST TWO SECTIONS OF DIFFERING REFLECTIVITY,
LEADING SECTION WAS OF A BRIGHTNESS COMPARABLE TO THAT OF A THIRD
OR FOURTH MAGNITUDE STAR. THE TRAILING PART WAS MUCH BRIGHTER,
AND ON THE ORDER OF A SECOND-MAGNITUDE STAR. THERE WAS NO APPARENT
TUMBLING MOTION. 2. SIZE. IMPOSSIBLE TO ESTIMATE SIZE BECAUSE OF
APPARENT GREAT DISTANCE TO THE OBJECT. JUDGING BY REFLECTIVITY,
OBJECT MUST BE OF A SIZE COMPARABLE TO OR LARGER THAN SPUTNIK II.",0.08055555555555556,68.18,"I CARLOS
OD WITH 09073
AND
RE-NOTIFIED AT 1318-
WILL BE
SQG767 YDB712 WYC673 WMP0:34
HAT 2
OVER TO
ANA 44 TO
PICK UP
AS

FP RJWFDN RJEDDN RJEDSQ RJEPHQ
DE RJUFAM 29.
P 012345Z
FM SUPT USAFA DENVER COLO 44020
TO RJEDDN/COMDR ADC
CB
RJWFDN/COMDR 34 ADIV (DEF)
RJEDSE/COMDR ATIC
RJEPHQ/OFFICE OF INFORMATION SERVICES HQ USAF
RJEPHQ/AIR INTELLIGENCE HQ USAF
BT
UNCLAS FROM COCFT 8894. UFO. THIS MESSAGE IS FORWARDED IN COMPLIANCE
WITH AFR 200-2
A. DESCRIPTION OF OBJECT.
1. SHAPE. FROM APPEARANCE OF ITS ORBIT, OBJECT WOULD SEEM TO BE A SATELLITE-TYPE VEHICLE.
OBJECT WAS EXAMINED THROUGH A SIX-POWER TELESCOPE AND APPEARED
IN TWO PARTS OR AT LEAST TWO SECTIONS OF DIFFERING REFLECTIVITY.
LEADING SECTION WAS OF A BRIGHTNESS COMPARABLE TO THAT OF A THIRD
OR FOURTH MAGNITUDE STAR. THE TRAILING PART WAS MUCH BRIGHTER,
AND IN THE ORDER OF A SECOND MAGNITUDE STAR. THERE WAS NO APPARENT
TUMBLING MOTION.
2. SIZE. IMPOSSIBLE TO ESTIMATE SIZE BECAUSE OF
APPARENT GREAT DISTANCE TO THE OBJECT. JUDGING BY REFLECTIVITY,
OBJECT MUST BE OF A SIZE COMPARABLE TO OR LARGER THAN SPUTNIK II.",0.07728119180633147,132.12,"FP RJWFDN RJEDDN RJEDSQ RJEPHQ
DE RJUFAM 29.
P 0 123452

FM SUPT USAFA DENVER COLO
44020
TO RJEDDN/COMDR ADC
CB
RJWFDN/COMDR 34 ADIV (DEF)
RJEDSQ/COMDR ATIC
RJEPHQ/OFFICE OF INFORMATION SERVICES HQ USAF
RJEPHQ/AIR INTELLIGENCE HQ USAF
NOTAL
BT
UNCLAS FROM COCFT 8894. UFO. THIS MESSAGE IS FORWARDED IN COMPLIANCE WITH AFR 200-2. A. DESCRIPTION OF OBJECT. 1. SHAPE. FROM APPEARANCE OF ITS ORBIT, OBJECT WOULD SEEM TO BE A SATELLITE-TYPE VEHICLE. OBJECT WAS EXAMINED THROUGH A SIX-POWER TELESCOPE AND APPEARED IN TWO PARTS OR AT LEAST TWO SECTIONS OF DIFFERING REFLECTIVITY. LEADING SECTION WAS OF A BRIGHTNESS COMPARABLE TO THAT OF A THIRD OR FOURTH MAGNITUDE STAR. THE TRAILING PART WAS MUCH BRIGHTER, AND IN THE ORDER OF A SECOND MAGNITUDE STAR. THERE WAS NO APPARENT TUMBLING MOTION. 2. SIZE. IMPOSSIBLE TO ESTIMATE SIZE BECAUSE OF APPARENT GREAT DISTANCE TO THE OBJECT. JUDGING BY REFLECTIVITY, OBJECT MUST BE OF A SIZE COMPARABLE TO OR LARGER THAN SPUTNIK II.",0.13802816901408452,49.77,"FP RJWFDN RJEDDN RJEDSQ RJEPHQ
DE RJUFAM 29
FM SUPT USAFA DENVER COLO
TO RJEDDN/COMDR ADC
RJWFDN/COMDR 34 ADIV (DEF)
RJEDSQ/COMDR ATIC
RJEPHQ/OFFICE OF INFORMATION SERVICES HQ USAF
RJEPHQ/AIR INTELLIGENCE HQ USAF
BT
UNCLAS FROM COCFT 8894. UFO. THIS MESSAGE IS FORWARDED IN COMPLIANCE WITH AFR 200-2A.
A. DESCRIPTION OF OBJECT.
1. SHAPE. FROM APPEARANCE OF ITS ORBIT, OBJECT WOULD SEEM TO BE A SATELLITE-TYPE VEHICLE. OBJECT WAS EXAMINED THROUGH A SIX POWER TELESCOPE AND APPEARED IN TWO PARTS OR AT LEAST TWO SECTIONS OF DIFFERING REFLECTIVITY. LEADING SECTION WAS OF A BRIGHTNESS COMPARABLE TO THAT OF A THIRD OR FOURTH MAGNITUDE STAR. THE TRAILING PART WAS MUCH BRIGHTER, AND IN THE ORDER OF A SECOND MAGNITUDE STAR. THERE WAS NO APPARENT TUMBLING MOTION.
2. SIZE. IMPOSSIBLE TO ESTIMATE SIZE BECAUSE OF APPARENT GREAT DISTANCE TO THE OBJECT. JUDGING BY REFLECTIVITY, OBJECT MUST BE OF A SIZE COMPARABLE TO OR LARGER THAN SPUTNIK II.",0.13145539906103287,46.28,"I Carlos
OD with 09073
and
renotified at 1318-
will be
SQG767 YDB712 WYC673 WMPØ: 34
HAT 2
over to
ANA 44 A
pick up
as
)
FP RJWFDN RJEDDN RJEDSQ RJEPHO
DE RJUFAM 29.
P 0 123452
)
FM SUPT USAFA DENVER COLO
44020
TO RJEDDN/COMDR ADC
CB
RJWFDN/COMDR 34 ADIV (DEF)
RJEDSE/COMDR ATIC
RJEPHQ/OFFICE OF INFORMATION SERVICES HQ USAF
RJEPHQ/AIR INTELLIGENCE HQ USAF
not
BT
UNCLAS FROM COCFT 8894. UFO. THIS MESSAGE IS FORWARDED IN COMPLIANCE
WITH AFR 200-2. A. DESCRIPTION OF OBJECT. 1. SHAPE. FROM APPEARANCE
OF ITS ORBIT, OBJECT WOULD SEEM TO BE A SATELLITE-TYPE VEHICLE.
OBJECT WAS EXAMINED THROUGH A SIX-POWER TELESCOPE AND APPEARED
IN TWO PARTS OR AT LEAST TWO SECTIONS OF DIFFERING REFLECTIVITY,
LEADING SECTION WAS OF A BRIGHTNESS COMPARABLE TO THAT OF A THIRD
OR FOURTH MAGNITUDE STAR. THE TRAILING PART WAS MUCH BRIGHTER,
AND IN THE ORDER OF A SECOND MAGNITUDE STAR. THERE WAS NO APPARENT
TUMBLING MOTION. 2. SIZE. IMPOSSIBLE TO ESTIMATE SIZE BECAUSE OF
APPARENT GREAT DISTANCE TO THE OBJECT. JUDGING BY REFLECTIVITY,
OBJECT MUST BE OF A SIZE COMPARABLE TO OR LARGER THAN SPUTNIK II.
How determined of
/",0.09791477787851315,123.9,"Lt Carlos
OD with 09073
and
notified at 1318-
will be
SQG767 YDB712 WYC673 WMPØ: 34
HAT 2
over to
ANA 44 a
pick up
as
)
FP RJWFDN RJEDDN RJEDSQ RJEPHO
DE RJUFAM 29.
P 0 123452
)
FM SUPTUSAFA DENVER COLO
44020
TO RJEDDN/COMDR ADC
CB
RJWFDN/COMDR 34 ADIV (DEF)
RJEDSE/COMDR ATIC
RJEPHQ/OFFICE OF INFORMATION SERVICES HQ USAF
RJEPHQ/AIR INTELLIGENCE HQ USAF
not
BT
UNCLAS FROM COCFT 8894. UFO. THIS MESSAGE IS FORWARDED IN COMPLIANCE
WITH AFR 200-2 A. DESCRIPTION OF OBJECT. 2. SHAPE. FROM APPEARANCE
OF ITS ORBIT, OBJECT WOULD SEEM TO BE A SATELLITE-TYPE VEHICLE.
OBJECT WAS EXAMINED THROUGH A SIX POWER TELESCOPE AND APPEARED
IN TWO PARTS OR AT LEAST TWO SECTIONS OF DIFFERING REFLECTIVITY,
LEADING SECTION WAS OF A BRIGHTNESS COMPARABLE TO THAT OF A THIRD
OR FOURTH MAGNITUDE STAR. THE TRAILING PART WAS MUCH BRIGHTER
AND IN THE ORDER OF A SECOND MAGNITUDE STAR. THERE WAS NO APPARENT
TUMBLING MOTION. 2. SIZE. IMPOSSIBLE TO ESTIMATE SIZE BECAUSE OF
APPARENT GREAT DISTANCE TO THE OBJECT. JUDGING BY REFLECTIVITY,
OBJECT MUST BE OF A SIZE COMPARABLE TO OR LARGER THAN SPUTNIK II.
How determined of",0.09480401093892434,43.64,"I Carlos
OD with 09073
and
renotified at 1318-
will be
SQG767 YDB712 WYC673 WMP0:34
HAT 2
over to
ANA 44A
pick up
as
)
FP RJWFDN RJEDDN RJEDSQ RJEPHQ
DE RJUFAM 29.
P 0 123452
)
FM SUPT USAFA DENVER COLO
44020
TO RJEDDN/COMDR ADC
CC
RJWFDN/COMDR 34 ADIV (DEF)
RJEDSE/COMDR ATIC
RJEPHQ/OFFICE OF INFORMATION SERVICES HQ USAF
RJEPHQ/AIR INTELLIGENCE HQ USAF
NOTAL
BT
UNCLAS FROM COCFT 8894. UFO. THIS MESSAGE IS FORWARDED IN COMPLIANCE
WITH AFR 200-2.
1. DESCRIPTION OF OBJECT. A. SHAPE. FROM APPEARANCE
OF ITS ORBIT, OBJECT WOULD SEEM TO BE A SATELLITE-TYPE VEHICLE.
OBJECT WAS EXAMINED THROUGH A SIX POWER TELESCOPE AND APPEARED
IN TWO PARTS OR AT LEAST TWO SECTIONS OF DIFFERING REFLECTIVITY,
LEADING SECTION WAS OF A BRIGHTNESS COMPARABLE TO THAT OF A THIRD
OR FOURTH MAGNITUDE STAR. THE TRAILING PART WAS MUCH BRIGHTER,
AND IN THE ORDER OF A SECOND MAGNITUDE STAR. THERE WAS NO APPARENT
TUMBLING MOTION. 2. SIZE. IMPOSSIBLE TO ESTIMATE SIZE BECAUSE OF
APPARENT GREAT DISTANCE TO THE OBJECT. JUDGING BY REFLECTIVITY,
OBJECT MUST BE OF A SIZE COMPARABLE TO OR LARGER THAN SPUTNIK II.
How determined of
/",0.09972801450589303,79.55
28951559,"AF FORM 112 - PART II
(CLASSIFICATION)
APPROVED 1 JUNE 1948
AIR INTELLIGENCE INFORMATION REPORT
FROM (Agency)
Directorate of Intelligence
REPORT NO.
TAC-IR-57-52
PAGE
2
OF
3
PAGES

1. Flying object reported as being oblong, bright orange in color, flying very slowly without noise. 16/1715Z

2. The sighting was made initially at 162315Z and continued to be observed until about 162330Z at Lumberton, North Carolina. All witnesses listed below were at the same vantage point.

3. Observation: Visual.

4. Five (5) observers at Lumberton, N.C., saw the object passing from north to south.

5. Lumberton, N.C. Reporting officer's evaluation of reliability of observers, no higher than F-6.

6. Weather report taken from Weather Squadron, Pope Air Force Base, Fort Bragg, North Carolina, at 162200Z. Winds aloft: 230° at 17 knots at 14,000 feet. No precipitation. Visibility: 10 miles.

7. Sunset was officially listed at 162310Z in the Fort Bragg area with the sun shining brightly before dusk. There was no other meteorological activity.

A/1c, Pope Air Force Weather Station observer, at approximately 162300Z, had seen an object and identified it as a jet plane flying at a high altitude from northeast to southwest, and the sun shining on it caused it to be an odd color.

Lt., assigned to the Flight Operations Squadron, Pope Air Force Base, at the same time, observed a jet plane south of Fayetteville at a high altitude giving off a short vapor trail. He said that the trail did not seem to extend behind the plane as usual.

Further information on what is believed to be the same jet aircraft flight, as mentioned above, can be found by referring to Flight Operations RWOPS 04832, Commanding.

NOTE: THIS DOCUMENT CONTAINS INFORMATION AFFECTING THE NATIONAL DEFENSE OF THE UNITED STATES WITHIN THE MEANING OF THE ESPIONAGE ACT, 50 U.S.C. 31 AND 32, AS AMENDED. ITS TRANSMISSION OR THE REVELATION OF ITS CONTENTS IN ANY MANNER TO AN UNAUTHORIZED PERSON IS PROHIBITED BY LAW. IT MAY NOT BE REPRODUCED IN WHOLE OR IN PART, OTHER THAN BY UNITED STATES AIR FORCE AGENCIES, EXCEPT BY PERMISSION OF THE DIRECTOR OF INTELLIGENCE, USAF.
(CLASSIFICATION)",0.030388031790556335,67.17,"AF FORM 112 - PART II
(CLASSIFICATION)
APPROVED 1 JUNE 1948
AIR INTELLIGENCE INFORMATION REPORT
FROM (Agency)
REPORT NO.
Directorate of Intelligence
TAC-IR-57-52
PAGE 2 OF 3 PAGES

1. Flying object reported as being oblong, bright orange in color, flying very slowly without a noise. 16/1715

2. The sighting was made initially at 162315Z and continued to be observed until about 162330Z at Lumberton, North Carolina. All witnesses listed below were at the same vantage point.

3. Observation: Visual.

4. Five (5) observers at Lumberton, N.C. saw the object passing from north to south.

5. Lumberton, N.C.
Reporting officer's evaluation of reliability of observers, no higher than F-6:

6. Weather report taken from Weather Squadron, Pope Air Force Base, Fort Bragg, North Carolina, at 162200Z. Winds aloft: 230° - 17 knots - 14,000 feet. No precipitation. Visibility: 10 miles.

7. Sunset was officially listed at 162310Z in the Fort Bragg area with the sun shining brightly before dusk. There was no other meteorological activity.

A/1C, Pope Air Force Weather Station Observer, at approximately 162300Z, had seen an object and identified it as a jet plane flying at a high altitude from northeast to southwest and the sun shining on it caused it to be an odd color.

Lt. assigned to the Flight Operations Squadron, Pope Air Force Base, at the same time, observed a jet plane south of Fayetteville at a high altitude giving off a short vapor trail. He said that the trail did not seem to extend behind the plane as usual.

Further information on what is believed to be the same jet aircraft flight, as mentioned above, can be found by referring to Fly Ops Rpt RW OPS 04832, Commanding

NOTE: THIS DOCUMENT CONTAINS INFORMATION AFFECTING THE NATIONAL DEFENSE OF THE UNITED STATES WITHIN THE MEANING OF THE ESPIONAGE ACT, 50 U.S.C. 31 AND 32, AS AMENDED. ITS TRANSMISSION OR THE REVELATION OF ITS CONTENTS IN ANY MANNER TO AN UNAUTHORIZED PERSON IS PROHIBITED BY LAW. IT MAY NOT BE REPRODUCED IN WHOLE OR IN PART BY OTHER THAN UNITED STATES AIR FORCE AGENCIES, EXCEPT BY PERMISSION OF THE DIRECTOR OF INTELLIGENCE, USAF.
(CLASSIFICATION)",0.008928571428571428,77.52,"AF FORM 112-PART II
(CLASSIFICATION)
APPROVED 1 JUNE 1948
AIR INTELLIGENCE INFORMATION REPORT
FROM (Agency)
REPORT NO.
Directorate of Intelligence
TAC-IR-57-52
PAGE
2
OF
3
PAGES
1.
Flying object reported as being oblong, bright orange in color, flying
very slowly without a noise.
16/1715
2. The sighting was made initially at 162315Z and continued to be obser-
ved until about 162330Z at Lumberton, North Carolina.
All witnesses listed below were at the same vantage point.
3. Observation: Visual.
4. Five (5) observers at Lumberton, N. C. saw the object passing from
north to south.
5.
Lumberton, N. C.
Reporting officer's evaluation of reliability of observers, no higher than
F-6:
6. Weather report taken from Weather Squadron, Pope Air Force Base, Fort
Bragg, North Carolina, at 162200Z. Winds aloft: 230°-17 knots-14,000 feet.
No precipitation. Visibility: 10 miles.
7. Sunset was officially listed at 162310Z in the Fort Bragg area with
the sun shining brightly before dusk. There was no other meteorological acti-
vity.
A/1C
Pope Air Force Weather Station Observer, at approximately
162300Z, had seen an object and identified it as a jet plane flying at a high
altitude from northeast to southwest and the sun shining on it caused it to be
an odd color.
Lt.
assigned to the Flight Operations Squadron, Pope Air Force Base,
at the same time, observed a jet plane south of Fayetteville at a high altitude
giving off a short vapor trail. He said that the trail did not seem to extend
behind the plane as usual.
Further information on what is believed to be the same jet aircraft flight,
as mentioned above, can be found by referring to Fly. Op. Rpt. RW OPS 04832, Commanding
NOTE: THIS DOCUMENT CONTAINS INFORMATION AFFECTING THE NATIONAL DEFENSE OF THE UNITED STATES WITHIN THE MEANING OF THE ESPIONAGE ACT, 50 U.S.C.-
31 AND 32, AS AMENDED. ITS TRANSMISSION OR THE REVELATION OF ITS CONTENTS IN ANY MANNER TO AN UNAUTHORIZED PERSON IS PROHIBITED BY LAW.
IT MAY NOT BE REPRODUCED IN WHOLE OR IN PART, BY OTHER THAN UNITED STATES AIR FORCE AGENCIES, EXCEPT BY PERMISSION OF THE DIRECTOR
OF
INTELLIGENCE, USAF.
(CLASSIFICATION)",0.0070389488503050214,57.14,"AF FORM 112-PART II
(CLASSIFICATION)
APPROVED 1 JUNE 1948
AIR INTELLIGENCE INFORMATION REPORT
FROM (Agency)
REPORT NO.
Directorate of Intelligence
TAC-IR-57-52
PAGE
2
OF
3
PAGES
1.
Flying object reported as being oblong, bright orange in color, flying very slowly without a noise. 16/1715Z
2. The sighting was made initially at 162315Z and continued to be observed until about 162330Z at Lumberton, North Carolina. All witnesses listed below were at the same vantage point.
3. Observation: Visual.
4. Five (5) observers at Lumberton, N. C., saw the object passing from north to south.
5.
Lumberton, N. C.
Reporting officer's evaluation of reliability of observers, no higher than F-6:
6. Weather report taken from Weather Squadron, Pope Air Force Base, Fort Bragg, North Carolina, at 162200Z. Winds aloft: 230°-17 knots-14,000 feet. No precipitation. Visibility: 10 miles.
7. Sunset was officially listed at 162310Z in the Fort Bragg area with the sun shining brightly before dusk. There was no other meteorological activity.
A/1c, Pope Air Force Weather Station Observer, at approximately 162300Z, had seen an object and identified it as a jet plane flying at a high altitude from northeast to southwest and the sun shining on it caused it to be an odd color.
Lt, assigned to the Flight Operations Squadron, Pope Air Force Base, at the same time, observed a jet plane south of Fayetteville at a high altitude giving off a short vapor trail. He said that the trail did not seem to extend behind the plane as usual.
Further information on what is believed to be the same jet aircraft flight, as mentioned above, can be found by referring to Flying Object Report RW OPS 04832, Commanding.
NOTE: THIS DOCUMENT CONTAINS INFORMATION AFFECTING THE NATIONAL DEFENSE OF THE UNITED STATES WITHIN THE MEANING OF THE ESPIONAGE ACT, 50 U.S.C. 31 AND 32, AS AMENDED. ITS TRANSMISSION OR THE REVELATION OF ITS CONTENTS IN ANY MANNER TO AN UNAUTHORIZED PERSON IS PROHIBITED BY LAW. IT MAY NOT BE REPRODUCED IN WHOLE OR IN PART BY OTHER THAN UNITED STATES AIR FORCE AGENCIES, EXCEPT BY PERMISSION OF THE DIRECTOR OF INTELLIGENCE, USAF.
(CLASSIFICATION)",0.009831460674157303,58.67,"AF FORM 112 - PART II
(CLASSIFICATION)
APPROVED 1 JUNE 1948
AIR INTELLIGENCE INFORMATION REPORT
FROM (Agency)
Directorate of Intelligence
REPORT NO.
TAC-IR-57-52
PAGE
2
OF
3
PAGES

1. Flying object reported as being oblong, bright orange in color, flying very slowly without a noise. 16/1715

2. The sighting was made initially at 162315Z and continued to be observed until about 162330Z at Lumberton, North Carolina. All witnesses listed below were at the same vantage point.

3. Observation: Visual.

4. Five (5) observers at Lumberton, N. C. saw the object passing from north to south.

5. Lumberton, N. C.

Reporting officer's evaluation of reliability of observers, no higher than F-6:

6. Weather report taken from Weather Squadron, Pope Air Force Base, Fort Bragg, North Carolina, at 162200Z. Winds aloft: 230° at 17 knots at 14,000 feet. No precipitation. Visibility: 10 miles.

7. Sunset was officially listed at 162310Z in the Fort Bragg area with the sun shining brightly before dusk. There was no other meteorological activity.

A/1c, Pope Air Force Weather Station observer, at approximately 162300Z, had seen an object and identified it as a jet plane flying at a high altitude from northeast to southwest, and the sun shining on it caused it to be an odd color.

Lt, assigned to the Flight Operations Squadron, Pope Air Force Base, at the same time, observed a jet plane south of Fayetteville at a high altitude giving off a short vapor trail. He said that the trail did not seem to extend behind the plane as usual.

Further information on what is believed to be the same jet aircraft flight, as mentioned above, can be found by referring to Flight Operations RWOPS 04832.

NOTE: THIS DOCUMENT CONTAINS INFORMATION AFFECTING THE NATIONAL DEFENSE OF THE UNITED STATES WITHIN THE MEANING OF THE ESPIONAGE ACT, 50 U.S.C. 31 AND 32, AS AMENDED. ITS TRANSMISSION OR THE REVELATION OF ITS CONTENTS IN ANY MANNER TO AN UNAUTHORIZED PERSON IS PROHIBITED BY LAW. IT MAY NOT BE REPRODUCED IN WHOLE OR IN PART BY OTHER THAN UNITED STATES AIR FORCE AGENCIES, EXCEPT BY PERMISSION OF THE DIRECTOR OF INTELLIGENCE, USAF.
(CLASSIFICATION)",0.02914903620122238,60.01,"AF FORM 112 - PART II
(CLASSIFICATION)
APPROVED 1 JUNE 1948
AIR INTELLIGENCE INFORMATION REPORT
FROM (Agency)
REPORT NO.
Directorate of Intelligence
TAC-IR-57-52
PAGE
2
OF
3
PAGES
1.
Flying object reported as being oblong, bright orange in color, flying
very slowly without a noise.
16/1715
2. The sighting was made initially at 162315Z and continued to be obser-
ved until about 162330Z at Lumberton, North Carolina.
All witnesses listed below were at the same vantage point.
3. Observation: Visual.
4. Five (5) observers at Lumberton, N. C. saw the object passing from
north to south.
5.
Lumberton, N. C.
Reporting officer's evaluation of reliability of observers, no higher than
F-6:
6. Weather report taken from Weather Squadron, Pope Air Force Base, Fort
Bragg, North Carolina, at 162200Z. Winds aloft: 230°-17 knots-14,000 feet.
No precipitation. Visibility: 10 miles.
7. Sunset was officially listed at 162310Z in the Fort Bragg area with
the sun shining brightly before dusk. There was no other meteorological acti-
vity.
A/1c
Pope Air Force Weather Station observer, at approximately
162300Z, had seen an object and identified it as a jet plane flying at a high
altitude from northeast to southwest and the sun shining on it caused it to be
an odd color.
Lt
assigned to the Flight Operations Squadron, Pope Air Force Base,
at the same time, observed a jet plane south of Fayetteville at a high altitude
giving off a short vapor trail. He said that the trail did not seem to extend
behind the plane as usual.
Further information on what is believed to be the same jet aircraft flight,
as mentioned above, can be found by referring to Fly. Opr. Rpt. RWOPS 04832, Commanding
NOTE: THIS DOCUMENT CONTAINS INFORMATION AFFECTING THE NATIONAL DEFENSE OF THE UNITED STATES WITHIN THE MEANING OF THE ESPIONAGE ACT, 50 U.S.C.
31 AND 32, AS AMENDED. ITS TRANSMISSION OR THE REVELATION OF ITS CONTENTS IN ANY MANNER TO AN UNAUTHORIZED PERSON IS PROHIBITED BY LAW.
IT MAY NOT BE REPRODUCED IN WHOLE OR IN PART, BY OTHER THAN UNITED STATES AIR FORCE AGENCIES, EXCEPT BY PERMISSION OF THE DIRECTOR
OF
INTELLIGENCE, USAF.
(CLASSIFICATION)",0.00656968559361802,61.3,"AF FORM 112-PART II
(CLASSIFICATION)
APPROVED 1 JUNE 1948
AIR INTELLIGENCE INFORMATION REPORT
FROM (Agency)
Directorate of Intelligence
REPORT NO.
TAC-IR-57-52
PAGE
2
OF
3
PAGES
1.
Flying object reported as being oblong, bright orange in color, flying
very slowly without a noise.
16/1715
2. The sighting was made initially at 162315Z and continued to be obser-
ved until about 162330Z at Lumberton, North Carolina.
All witnesses listed below were at the same vantage point.
3. Observation: Visual.
4. Five (5) observers at Lumberton, N. C. saw the object passing from
north to south.
5.
Lumberton, N. C.
Reporting officer's evaluation of reliability of observers, no higher than
F-6:
6. Weather report taken from Weather Squadron, Pope Air Force Base, Fort
Bragg, North Carolina, at 162200Z. Winds aloft: 230°-17 knots-14,000 feet.
No precipitation. Visibility: 10 miles.
7. Sunset was officially listed at 162310Z in the Fort Bragg area with
the sun shining brightly before dusk. There was no other meteorological acti-
vity.
A/1C
Pope Air Force Weather Station Observer, at approximately
162300Z, had seen an object and identified it as a jet plane flying at a high
altitude from northeast to southwest and the sun shining on it caused it to be
an odd color.
Lt.
assigned to the Flight Operations Squadron, Pope Air Force Base,
at the same time, observed a jet plane south of Fayetteville at a high altitude
giving off a short vapor trail. He said that the trail did not seem to extend
behind the plane as usual.
Further information on what is believed to be the same jet aircraft flight,
as mentioned above, can be found by referring to Flyobropt RWOPS 04832, Commanding
NOTE: THIS DOCUMENT CONTAINS INFORMATION AFFECTING THE NATIONAL DEFENSE OF THE UNITED STATES WITHIN THE MEANING OF THE ESPIONAGE ACT, 50 U.S.C.
31 AND 32, AS AMENDED. ITS TRANSMISSION OR THE REVELATION OF ITS CONTENTS IN ANY MANNER TO AN UNAUTHORIZED PERSON IS PROHIBITED BY LAW.
IT MAY NOT BE REPRODUCED IN WHOLE OR IN PART, BY OTHER THAN UNITED STATES AIR FORCE AGENCIES, EXCEPT BY PERMISSION OF THE DIRECTOR
OF
INTELLIGENCE, USAF.
(CLASSIFICATION)
* y. .",0.016416510318949345,47.44,"AF FORM 112-PART II
(CLASSIFICATION)
APPROVED 1 JUNE 1948
AIR INTELLIGENCE INFORMATION REPORT
FROM (Agency) Directorate of Intelligence
REPORT NO. TAC-IR-57-52
PAGE 2 OF 3 PAGES
1.
Flying object reported as being oblong, bright orange in color, flying
very slowly without a noise.
16/1715
2. The sighting was made initially at 162315Z and continued to be obser-
ved until about 162330Z at Lumberton, North Carolina.
All witnesses listed below were at the same vantage point.
3. Observation: Visual.
4. Five (5) observers at Lumberton, N. C. saw the object passing from
north to south.
5.
Lumberton, N. C.
Reporting officer's evaluation of reliability of observers, no higher than
F-6:
6. Weather report taken from Weather Squadron, Pope Air Force Base, Fort
Bragg, North Carolina, at 162200Z. Winds aloft: 230°-17 knots-14,000 feet.
No precipitation. Visibility: 10 miles.
7. Sunset was officially listed at 162310Z in the Fort Bragg area with
the sun shining brightly before dusk. There was no other meteorological acti-
vity.
A/1c
Pope Air Force Weather Station Observer, at approximately
162300Z, had seen an object and identified it as a jet plane flying at a high
altitude from northeast to southwest and the sun shining on it caused it to be
an odd color.
Lt
assigned to the Flight Operations Squadron, Pope Air Force Base,
at the same time, observed a jet plane south of Fayetteville at a high altitude
giving off a short vapor trail. He said that the trail did not seem to extend
behind the plane as usual.
Further information on what is believed to be the same jet aircraft flight,
as mentioned above, can be found by referring to FLYOBRPT RWOPS 04832, Commanding
NOTE: THIS DOCUMENT CONTAINS INFORMATION AFFECTING THE NATIONAL DEFENSE OF THE UNITED STATES WITHIN THE MEANING OF THE ESPIONAGE ACT, 50 U.S.C.,
31 AND 32, AS AMENDED. ITS TRANSMISSION OR THE REVELATION OF ITS CONTENTS IN ANY MANNER TO AN UNAUTHORIZED PERSON IS PROHIBITED BY LAW.
IT MAY NOT BE REPRODUCED IN WHOLE OR IN PART, BY OTHER THAN UNITED STATES AIR FORCE AGENCIES, EXCEPT BY PERMISSION OF THE DIRECTOR
OF
INTELLIGENCE, USAF.
(CLASSIFICATION)",0.013653483992467044,57.76,"AF FORM 112-PART II
(CLASSIFICATION)
APPROVED 1 JUNE 1948
AIR INTELLIGENCE INFORMATION REPORT
FROM (Agency)
Directorate of Intelligence
REPORT NO.
TAC-IR-57-52
PAGE
2
OF
3
PAGES
1.
Flying object reported as being oblong, bright orange in color, flying
very slowly without a noise.
16/1715Z
2. The sighting was made initially at 162315Z and continued to be obser-
ved until about 162330Z at Lumberton, North Carolina.
All witnesses listed below were at the same vantage point.
3. Observation: Visual.
4. Five (5) observers at Lumberton, N. C. saw the object passing from
north to south.
5.
Lumberton, N. C.
Reporting officer's evaluation of reliability of observers, no higher than
F-6:
6. Weather report taken from Weather Squadron, Pope Air Force Base, Fort
Bragg, North Carolina, at 162200Z. Winds aloft: 230°-17 knots-14,000 feet.
No Precipitation. Visibility: 10 miles.
7. Sunset was officially listed at 162310Z in the Fort Bragg area with
the sun shining brightly before dusk. There was no other meteorological acti-
vity.
A/1c
Pope Air Force Weather Station Observer, at approximately
162300Z, had seen an object and identified it as a jet plane flying at a high
altitude from northeast to southwest and the sun shining on it caused it to be
an odd color.
Lt
assigned to the Flight Operations Squadron, Pope Air Force Base,
at the same time, observed a jet plane south of Fayetteville at a high altitude
giving off a short vapor trail. He said that the trail did not seem to extend
behind the plane as usual.
Further information on what is believed to be the same jet aircraft flight,
as mentioned above, can be found by referring to Flt Ops Rpt RWOPS 04832, Commanding
NOTE: THIS DOCUMENT CONTAINS INFORMATION AFFECTING THE NATIONAL DEFENSE OF THE UNITED STATES WITHIN THE MEANING OF THE ESPIONAGE ACT, 50 U.S.C.
31 AND 32. AS AMENDED. ITS TRANSMISSION OR THE REVELATION OF ITS CONTENTS IN ANY MANNER TO AN UNAUTHORIZED PERSON IS PROHIBITED BY LAW.
IT MAY NOT BE REPRODUCED IN WHOLE OR IN PART. BY OTHER THAN UNITED STATES AIR FORCE AGENCIES, EXCEPT BY PERMISSION OF THE DIRECTOR
OF
INTELLIGENCE, USAF.
(CLASSIFICATION)
* y. .",0.018275538894095594,59.08
28971645,"UNCLASSIFIED
AF FORM 112
(APPROVED 1 JUNE 1948)

AIR INTELLIGENCE INFORMATION REPORT

COUNTRY: United States
REPORT NO.: (LEAVE BLANK)

SUBJECT: Unidentified Flying Objects Reporting

AREA REPORTED ON: Guadalupe Mission Priory

FROM: (Agency) Det. 1, 4679th Ground Observer Sqdn.
QF 1935
Pecos, New Mexico
146 Quincy St. NE, Albuquerque, N. Mexico

DATE OF REPORT: 20 September 1957
DATE OF INFORMATION: 17 September 1957
EVALUATION:

PREPARED BY (Officer): CWO W-2 Charles W. Jones
SOURCE:
REFERENCES (Control number, directive, previous report, etc., as applicable): AFR 200-2

SUMMARY:
1. Description of object(s)
a. Shape: Disk shape.
b. Size compared to a known object: Size of a grapefruit.
c. Color: White with yellow tint.
d. Number: One.
e. Formation, if more than one: N/A.
f. Any discernible features or details: Vapor trail very long (dull blue in color) and disappeared instantly.
g. Tail, trail, or exhaust, including size of same compared to size of object(s): Very long vapor trails.
h. Any sound. If heard, describe sound: N/A.
i. Other pertinent or unusual features: N/A.

2. Description of course of object(s):
a. What first called the attention of observer(s) to the object(s): Sky was clear; observer was looking at the sky and saw the object.
b. Angle of elevation and azimuth of the object(s) when first observed: From true North 180 degrees and from horizon 10 degrees. South—near horizon.
c. Angle of elevation and azimuth of object upon disappearance: From true North 325 degrees and from horizon 8 degrees.
d. Description of flight path and maneuvers of object: Southwest.
e. Manner of disappearance of object: It went behind trees.
f. Length of time in sight: One (1) second.

3. Manner of observation:
a. Use one or any combination of the following items: Ground-visual, ground electronic, air-electronic: Observed object through eyeglasses. Ground-visual.
b. Statement as to optical aids used and description thereof: Eyeglasses.

COMPASS PLOT
HORIZON PLOT

ATIC conclusion: Probable meteor.

DISTRIBUTION BY ORIGINATOR: Air Defense Command.",0.20567685589519652,58.67,"UNCLASSIFIED
AF FORM 112
2-8
(CLASSIFICATION)
APPROVED 1 JUNE 1948

COUNTRY
United States

REPORT NO.
(LEAVE BLANK)

SUBJECT
Air Intelligence Information Report
Unidentified Flying Objects Reporting

AREA REPORTED ON
Guadalupe Mission Priory, Pecos, New Mexico

FROM
(Agency) Det. 1, 4679th Ground Observer Sqdn., QF 1935
146 Quincy St. NE, Albuquerque, New Mexico

DATE OF REPORT
20 September 1957

DATE OF INFORMATION
17 September 1957

EVALUATION

PREPARED BY (Officer)
CWO W-2 Charles W. Jones

REFERENCES (Control number, directive, previous report, etc., as applicable)
AFR 200-2

SUMMARY:
1. Description of object(s)
a. Shape: Disk shape.
b. Size compared to a known object: Size of a grapefruit.
c. Color: White with yellow tint.
d. Number: One.
e. Formation, if more than one: N/A.
f. Any discernible features or details: Vapor trail very long (dull blue in color) and disappeared instantly.
g. Tail, trail, or exhaust, including size of same compared to size of object(s): Very long vapor trail.
h. Any sound. If heard, describe sound: N/A.
i. Other pertinent or unusual features: N/A.

2. Description of course of object(s):
a. What first called the attention of observer(s) to the object(s): Sky was clear; observer was looking at the sky and saw the object.
b. Angle of elevation and azimuth of the object(s) when first observed: From true north 180 degrees and from horizon 10 degrees.
c. Angle of elevation and azimuth of object upon disappearance: From true north 325 degrees and from horizon 8 degrees.
d. Description of flight path and maneuvers of object: Southwest.
e. Manner of disappearance of object: It went behind trees.
f. Length of time in sight: One (1) second.

3. Manner of observation:
a. Use one or any combination of the following items: Ground-visual, ground electronic, air-electronic: Observed object through eyeglasses. Ground-visual.
b. Statement as to optical aids used and description thereof: Eyeglasses.",0.17554585152838428,51.91,"UNCLASSIFIED
AF FORM 112
2-8
(CLASSIFICATION)
APPROVED 1 JUNE 1948

COUNTRY
United States

REPORT NO.
(LEAVE BLANK)

SUBJECT
Air Intelligence Information Report
Unidentified Flying Objects Reporting

AREA REPORTED ON
Guadalupe Mission Priory

FROM
(Agency) Det. 1, 4679th Ground Observer Sqdn.
Pecos, New Mexico
146 Quincy St. NE, Albuquerque, N. Mexico

DATE OF REPORT
20 September 1957

DATE OF INFORMATION
17 September 1957

EVALUATION
(LEAVE BLANK)

PREPARED BY (Officer)
CWO W-2 Charles W. Jones

SOURCE
(LEAVE BLANK)

REFERENCES (Control number, directive, previous report, etc., as applicable)
AFR 200-2

SUMMARY: (Enter concise summary of report. Give significance in final one-sentence paragraph. List inclosures at lower left. Begin text of report on AF Form 112-Part II.)

1. Description of object(s)
a. Shape: Disk shape.
b. Size compared to a known object: Size of a grapefruit.
c. Color: White with yellow tint.
d. Number: One.
e. Formation, if more than one: N/A.
f. Any discernible features or details: Vapor trail very long (dull blue in color) and disappeared instantly.
g. Tail, trail, or exhaust, including size of same compared to size of object(s): Very long vapor trail.
h. Any sound. If heard, describe sound: N/A.
i. Other pertinent or unusual features: N/A.

2. Description of course of object(s):
a. What first called the attention of observer(s) to the object(s): Sky was clear; observer was looking at the sky and saw the object.
b. Angle of elevation and azimuth of the object(s) when first observed: From true north 180 degrees and from horizon 10 degrees.
c. Angle of elevation and azimuth of object upon disappearance: From true north 325 degrees and from horizon 8 degrees.
d. Description of flight path and maneuvers of object: Southwest.
e. Manner of disappearance of object: It went behind trees.
f. Length of time in sight: One (1) second.

3. Manner of observation:
a. Use one or any combination of the following items: Ground-visual, ground-electronic, air-electronic: Observed object through eyeglasses. Ground-visual.
b. Statement as to optical aids used and description thereof: Eyeglasses.

ATIC conclusion: Probable meteor.",0.11179039301310044,55.5,"UNCLASSIFIED
AF FORM 112
APPROVED 1 JUNE 1948
(CLASSIFICATION)

COUNTRY: United States
REPORT NO.: (LEAVE BLANK)

SUBJECT: Unidentified Flying Objects Reporting

AREA REPORTED ON: Guadalupe Mission Priory, Pecos, New Mexico

FROM (Agency): Det. 1, 4679th Ground Observer Sqdn.
GOC Post QF-1935, Pecos, New Mexico
146 Quincy St. NE, Albuquerque, N. Mexico

DATE OF REPORT: 20 September 1957
DATE OF INFORMATION: 17 September 1957
EVALUATION:

PREPARED BY (Officer): CWO W-2 Charles W. Jones
REFERENCES: AFR 200-2

SUMMARY:
1. Description of object(s):
a. Shape: Disk-shaped.
b. Size compared to a known object: Size of a grapefruit.
c. Color: White with yellow tint.
d. Number: One.
e. Formation, if more than one: N/A.
f. Any discernible features or details: Vapor trail very long (dull blue in color) and disappeared instantly.
g. Tail, trail, or exhaust, including size of same compared to size of object(s): Very long vapor trail.
h. Any sound. If heard, describe sound: N/A.
i. Other pertinent or unusual features: N/A.

2. Description of course of object(s):
a. What first called the attention of observer(s) to the object(s): Sky was clear and the observer was looking at the sky and saw the object.
b. Angle of elevation and azimuth of the object(s) when first observed: From true north 180 degrees; from horizon 10 degrees.
c. Angle of elevation and azimuth of object upon disappearance: From true north 325 degrees; from horizon 8 degrees.
d. Description of flight path and maneuvers of object: Southwest.
e. Manner of disappearance of object: It went behind trees.
f. Length of time in sight: One (1) second.

3. Manner of observation:
a. Ground-visual. Observed object through eyeglasses.
b. Statement as to optical aids used and description thereof: Eyeglasses.

INCLS.: Compass plot; horizon plot; description of flight path.

DISTRIBUTION BY ORIGINATOR: Air Defense Command",0.2720524017467249,45.16,"UNCLASSIFIED
AF FORM 112
APPROVED 1 JUNE 1948

COUNTRY
United States

REPORT NO.
(LEAVE BLANK)

SUBJECT
AIR INTELLIGENCE INFORMATION REPORT
Unidentified Flying Objects Reporting

AREA REPORTED ON
Guadalupe Mission Priory

FROM
(Agency) Det. 1, 4679th Ground Observer Sqdn.
QF 1935
Pecos, New Mexico
146 Quincy St. NE, Albuquerque, N. Mex.

DATE OF REPORT
20 September 1957

DATE OF INFORMATION
17 September 1957

EVALUATION

PREPARED BY (Officer)
CWO W-2 Charles W. Jones

SOURCE

REFERENCES (Control number, directive, previous report, etc., as applicable)
AFR 200-2

SUMMARY:
1. Description of object(s)
a. Shape: Disk.
b. Size compared to a known object: Size of a grapefruit.
c. Color: White with yellow tint.
d. Number: One.
e. Formation, if more than one: N/A.
f. Any discernible features or details: Vapor trail very long (dull blue in color) and disappeared instantly.
g. Tail, trail, or exhaust, including size of same compared to size of object(s): Very long vapor trail.
h. Any sound: N/A.
i. Other pertinent or unusual features: N/A.

2. Description of course of object(s):
a. What first called the attention of observer(s) to the object(s): Sky was clear; observer was looking at the sky and saw the object.
b. Angle of elevation and azimuth of the object(s) when first observed: From true north 180 degrees; from horizon 10 degrees.
c. Angle of elevation and azimuth of object upon disappearance: From true north 225 degrees; from horizon 8 degrees.
d. Description of flight path and maneuvers of object: Southwest.
e. Manner of disappearance of object: It went behind trees.
f. Length of time in sight: One (1) second.

3. Manner of observation:
a. Ground-visual; observed object through eyeglasses.
b. Statement as to optical aids used and description thereof: Eyeglasses.

COMPASS PLOT
HORIZON PLOT

ATIC Conclusion: Prob. Meteor.

INCLS.: Compass plot; horizon plot.

DISTRIBUTION BY ORIGINATOR
Air Defense Command",0.2187772925764192,73.42,"UNCLASSIFIED
AF FORM 112
APPROVED 1 JUNE 1948

COUNTRY
United States

AIR INTELLIGENCE INFORMATION REPORT

SUBJECT
Unidentified Flying Objects Reporting

AREA REPORTED ON
Guadalupe Mission Priory

FROM
(Agency) Det. 1, 4679th Ground Observer Sqdn.
QF 1935
Pecos, New Mexico
146 Quincy St. NE, Albuquerque, N. Mexico

DATE OF REPORT
20 September 1957

DATE OF INFORMATION
17 September 1957

PREPARED BY (Officer)
CWO W-2 Charles W. Jones

REFERENCES
AFR 200-2

SUMMARY: (Enter concise summary of report. Give significance in final one-sentence paragraph. List inclosures at lower left. Begin text of report on AF Form 112-Part II.)

1. Description of object(s)
a. Shape: Disk-shaped.
b. Size compared to a known object: Size of a grapefruit.
c. Color: White with yellow tint.
d. Number: One.
e. Formation, if more than one: N/A.
f. Any discernible features or details: Vapor trail very long (dull blue in color) and disappeared instantly.
g. Tail, trail, or exhaust, including size of same compared to size of object(s): Very long vapor trail.
h. Any sound. If heard, describe sound: N/A.
i. Other pertinent or unusual features: N/A.

2. Description of course of object(s):
a. What first called the attention of observer(s) to the object(s): Sky was clear; observer was looking at the sky and saw the object.
b. Angle of elevation and azimuth of the object(s) when first observed: From true north 180 degrees and 10 degrees above the horizon. Southwest – near horizon.
c. Angle of elevation and azimuth of object upon disappearance: From true north 325 degrees and 8 degrees above the horizon.
d. Description of flight path and maneuvers of object: Southwest.
e. Manner of disappearance of object: It went behind trees.
f. Length of time in sight: One (1) second.

3. Manner of observation:
a. Use one or any combination of the following items: Ground-visual, ground-electronic, air-electronic: Observed object through eyeglasses. Ground-visual.
b. Statement as to optical aids used and description thereof: Eyeglasses.

DISTRIBUTION BY ORIGINATOR
Air Defense Command",0.1947598253275109,44.85,"(TEL
UNCLASSIFIED
AF FORM 112
2-8
(CLASSIFICATION)
APPROVED 1 JUNE 1948

COUNTRY
United States

REPORT NO.
(LEAVE BLANK)

SUBJECT
AIR INTELLIGENCE INFORMATION REPORT
Unidentified Flying Objects Reporting

AREA REPORTED ON
Guadalupe Mission Priory

FROM
(Agency) Det. 1, 4679th Ground Observer Sqdn.
146 Quincy St. NE, Albuquerque, N. Mexico
QF 1935
Pecos, New Mexico

DATE OF REPORT
20 September 1957

DATE OF INFORMATION
17 September 1957

EVALUATION

PREPARED BY (Officer)
CWO W-2 Charles W. Jones

SOURCE

REFERENCES (Control number, directive, previous report, etc., as applicable)
AFR 200-2

SUMMARY: (Enter concise summary of report. Give significance in final one-sentence paragraph. List inclosures at lower left. Begin text of report on AF Form 112-Part II.)

1. Description of object(s)
a. Shape: Disk shape.
b. Size compared to a known object: Size of a grapefruit.
c. Color: White with yellow tint.
d. Number: One.
good clue
e. Formation, if more than one: N/A.
f. Any discernible features or details: Vapor trail very long (dull blue in color) and disappeared instantly.
g. Tail, trail, or exhaust, including size of same compared to size of object(s): Very long vapor trails.
h. Any sound. If heard, describe sound: N/A.
i. Other pertinent or unusual features: N/A.

2. Description of course of object(s):
a. What first called the attention of observer(s) to the object(s): Sky was clear and was looking at the sky and saw the object.
Smith -
b. Angle of elevation and azimuth of the object(s) when first observed: From true North 180 degrees and from horizon 10 degrees.
Southwest - near horizon
c. Angle of elevation and azimuth of object upon disappearance: From true North 325 degrees and from horizon 8 degrees.
d. Description of flight path and maneuvers of object: Southwest.
e. Manner of disappearance of object: It went behind trees.
f. Length of time in sight: One (1) second.
NOTE

3. Manner of observation:
a. Use one or any combination of the following items: Ground-visual, ground electronic, air-electronic: Observed object through eyeglasses. Ground-visual.
b. Statement as to optical aids used and description thereof: Eyeglasses.

COMPASS
A
PLOT
N
ATIC Conclusion: Prob. Meteor

INCLS.
Description of path, short duration, etc. suggest true meteor.
HORIZON PLOT

Reported from the Worldon area
DISTRIBUTION BY ORIGINATOR
this year
S
B
10 above
South
Horizon
WEST
Air Defense Command
8° NORTH",0.09355509355509356,39.83,"(TEL
UNCLASSIFIED
AF FORM 112
2-8
(CLASSIFICATION)
APPROVED 1 JUNE 1948

COUNTRY
United States

REPORT NO.
(LEAVE BLANK)

SUBJECT
AIR INTELLIGENCE INFORMATION REPORT
Unidentified Flying Objects Reporting

AREA REPORTED ON
Guadalupe Mission Priory

FROM
(Agency) Det. 1, 4679th Ground Observer Sqdn. (QF 1935)
Pecos, New Mexico
146 Quincy St. NE, Albuquerque, N. Mexico

DATE OF REPORT
20 September 1957

DATE OF INFORMATION
17 September 1957

EVALUATION

PREPARED BY (Officer)
CWO W-2 Charles W. Jones

SOURCE

REFERENCES (Control number, directive, previous report, etc., as applicable)
AFR 200-2

SUMMARY: (Enter concise summary of report. Give significance in final one-sentence paragraph. List inclosures at lower left. Begin text of report on AF Form 112-Part II.)

1. Description of object(s)
a. Shape: Disk shape.
b. Size compared to a known object: (Size of a grapefruit.)
c. Color: White with yellow tint.
d. Number: One.
e. Formation, if more than one: N/A.
f. Any discernible features or details: Vapor trail very long (dull blue in color) and disappeared instantly.
g. Tail, trail, or exhaust, including size of same compared to size of object(s): Very long vapor trail.
h. Any sound. If heard, describe sound: N/A.
i. Other pertinent or unusual features: N/A.

2. Description of course of object(s):
a. What first called the attention of observer(s) to the object: Sky was clear and was looking at the sky and saw the object.
b. Angle of elevation and azimuth of the object(s) when first observed: From true North 180 degrees and from horizon 10 degrees. (Near horizon.)
c. Angle of elevation and azimuth of object upon disappearance: From true North 325 degrees and from horizon 8 degrees.
d. Description of flight path and maneuvers of object: Southwest.
e. Manner of disappearance of object: It went behind trees.
f. Length of time in sight: One (1) second.

NOTE

3. Manner of observation:
a. Use one or any combination of the following items: Ground-visual, ground electronic, air-electronic: Observed object through eyeglasses. Ground-visual.
b. Statement as to optical aids used and description thereof: Eyeglasses.

COMPASS PLOT

HORIZON PLOT

INCLS.
Description of path, short duration, etc. suggest true meteor.

DISTRIBUTION BY ORIGINATOR
Air Defense Command

S
E
W
N

10° above South horizon
8° North",0.08814589665653495,46.39,"(TEL
UNCLASSIFIED
AF FORM 112
2-48
(CLASSIFICATION)
APPROVED 1 JUNE 1948
COUNTRY
REPORT NO.
(LEAVE BLANK)
United States
SUBJECT
AIR INTELLIGENCE INFORMATION REPORT
Unidentified Flying Objects Reporting
AREA REPORTED ON
Guadalupe Mission Priory
FROM
(Agency) Det. 1, 4679th Ground Observer Sqdn.
QF 1935
Pecos, New Mexico
146 Quincy St. NE, Albuquerque, N. Mexico
DATE OF REPORT
DATE OF INFORMATION
EVALUATION
20 September 1957
17 September 1957
PREPARED BY (Officer)
SOURCE
CWO W-2 Charles W. Jones
REFERENCES (Control number, directive, previous report, etc., as applicable)
AFR 200-2
SUMMARY: (Enter concise summary of report. Give significance in final one-sentence paragraph. List inclosures at lower left. Begin text of report on AF Form 112-Part II.)
1. Description of object(s)
a. Shape: Disk shape.
b. Size compared to a known object: Size of a grapefruit.
c. Color: White with yellow tint.
d. Number: One.
good clear
e. Formation, if more than one: N/A.
f. Any discernible features or details: Vapor trail very long (dull blue in color) and disappeared instantly.
g. Tail, trail, or exhaust, including size of same compared to size of object(s): Very long vapor trails.
h. Any sound. If heard, describe sound: N/A.
i. Other pertinent or unusual features: N/A.
2. Description of course of object(s):
a. What first called the attention of observer(s) to the object(s): Sky was clear and was looking at the sky and saw the object.
Smith —
b. Angle of elevation and azimuth of the object(s) when first observed: From true North 180 degrees and from horizon 10 degrees.
South — near horizon
c. Angle of elevation and azimuth of object upon disappearance: From true North 325 degrees and from horizon 8 degrees.
d. Description of flight path and maneuvers of object: Southwest.
e. Manner of disappearance of object: It went behind trees.
f. Length of time in sight: One (1) second.
NOTE
3. Manner of observation:
a. Use one or any combination of the following items: Ground-visual, ground-electronic, air-electronic: Observed object through eyeglasses. Ground-visual.
b. Statement as to optical aids used and description thereof: Eyeglasses.
COMPASS PLOT
ATIC Conclusion: Plot Meter
INCLS.
Description of path, short duration, etc. suggest true motion. 1 c number here
HORIZON PLOT
Exported from the Worldon area
DISTRIBUTION BY ORIGINATOR
this year
S
E
10 above South Horizon
WEST
Air Defense Command
8° mag NORTH",0.13239553165080678,64.72
28981950,"SECURITY CLASSIFICATION
JOINT MESSAGE FORM
UNCLASSIFIED
SPACE BELOW RESERVED FOR COMMUNICATION CENTER
APR 14 2106 '59
PRECEDENCE
TYPE MSG (Check)
ACCOUNTING
ORIG. OR REFERS TO
CLASSIFICATION
SYMBOL
OF REFERENCE
ACTION ROUTINE
BOOK
MULTI
SINGLE
INFO
X
AF
AAC 50015
FROM:
ATIC, WP-AFB
SPECIAL INSTRUCTIONS
TO:
AAC, ELMENDORF AFB, ALASKA ROKDAG
/UNCLASSIFIED/ FROM: AFCIN-4E4B 716-E
REF MSG ACS/INT AAC 50015, DTD 14 FEB 59, REQUEST ALL AVAILABLE
INFO CONCERNING SUBJECT BALLOON AND EQUIPMENT BE FORWARDED TO THIS
CENTER AS SOON AS POSSIBLE. WHEN THE EQUIPMENT IS RECOVERED,
REQUEST IT BE FORWARDED TO THIS CENTER.
COORDINATION
For: George; Col Rethman; J. Enjoyer; 1345
AFCIN-4E note DATE 4/14/59
Col Gilbert
DATE
TIME
10
0915
MONTH
APR
YEAR
1959
SYMBOL
AFCIN-4E4B
SIGNATURE
17
L. J. Harrell
TYPED NAME AND TITLE (Signature, if required)
TYPED (or stamped) NAME AND TITLE
MAJ ROBERT J. FRIEND
PHONE
69216
PAGE
1
OF
1
PAGES
LOUIS J. HARRELL
SECURITY CLASSIFICATION
CAPTAIN, USAF
ASSISTANT ADMINISTRATIVE OFFICER
UNCLASSIFIED
DD FORM 173, MAY 55
REPLACES DD FORM 173, OCT 49, WHICH WILL BE USED UNTIL EXHAUSTED",0.18850987432675045,59.6,"SECURITY CLASSIFICATION
JOINT MESSAGE FORM
UNCLASSIFIED
SPACE BELOW RESERVED FOR COMMUNICATION CENTER
APR 14 2106 '59
PRECEDENCE
TYPE MSG (Check)
ACCOUNTING
ORIG. OR REFERS TO
CLASSIFICATION
SYMBOL
OF REFERENCE
ACTION ROUTINE
BOOK
MULTI
SINGLE
INFO
X
AF
AAC 50015
CONF
FROM:
SPECIAL INSTRUCTIONS
ATIC, WP-AFB
TO:
AAC, ELMENDORF AFB, ALASKA ROKDAG
/UNCLASSIFIED/ FROM: AFCIN-4E4B 716-E
REF MSG ACS/INT AAC 50015, DTD 14 FEB 59, REQUEST ALL AVAILABLE
INFO CONCERNING SUBJECT BALLOON AND EQUIPMENT BE FORWARDED TO THIS
CENTER AS SOON AS POSSIBLE. WHEN THE EQUIPMENT IS RECOVERED,
REQUEST IT BE FORWARDED TO THIS CENTER.
COORDINATION
AFCIN-4E NOTE DATE 14/19
Col Gilbert
DATE
TIME
0915
MONTH
APR
YEAR
1959
SYMBOL
SIGNATURE
AFCIN-4E4B
L. J. Harrell
TYPED NAME AND TITLE (Signature, if required)
MAJ ROBERT J. FRIEND
PHONE
69216
PAGE
1 OF 1
TYPED (or stamped) NAME AND TITLE
LOUIS J. HARRELL
CAPTAIN, USAF
ASSISTANT ADMINISTRATIVE OFFICER
SECURITY CLASSIFICATION
UNCLASSIFIED
DD FORM 173 MAY 55
REPLACES DD FORM 173, OCT 49, WHICH WILL BE USED UNTIL EXHAUSTED",0.26750448833034113,76.09,"SECURITY CLASSIFICATION
JOINT MESSAGE FORM
UNCLASSIFIED
SPACE BELOW RESERVED FOR COMMUNICATION CENTER
APR 14 2106 '59

PRECEDENCE
TYPE MSG (Check)
ACCOUNTING SYMBOL OF REFERENCE
ACTION ROUTINE
MULTI
SINGLE
INFO X
AF AAC 50015

FROM:
ATIC, WP-AFB

TO:
AAC, ELMENDORF AFB, ALASKA ROKDAG

UNCLASSIFIED
FROM: AFCIN-4E4B, T-2 716-E

REF MSG ACS/INT AAC 50015, DTD 14 FEB 59, REQUEST ALL AVAILABLE INFO CONCERNING SUBJECT BALLOON AND EQUIPMENT BE FORWARDED TO THIS CENTER AS SOON AS POSSIBLE. WHEN THE EQUIPMENT IS RECOVERED, REQUEST IT BE FORWARDED TO THIS CENTER.

COORDINATION

AFCIN-4E
DATE
TIME IN 0915
TIME OUT 1017
MONTH APR
YEAR 1959
SYMBOL AFCIN-4E4B
SIGNATURE L. J. Harrell

TYPED NAME AND TITLE
MAJ ROBERT J. FRIEND

PHONE 69216
PAGE 1 OF 1

LOUIS J. HARRELL
CAPTAIN, USAF
ASSISTANT ADMINISTRATIVE OFFICER

SECURITY CLASSIFICATION
UNCLASSIFIED

DD FORM 173, MAY 55
REPLACES DD FORM 173, OCT 49, WHICH WILL BE USED UNTIL EXHAUSTED",0.29533213644524237,63.79,"SECURITY CLASSIFICATION
JOINT MESSAGE FORM
UNCLASSIFIED
SPACE BELOW RESERVED FOR COMMUNICATION CENTER
APR 14 2106 '59

PRECEDENCE
TYPE MSG (Check)
ACCOUNTING
ORIG. OR REFERENCE
CLASSIFICATION
SYMBOL OF REFERENCE
ACTION ROUTINE
BOOK
MULTI
SINGLE
INFO
X
AF
AAC 50015
CONF

FROM:
ATIC, WP-AFB

TO:
AAC, ELMENDORF AFB, ALASKA

/UNCLASSIFIED/ FROM: AFCIN-4E4B
REF MSG ACS/INT AAC 50015, DTD 14 FEB 59, REQUEST ALL AVAILABLE INFO CONCERNING SUBJECT BALLOON AND EQUIPMENT BE FORWARDED TO THIS CENTER AS SOON AS POSSIBLE. WHEN THE EQUIPMENT IS RECOVERED, REQUEST IT BE FORWARDED TO THIS CENTER.

COORDINATION
Col Gilbert
DATE
10
TIME
0915
MONTH
APR
YEAR
1959

SYMBOL
AFCIN-4E4B
SIGNATURE
L. J. Harrell

TYPED NAME AND TITLE (Signature, if required)
MAJ ROBERT J. FRIEND

TYPED (or stamped) NAME AND TITLE
LOUIS J. HARRELL
CAPTAIN, USAF
ASSISTANT ADMINISTRATIVE OFFICER

PHONE
69216
PAGE
1 OF 1

SECURITY CLASSIFICATION
UNCLASSIFIED

DD FORM 173 MAY 55
REPLACES DD FORM 173, OCT 49, WHICH WILL BE USED UNTIL EXHAUSTED",0.3375224416517056,70.18,"SECURITY CLASSIFICATION
JOINT MESSAGE FORM
UNCLASSIFIED
SPACE BELOW RESERVED FOR COMMUNICATIONS CENTER
APR 14 2106 '59
PRECEDENCE
TYPE MSG (Check)
ACCOUNTING
ORIG. OR REFERENCE
CLASSIFICATION
SYMBOL
OF REFERENCE
ACTION ROUTINE
BOOK
MULTI
SINGLE
INFO
X
AF
AAC 50015
CONF
FROM:
ATIC, WP-AFB
SPECIAL INSTRUCTIONS
TO:
AAC, ELMENDORF AFB, ALASKA ROKDAG
/UNCLASSIFIED/FROM: AFCIN-4E4B 716-E
REF MSG ACS/INT AAC 50015, DTD 14 FEB 59, REQUEST ALL AVAILABLE
INFO CONCERNING SUBJECT BALLOON AND EQUIPMENT BE FORWARDED TO THIS
CENTER AS SOON AS POSSIBLE. WHEN THE EQUIPMENT IS RECOVERED,
REQUEST IT BE FORWARDED TO THIS CENTER.
COORDINATION
for - George Col Rethman 9. Enjoyer 13 45
AFCIN-4E NOTE DATE 14/19
Col Gilbert
DATE
TIME
10
0915
MONTH
YEAR
APR
1959
SYMBOL
SIGNATURE
AFCIN-4E4B
17
L. J. Harrell
TYPED NAME AND TITLE (Signature, if required)
TYPED (or stamped) NAME AND TITLE
MAJ ROBERT J. FRIEND
PHONE
69216
PAGE
1
NO. OF PAGES
1
LOUIS J. HARRELL
CAPTAIN, USAF
ASSISTANT ADMINISTRATIVE OFFICER
SECURITY CLASSIFICATION
UNCLASSIFIED
DD FORM 173 MAY 55
REPLACES DD FORM 173, OCT 49, WHICH WILL BE USED UNTIL EXHAUSTED",0.2127468581687612,75.03,"SECURITY CLASSIFICATION
UNCLASSIFIED
JOINT MESSAGE FORM
SPACE BELOW RESERVED FOR COMMUNICATIONS CENTER
APR 14 2106 '59
PRECEDENCE: ROUTINE
TYPE MSG (Check): SINGLE
INFO: X
ACCOUNTING SYMBOL OR REFERENCE: AF AAC 50015

FROM: ATIC, WP-AFB
TO: AAC, Elmendorf AFB, Alaska
/UNCLAS/ FROM: AFCIN-4E-4B, AF 716E
REF MSG ACS/INT AAC 50015, DTD 14 FEB 59, REQUEST ALL AVAILABLE INFO CONCERNING SUBJECT BALLOON AND EQUIPMENT BE FORWARDED TO THIS CENTER AS SOON AS POSSIBLE. WHEN THE EQUIPMENT IS RECOVERED, REQUEST IT BE FORWARDED TO THIS CENTER.

COORDINATION: AFCIN-4E, Col Gilbert
DATE: APR 14, 1959
TIME: 0915
SYMBOL: AFCIN-4E-4B
SIGNATURE: MAJ ROBERT J. FRIEND
TYPED (or stamped) NAME AND TITLE: LOUIS J. HARRELL, CAPTAIN, USAF, ASSISTANT ADMINISTRATIVE OFFICER
PHONE: 69216
PAGE 1 OF 1

SECURITY CLASSIFICATION
UNCLASSIFIED
DD FORM 173, MAY 55
REPLACES DD FORM 173, OCT 49, WHICH WILL BE USED UNTIL EXHAUSTED",0.36894075403949733,38.7,"SECURITY CLASSIFICATION
JOINT MESSAGE FORM
UNCLASSIFIED
SPACE BELOW RESERVED FOR COMMUNICATION CENTER
APR 14 2106 '59

PRECEDENCE
TYPE MSG (Check)
ACCOUNTING SYMBOL
ORIG. OR REFERS TO
CLASSIFICATION OF REFERENCE

ACTION ROUTINE
BOOK
MULTI
SINGLE
INFO
X
AF
AAC 50015
CONF

FROM:
ATIC, WP-AFB

TO:
AAC, ELMENDORF AFB, ALASKA ROKDAG

/UNCLASSIFIED/ FROM: AFCIN-4E4g +-716-E

REF MSG ACS/INT AAC 50015, DTD 14 FEB 59, REQUEST ALL AVAILABLE
INFO CONCERNING SUBJECT BALLOON AND EQUIPMENT BE FORWARDED TO THIS
CENTER AS SOON AS POSSIBLE. WHEN THE EQUIPMENT IS RECOVERED,
REQUEST IT BE FORWARDED TO THIS CENTER.

SPECIAL INSTRUCTIONS

COORDINATION
for - George; Col Rethman; Joyner 1345
AFCIN-4E note DATE 4/14/59
Col Gilbert

DATE 10 APR 1959
TIME 0915

SYMBOL
AFCIN-4E48

SIGNATURE
L. J. Harrell

TYPED NAME AND TITLE (Signature, if required)
MAJ ROBERT J. FRIEND

TYPED (or stamped) NAME AND TITLE
LOUIS J. HARRELL
CAPTAIN, USAF
ASSISTANT ADMINISTRATIVE OFFICER

PHONE
69216

PAGE
1
NR. OF PAGES
1

SECURITY CLASSIFICATION
UNCLASSIFIED

DD FORM 173, MAY 55
REPLACES DD FORM 173, OCT 49, WHICH WILL BE USED UNTIL EXHAUSTED",0.31597845601436264,69.02,"SECURITY CLASSIFICATION
JOINT MESSAGE FORM
UNCLASSIFIED
SPACE BELOW RESERVED FOR COMMUNICATION CENTER
APR 14 2106 '59
PRECEDENCE
TYPE MSG (Check)
ACCOUNTING
ORIG. OR REFERS TO
CLASSIFICATION
SYMBOL
OF REFERENCE
ACTION ROUTINE
BOOK
MULTI
SINGLE
INFO
X
AF
AAC 50015
CONF
FROM:
SPECIAL INSTRUCTIONS
ATIC, WP-AFB
TO:
AAC, ELMENDORF AFB, ALASKA ROKDAG
/UNCLASSIFIED/ FROM: AFCIN-4E48 7-16E
REF MSG ACS/INT AAC 50015, DTD 14 FEB 59, REQUEST ALL AVAILABLE
INFO CONCERNING SUBJECT BALLOON AND EQUIPMENT BE FORWARDED TO THIS
CENTER AS SOON AS POSSIBLE. WHEN THE EQUIPMENT IS RECOVERED,
REQUEST IT BE FORWARDED TO THIS CENTER.
COORDINATION
for - George Col Rethman 9. Engineer 13 45
AFCIN-4E note DATE 14/19
Col Gilbert
DATE
TIME
10
0915
MONTH
YEAR
APR
1959
SYMBOL
SIGNATURE
AFCIN-4E48
17
L. J. Harrell
TYPED NAME AND TITLE (Signature, if required)
TYPED (or stamped) NAME AND TITLE
MAJ ROBERT J. FRIEND
PHONE
69216
PAGE
1
NR. OF PAGES
1
LOUIS J. HARRELL
SECURITY CLASSIFICATION
CAPTAIN, USAF
ASSISTANT ADMINISTRATIVE OFFICER
UNCLASSIFIED
DD FORM 173 MAY 55
REPLACES DD FORM 173, OCT 49, WHICH WILL BE USED UNTIL EXHAUSTED",0.18761220825852784,74.5,"SECURITY CLASSIFICATION
JOINT MESSAGE FORM
UNCLASSIFIED
SPACE BELOW RESERVED FOR COMMUNICATION CENTER
APR 14 2106 '59

PRECEDENCE
TYPE MSG (Check)
ACCOUNTING
ORIG. OR REFERS TO
CLASSIFICATION
SYMBOL
OF REFERENCE
ACTION  ROUTINE
BOOK
MULTI
SINGLE
INFO  xʘINFOʘ
AF
AAC 50015
CONF

FROM:
SPECIAL INSTRUCTIONS
ATIC, WP-AFB

TO:
AAC, ELMENDORF AFB, ALASKA ROKDAG

/UNCLASSIFIED/ FROM: AFCIN-4E4g +-716-E
REF MSG ACS/INT AAC 50015, DTD 14 FEB 59, REQUEST ALL AVAILABLE
INFO CONCERNING SUBJECT BALLOON AND EQUIPMENT BE FORWARDED TO THIS
CENTER AS SOON AS POSSIBLE. WHEN THE EQUIPMENT IS RECOVERED,
REQUEST IT BE FORWARDED TO THIS CENTER.

COORDINATION
for - George  Col Rethman  1345
AFCIN-4E note DATE 4/14/59
Col Gilbert

DATE
TIME
10
0915
MONTH
YEAR
APR
1959

SYMBOL
SIGNATURE
AFCIN-4E48
L. J. Harrell

TYPED NAME AND TITLE (Signature, if required)
MAJ ROBERT J. FRIEND

TYPED (or stamped) NAME AND TITLE
LOUIS J. HARRELL
CAPTAIN, USAF
ASSISTANT ADMINISTRATIVE OFFICER

PHONE
69216

PAGE
1

NR. OF PAGES
1

SECURITY CLASSIFICATION
UNCLASSIFIED

DD FORM 173  MAY 55
REPLACES DD FORM 173, OCT 49, WHICH WILL BE USED UNTIL EXHAUSTED",0.29443447037701975,89.78
28968489,"PROJECT 10073 RECORD CARD
1. DATE
28 November 1956
2. LOCATION
Washington, D.C.
3. DATE-TIME GROUP
GMT 28/1100Z
4. TYPE OF OBSERVATION
Ground-Visual
Ground-Radar
Air-Visual
Air-Intercept Radar
5. PHOTOS
Yes
No
6. SOURCE
Civilian
7. LENGTH OF OBSERVATION
ten minutes
8. NUMBER OF OBJECTS
one
9. COURSE
North
10. BRIEF SUMMARY OF SIGHTING
One object, dome-shaped, size of a large beach umbrella, color white. Observer first noted object through her bedroom window. Watched object for 5 minutes as it moved north and disappeared. Shortly it reappeared and remained in position for another 5 minutes and again moved northward and disappeared.
11. COMMENTS
Opinion of preparing officer: It is possible light refraction; however, there is not sufficient data for a firm evaluation.
12. CONCLUSIONS
Was Balloon
Probably Balloon
Possibly Balloon
Was Aircraft
Probably Aircraft
Possibly Aircraft
Was Astronomical
Probably Astronomical
Possibly Astronomical
Other
Insufficient Data for Evaluation
ATIC FORM 329 (REV 26 SEP 52)",0.07480314960629922,32.73,"PROJECT 10073 RECORD CARD
1. DATE
28 November 1956
2. LOCATION
Washington, D.C.
3. DATE-TIME GROUP
GMT 28/1100Z
4. TYPE OF OBSERVATION
X Ground-Visual
Ground-Radar
Air-Visual
Air-Intercept Radar
5. PHOTOS
Yes
6. SOURCE
Civilian
7. LENGTH OF OBSERVATION
ten minutes
8. NUMBER OF OBJECTS
one
9. COURSE
North
10. BRIEF SUMMARY OF SIGHTING
One object, dome-shaped, size of a large beach umbrella, color white. Observer first noted object through her bedroom window. Watched object for 5 minutes as it moved north and disappeared. Shortly it reappeared and remained in position for another 5 minutes and again moved northward and disappeared.
11. COMMENTS
Opinion of preparing officer: it is possible light refraction; however, there is not sufficient data for a firm evaluation.
12. CONCLUSIONS
Was Balloon
Probably Balloon
Possibly Balloon
Was Aircraft
Probably Aircraft
Possibly Aircraft
Was Astronomical
Probably Astronomical
Possibly Astronomical
Other
Insufficient Data for Evaluation
Unknown
ATIC FORM 329 (REV 26 SEP 52)",0.07624633431085044,54.17,"PROJECT 10073 RECORD CARD
1. DATE
28 November 1956
2. LOCATION
Washington, D.C.
3. DATE-TIME GROUP
Local
GMT 28/1100Z
4. TYPE OF OBSERVATION
Ground-Visual
Ground-Radar
Air-Visual
Air-Intercept Radar
5. PHOTOS
Yes
No
6. SOURCE
Civilian
7. LENGTH OF OBSERVATION
ten minutes
8. NUMBER OF OBJECTS
one
9. COURSE
North
10. BRIEF SUMMARY OF SIGHTING
One object, dome-shaped, size of large beach umbrella, color white. Observer first noted object through her bedroom window. Watched object for 5 minutes as it moved north and disappeared. Shortly it reappeared and remained in position for another 5 minutes and again moved northward and disappeared.
11. COMMENTS
By preparing officer: It is possible light refraction; however, there is not sufficient data for a firm evaluation.
12. CONCLUSIONS
Was Balloon
Probably Balloon
Possibly Balloon
Was Aircraft
Probably Aircraft
Possibly Aircraft
Was Astronomical
Probably Astronomical
Possibly Astronomical
Other
Insufficient Data for Evaluation
ATIC FORM 329 (REV 26 SEP 52)",0.06521739130434782,23.14,"PROJECT 10073 RECORD CARD
1. DATE
28 November 1956
2. LOCATION
Washington, D.C.
12. CONCLUSIONS
Was Balloon
Probably Balloon
Possibly Balloon
Was Aircraft
Probably Aircraft
Possibly Aircraft
Was Astronomical
Probably Astronomical
Possibly Astronomical
Other
Insufficient Data for Evaluation
Unknown
3. DATE-TIME GROUP
Local
GMT
28/1100Z
4. TYPE OF OBSERVATION
Ground-Visual
Ground-Radar
Air-Visual
Air-Intercept Radar
5. PHOTOS
Yes
No
6. SOURCE
Civilian
7. LENGTH OF OBSERVATION
ten minutes
8. NUMBER OF OBJECTS
one
9. COURSE
North
10. BRIEF SUMMARY OF SIGHTING
One object, dome-shaped, size of large beach umbrella, color white. Observer first noted object through her bedroom window. Watched object for 5 minutes as it moved north and disappeared. Shortly it reappeared and remained in position for another 5 minutes and again moved northward and disappeared.
11. COMMENTS
Opinion of preparing officer: It is possible light refraction; however, there is not sufficient data for a firm evaluation.
ATIC FORM 329 (REV 26 SEP 52)",0.448443579766537,34.41,"PROJECT 10073 RECORD CARD

1. DATE
28 November 1956

2. LOCATION
Washington, D.C.

12. CONCLUSIONS
Was Balloon
Probably Balloon
Possibly Balloon
Was Aircraft
Probably Aircraft
Possibly Aircraft
Was Astronomical
Probably Astronomical
Possibly Astronomical
Other
Insufficient Data for Evaluation
Unknown

3. DATE-TIME GROUP
GMT 28/1100Z
Local

4. TYPE OF OBSERVATION
X Ground-Visual
Ground-Radar
Air-Visual
Air-Intercept Radar

5. PHOTOS
Yes
No

6. SOURCE
Civilian

7. LENGTH OF OBSERVATION
ten minutes

8. NUMBER OF OBJECTS
one

9. COURSE
North

10. BRIEF SUMMARY OF SIGHTING
One object, dome-shaped, size of a large beach umbrella, color white. Observer first noted object through her bedroom window. Watched object for 5 minutes as it moved north and disappeared. Shortly it reappeared and remained in position for another 5 minutes and again moved northward and disappeared.

11. COMMENTS
Opinion of preparing officer, it is possible light refraction. However, there is not sufficient data for a firm evaluation.

ATIC FORM 329 (REV 26 SEP 52)",0.45251937984496127,25.09,"PROJECT 10073 RECORD CARD
1. DATE
28 November 1956
2. LOCATION
Washington, D.C.
12. CONCLUSIONS
Was Balloon
Probably Balloon
Possibly Balloon
Was Aircraft
Probably Aircraft
Possibly Aircraft
Was Astronomical
Probably Astronomical
Possibly Astronomical
Other
Insufficient Data for Evaluation
Unknown
3. DATE-TIME GROUP
Local
GMT 28/1100Z
4. TYPE OF OBSERVATION
X Ground-Visual
Ground-Radar
Air-Visual
Air-Intercept Radar
5. PHOTOS
Yes
No
6. SOURCE
Civilian
7. LENGTH OF OBSERVATION
ten minutes
8. NUMBER OF OBJECTS
one
9. COURSE
North
10. BRIEF SUMMARY OF SIGHTING
One object, dome-shaped, size of a large beach umbrella, color white. Observer first noted object through her bedroom window. Watched object for 5 minutes as it moved north and disappeared. Shortly it reappeared and remained in position for another 5 minutes and again moved northward and disappeared.
11. COMMENTS
Comments of preparing officer: It is possible light refraction; however, there is not sufficient data for a firm evaluation.
ATIC FORM 329 (REV 26 SEP 52)",0.44724104549854793,30.92,"PROJECT 10073 RECORD CARD
1. DATE
28 November 1956
2. LOCATION
Washington, D.C.
3. DATE-TIME GROUP
Local  ʘGMTʘ  28/1100Z
4. TYPE OF OBSERVATION
ʘGround-Visualʘ
Ground-Radar
Air-Visual
Air-Intercept Radar
5. PHOTOS
Yes
No
6. SOURCE
Civilian
7. LENGTH OF OBSERVATION
ten minutes
8. NUMBER OF OBJECTS
one
9. COURSE
North
10. BRIEF SUMMARY OF SIGHTING
One object, dome-shaped, size of large
beach umbrella, color white. Observer
first noted object through her bed-
room window. Watched object for 5 min-
utes as it moved north and disappeared.
Shortly it reappeared and remained
in position for another 5 minutes and
again moved northward and disappeared.
11. COMMENTS
Opinion of preparing officer, it is possi-
ble light refraction, however,
there is not sufficient data for
a firm evaluation.
12. CONCLUSIONS
Was Balloon
Probably Balloon
Possibly Balloon
Was Aircraft
Probably Aircraft
Possibly Aircraft
Was Astronomical
Probably Astronomical
Possibly Astronomical
Other
ʘInsufficient Data for Evaluationʘ
Unknown
ATIC FORM 329 (REV 26 SEP 52)",0.0725338491295938,37.17,"PROJECT 10073 RECORD CARD

1. DATE
28 November 1956

2. LOCATION
Washington, D.C.

3. DATE-TIME GROUP
Local
GMT
28/1100Z

4. TYPE OF OBSERVATION
xʘGround-Visualʘ
Ground-Radar
Air-Visual
Air-Intercept Radar

5. PHOTOS
Yes
No

6. SOURCE
Civilian

7. LENGTH OF OBSERVATION
ten minutes

8. NUMBER OF OBJECTS
one

9. COURSE
North

10. BRIEF SUMMARY OF SIGHTING
One object dome shaped, size of large beach umbrella, color white. Observer first noted object through her bed- room window. Watched object for 5 min- utes as it moved north and disappeared. Shortly it reappeared and remained in position for another 5 minutes and again moved northward and disappeared.

11. COMMENTS
Of preparing officer, it is possi- ble light refraction, however, there is not sufficient data for a firm evaluation.

12. CONCLUSIONS
Was Balloon
Probably Balloon
Possibly Balloon
Was Aircraft
Probably Aircraft
Possibly Aircraft
Was Astronomical
Probably Astronomical
Possibly Astronomical
Other
Insufficient Data for Evaluation
Unknown

ATIC FORM 329 (REV 26 SEP 52)",0.06627680311890838,48.9,"PROJECT 10073 RECORD CARD

1. DATE
28 November 1956

2. LOCATION
Washington, D.C.

3. DATE-TIME GROUP
28/1100Z
Local
ʘGMTʘ

4. TYPE OF OBSERVATION
ʘGround-Visualʘ
Ground-Radar
Air-Visual
Air-Intercept Radar

5. PHOTOS
Yes
No

6. SOURCE
Civilian

7. LENGTH OF OBSERVATION
ten minutes

8. NUMBER OF OBJECTS
one

9. COURSE
North

10. BRIEF SUMMARY OF SIGHTING
One object dome shaped, size of large beach umbrella, color white. Observer first noted object through her bed- room window. Watched object for 5 min- utes as it moved north and disappeared. Shortly it reappeared and remained in position for another 5 minutes and again moved northward and disappeared.

11. COMMENTS
Opinion of preparing officer, it is possi- ble light refraction, however, there is not sufficient data for a firm evaluation.

12. CONCLUSIONS
Was Balloon
Probably Balloon
Possibly Balloon
Was Aircraft
Probably Aircraft
Possibly Aircraft
Was Astronomical
Probably Astronomical
Possibly Astronomical
Other
ʘInsufficient Data for Evaluationʘ
Unknown

ATIC FORM 329 (REV 26 SEP 52)",0.09002904162633107,59.35
28971456,"59117
ATIC
NYD LGT WALETON
28 Aug 57 0502
28 AUG 57 0750Z
WPB057 YDA043 VYD039 VMC023 IYQA017
YY RJEPNB RJEDEN RJEDWP RJEPHQ RJESDB
35 LARRY 4E4
DE RJESYQ 1B
4 - - 4XZA
Y 280343Z
FM COMDR 2047 AACS SQN MAXWELL AFB ALA
TO RJEPNE/COMDR EASTERN AIR DEFENSE COMMAND STEWART AFB N.Y.
RJEDEN/COMDR AIR DEFENSE COMMAND ENT AFB COLORADO SPRINGS COLO
RJEDWP/COMDR AIR TECHNICAL INTELLIGENCE CENTER WRIGHT-PATTERSON AFB OHIO
RJEPHQ/DIRECTOR OF INTELLIGENCE HQ USAF WASHINGTON 25, D.C.
RJESDB/COMDR 35TH AIR DIVISION (DEFENSE), DOBBINS AFB MARIETTA GEORGIA
BT
UFOB/2813Z BT
BT
1. DESCRIPTION OF OBJECT(S):
A. ROUND LIKE A BALLOON; ONLY WHITE LIGHT SEEN.
B. UNKNOWN
C. UNKNOWN
D. ONE
E. NIGHT
F. ONLY SAW A WHITE LIGHT.
G. NO TRAIL.
H. NO SOUND HEARD.
I. NONE.",,64.2,"59117
ATIC
UNID LGT WALETON
28 AUG 57 0502
28 AUG 57 0750
WPB057 YDA043 VYD039 VMC023 IYQA017
YY RJEPNE RJEDEN RJEDWP RJEPHQ RJESDB
35 LARRY 4E4
DE RJESYQ 1B
4--4XZA
DTG 280343Z
FM COMDR 2047 AACSRON MAXWELL AFB ALA
TO RJEPNE/COMDR EASTERN AIR DEFENSE COMMAND, STEWART AFB, N.Y.
RJEDEN/COMDR AIR DEFENSE COMMAND, ENT AFB, COLORADO SPRINGS, COLO
RJEDWP/COMDR AIR TECHNICAL INTELLIGENCE CENTER, WRIGHT-PATTERSON AFB, OHIO
RJEPHQ/DIRECTOR OF INTELLIGENCE, HQ USAF, WASHINGTON 25, D.C.
RJESDB/COMDR 35TH AIR DIVISION (DEFENSE), DOBBINS AFB, MARIETTA, GEORGIA
BT
UFOB/2813Z BT
1. DESCRIPTION OF OBJECT(S):
A. ROUND LIKE A BALLOON; ONLY WHITE LIGHT SEEN.
B. UNKNOWN.
C. UNKNOWN.
D. ONE.
E. NIGHT.
F. ONLY SAW A WHITE LIGHT.
G. NO TRAIL.
H. NO SOUND HEARD.
I. NONE.",,78.48,"59117
ATIC
Wright-Patterson
28 Aug 57 0502Z
28 Aug 57 0750Z
WPB057 YDA043 VYD039 VMC023 IYQA017
ZNY RJEPNB RJEDEN RJEDWP RJEPHQ RJESDB
DE RJESYQ 1B
4--4XZA
Y 280343Z
FM COMDR 2047 AACS SQN MAXWELL AFB ALA
TO RJEPNE/COMDR EASTERN AIR DEFENSE COMMAND STEWART AFB N.Y.
RJEDEN/COMDR AIR DEFENSE COMMAND ENT AFB COLORADO SPRINGS COLO
RJEDWP/COMDR AIR TECHNICAL INTELLIGENCE CENTER WRIGHT-PATTERSON AFB OHIO
RJEPHQ/DIRECTOR OF INTELLIGENCE HQ USAF WASHINGTON 25, D.C.
RJESDB/COMDR 35TH AIR DIVISION (DEFENSE), DOBBINS AFB MARIETTA GEORGIA
BT
UFOB/2813 BT

1. DESCRIPTION OF OBJECT(S):
A. ROUND LIKE A BALLOON; ONLY WHITE LIGHT SEEN.
B. UNKNOWN
C. UNKNOWN
D. ONE
E. NIGHT.
F. ONLY SAW A WHITE LIGHT.
G. NO TRAIL.
H. NO SOUND HEARD.
I. NONE.",,59.24,"59117
ATIC
NYD LGT WALETON
28 AUG 57 0502
28 AUG 57 0750
WPB057 YDA043 VYD039 VMC023 IYQA017
YY RJEPNE RJEDEN RJEDWP RJEPHQ RJESDB
35 LARRY 4E4
DE RJESYQ 1B
4 - 4XZA
Y 280343Z
FM COMDR 2047TH AACS SQDN MAXWELL AFB ALA
TO RJEPNE/COMDR EASTERN AIR DEFENSE COMMAND STEWART AFB N.Y.
RJEDEN/COMDR AIR DEFENSE COMMAND ENT AFB COLORADO SPRINGS COLO
RJEDWP/COMDR AIR TECHNICAL INTELLIGENCE CENTER WRIGHT-PATTERSON AFB OHIO
RJEPHQ/DIRECTOR OF INTELLIGENCE HQ USAF WASHINGTON 25, D.C.
RJESDB/COMDR 35TH AIR DIVISION (DEFENSE) DOBBINS AFB MARIETTA GEORGIA
BT
UFOB/2813
BT
1. DESCRIPTION OF OBJECT(S):
A. ROUND LIKE A BALLOON; ONLY WHITE LIGHT SEEN.
B. UNKNOWN.
C. UNKNOWN.
D. ONE.
E. NIGHT.
F. ONLY SAW A WHITE LIGHT.
G. NO TRAIL.
H. NO SOUND HEARD.
I. NONE.",,61.24,"59117
ATIC
NYD LGT WALETON
28 AUG 57 0502
28 AUG 57 0750
WPB057 YDA043 VYD039 VMC@23IYQA017
YY RJEPNB RJEDEN RJEDWP RJEPHQ RJESDB
35 LARRY 4E4
DE RJESYQ 1B
4 - - 4XZA
Y 280343Z
FM COMDR 2047 AACS SQN MAXWELL AFB ALA
TO RJEPNE/COMDR EASTERN AIR DEFENSE COMMAND STEWART AFB N.Y.
RJEDEN/COMDR AIR DEFENSE COMMAND ENT AFB COLORADO SPRINGS COLO.
RJEDWP/COMDR AIR TECHNICAL INTELLIGENCE CENTER WRIGHT-PATTERSON AFB OHIO
RJEPHQ/DIRECTOR OF INTELLIGENCE HQ USAF WASHINGTON 25 D.C.
RJESDB/COMDR 35TH AIR DIVISION (DEFENSE), DOBBINS AFB MARIETTA, GEORGIA
BT
UFOB/2813 ZBT
1. DESCRIPTION OF OBJECT(S):
A. ROUND LIKE A BALLOON; ONLY WHITE LIGHT SEEN.
B. UNKNOWN
C. UNKNOWN
D. ONE
E. NIGHT
F. ONLY SAW A WHITE LIGHT.
G. NO TRAIL.
H. NO SOUND HEARD.
I. NONE.",,61.23,"59117
ATIC
NYD LGT WALETON
28 AUG 57 0502
28 AUG 57 0750Z
WPB057 YDA043 VYD039 VMC@23IYQA017
YY RJEPNB RJEDEN RJEDWP RJEPHQ RJESDB
35 LARRY 4E4
DE RJESYQ 1B
4--4XZA
Y 280343Z
FM COMDR 2047 AACS SQDN, MAXWELL AFB, ALA.
TO RJEPNE/COMDR EASTERN AIR DEFENSE COMMAND, STEWART AFB, N.Y.
RJEDEN/COMDR AIR DEFENSE COMMAND, ENT AFB, COLORADO SPRINGS, COLO.
RJEDWP/COMDR AIR TECHNICAL INTELLIGENCE CENTER, WRIGHT-PATTERSON AFB, OHIO
RJEPHQ/DIRECTOR OF INTELLIGENCE, HQ USAF, WASHINGTON 25, D.C.
RJESDB/COMDR 35TH AIR DIVISION (DEFENSE), DOBBINS AFB, MARIETTA, GEORGIA
BT
UFOB/2813 ZBT
1. DESCRIPTION OF OBJECT(S):
A. ROUND LIKE A BALLOON; ONLY WHITE LIGHT SEEN.
B. UNKNOWN.
C. UNKNOWN.
D. ONE.
E. NIGHT.
F. ONLY SAW A WHITE LIGHT.
G. NO TRAIL.
H. NO SOUND HEARD.
I. NONE.",,34.82,"59117
ATIC
NYD LGT WALETON
28 AUG 57 05/02
28
AUG 57 0750Z
WPB057 YDA043 VYD039 VMC@23IYQA017
YY RJEPNB RJEDEN RJEDWP RJEPHQ RJESDB
35 LARRY 4E4
DE RJESYQ 1B
4-- 4XZA
Y 280343Z
FM COMDR 2047 AACSRON MAXWELL AFB ALA
TO RJEPNE/COMDR EASTERN AIR DEFENSE COMMAND STEWART AFB, N.Y.
RJEDEN/COMDR AIR DEFENSE COMMAND ENT AFB COLORADO SPRINGS COLO
RJEDWP/COMDR AIR TECHNICAL INTELLIGENCE CENTER WRIGHT-PATTERSON AFB OHIO
RJEPHQ/DIRECTOR OF INTELLIGENCE HQ USAF WASHINGTON 25, D.C.
RJESDB/COMDR 35TH AIR DIVISION (DEFENSE), DOBBINS AFB MARIETTA GEORGIA
BT
UFOB/2813Z BT

1. DESCRIPTION OF OBJECT(S):
A. ROUND LIKE A BALLOON; ONLY WHITE LIGHT SEEN
B. UNKNOWN
C. UNKNOWN
D. ONE
E. NIGHT
F. ONLY SAW A WHITE LIGHT.
G. NO TRAIL
H. NO SOUND HEARD
I. NONE",,56.22,"59117
ATIC
nyd lgt Waleton
28 Aug 57 05/02
28
AUG 57 0750Z
WPB057 YDA043 VYD039 VMC@23IYQA017
YY RJEPNB RJEDEN RJEDWP RJEPHQ RJESDB
35 Larry 4E4
DE RJESYQ 1B
4--4xza
Y 280343Z
FM COMDR 2047 AACS SQDN MAXWELL AFB ALA
TO RJEPNE/COMDR EASTERN AIR DEFENSE COMMAND STEWART AFB N.Y.
RJEDEN/COMDR AIR DEFENSE COMMAND ENT AFB COLORADO SPRINGS COLO
RJEDWP/COMDR AIR TECHNICAL INTELLIGENCE CENTER WRIGHT-PATTERSON AFB OHIO
RJEPHQ/DIRECTOR OF INTELLIGENCE HQ USAF WASHINGTON 25 D.C.
RJESDB/COMDR 35TH AIR DIVISION (DEFENSE), DOBBINS AFB MARIETTA GEORGIA
BT.
UFOB/2813 ZBT

1. DESCRIPTION OF OBJECT(S):
A. ROUND LIKE A BALLOON ONLY WHITE LIGHT SEEN
B. UNKNOWN
C. UNKNOWN
D. ONE
E. NIGHT
F. ONLY SAW A WHITE LIGHT.
G. NO TRAIL
H. NO SOUND HEARD
I. NONE",,73.83,"59117
ATIC
nyd lgt Waleton
28 Aug 57 0502
28
AUG 57 0750Z
WPB057 YDA043 VYD039 VMC@23IYQA017
YY RJEPNE RJEDEN RJEDWP RJEPHQ RJESDB
35 LARRY 4E4
DE RJESYQ 1B
4--4XZA
Y 280343Z
FM COMDR 2047 AACS SQDN MAXWELL AFB ALA
TO RJEPNE/COMDR EASTERN AIR DEFENSE COMMAND STEWART AFB N.Y.
RJEDEN/COMDR AIR DEFENSE COMMAND ENT AFB COLORADO SPRINGS COLO
RJEDWP/COMDR AIR TECHNICAL INTELLIGENCE CENTER WRIGHT-PATTERSON AFB OHIO
RJEPHQ/DIRECTOR OF INTELLIGENCE, HQ USAF WASHINGTON 25, D.C.
RJESDB/COMDR 35TH AIR DIVISION (DEFENSE), DOBBINS AFB MARIETTA GEORGIA
BT.
UFOB/2813 Z BT
1. DESCRIPTION OF OBJECT(S):
A. ROUND LIKE A BALLOON ONLY WHITE LIGHT SEEN
B. UNKNOWN
C. UNKNOWN
D. ONE
E. NIG.
F. ONLY SAW A WHITE LIGHT.
G. NO TRAIL
H. NO SOUND HEARD
I. NONE",,51.92
28964100,"2
Entered at the Post Office of New York as Second-Class Mail Matter
NEW YORK HERALD TRIBUNE, THURSDAY
To Test Sodium in Ionosphere
'Full Moon' Rocket Explosion in October
SODIUM VAPOR GLOW MAY RIVAL MOON;
By James E. Warner

WASHINGTON, Aug. 3.—The United States Air Force hopes to explode a sodium-vapor rocket sixty miles above the earth's surface this autumn, rivaling the light of a full moon at twilight, the Air Force announced today.

The projectile will be launched from Holloman Air Force Base, New Mexico, during the week of Oct. 14. It will be an Aerobee rocket, sisters of which have reached an altitude of 152 miles. Other rockets have attained a height of 250 miles.

Purpose of the experiment is, first, to find if there is a layer of sodium long suspected in the upper atmosphere, and second, to find how thick it is. If the few pounds of sodium vapor ejected from the rocket shines brightly, scientists believe it will confirm existence of the sodium layer in the ionosphere. For technical reasons, scientists said, the ejected sodium would not glow or produce light if released lower, or in the absence of a natural sodium layer in the sky.

The experiment also may provide data, according to Dr. Homer Newell of the Naval Research Laboratory, for the satellite which the United States proposes to launch by 1957. The satellite, rocket-propelled, will rise above the bonds of gravity and circle the earth at an altitude of between 200 and 300 miles.

A somewhat similar project was tried last winter, with no results, the Air Force said.

VISIBILITY—100 MILES EASTWARD
UNITED STATES
NEW MEXICO
PACIFIC OCEAN
GULF OF MEXICO

The Research and Development Command of the Air Force was “scooped” on its own announcement by a Briton, Professor D. R. Bates, of Queen’s University, Belfast. It was the second time in a week that an American project had been announced abroad before it was released here. On Thursday, while a battery of scientists were briefing White House reporters on plans for the satellite, a Belgian scientist announced the American project in Brussels.

Professor Bates said he had proposed a similar experiment to the British Royal Society, which is joining the United States and Russia in attempts to explore outer space.

Dr. Newell, chief of the rocket sonde branch of the Naval Research Laboratory, in commenting on Professor Bates’ revelation, noted that it is an Air Force project, research on which is being conducted at Cambridge, Mass. The Atomic Energy Commission said it was not participating in the project.

Later, a spokesman for the Air Force Research Center at Cambridge said the rocket will be fired during the week of Oct. 14 to an altitude of twenty to sixty miles above the earth’s surface, depending on weather conditions. He said the Aerobee has climbed as high as 152 miles.

Herald Tribune—United
Artist’s sketch showing how rocket will be shot up by United States scientists to produce artificial “moonlight.”

U.N. Control of Moon Plans Urged to Allay War Fears

A call for United Nations coordination of the launching of satellites into outer space to allay fears that the experiments mask military projects was issued yesterday by Clark M. Eichelberger, executive director of the American Association for the United Nations.

“Friendly and healthy competition between the scientists and the dreamers of all countries is healthy. But intense rivalry with some possible military objective in view is dangerous.

Wants to Allay Fears

“The program should be handled in such a way as to allay the fears of both peoples and governments that what is being done for peaceful purposes does not mask military projects capable of frightful destruction.”

Mr. Eichelberger suggested that the United States, which proposed a U. N. agency for the peaceful use of the atom, “follow this precedent by proposing to other nations that they pool their information and to the greatest extent the actual experimentation in the launching of an earth satellite; suggest that this be done through the United Nations.”

Quotes Eisenhower’s View

In a communication to officers and chapters of the association, Mr. Eichelberger noted that President Eisenhower and American scientists have emphasized the peacetime role of the plan to send up a satellite within three years. He also mentioned their intention to share the scientific information gained with other nations.

“Unfortunately,” Mr. Eichelberger said, “we cannot help but be reminded that our greatest rivals, the Russians, announced some time ago that they were striving to set up a space satellite and that it would be the beginning of experiments leading to interplanetary flights.”

LONDON, Aug. 3.—Professor Bates, who will lead one of five university groups taking part in British rocket research programs, said today there are difficulties in releasing sodium vapor. Boiling of the metal to release the vapor has been suggested but has proved troublesome, he declared.

“The Americans may release a grenade from a rocket which, on exploding, would vaporize the metal,” he said.

The upper atmosphere contains one part in a billion of sodium which produces a great deal of the light in the air, he explained, and by greatly increasing the amount he believed a “full moon” effect would be created.

He considers that the experiment would provide much information about the winds at extreme height, the temperature of the atmosphere and the chemical reactions going on in it.

The Royal Society, leading body of British scientists, disclosed that Britain is entering the field of exploring the earth’s upper atmosphere with high-altitude rockets. The British announcement added that a similar program has been started in France.

The Royal Society announcement said: “It is very desirable that work should be carried out in other countries, to obtain data under different conditions and locations and employing different techniques.”

Monument Study Bill

WASHINGTON, Aug. 3.—President Eisenhower today signed a bill authorizing an investigation to determine the advisability of erecting a battle monument in Brooklyn in honor of 256 Maryland soldiers killed there during the Revolutionary War.

Chilean Peso

SANTIAGO, Aug.—The slumping peso dropped to an unprecedented low.",0.4057200344926703,101.79,"2
Entered at the Post Office at New York as Second-Class Mail Matter
NEW YORK HERALD TRIBUNE, THURSDAY

To Test Sodium in Ionosphere
'Full Moon' Rocket Explosion in October
By James E. Warner

SODIUM VAPOR GLOW MAY RIVAL MOON;

WASHINGTON, Aug. 3.—The United States Air Force hopes to explode a sodium-vapor rocket sixty miles above the earth's surface this autumn, rivaling the light of a full moon at twilight, the Air Force announced today.

The projectile will be launched from Holloman Air Force Base, New Mexico, during the week of Oct. 14. It will be an Aerobee rocket, sisters of which have reached an altitude of 152 miles. Other rockets have attained a height of 250 miles.

Purpose of the experiment is, first, to find if there is a layer of sodium long suspected in the upper atmosphere, and second, to find how thick it is.

If the few pounds of sodium vapor ejected from the rocket shine brightly, scientists believe it will confirm existence of the sodium layer in the ionosphere. For technical reasons, scientists said, the ejected sodium would not glow or produce light if released lower, or in the absence of a natural sodium layer in the sky.

VISIBILITY—100 MILES EASTWARD
UNITED STATES
NEW MEXICO
PACIFIC OCEAN
GULF OF MEXICO

The Research and Development Command of the Air Force was ""scooped"" on its own announcement by a Briton, Professor D. R. Bates, of Queen's University, Belfast. It was the second time in a week that an American project had been announced abroad before it was released here. On Thursday, while a battery of scientists were briefing White House reporters on plans for the satellite, a Belgian scientist announced the American project in Brussels.

Professor Bates said he had proposed a similar experiment to the British Royal Society, which is joining the United States and Russia in attempts to explore outer space.

Dr. Newell, chief of the rocket-sonde branch of the Naval Research Laboratory, in commenting on Professor Bates' revelation, noted that it is an Air Force project, research on which is being conducted at Cambridge, Mass. The Atomic Energy Commission said it was not participating in the project.

Later a spokesman for the Air Force Research Center at Cambridge said the rocket will be fired during the week of Oct. 14 to an altitude of twenty to sixty miles above the earth's surface, depending on weather conditions. He said the Aerobee has climbed as high as 152 miles.

Herald Tribune—United
Artist's sketch showing how rocket will be shot up by United States scientists to produce artificial ""moonlight.""

May Use Grenade

LONDON, Aug. 3.—Professor Bates, who will lead one of five university groups taking part in British rocket research programs, said today there are difficulties in releasing sodium vapor. Boiling of the metal to release the vapor has been suggested but has proved troublesome, he declared.

""The Americans may release a grenade from a rocket which, on exploding, would vaporize the metal,"" he said.

The upper atmosphere contains one part in a billion of sodium which produces a great deal of the light in the air, he explained, and by greatly increasing the amount he believed a ""full moon"" effect would be created.

He considers that the experiment would provide much information about the winds at extreme height, the temperature of the atmosphere and the chemical reactions going on in it.

The Royal Society, leading body of British scientists, disclosed that Britain is entering the field of exploring the earth's upper atmosphere with high-altitude rockets. The British announcement added that a similar program has been started in France.

The Royal Society announcement said: ""It is very desirable that work should be carried out in other countries, to obtain data under different conditions and locations and employing different techniques.""

U.N. Control of Moon Plans Urged to Allay War Fears

A call for United Nations coordination of the launching of satellites into outer space to allay fears that the experiments mask military projects was issued yesterday by Clark M. Eichelberger, executive director of the American Association for the United Nations.

In a communication to officers and chapters of the association, Mr. Eichelberger noted that President Eisenhower and American scientists have emphasized the peacetime role of the plan to send up a satellite within three years. He also mentioned their intention to share the scientific information gained with other nations.

""Unfortunately,"" Mr. Eichelberger said, ""we cannot help but be reminded that our greatest rivals, the Russians, announced some time ago that they were striving to set up a space satellite and that it would be the beginning of experiments leading to interplanetary flights.

""Friendly and healthy competition between the scientists and the dreamers of all countries is healthy. But intense rivalry with some possible military objective in view is dangerous.

""Wants to Allay Fears

""The program should be handled in such a way as to allay the fears of both peoples and governments that what is being done for peaceful purposes does not mask military projects capable of frightful destruction.

""Mr. Eichelberger suggested that the United States, which proposed a U. N. agency for the peaceful use of the atom, 'follow this precedent by proposing to other nations that they pool their information and to the greatest extent the actual experimentation in the launching of an earth satellite—suggest that this be done through the United Nations.'""

3 New Planes for Air Force

WASHINGTON—The Air Force development contracts for new supersonic aircraft, including long-... expected to ... 1,300 miles an hour. Contracts also call ... long-range ... Corp. Aircraft, and North Am... Inc., Los Angeles ... interceptor production.

Two Fighter-Bombers

2. Fighter-bomber—Republic ... Farmingdale, L.I., ... American Aviation ... produce fighter-bomber support.

3. Tactical ... —Glenn L. ... Baltimore, and ... Co., Santa Monica ... now produce je...

Monument Study Bill

WASHINGTON, Aug. 3.—President Eisenhower today signed a bill authorizing an investigation to determine the advisability of erecting a battle monument in Brooklyn in honor of 256 Maryland soldiers killed there during the Revolutionary War.

Chilean Peso

SANTIAGO, Aug. 3.—The slumping peso dropped to an unprecedented low ... United States ... the Chilean ...",0.24331704512791033,78.35,"2
Entered at the Post Office of New York as Second-Class Mail Matter
NEW YORK HERALD TRIBUNE. THURSDAY

To Test Sodium in Ionosphere
‘Full Moon’ Rocket Explosion in October
By James E. Warner

SODIUM VAPOR GLOW MAY RIVAL MOON

WASHINGTON, Aug. 3.—The United States Air Force hopes to explode a sodium-vapor rocket sixty miles above the earth’s surface this autumn, rivaling the light of a full moon at twilight, the Air Force announced today.

The projectile will be launched from Holloman Air Force Base, New Mexico, during the week of Oct. 14. It will be an Aerobee rocket, sisters of which have reached an altitude of 152 miles. Other rockets have attained a height of 250 miles.

Purpose of the experiment is, first, to find whether there is a layer of sodium long suspected in the upper atmosphere, and, second, to find how thick it is.

If the few pounds of sodium vapor ejected from the rocket shine brightly, scientists believe it will confirm existence of the sodium layer in the ionosphere. For technical reasons, scientists said, the ejected sodium would not glow or produce light if released lower, or in the absence of a natural sodium layer in the sky.

The experiment also may provide data, according to Dr. Homer Newell of the Naval Research Laboratory, for the satellite which the United States proposes to launch by 1957. The satellite, rocket-propelled, will rise above the bonds of gravity and circle the earth at an altitude of between 200 and 300 miles.

A somewhat similar project was tried last winter, with no results, the Air Force said.

The Research and Development Command of the Air Force was “scooped” on its own announcement by a Briton, Professor D. R. Bates, of Queen’s University, Belfast. It was the second time in a week that an American project had been announced abroad before it was released here. On Thursday, while a battery of scientists were briefing White House reporters on plans for the satellite, a Belgian scientist announced the American project in Brussels.

Professor Bates said he had proposed a similar experiment to the British Royal Society, which is joining the United States and Russia in attempts to explore outer space.

Dr. Newell, chief of the rocket-sonde branch of the Naval Research Laboratory, in commenting on Professor Bates’ revelation, noted that it is an Air Force project, research on which is being conducted at Cambridge, Mass. The Atomic Energy Commission said it was not participating in the project.

Later, a spokesman for the Air Force Research Center at Cambridge said the rocket will be fired during the week of Oct. 14 to an altitude of twenty to sixty miles above the earth’s surface, depending on weather conditions. He said the Aerobee has climbed as high as 152 miles.

VISIBILITY—
100 MILES EASTWARD

UNITED STATES
NEW MEXICO
PACIFIC OCEAN
GULF OF MEXICO

Herald Tribune—United
Artist’s sketch showing how rocket will be shot up by United States scientists to produce artificial “moonlight.”

May Use Grenade

LONDON, Aug. 3.—Professor Bates, who will lead one of five university groups taking part in British rocket research programs, said today there are difficulties in releasing sodium vapor. Boiling of the metal to release the vapor has been suggested but has proved troublesome, he declared.

“The Americans may release a grenade from a rocket which, on exploding, would vaporize the metal,” he said.

The upper atmosphere contains one part in a billion of sodium which produces a great deal of the light in the air, he explained, and by greatly increasing the amount he believed a “full moon” effect would be created.

He considers that the experiment would provide much information about the winds at extreme height, the temperature of the atmosphere and the chemical reactions going on in it.

The Royal Society, leading body of British scientists, disclosed that Britain is entering the field of exploring the earth’s upper atmosphere with high-altitude rockets. The British announcement added that a similar program has been started in France.

The Royal Society announcement said: “It is very desirable that work should be carried out in other countries, to obtain data under different conditions and locations and employing different techniques.”

U.N. Control of Moon Plans Urged to Allay War Fears

A call for United Nations coordination of the launching of satellites into outer space to allay fears that the experiments mask military projects was issued yesterday by Clark M. Eichelberger, executive director of the American Association for the United Nations.

In a communication to officers and chapters of the association, Mr. Eichelberger noted that President Eisenhower and American scientists have emphasized the peacetime role of the plan to send up a satellite within three years. He also mentioned their intention to share the scientific information gained with other nations.

Wants to Allay Fears

Mr. Eichelberger pointed out that a precedent exists in the proposed special U.N. agency for the peaceful use of atomic energy and suggested a similar agency to supervise international satellite launchings.

“Friendly and healthy competition between the scientists and the dreamers of all countries is healthy. But intense rivalry with some possible military objective in view is dangerous. The program should be handled in such a way as to allay the fears of both peoples and governments that what is being done for peaceful purposes does not mask military projects capable of frightful destruction.”

Mr. Eichelberger suggested that the United States, which proposed a U.N. agency for the peaceful use of the atom, “follow this precedent by proposing to other nations that they pool their information and to the greatest extent the actual experimentation in the launching of an earth satellite; suggest that this be done through the United Nations.”

3 New Planes for Air Force Development

WASHINGTON—The Air Force development contracts for new supersonic aircraft, including a long-range interceptor expected to fly 1,300 miles an hour. These contracts also call for long-range aircraft.

Republic Aviation Corp., Farmingdale, L.I., and North American Aviation, Inc., Los Angeles.

Two fighter-bombers.

Fighter-bomber—Republic Aviation, Farmingdale, L.I.; North American Aviation to produce fighter-bomber support.

Tactical—Glenn L. Martin, Baltimore, and — Co., Santa Monica, now produce jet —

Monument Study Bill

WASHINGTON, Aug. 3.—President Eisenhower today signed a bill authorizing an investigation to determine the advisability of erecting a battle monument in Brooklyn in honor of 256 Maryland soldiers killed there during the Revolutionary War.

Chilean Peso

SANTIAGO, Aug. 3.—The slumping peso dropped to an unprecedented low — United States — the Chilean fre —",0.23728082782408738,159.83,"Entered at the Post Office of New York as Second-Class Mail Matter
NEW YORK HERALD TRIBUNE, THURSDAY

To Test Sodium in Ionosphere
‘Full Moon’ Rocket Explosion in October
By James E. Warner

WASHINGTON, Aug. 3.—The United States Air Force hopes to explode a sodium-vapor rocket sixty miles above the earth’s surface this autumn, rivaling the light of a full moon at twilight, the Air Force announced today.

The projectile will be launched from Holloman Air Force Base, New Mexico, during the week of Oct. 14. It will be an Aerobee rocket, sisters of which have reached an altitude of 152 miles. Other rockets have attained a height of 250 miles.

Purpose of the experiment is, first, to find if there is a layer of sodium long suspected in the upper atmosphere, and, second, to find how thick it is.

If the few pounds of sodium vapor ejected from the rocket shines brightly, scientists believe it will confirm existence of the sodium layer in the ionosphere. For technical reasons, scientists said, the ejected sodium would not glow or produce light if released lower, or in the absence of a natural sodium layer in the sky.

The experiment also may provide data, according to Dr. Homer Newell of the Naval Research Laboratory, for the satellite which the United States proposes to launch by 1957. The satellite, rocket-propelled, will rise above the bonds of gravity and circle the earth at an altitude of between 200 and 300 miles.

A somewhat similar project was tried last winter, with no results, the Air Force said.

The Research and Development Command of the Air Force was “scooped” on its own announcement by a Briton, Professor D. R. Bates, of Queen’s University, Belfast. It was the second time in a week that an American project had been announced abroad before it was released here. On Thursday, while a battery of scientists were briefing White House reporters on plans for the satellite, a Belgian scientist announced the American project in Brussels.

Professor Bates said he had proposed a similar experiment to the British Royal Society, which is joining the United States and Russia in attempts to explore outer space.

Dr. Newell, chief of the rocket sonde branch of the Naval Research Laboratory, in commenting on Professor Bates’ revelation, noted that it is an Air Force project, research on which is being conducted at Cambridge, Mass. The Atomic Energy Commission said it was not participating in the project.

Later a spokesman for the Air Force Research Center at Cambridge said the rocket will be fired during the week of Oct. 14 to an altitude of twenty to sixty miles above the earth’s surface, depending on weather conditions. He said the Aerobee has climbed as high as 152 miles.

SODIUM VAPOR GLOW MAY RIVAL MOON

VISIBILITY—100 MILES EASTWARD
UNITED STATES
NEW MEXICO
PACIFIC OCEAN
GULF OF MEXICO

Artist’s sketch showing how rocket will be shot up by United States scientists to produce artificial “moonlight.”

May Use Grenade

LONDON, Aug. 3.—Professor Bates, who will lead one of five university groups taking part in British rocket research programs, said today there are difficulties in releasing sodium vapor. Boiling of the metal to release the vapor has been suggested but has proved troublesome, he declared.

“The Americans may release a grenade from a rocket which, on exploding, would vaporize the metal,” he said.

The upper atmosphere contains one part in a billion of sodium which produces a great deal of the light in the air, he explained, and by greatly increasing the amount he believed a “full moon” effect would be created.

He considers that the experiment would provide much information about the winds at extreme height, the temperature of the atmosphere and the chemical reactions going on in it.

The Royal Society, leading body of British scientists, disclosed that Britain is entering the field of exploring the earth’s upper atmosphere with high-altitude rockets. The British announcement added that a similar program has been started in France.

The Royal Society announcement said: “It is very desirable that work should be carried out in other countries, to obtain data under different conditions and locations and employing different techniques.”

U.N. Control of Moon Plans Urged to Allay War Fears

A call for United Nations coordination of the launching of satellites into outer space to allay fears that the experiments mask military projects was issued yesterday by Clark M. Eichelberger, executive director of the American Association for the United Nations.

In a communication to officers and chapters of the association, Mr. Eichelberger noted that President Eisenhower and American scientists have emphasized the peacetime role of the plan to send up a satellite within three years. He also mentioned their intention to share the scientific information gained with other nations.

“Unfortunately,” Mr. Eichelberger said, “we cannot help but be reminded that our greatest rivals, the Russians, announced some time ago that they were striving to set up a space satellite and that it would be the beginning of experiments leading to interplanetary flights.

“Friendly and healthy competition between the scientists and the dreamers of all countries is healthy. But intense rivalry with some possible military objective in view is dangerous. The program should be handled in such a way as to allay the fears of both peoples and governments that what is being done for peaceful purposes does not mask military projects capable of frightful destruction.”

Mr. Eichelberger suggested that the United States, which proposed a U.N. agency for the peaceful use of the atom, “follow this precedent by proposing to other nations that they pool their information and to the greatest extent the actual experimentation in the launching of an earth satellite” and “suggest that this be done through the United Nations.”

Monument Study Bill

WASHINGTON, Aug. 3.—President Eisenhower today signed a bill authorizing an investigation to determine the advisability of erecting a battle monument in Brooklyn in honor of 256 Maryland soldiers killed there during the Revolutionary War.

Chilean Peso

SANTIAGO, Aug. 3.—The slumping peso dropped to an unprecedented low.",0.18295487208968095,104.24,"2
Entered at the Post Office of New York as Second-Class Mail Matter
NEW YORK HERALD TRIBUNE, THURSDAY
To Test Sodium in Ionosphere
‘Full Moon’ Rocket Explosion in October
SODIUM VAPOR GLOW MAY RIVAL MOON;
By James E. Warner
in the absence of a natural sodium layer in the sky.

WASHINGTON, Aug. 3.—The United States Air Force hopes to explode a sodium-vapor rocket sixty miles above the earth’s surface this autumn, rivaling the light of a full moon at twilight, the Air Force announced today.
The projectile will be launched from Holloman Air Force Base, New Mexico, during the week of Oct. 14. It will be an Aerobee rocket, sisters of which have reached an altitude of 152 miles. Other rockets have attained a height of 250 miles.
Purpose of the experiment is, first, to find if there is a layer of sodium long suspected in the upper atmosphere, and second, to find how thick it is.
If the few pounds of sodium vapor ejected from the rocket shines brightly, scientists believe it will confirm existence of the sodium layer in the ionosphere. For technical reasons, scientists said, the ejected sodium would not glow or produce light if released lower, or in the absence of a natural sodium layer in the sky.
The experiment also may provide data, according to Dr. Homer Newell of the Naval Research Laboratory, for the satellite which the United States proposes to launch by 1957. The satellite, rocket-propelled, will rise above the bonds of gravity and circle the earth at an altitude of between 200 and 300 miles.
A somewhat similar project was tried last winter, with no results, the Air Force said.
The Research and Development Command of the Air Force was “scooped” on its own announcement by a Briton, Professor D. R. Bates, of Queen’s University, Belfast. It was the second time in a week that an American project had been announced abroad before it was released here. On Thursday, while a battery of scientists were briefing White House reporters on plans for the satellite, a Belgian scientist announced the American project in Brussels.
Professor Bates said he had proposed a similar experiment to the British Royal Society, which is joining the United States and Russia in attempts to explore outer space.
Dr. Newell, chief of the rocket-sonde branch of the Naval Research Laboratory, in commenting on Professor Bates’ revelation, noted that it is an Air Force project, research on which is being conducted at Cambridge, Mass. The Atomic Energy Commission said it was not participating in the project.
Later, a spokesman for the Air Force Research Center at Cambridge said the rocket will be fired during the week of Oct. 14 to an altitude of twenty to sixty miles above the earth’s surface, depending on weather conditions. He said the Aerobee has climbed as high as 152 miles.

VISIBILITY—
100 MILES
EASTWARD
UNITED
STATES
NEW
MEXICO
PACIFIC
OCEAN
GULF OF MEXICO

Herald Tribune—United Press artist’s sketch showing how rocket will be shot up by United States scientists to produce artificial “moonlight.”

U.N. Control of Moon Plans
Urged to Allay War Fears

A call for United Nations coordination of the launching of satellites into outer space to allay fears that the experiments mask military projects was issued yesterday by Clark M. Eichelberger, executive director of the American Association for the United Nations.
In a communication to officers and chapters of the association, Mr. Eichelberger noted that President Eisenhower and American scientists have emphasized the peacetime role of the plan to send up a satellite within three years. He also mentioned their intention to share the scientific information gained with other nations.
“Unfortunately,” Mr. Eichelberger said, “we cannot help but be reminded that our greatest rivals, the Russians, announced some time ago that they were striving to set up a space satellite and that it would be the beginning of experiments leading to interplanetary flights. Friendly and healthy competition between the scientists and the dreamers of all countries is healthy. But intense rivalry with some possible military objective in view is dangerous.
“Wants to Allay Fears
“The program should be handled in such a way as to allay the fears of both peoples and governments that what is being done for peaceful purposes does not mask military projects capable of frightful destruction.”
Mr. Eichelberger suggested that the United States, which proposed a U. N. agency for the peaceful use of the atom, “follow this precedent by proposing to other nations that they pool their information and to the greatest extent the actual experimentation in the launching of an earth satellite, and suggest that this be done through the United Nations.”

May Use Grenade

LONDON, Aug. 3.—Professor Bates, who will lead one of five university groups taking part in British rocket research programs, said today there are difficulties in releasing sodium vapor. Boiling of the metal to release the vapor has been suggested but has proved troublesome, he declared.
“The Americans may release a grenade from a rocket which, on exploding, would vaporize the metal,” he said.
The upper atmosphere contains one part in a billion of sodium which produces a great deal of the light in the air, he explained, and by greatly increasing the amount he believed a “full moon” effect would be created.
He considers that the experiment would provide much information about the winds at extreme height, the temperature of the atmosphere and the chemical reactions going on in it.
The Royal Society, leading body of British scientists, disclosed that Britain is entering the field of exploring the earth’s upper atmosphere with high-altitude rockets. The British announcement added that a similar program has been started in France.
The Royal Society announcement said: “It is very desirable that work should be carried out in other countries, to obtain data under different conditions and locations and employing different techniques.”

Monument Study Bill

WASHINGTON, Aug. 3.—President Eisenhower today signed a bill authorizing an investigation to determine the advisability of erecting a battle monument in Brooklyn in honor of 256 Maryland soldiers killed there during the Revolutionary War.

Chilean Peso

SANTIAGO, Aug. 3.—The slumping peso dropped to an unprecedented low against the United States dollar on the Chilean free market.",0.41362460477148605,121.11,"2
Entered at the Post Office of New York as Second-Class Mail Matter
NEW YORK HERALD TRIBUNE, THURSDAY

To Test Sodium in Ionosphere
‘Full Moon’ Rocket Explosion in October

By James E. Warner

WASHINGTON, Aug. 3.—The United States Air Force hopes to explode a sodium-vapor rocket sixty miles above the earth’s surface this autumn, rivaling the light of a full moon at twilight, the Air Force announced today.

The projectile will be launched from Holloman Air Force Base, New Mexico, during the week of Oct. 14. It will be an Aerobee rocket, sisters of which have reached an altitude of 152 miles. Other rockets have attained a height of 250 miles.

Purpose of the experiment is, first, to find if there is a layer of sodium long suspected in the upper atmosphere, and second, to find how thick it is.

If the few pounds of sodium vapor ejected from the rocket shine brightly, scientists believe it will confirm existence of the sodium layer in the ionosphere. For technical reasons, scientists said, the ejected sodium would not glow or produce light if released lower, or in the absence of a natural sodium layer in the sky.

SODIUM VAPOR GLOW MAY RIVAL MOON;
The experiment also may provide data, according to Dr. Homer Newell of the Naval Research Laboratory, for the satellite which the United States proposes to launch by 1957. The satellite, rocket-propelled, will rise above the bounds of gravity and circle the earth at an altitude of between 200 and 300 miles.

A somewhat similar project was tried last winter, with no results, the Air Force said.

The Research and Development Command of the Air Force was “scooped” on its own announcement by a Briton, Professor D. R. Bates, of Queen’s University, Belfast. It was the second time in a week that an American project had been announced abroad before it was released here. On Thursday, while a battery of scientists were briefing White House reporters on plans for the satellite, a Belgian scientist announced the American project in Brussels.

VISIBILITY—100 MILES EASTWARD
UNITED STATES
NEW MEXICO
PACIFIC OCEAN
GULF OF MEXICO

Herald Tribune–United
Artist’s sketch showing how rocket will be shot up by United States scientists to produce artificial “moonlight.”

Dr. Newell, chief of the rocket-sonde branch of the Naval Research Laboratory, in commenting on Professor Bates’ revelation, noted that it is an Air Force project, research on which is being conducted at Cambridge, Mass. The Atomic Energy Commission said it was not participating in the project.

Later, a spokesman for the Air Force Research Center at Cambridge said the rocket will be fired during the week of Oct. 14 to an altitude of twenty to sixty miles above the earth’s surface, depending on weather conditions. He said the Aerobee has climbed as high as 152 miles.

May Use Grenade

LONDON, Aug. 3—Professor Bates, who will lead one of five university groups taking part in British rocket research programs, said today there are difficulties in releasing sodium vapor. Boiling of the metal to release the vapor has been suggested but has proved troublesome, he declared.

“The Americans may release a grenade from a rocket which, on exploding, would vaporize the metal,” he said.

The upper atmosphere contains one part in a billion of sodium, which produces a great deal of the light in the air, he explained, and by greatly increasing the amount he believed a “full moon” effect would be created.

He considers that the experiment would provide much information about the winds at extreme height, the temperature of the atmosphere and the chemical reactions going on in it.

The Royal Society, leading body of British scientists, disclosed that Britain is entering the field of exploring the earth’s upper atmosphere with high-altitude rockets. The British announcement added that a similar program has been started in France.

The Royal Society announcement said: “It is very desirable that work should be carried out in other countries, to obtain data under different conditions and locations and employing different techniques.”

U.N. Control of Moon Plans Urged to Allay War Fears

A call for United Nations coordination of the launching of satellites into outer space to allay fears that the experiments mask military projects was issued yesterday by Clark M. Eichelberger, executive director of the American Association for the United Nations.

Mr. Eichelberger noted that President Eisenhower and American scientists have emphasized the peacetime role of the plan to send up a satellite within three years. He also mentioned their intention to share the scientific information gained with other nations.

“Unfortunately,” Mr. Eichelberger said, “we cannot help but be reminded that our greatest rivals, the Russians, announced some time ago that they were striving to set up a space satellite and that it would be the beginning of experiments leading to interplanetary flights.

“Friendly and healthy competition between the scientists and the dreamers of all countries is healthy. But intense rivalry with some possible military objective in view is dangerous.

“Wants to Allay Fears

“The program should be handled in such a way as to allay the fears of both peoples and governments that what is being done for peaceful purposes does not mask military projects capable of frightful destruction.”

Mr. Eichelberger suggested that the United States, which proposed a U. N. agency for the peaceful use of the atom, “follow this precedent by proposing to other nations that they pool their information and to the greatest extent the actual experimentation in the launching of an earth satellite; suggest that this be done through the United Nations.”

3 New Planes for Air Force

WASHINGTON—

The Air Force development contracts [for] new supersonic [aircraft], including long-range interceptor expected to 1,300 miles an hour. Contracts also call for program support for light bomb[ers]. These contracts [include] long-range [projects].

Two Fighter-Bombers

1. Interceptor project.

2. Fighter-bomber—Republic Aviation Corp., Farmingdale, L. I., and North American Aviation, Inc., Los Angeles.

3. Tactical equipment—Glenn L. Martin, Baltimore, and Douglas Aircraft Co., Santa Monica, now produce jet [...]

Monument Study Bill

WASHINGTON, Aug. 3—President Eisenhower today signed a bill authorizing an investigation to determine the advisability of erecting a battle monument in Brooklyn in honor of 256 Maryland soldiers killed there during the Revolutionary War.

Chilean Peso

SANTIAGO, Aug.—The slumping peso dropped to an unprecedented low. United States [...] the Chilean fre[...]",0.20896809427996552,163.0,"2
Entered at the Post Office of New York as Second-Class Mail Matter
NEW YORK HERALD TRIBUNE, THURSDAY

To Test Sodium in Ionosphere
'Full Moon' Rocket Explosion in October
By James E. Warner

SODIUM VAPOR GLOW MAY RIVAL MOON;

WASHINGTON, Aug. 3.—The United States Air Force hopes to explode a sodium-vapor rocket sixty miles above the earth's surface this autumn, rivaling the light of a full moon at twilight, the Air Force announced today.

The projectile will be launched from Holloman Air Force Base, New Mexico, during the week of Oct. 14. It will be an Aerobee rocket, sisters of which have reached an altitude of 152 miles. Other rockets have attained a height of 250 miles.

Purpose of the experiment is, first, to find if there is a layer of sodium long suspected in the upper atmosphere, and second, to find how thick it is. If the few pounds of sodium vapor ejected from the rocket shines brightly, scientists believe it will confirm existence of the sodium layer in the ionosphere. For technical reasons, scientists said, the ejected sodium would not glow or produce light if released lower, or in the absence of a natural sodium layer in the sky.

The experiment also may provide data, according to Dr. Homer Newell of the Naval Research Laboratory, for the satellite which the United States proposes to launch by 1957. The satellite, rocket-propelled, will rise above the bonds of gravity and circle the earth at an altitude of between 200 and 300 miles.

A somewhat similar project was tried last winter, with no results, the Air Force said.

The Research and Development Command of the Air Force was ""scooped"" on its own announcement by a Briton, Professor D. R. Bates, of Queen's University, Belfast. It was the second time in a week that an American project had been announced abroad before it was released here. On Thursday, while a battery of scientists were briefing White House reporters on plans for the satellite, a Belgian scientist announced the American project in Brussels.

Professor Bates said he had proposed a similar experiment to the British Royal Society, which is joining the United States and Russia in attempts to explore outer space.

Dr. Newell, chief of the rocket-sonde branch of the Naval Research Laboratory, in commenting on Professor Bates' revelation, noted that it is an Air Force project, research on which is being conducted at Cambridge, Mass. The Atomic Energy Commission said it was not participating in the project.

Later, a spokesman for the Air Force Research Center at Cambridge said the rocket will be fired during the week of Oct. 14 to an altitude of twenty to sixty miles above the earth's surface, depending on weather conditions. He said the Aerobee has climbed as high as 152 miles.

VISIBILITY—
100 MILES
EASTWARD

UNITED
STATES

NEW
MEXICO

PACIFIC
OCEAN

GULF OF MEXICO

Herald Tribune—United
Artist's sketch showing how rocket will be shot up by United States scientists to produce artificial ""moonlight.""

U.N. Control of Moon Plans
Urged to Allay War Fears

A call for United Nations coordination of the launching of satellites into outer space to allay fears that the experiments mask military projects was issued yesterday by Clark M. Eichelberger, executive director of the American Association for the United Nations.

In a communication to officers and chapters of the association, Mr. Eichelberger noted that President Eisenhower and American scientists have emphasized the peacetime role of the plan to send up a satellite within three years. He also mentioned their intention to share the scientific information gained with other nations.

""Unfortunately,"" Mr. Eichelberger said, ""we cannot help but be reminded that our greatest rivals, the Russians, announced some time ago that they were striving to set up a space satellite and that it would be the beginning of experiments leading to interplanetary flights.

""Friendly and healthy competition between the scientists and the dreamers of all countries is healthy. But intense rivalry with some possible military objective in view is dangerous.

Wants to Allay Fears
""The program should be handled in such a way as to allay the fears of both peoples and governments that what is being done for peaceful purposes does not mask military projects.""

Mr. Eichelberger suggested that the United States, which proposed a U. N. agency for the peaceful use of the atom, ""follow this precedent by proposing to other nations that they pool their information and to the greatest extent the actual experimentation in the launching of an earth satellite—suggest that this be done through the United Nations.""

Monument Study Bill

WASHINGTON, Aug. 3.—President Eisenhower today signed a bill authorizing an investigation to determine the advisability of erecting a battle monument in Brooklyn in honor of 256 Maryland soldiers killed there during the Revolutionary War.

May Use Grenade

LONDON, Aug. 3.—Professor Bates, who will lead one of five university groups taking part in British rocket research programs, said today there are difficulties in releasing sodium vapor. Boiling of the metal to release the vapor has been suggested but has proved troublesome, he declared.

""The Americans may release a grenade from a rocket which, on exploding, would vaporize the metal,"" he said.

The upper atmosphere contains one part in a billion of sodium which produces a great deal of the light in the air, he explained, and by greatly increasing the amount he believed a ""full moon"" effect would be created.

He considers that the experiment would provide much information about the winds at extreme height, the temperature of the atmosphere and the chemical reactions going on in it.

The Royal Society, leading body of British scientists, disclosed that Britain is entering the field of exploring the earth's upper atmosphere with high-altitude rockets. The British announcement added that a similar program has been started in France.

The Royal Society announcement said: ""It is very desirable that work should be carried out in other countries, to obtain data under different conditions and locations and employing different techniques.""

3 New Plane Contracts For Air Force

WASHINGTON—The Air Force development contracts including long- interceptor expected to 1,300 miles an hour. Contracts also call, long-range Corp. Aircraft, and North American, Inc., Los Angeles interceptor production.

Two Fighter-Bombers
2. Fighter-bomber
Bent-Republic
Farmingdale, L. I.
American Aviation
produce fighter-bomber
support.

3. Tactical
ment—Glenn L.
Baltimore, and
Co., Santa Monica
now produce jet",0.43661971830985913,148.67,"2
Entered at the Post Office of New York As Second-Class Mail Matter
NEW YORK HERALD TRIBUNE. THURSDAY
To Test Sodium in Ionosphere
Full Moon' Rocket Explosion in October
By James E. Warner

WASHINGTON, Aug. 3.-The
SODIUM VAPOR GLOW MAY RIVAL MOON;
United States Air Force hopes
to explode a sodium-vapor rocket
sixty miles above the earth's
surface this autumn, rivaling
the light of a full moon at twi-
light, the Air Force announced
today.
The projectile will be launched
from Holloman Air Force Base,
New Mexico, during the week
of Oct. 14. It will be an Aerobee
rocket, sisters of which have
reached an altitude of 152 miles.
Other rockets have attained a
height of 250 miles.
Purpose of the experiment is,
first, to find if there is a layer
of sodium long suspected in the
upper atmosphere, and second,
to find how thick it is.
If the few pounds of sodium
vapor ejected from the rocket
shines brightly. scientists be-
lieve it will confirm existence of
the sodium layer in the iono-
sphere. For technical reasons,
scientists said, the ejected so-
dium would not glow or pro-
duce light if released lower, or
in the absence of a natural so-
dium layer in the sky.
The experiment also may pro-
vide data, according to Dr.
Homer Newell of the Naval Re-
search Laboratory, for the
satellite which the United
States proposes to launch by
1957. The satellite, rocket-pro-
pelled, will rise above the bonds
of gravity and circle the earth
at an altitude of between 200
and 300 miles.
A somewhat similar project
was tried last winter, with no
results, the Air Force said.
The Research and Develop-
ment Command of the Air Force
was ""scooped"" on its own an-
nouncement by a Briton, Profes-
sor D. R. Bates, of Queen's Uni-
versity, Belfast. It was the sec-
ond time in a week that an
American project had been an-
nounced abroad before it was
released here. On Thursday,
while a battery of scientists were
briefing White House reporters
on plans for the satellite, a
Belgian scientist announced the
American project in Brussels.
Professor Bates said he had
proposed a similar experiment
to the British Royal Society,
which is joining the United
States and Russia in attempts
to explore outer space.
Dr. Newell, chief of the rocket
sonde branch of the Naval Re-
search Laboratory, in comment-
ing on Professor Bates' revela-
tion, noted that it is an Air Force
project, research on which is be-
ing conducted at Cambridge,
Mass. The Atomic Energy Com-
mission said it was not partici-
pating in the project.
Later, a spokesman for the
Air Force Research Center at
Cambridge said the rocket will
be fired during the week of Oct.
14 to an altitude of twenty to
sixty miles above the earth's
surface, depending on weather
conditions. He said the Aerobee
has climbed as high as 152 miles.

VISIBILITY-
100 MILES
EASTWARD

UNITED
STATES

NEW
MEXICO

PACIFIC
OCEAN

GULF OF MEXICO

Herald Tribune-United
Artist's sketch showing how rocket will be shot up by United States scien-
tists to produce artificial ""moonlight.""

U.N. Control of Moon Plans
Urged to Allay War Fears
WASHINGTON
A call for United Nations co-
ordination of the launching of
satellites into outer space to
allay fears that the experiments
mask military projects was is-
sued yesterday by Clark M.
Eichelberger, executive director
of the American Association for
the United Nations.
Mr. Eichelberger pointed out
that a precedent exists in the
proposed special U. N. agency
for the peaceful use of atomic
energy and suggested a similar
agency to supervise interna-
tional satellite launchings.
Quotes Eisenhower's View
In a communication to officers
and chapters of the association,
Mr. Eichelberger noted that
President Eisenhower and Amer-
ican scientists have emphasized
the peacetime role of the plan
to send up a satellite within
three years. He also mentioned
their intention to share the
scientific information gained
with other nations.
""Unfortunately,"" Mr. Eichel-
berger said, ""we cannot help but
be reminded that our greatest
rivals, the Russians, announced
some time ago that they were
striving to set up a space satel-
lite and that it would be the
beginning of experiments lead-
ing to interplanetary flights.
""Friendly and healthy compe-
tition between the scientists and
the dreamers of all countries is
healthy. But intense rivalry
with some possible military ob-
jective in view is dangerous.
Wants to Allay Fears
""The program should be han-
dled in such a way as to
allay the fears of both peoples
and governments that what is
being done for peaceful purposes
does not mask military projects
capable of frightful destruction.
Mr. Eichelberger suggested that
the United States, which pro-
posed a U. N. agency for the
peaceful use of the atom, ""fol-
low this precedent by proposing
to other nations that they pool
their information and to the
greatest extent the actual ex-
perimentation in the launching
of an earth satellite. Sug-
gest that this be done through
the United Nations.""

May Use Grenade
LONDON, Aug. 3—Pro-
fessor Bates, who will lead one of
five university groups taking part
in British rocket research pro-
grams, said today there are diff-
iculties in releasing sodium vapor.
Boiling of the metal to release
the vapor has been suggested
but has proved troublesome, he
declared.
""The Americans may release
a grenade from a rocket which,
on exploding, would vaporize the
metal,"" he said.
The upper atmosphere con-
tains one part in a billion of
sodium which produces a great
deal of the light in the air, he
explained, and by greatly in-
creasing the amount he believed
a ""full moon"" effect would be
created.
He considers that the experi-
ment would provide much infor-
mation about the winds at ex-
treme height, the temperature of
the atmosphere and the chemical
reactions going on in it.
The Royal Society, leading
body of British scientists, dis-
closed that Britain is entering
the field of exploring the earth's
upper atmosphere with high al-
titude rockets. The British an-
nouncement added that a similar
program has been started in
France.
The Royal Society announce-
ment said: ""It is very desirable
that work should be carried out
in other countries, to obtain
data under different conditions
and locations and employing dif-
ferent techniques.""

3 New Planes
For Air Force
WASHINGTON
The Air Force
development con-
tracts also call for
new supersonic
including long-
range
tor expected to
1,300 miles an h
tradts also call, 1
Cong-range
Corp.
Aircraft,
and North Am-
erican, Inc. Los
Angelo
interveptor prod
Two Fighter-Bo
2. Fighter-bc
Bent-Republic
Farmingdale, 1
American Aviat-
duce fighter-bor
support.
3. Tactical
ment-Gienn 1
Baltimora, and
Co., Santa Mor
now produce je

Monument Study Bill
WASHINGTON, Aug. 3—
President Eisenhower today
signed a bill authorizing an in-
vestigation to determine the ad-
visability of erecting a battle
monument in Brooklyn in honor
of 256 Maryland soldiers killed
there during the Revolutionary
War.

Chilean Peso
SANTIAGO, A
slumping peso d
precedented low
United States
the Chilean fre",0.4124768551488392,224.66,"2
Entered at the Post Office of New York as Second-Class Mail Matter
NEW YORK HERALD TRIBUNE, THURSDAY

To Test Sodium in Ionosphere; 'Full Moon' Rocket Explosion in October
By James E. Warner

SODIUM VAPOR GLOW MAY RIVAL MOON

WASHINGTON, Aug. 3.—The United States Air Force hopes to explode a sodium-vapor rocket sixty miles above the earth's surface this autumn, rivaling the light of a full moon at twi-
light, the Air Force announced today.

The projectile will be launched from Holloman Air Force Base, New Mexico, during the week of Oct. 14. It will be an Aerobee rocket, sisters of which have reached an altitude of 152 miles. Other rockets have attained a height of 250 miles.

Purpose of the experiment is, first, to find if there is a layer of sodium long suspected in the upper atmosphere, and second, to find how thick it is. If the few pounds of sodium vapor ejected from the rocket shines brightly, scientists be-
lieve it will confirm existence of the sodium layer in the iono-
sphere. For technical reasons, scientists said, the ejected so-
dium would not glow or pro-
duce light if released lower, or in the absence of a natural so-
dium layer in the sky.

The experiment also may pro-
vide data, according to Dr. Homer Newell of the Naval Re-
search Laboratory, for the satellite which the United States proposes to launch by 1957. The satellite, rocket-pro-
pelled, will rise above the bonds of gravity and circle the earth at an altitude of between 200 and 300 miles.

A somewhat similar project was tried last winter, with no results, the Air Force said.

The Research and Develop-
ment Command of the Air Force was ""scooped"" on its own an-
nouncement by a Briton, Profes-
sor D. R. Bates, of Queen's Uni-
versity, Belfast. It was the sec-
ond time in a week that an American project had been an-
nounced abroad before it was released here. On Thursday, while a battery of scientists were briefing White House reporters on plans for the satellite, a Belgian scientist announced the American project in Brussels.

Professor Bates said he had proposed a similar experiment to the British Royal Society, which is joining the United States and Russia in attempts to explore outer space.

Dr. Newell, chief of the rocket-
sonde branch of the Naval Re-
search Laboratory, in comment-
ing on Professor Bates' revela-
tion, noted that it is an Air Force project, research on which is be-
ing conducted at Cambridge,
Mass. The Atomic Energy Com-
mission said it was not partici-
pating in the project.

Later a spokesman for the Air Force Research Center at Cambridge said the rocket will be fired during the week of Oct. 14 to an altitude of twenty to sixty miles above the earth's surface, depending on weather conditions. He said the Aerobee has climbed as high as 152 miles.

VISIBILITY—
100 MILES
EASTWARD

UNITED
STATES

NEW
MEXICO

PACIFIC
OCEAN

GULF OF MEXICO

Herald Tribune—United Press
Artist's sketch showing how rocket will be shot up by United States scien-
tists to produce artificial ""moonlight.""

May Use Grenade

LONDON, Aug. 3.—Professor Bates, who will lead one of five university groups taking part in British rocket research pro-
grams, said today there are diff-
iculties in releasing sodium vapor. Boiling of the metal to release the vapor has been suggested but has proved troublesome, he declared.

""The Americans may release a grenade from a rocket which, on exploding, would vaporize the metal,"" he said.

The upper atmosphere con-
tains one part in a billion of sodium which produces a great deal of the light in the air, he explained, and by greatly in-
creasing the amount he believed a ""full moon"" effect would be created.

He considers that the experi-
ment would provide much infor-
mation about the winds at ex-
treme height, the temperature of the atmosphere and the chemical reactions going on in it.

The Royal Society, leading body of British scientists, dis-
closed that Britain is entering the field of exploring the earth's upper atmosphere with high al-
titude rockets. The British an-
nouncement added that a similar program has been started in France.

The Royal Society announce-
ment said: ""It is very desirable that work should be carried out in other countries, to obtain data under different conditions and locations and employing dif-
ferent techniques.""

U.N. Control of Moon Plans Urged to Allay War Fears

A call for United Nations co-
ordination of the launching of satellites into outer space to allay fears that the experiments mask military projects was is-
sued yesterday by Clark M. Eichelberger, executive director of American Association for the United Nations.

In a communication to officers and chapters of the association, Mr. Eichelberger noted that President Eisenhower and Amer-
ican scientists have emphasized the peacetime role of the plan to send up a satellite within three years. He also mentioned their intention to share the scientific information gained with other nations.

""Friendly and healthy compe-
tition between the scientists and the dreamers of all countries is healthy. But intense rivalry with some possible military ob-
jective in view is dangerous.

""The program should be handled in such a way as to allay the fears of both peoples and governments that what is being done for peaceful purposes does not mask military projects capable of frightful destruction,"" Mr. Eichelberger suggested, adding that the United States, which pro-
posed a U. N. agency for the peaceful use of the atom, ""fol-
low this precedent by proposing to other nations that they pool their information and to the greatest extent the actual ex-
perimentation in the launching of an earth satellite; suggest that this be done through the United Nations.""

3 New Planes for Air Force

WASHINGTON.—The Air Force development con-
tracts for new supersonic—
including long-
interceptor expected to
1,300 miles an hour.
These contracts also call
program should
for light bom-
Long-range
Corp.
Aircraft,
and North Am-
Inc., Los Angeles.

Two Fighter-Bombers

2. Fighter-bombers—
Republic,
Farmingdale, L. I.
American Aviat-
duce fighter-bom-
support.

3. Tactical
ment—Glenn L.
Baltimore, and
Co., Santa Mon-
now produce jet—

Monument Study Bill

WASHINGTON, Aug. 3.—
President Eisenhower today signed a bill authorizing an in-
vestigation to determine the ad-
visability of erecting a battle monument in Brooklyn in honor of 256 Maryland soldiers killed there during the Revolutionary War.

Chilean Peso

SANTIAGO, Aug. 3.—The slumping peso dropped to an un-
precedented low—
the Chilean fre—",0.24978442081057775,87.75
28937600,"(3031)
UNCLASSIFIED
HEADQUARTERS FIRST ARMY
(41)
GOVERNORS ISLAND, NEW YORK 4, N.Y.
MCS/ak
AHFKB-OPN
APR 18 1950
SUBJECT: Unconventional Aircraft.
TO:
Commanding General
Air Materiel Command
Wright-Patterson Air Force Base
Dayton, Ohio
ATTN: Director of Intelligence
The attached inclosures are forwarded for your information, evaluation and appropriate action.
WILLIAM LAYER
Colonel, General Staff Corps
Assistant Chief of Staff, G-2
Incls:
Cy ltr fr Sig Corps Center, Ft. Monmouth, dtd 3 Apr 50, subject as above, w/6 incls. thereto.
DOWNGRADED AT 3 YEAR INTERVALS; DECLASSIFIED AFTER 12 YEARS
UNCLASSIFIED",0.04234527687296417,63.96,"(3031)
UNCLASSIFIED
HEADQUARTERS FIRST ARMY
GOVERNORS ISLAND, NEW YORK 4, N.Y.
MCS/ak
AHFKB-OPN
APR 18 1950
SUBJECT: Unconventional Aircraft.
TO:
Commanding General
Air Materiel Command
Wright-Patterson Air Force Base
Dayton, Ohio
ATTN: DIRECTOR OF INTELLIGENCE
The attached inclosures are forwarded for your information, evaluation and appropriate action.
WILLIAM LAYER
Colonel, General Staff Corps
Assistant Chief of Staff, G-2
Incls:
Cy ltr fr Sig Corps Center & Ft. Monmouth,
dtd 3 Apr 50, subject as above, w/6 incls. thereto.
DOWNGRADED AT 3 YEAR INTERVALS: DECL. AFTER 12 YEARS
UNCLASSIFIED",0.04234527687296417,16.08,"(3031)
UNCLASSIFIED
HEADQUARTERS FIRST ARMY
GOVERNORS ISLAND, NEW YORK 4, N.Y.

MCS/ak
AHFKB-OPN
APR 18 1950

SUBJECT: Unconventional Aircraft.

TO:
Commanding General
Air Materiel Command
Wright-Patterson Air Force Base
Dayton, Ohio
ATTN: Director of Intelligence

The attached inclosures are forwarded for your information, evaluation, and appropriate action.

WILLIAM LAYER
Colonel, General Staff Corps
Assistant Chief of Staff, G-2

Incl:
Cy ltr fr Signal Corps Center and Fort Monmouth, dtd 3 Apr 50, subject as above, w/6 incls thereto.

DOWNGRADED AT 3-YEAR INTERVALS:
DECL. AFTER 12 YEARS
UNCLASSIFIED",0.06351791530944625,31.44,"(3031)
UNCLASSIFIED
HEADQUARTERS FIRST ARMY
GOVERNORS ISLAND, NEW YORK 4, N.Y.

MCS/ak
AHFKB-OPN
APR 18 1950

SUBJECT: Unconventional Aircraft.

TO:
Commanding General
Air Materiel Command
Wright-Patterson Air Force Base
Dayton, Ohio

ATTN: DIRECTOR OF INTELLIGENCE

The attached inclosures are forwarded for your information,
evaluation and appropriate action.

WILLIAM LAYER
Colonel, General Staff Corps
Assistant Chief of Staff, G-2

Incls:
Cy ltr fr Signal Corps Center, Fort Monmouth,
dtd 3 Apr 50, subject as above, w/6 incls thereto.

DOWNGRADED AT 3 YEAR INTERVALS; DECLASSIFIED AFTER 12 YEARS
UNCLASSIFIED",0.04560260586319218,30.21,"(3031)
UNCLASSIFIED
HEADQUARTERS FIRST ARMY
GOVERNORS ISLAND, NEW YORK 4, N.Y.

MCS/ak
AHFKB-OPN
APR 18 1950

SUBJECT: Unconventional Aircraft.

TO:
Commanding General
Air Materiel Command
Wright-Patterson Air Force Base
Dayton, Ohio
ATTN: Director of Intelligence

The attached inclosures are forwarded for your information,
evaluation and appropriate action.

WILLIAM LAYER
Colonel, General Staff Corps
Assistant Chief of Staff, G-2

Incls:
Cy ltr fr Sig Corps Center, Ft. Monmouth, dtd 3 Apr 50, subject as above, w/6 incls. thereto.

DOWNGRADED AT 3 YEAR INTERVALS: DECLASSIFIED AFTER 12 YEARS
UNCLASSIFIED",0.03257328990228013,46.8,"(3031)
UNCLASSIFIED
HEADQUARTERS FIRST ARMY
GOVERNORS ISLAND, NEW YORK 4, N.Y.

MCS/ak
AHFKB-OPN
APR 18 1950

SUBJECT: Unconventional Aircraft.

TO:
Commanding General
Air Materiel Command
Wright-Patterson Air Force Base
Dayton, Ohio
ATTN: DIRECTOR OF INTELLIGENCE

The attached inclosures are forwarded for your information, evaluation and appropriate action.

WILLIAM LAYER
Colonel, General Staff Corps
Assistant Chief of Staff, G-2

Incls:
Cy ltr fr Sig Corps
Center & Ft. Monmouth,
dtd 3 Apr 50, subject
as above, w/6 incls.
thereto.

DOWNGRADED AT 3 YEAR INTERVALS; 
DECL. AFTER 12 YEARS

UNCLASSIFIED",0.043973941368078175,25.5,"(3031)
UNCLASSIFIED
HEADQUARTERS FIRST ARMY
41)
GOVERNORS ISLAND, NEW YORK 4, N.Y.
MCS/ak
AHFKB-OPN
APR 18 1950
SUBJECT: Unconventional Aircraft.
TO:
Commanding General
Air Materiel Command
Wright-Patterson Air Force Base
Dayton, Ohio
ATTN: DIRECTOR OF INTELLIGENCE
The attached inclosures are forwarded for your information,
evaluation and appropriate action.
WILLIAM LAYER
Colonel, General Staff Corps
Assistant Chief of Staff, G-2
Incls:
Cy ltr fr Sig Corps
Center & Ft. Monmouth,
dtd 3 Apr 50, subject
as above, w/6 incls.
thereto.
DOWNGRADED AT 3 YEAR INTERVALS:
DECL. ASSIVIFR
YFADS
UNCLASSIFIED",0.05863192182410423,61.03,"(3031)
UNCLASSIFIED
HEADQUARTERS FIRST ARMY
GOVERNORS ISLAND, NEW YORK 4, N.Y.
MCS/ak
AHFKB-OPN
APR 18 1950
SUBJECT: Unconventional Aircraft.
TO:
Commanding General
Air Materiel Command
Wright-Patterson Air Force Base
Dayton, Ohio
ATTN: DIRECTOR OF INTELLIGENCE
The attached inclosures are forwarded for your information,
evaluation and appropriate action.
WILLIAM LAYER
Colonel, General Staff Corps
Assistant Chief of Staff, G-2
Incls:
Cy ltr fr Sig Corps
Center & Ft. Monmouth,
dtd 3 Apr 50, subject
as above, w/6 incls.
thereto.
DOWNGRADED AT 3 YEAR INTERVALS:
DECL. ASSIVIFR
YFADS
UNCLASSIFIED",0.05211726384364821,30.92,"(3031)
UNCLASSIFIED
HEADQUARTERS FIRST ARMY
41)
GOVERNORS ISLAND, NEW YORK 4, N.Y.

MCS/ak
AHFKB-OPN
APR 18 1950

SUBJECT: Unconventional Aircraft.

TO:
Commanding General
Air Materiel Command
Wright-Patterson Air Force Base
Dayton, Ohio
ATTN: DIRECTOR OF INTELLIGENCE

The attached inclosures are forwarded for your information,
evaluation and appropriate action.

WILLIAM LAYER
Colonel, General Staff Corps
Assistant Chief of Staff, G-2

Incls:
Cy ltr fr Sig Corps
Center & Ft. Monmouth,
dtd 3 Apr 50, subject
as above, w/6 incls.
thereto.

DOWNGRADED AT 3 YEAR INTERVALS:
DECLASSIFIED

UNCLASSIFIED",0.06026058631921824,45.36
28967827,"PAGE TWO RJEDEN 16
(5) (A) QK 4653 PD
(A) COLORADO GUARD AT ROCKY FLATS PD
AURORA
COLORADO GUARD AT ROCKY FLATS (0830Z)
DENVER COLORADO GUARD AT ROCKY FLATS (0830Z) - OBS
(B) N/A PD
(7) (A) CLEAR AND CALM (B) SURFACE TWO HUNDRED DEGREES THIRTEEN KNOTS
SIX THOUSAND FEET ONE NINE ZERO DEGREES TWENTY KNOTS
TEN THOUSAND FEET TWO HUNDRED DEGREES ELEVEN KNOTS
SIXTEEN THOUSAND FEET TWO SIX ZERO DEGREES ELEVEN KNOTS
TWENTY THOUSAND FEET ZERO THREE ZERO DEGREES ELEVEN KNOTS
THIRTY THOUSAND FEET ONE SEVEN ZERO DEGREES NINE KNOTS
FIFTY THOUSAND FEET TWO EIGHT ZERO DEGREES THIRTY KNOTS PD
(C) NONE PD
(D) UNLIMITED PD
(E) NONE PD
(F) NONE PD
(8) SEE ELEVEN PD
(9) NONE PD
PAGE THREE RJEDEN 16
(10) UNKNOWN PD
(11) ASSISTANT OPERATIONS CONTROL OFFICER PROBABLY METEORS PD
(12) NONE PD
04/0806Z
BT
OCT RJEDEN",0.0603448275862069,41.37,"PAGE TWO RJEDEN 16
(5) (A) QK 4653.
(6) (A)
COLORADO GUARD AT ROCKY FLATS.
AURORA.
COLORADO GUARD AT ROCKY FLATS (0830Z).
PP
S
DENVER COLORADO GUARD AT ROCKY FLATS (0830Z) - OBS.
(B) N/A.
(7) (A) CLEAR AND CALM. (B) SURFACE TWO HUNDRED DEGREES THIRTEEN KNOTS
SIX THOUSAND FEET ONE NINE ZERO DEGREES TWO ZERO KNOTS
TEN THOUSAND FEET TWO HUNDRED DEGREES ELEVEN KNOTS
SIXTEEN THOUSAND FEET TWO SIX ZERO DEGREES ELEVEN KNOTS
TWENTY THOUSAND FEET ZERO THREE ZERO DEGREES ELEVEN KNOTS
THIRTY THOUSAND FEET ONE SEVEN ZERO DEGREES NINE KNOTS
FIFTY THOUSAND FEET TWO EIGHT ZERO DEGREES THIRTY KNOTS.
(C) NONE.
(D) UNLIMITED.
(E) NONE.
(F) NONE.
(8) SEE ELEVEN.
(9) NONE.
PAGE THREE RJEDEN 16
(10) UNKNOWN.
(11) ASSISTANT OPERATIONS CONTROL OFFICER PROBABLY METEORS.
(12) NONE.
04/0806Z
BT
OCT RJEDEN",0.10714285714285714,56.52,"PAGE TWO RJEDEN 16
(5) (A) QK 4653 PD
: (A)
COLORADO GUARD AT ROCKY
FLATS PD 3
AURORA
COLORADO GUARD AT ROCKY FLATS (0830Z)
PP
S
DENVER COLORADO GUARD AT ROCKY FLATS (0830Z) - OBS
(B) N/A PD
(7) (A) CLEAR AND CALM (3) SURFACE TWO HUNDRED DEGREES
THIRTEEN KNOTS
SIX THOUSAND FEET ONE NINE ZERO DEGREES
TWO ZERO KNOTS
TEN THOUSAND FEET TWO HUNDRED DEGREES
ELEVEN KNOTS
SIXTEEN THOUSAND FEET TWO SIX ZERO DEGREES
ELEVEN KNOTS
TWENTY THOUSAND FEET ZERO THREE ZERO DEGREES
ELEVEN KNOTS
THIRTY THOUSAND FEET ONE SEVEN ZERO DEGREES
NINE KNOTS
FIFTY THOUSAND FEET TWO EIGHT ZERO DEGREES
THIRTY KNOTS PD
(C) NONE PD
(D) UNLIMITED PD
(E) NONE PD
(F) NONE PD
(8) SEE ELEVEN PD
(9) NONE PD
PAGE THREE RJEDEN 16
(10) UNKNOWN PD
(11) ASSISTANT OPERATIONS CONTROL OFFICER PROBABLY METEORS PD
(12) NONE PD
04/0806Z
BT
OCT RJEDEN",0.0603448275862069,56.63,"PAGE TWO RJEDEN 16
(5) (A) QK 4653.
(A) COLORADO GUARD AT ROCKY FLATS.
AURORA.
COLORADO GUARD AT ROCKY FLATS (0830Z).
DENVER COLORADO GUARD AT ROCKY FLATS (0830Z).
(B) N/A.
(7) (A) CLEAR AND CALM.
(B) SURFACE TWO HUNDRED DEGREES THIRTEEN KNOTS.
SIX THOUSAND FEET ONE NINE ZERO DEGREES TWENTY KNOTS.
TEN THOUSAND FEET TWO HUNDRED DEGREES ELEVEN KNOTS.
SIXTEEN THOUSAND FEET TWO SIX ZERO DEGREES ELEVEN KNOTS.
TWENTY THOUSAND FEET ZERO THREE ZERO DEGREES ELEVEN KNOTS.
THIRTY THOUSAND FEET ONE SEVEN ZERO DEGREES NINE KNOTS.
FIFTY THOUSAND FEET TWO EIGHT ZERO DEGREES THIRTY KNOTS.
(C) NONE.
(D) UNLIMITED.
(E) NONE.
(F) NONE.
(8) SEE ELEVEN.
(9) NONE.
PAGE THREE RJEDEN 16
(10) UNKNOWN.
(11) ASSISTANT OPERATIONS CONTROL OFFICER: PROBABLY METEORS.
(12) NONE.
04/08062
BT
OCT RJEDEN",0.12192118226600986,41.47,"PAGE TWO RJEDEN 16
(5) (A) QK 4653 PD
(A)
COLORADO GUARD AT ROCKY FLATS PD
AURORA
COLORADO GUARD AT ROCKY FLATS (0830Z) PD
DENVER COLORADO GUARD AT ROCKY FLATS (0830Z) PD
(B) N/A PD
(7) (A) CLEAR AND CALM
(B) SURFACE TWO HUNDRED DEGREES THIRTEEN KNOTS
SIX THOUSAND FEET ONE NINE ZERO DEGREES TWENTY KNOTS
TEN THOUSAND FEET TWO HUNDRED DEGREES ELEVEN KNOTS
SIXTEEN THOUSAND FEET TWO SIX ZERO DEGREES ELEVEN KNOTS
TWENTY THOUSAND FEET ZERO THREE ZERO DEGREES ELEVEN KNOTS
THIRTY THOUSAND FEET ONE SEVEN ZERO DEGREES NINE KNOTS
FIFTY THOUSAND FEET TWO EIGHT ZERO DEGREES THIRTY KNOTS PD
(C) NONE PD
(D) UNLIMITED PD
(E) NONE PD
(F) NONE PD
(8) SEE ELEVEN PD
(9) NONE PD
PAGE THREE RJEDEN 16
(10) UNKNOWN PD
(11) ASSISTANT OPERATIONS CONTROL OFFICER PROBABLY METEORS PD
(12) NONE PD
04/0806Z
BT
OCT RJEDEN",0.06527093596059114,57.95,"PAGE TWO RJEDEN 16
(5) (A) QK 4653.
(A) COLORADO GUARD AT ROCKY FLATS.
AURORA.
COLORADO GUARD AT ROCKY FLATS (38302).
DENVER COLORADO GUARD AT ROCKY FLATS (0830Z) - OBS.
(B) N/A.
(7) (A) CLEAR AND CALM.
(3) SURFACE TWO HUNDRED DEGREES THIRTEEN KNOTS.
SIX THOUSAND FEET ONE NINE ZERO DEGREES TWENTY KNOTS.
TEN THOUSAND FEET TWO HUNDRED DEGREES ELEVEN KNOTS.
SIXTEEN THOUSAND FEET TWO SIX ZERO DEGREES ELEVEN KNOTS.
TWENTY THOUSAND FEET ZERO THREE ZERO DEGREES ELEVEN KNOTS.
THIRTY THOUSAND FEET ONE SEVEN ZERO DEGREES NINE KNOTS.
FIFTY THOUSAND FEET TWO EIGHT ZERO DEGREES THIRTY KNOTS.
(C) NONE.
(D) UNLIMITED.
(E) NONE.
(F) NONE.
(8) SEE ELEVEN.
(9) NONE.
PAGE THREE RJEDEN 16
(10) UNKNOWN.
(11) ASSISTANT OPERATIONS CONTROL OFFICER: PROBABLY METEORS.
(12) NONE.
04/0806Z
BT
OCT RJEDEN",0.1206896551724138,54.99,"PAGE TWO RJEDEN 16
(5) (A) QK 4653 PD
(A)
COLORADO GUARD AT ROCKY
FLATS PD 3
AURORA
COLORADO GUARD AT ROCKY FLATS (38302)
PP
S
DENVER COLORADO GUARD AT ROCKY FLATS (0830Z) - OS
(B) N/A PD
(7) (A) CLEAR AND CALM (3) SURFACE TWO HUNDRED DEGREES
THIRTEEN KNOTS
SIX THOUSAND FEET ONE NINE ZERO DEGREES
TWO ZERO KNOTS
TEN THOUSAND FEET TWO HUNDRED DEGREES
ELEVEN KNOTS
SIXTEEN THOUSAND FEET TWO SIX ZERO DEGREES
ELEVEN KNOTS
TWENTY THOUSAND FEET ZERO THREE ZERO DEGREES
ELEVEN KNOTS
THIRTY THOUSAND FEET ONE SEVEN ZERO DEGREES
NINE KNOTS
FIFTY THOUSAND FEET TWO EIGHT ZERO DEGREES
THIRTY KNOTS PD
(C) NONE PD
(D) UNLIMITED PD
(E) NONE PD
(F) NONE PD
(8) SEE ELEVEN PD
(9) NONE PD
PAGE THREE RJEDEN 16
(10) UNKNOWN PD
(11) ASSISTANT OPERATIONS CONTROL OFFICER PROBABLY METEORS PD
(12) NONE PD
04/0806Z
BT
OCT RJEDEN",0.05788177339901478,67.38,"PAGE TWO RJEDEN 16
(5) (A) QK 4653 PD
(A) COLORADO GUARD AT ROCKY FLATS PD
AURORA COLORADO GUARD AT ROCKY FLATS (38302)
DENVER COLORADO GUARD AT ROCKY FLATS (0830Z) - OBS
(B) N/A PD
(7) (A) CLEAR AND CALM
(B) SURFACE TWO HUNDRED DEGREES THIRTEEN KNOTS
SIX THOUSAND FEET ONE NINE ZERO DEGREES TWO ZERO KNOTS
TEN THOUSAND FEET TWO HUNDRED DEGREES ELEVEN KNOTS
SIXTEEN THOUSAND FEET TWO SIX ZERO DEGREES ELEVEN KNOTS
TWENTY THOUSAND FEET ZERO THREE ZERO DEGREES ELEVEN KNOTS
THIRTY THOUSAND FEET ONE SEVEN ZERO DEGREES NINE KNOTS
FIFTY THOUSAND FEET TWO EIGHT ZERO DEGREES THIRTY KNOTS PD
(C) NONE PD
(D) UNLIMITED PD
(E) NONE PD
(F) NONE PD
(8) SEE ELEVEN PD
(9) NONE PD
PAGE THREE RJEDEN 16
(10) UNKNOWN PD
(11) ASSISTANT OPERATIONS CONTROL OFFICER PROBABLY METEORS PD
(12) NONE PD
04/0806Z
BT
OCT RJEDEN",0.050492610837438424,64.31,"PAGE TWO RJEDEN 16
(5) (A) QK 4653 PD
: (A)
COLORADO GUARD AT ROCKY FLATS PD 3
AURORA
COLORADO GUARD AT ROCKY FLATS (0830Z)
pp
S
DENVER COLORADO GUARD AT ROCKY FLATS (0830Z) - obs
(B) N/A PD
(7) (A) CLEAR AND CALM (3) SURFACE TWO HUNDRED DEGREES
THIRTEEN KNOTS
SIX THOUSAND FEET ONE NINE ZERO DEGREES
TWO ZERO KNOTS
TEN THOUSAND FEET TWO HUNDRED DEGREES
ELEVEN KNOTS
SIXTEEN THOUSAND FEET TWO SIX ZERO DEGREES
ELEVEN KNOTS
TWENTY THOUSAND FEET ZERO THREE ZERO DEGREES
ELEVEN KNOTS
THIRTY THOUSAND FEET ONE SEVEN ZERO DEGREES
NINE KNOTS
FIFTY THOUSAND FEET TWO EIGHT ZERO DEGREES
THIRTY KNOTS PD
(C) NONE PD
(D) UNLIMITED PD
(E) NONE PD
(F) NONE PD
(8) SEE ELEVEN PD
(9) NONE PD
PAGE THREE RJEDEN 16
(10) UNKNOWN PD
(11) ASSISTANT OPERATIONS CONTROL OFFICER PROBABLY METEORS PD
(12) NONE PD
04/0806Z
BT
OCT RJEDEN",0.0603448275862069,48.53
28992103,"PAGE THREE REVERSE 27A
DAY
DUTY OBSERVER:
41° NORTH, 121 DEGREES 57' WEST.
CALIF.
TEL
1. CLEAR
2. Sfc: 010/25 KTS; 1241 310/15 KTS; 10% 353/15 KTS
2019: 330/20-25 KTS; TTS: 40%; MTS: 50%; 300/05 KTS
282/25 KTS; 240/35 KTS
3. CEILING NONE
4. VISIBILITY 8 MILES
5. NONE
6. NONE
7. PHENOMENON: GROUND FOG OFFSHORE 7 MILES.
REPORTED (102021) PRECLUDED ATTEMPTED INTERCEPT.
CONDITIONS WERE
PAGE 27A
CAPT AUSTIN, ASST BASE OPERATIONS
AFB, CALIF. SIGHTING NOT INVESTIGATED DUE TO THE
DISTANCE OF SITE FROM HAMILTON AFB. ABOVE INFORMATION WAS
PASSED TO SAN FRANCISCO AIR DEF SECTOR INT OFFICE WITHIN 32 MIN OF
RECEIPT.
1-720172",0.38028169014084506,151.82,"PAGE THREE REVISED 27A
DATE OF OBSERVATION:
IN NORTH, 121 DEGREES 57 W. LONG.
IN, CALIF.
TEL
1. CLEAR
2. SFC: 010/25 KTS; 1241 310/15 KTS; 10%. 353715 KTS
2019: 330/20175 KTS; 40% KTS; 5011: 300705 KTS
282725 KTS; 240735
3. CEILING NONE
4. VISIBILITY 8 MILES
5. NONE
6. NONE
7.
PHENOMENON: GROUND FOG OFF SHORE 7 MILES.
REPORTED (10/20/21) PRECLUDED ATTEMPTED INTERCEPT
CALLS IN AREA
PAGE 27A
CAPT AUSTIN, ASST BASE OPERATIONS
AFB, CALIF. SIGHTING NOT INVESTIGATED DUE TO THE
OF SITE FROM HAMILTON AFB. ABOVE INFORMATION WAS
PASSED TO SAN FRANCISCO AIR DEF SECTOR INT OFFICE WITHIN 32 MIN
OF RECEIPT.
172017Z",0.36032863849765256,116.94,"PAGE THREE REVISED 27A
DAY OR OBSERVER:
IN NORTH, 121 DEGREES 57 W; CALIF.
TEL
1. CLEAR
2. WIND: 010/25 KTS; 310/15 KTS; 10,000' 357/15 KTS; 20,000' 330/20 KTS; 300/05 KTS; 282/25 KTS; 240/35 KTS
3. CEILING NONE
4. VISIBILITY 8 MILES
5. NONE
6. NONE
7. PHENOMENON: GROUND FOG OFFSHORE 7 MILES.
REPORTED CONDITIONS PRECLUDED ATTEMPTED INTERCEPT
COASTAL AREA

PAGE 27A
CAPT AUSTIN, ASST BASE OPERATIONS
AFB, CALIF. SIGHTING NOT INVESTIGATED DUE TO THE DISTANCE OF SITE FROM HAMILTON AFB. ABOVE INFORMATION WAS PASSED TO SAN FRANCISCO AIR DEF SECTOR INT OFFICE WITHIN 32 MIN OF RECEIPT.
172017Z",0.39906103286384975,90.63,"PAGE THREE REVISED 27A
DAY OR NIGHT: DAY
LOCATION: 121 DEGREES 57 W, CALIF.
TEL
1. CLEAR
2. WINDS: SFC 010/25 KTS; 1200 310/15 KTS; 10000 353/15 KTS; 20000 330/20 KTS; 30000 300/05 KTS; 28000 25 KTS; 24000 35 KTS
3. CEILING NONE
4. VISIBILITY 8 MILES
5. NONE
6. NONE
7.
PHENOMENON: GROUP OF UFO OFFSHORE 7 MILES.
REPORTED (10/20/21) PRECLUDED ATTEMPTED INTERCEPT
CALLS IN AREA
PAGE 27A
CAPT AUSTIN, ASST BASE OPERATIONS
AFB, CALIF. SIGHTING NOT INVESTIGATED DUE TO THE
DISTANCE OF SITE FROM HAMILTON AFB. ABOVE INFORMATION WAS
PASSED TO SAN FRANCISCO AIR DEF SECTOR INT OFFICE WITHIN 32 MIN
OF RECEIPT.
1.
1.720172",0.40492957746478875,89.6,"PAGE THREE REVISED 27A
DAY
OBSERVERS:
LAT 37N, 121 DEGREES 57 W, CALIF.
TEL
1. CLEAR
2. 010/25 KTS; 1241 310/15 KTS; 10%; 3537 15 KTS; 2019 330/20 175; 40%; 5011; 3007 05 KTS; 2827 25 KTS; 2407 35
3. CEILING NONE
4. VISIBILITY 8 MILES
5. NONE
6. NONE
7.
PHENOMENON: GROUP OF UFO OFFSHORE 7 MILES.
REPORTED (102021) PRECLUDED ATTEMPTED INTERCEPT

PAGE 27A
CAPT AUSTIN, ASST BASE OPERATIONS
AFB, CALIF. SIGHTING NOT INVESTIGATED DUE TO THE DISTANCE OF SITE FROM HAMILTON AFB. ABOVE INFORMATION WAS PASSED TO SAN FRANCISCO AIR DEF SECTOR INT OFFICE WITHIN 32 MIN OF RECEIPT.
1.720172",0.4166666666666667,100.47,"PAGE THREE REVERSE 27A
DAY OR NIGHT
OBSERVER:
38 NORTH, 121 DEGREES 57 W, CALIF.
TEL

1. CLEAR
2. WIND: SFC 010/25 KTS; 1200 310/15 KTS; 10,000 350/15 KTS; 20,000 330/20 KTS; 30,000 300/05 KTS
3. CEILING NONE
4. VISIBILITY 8 MILES
5. NONE
6. NONE
7.

PHENOMENON: GROUP OF UFOs OFFSHORE 7 MILES. REPORTED CONDITIONS PRECLUDED ATTEMPTED INTERCEPT.
PAGE 27A
CAPT AUSTIN, ASST BASE OPERATIONS
AFB, CALIF. SIGHTING NOT INVESTIGATED DUE TO THE DISTANCE OF SITE FROM HAMILTON AFB. CALL-INS WERE PASSED TO SAN FRANCISCO AIR DEFENSE SECTOR INTELLIGENCE OFFICE WITHIN 32 MINUTES OF RECEIPT.
1-720172",0.45892018779342725,70.24,"PAGE THREE REVISED 27A
DAY OR OBSERVER:
IN NORTH, 121 DEGREES 57 W; JUST IN CALIF.
TEL
1. CLEAR
2. SFC: 010/25 KTS: 1241 310/15 KTS: 10% 3537 15 KTS
2019: 330/20175: KTS: 40% KTS: 5011: 300705 KTS
282725 KTS: 240735
3. CEILING NONE
4. VISIBILITY 8 MILES
5. NONE
6. NONE
7.
PHENOMENON: GROUP OF UFO OFF SHORE 7 MILES.
REPORTED (102021) PRECLUDED ATTEMPTED INTERCEPT
CALLS ON AREA
PAGE 27A
CAPT AUSTIN, ASST BASE OPERATIONS
AFB, CALIF. SIGHTING NOT INVESTIGATED DUE TO THE
DISTANCE OF SITE FROM HAMILTON AFB. ABOVE INFORMATION WAS
PASSED TO SAN FRANCISCO AIR DEF SECTOR, INT OFFICE, WITHIN 32 MIN
OF RECEIPT.
1.
1.720172",0.3732394366197183,77.52,"PAGE THREE REVISED 27A
DAY
OF OBSERVER:
IN NORTH, 121 DEGREES 57 W: JUST
in, CALIF.
TEL
1. CLEAR
2. SI.: 010/25 KTS: 1241 310/15 KTS: 10%. 353715 KTS
2019: 330/20175: KTS: 40% KTS: 5011: 300705 KTS
282725 KTS: 240735
3. CEILING NONE
4. VISIBILITY 8 MILES
5. NONE
6. NONE
7.
PHENOMENON: GROUP OF UFO OFF SHORE 7 MILES.
REPORTED (102021) PRECLUDED ATTEMPTED INTERCEPT
CALLONS AREA
PAGE 27A
CAPT AUSTIN, ASST BASE OPERATIONS
AFB, CALIF. SIGHTING NOT INVESTIGATED DUE TO THE
OF SITE FROM HAMILTON AFB. ABOVE INFORMATION WAS
PASSED TO SAN FRANCISCO AIR DEF SECTOR INT OFFICE WITHIN 32 MIN
RECEIPT.
1.
1.720172",0.3591549295774648,104.24,"PAGE THREE REVISED 27A
DAY
or OBSERVER
:
IN NORTH, 121 DEGREES 57 W: JUST.
in, CALIF.
TEL
1. CLEAR
2. 010/25 KTS: 1241 310/15 KTS: 10%. 353715 KTS
2019: 330/20175: TTS: 40% MTS: 5011: 300705 KTS
282725 KTS: 240735
3. CEILING NONE
4. VISIBILITY 8 MILES
5. NONE
6. NONE
7.
PHENOMENON: GROUND FOG OFF SHORE 7 MILES.
REPORTED (102021) PRECLUDED ATTEMPTED INTERCEPT
CONDITIONS WERE
PAGE 27A
CAPT AUSTIN. ASST BASE OPERATIONS
AFB, CALIF. SIGHTING NOT INVESTIGATED DUE TO THE
OF SITE FROM HAMILTON AFB. ABOVE INFORMATION WAS
PASSED TO SAN FRANCISCO AIR DEF SECT. INT OFFICE WITHIN 32 MIN OF
RECEIPT.
1.
1.720172",0.3685446009389671,82.54
28993442,"U.S. AIR FORCE TECHNICAL INFORMATION SHEET
This questionnaire has been prepared so that you can give the U.S. Air Force as much information as possible concerning the unidentified aerial phenomenon that you have observed. Please try to answer as many questions as you possibly can. The information that you give will be used for research purposes, and will be regarded as confidential material. Your name will not be used in connection with any statements, conclusions, or publications without your permission. We request this personal information so that, if it is deemed necessary, we may contact you for further details.

1. When did you see the object?
2. Time of day: 0:00
Hour
Minutes
12th
JULY
Day
Month
Year
(Circle One):
A.M.
or
P.M.

3. Time Zone:
(Circle One): a. Eastern b. Central c. Mountain d. Pacific e. Other
(Circle One): a. Daylight Saving b. Standard

4. Where were you when you saw the object?
Florida
Nearest Postal Address
City or Town
State or Country
Additional remarks:

5. How long was the object in sight?
3
Hours
Minutes
Seconds

5.1 How was time in sight determined?
a. Certain
b. Fairly certain
c. Not very sure
d. Just a guess

6. What was the condition of the sky?
DAY
a. Bright
b. Cloudy
NIGHT
a. Bright
b. Cloudy

7. If you saw the object during DAYLIGHT, where was the SUN located as you looked at the object?
(Circle One): a. In front of you b. In back of you c. To your right d. To your left e. Overhead f. Don't remember

ATIC FORM 164 FEB 60
This form supersedes ATIC 164, 13 Oct 54",0.05859117840684661,40.45,"U.S. AIR FORCE TECHNICAL INFORMATION SHEET
This questionnaire has been prepared so that you can give the U.S. Air Force as much
information as possible concerning the unidentified aerial phenomenon that you have observed.
Please try to answer as many questions as you possibly can. The information that you give will
be used for research purposes, and will be regarded as confidential material. Your name will
not
be used in connection with any statements, conclusions, or publications without your permission.
We request this personal information so that, if it is deemed necessary, we may contact you for
further details.
1. When did you see the object?
2. Time of day: 0:00
Hour
Minutes
12th
July
Day
Month
Year
(Circle One):
A.M.
or
P.M.
3. Time Zone:
(Circle One): a. Eastern b. Central c. Mountain d. Pacific e. Other
(Circle One): a. Daylight Saving b. Standard
4. Where were you when you saw the object?
Florida
Nearest Postal Address
City or Town
State or Country
Additional remarks:
5. How long was the object in sight?
3
Hours
Minutes
Seconds
5.1 How was time in sight determined?
a. Certain
b. Fairly certain
c. Not very sure
d. Just a guess
6. What was the condition of the sky?
DAY
a. Bright
b. Cloudy
NIGHT
a. Bright
b. Cloudy
7. If you saw the object during DAYLIGHT, where was the SUN located as you looked at the object?
(Circle One): a. In front of you b. In back of you c. To your right d. To your left e. Overhead f. Don't remember
ATIC FORM
FEB 60
164 This form supersedes ATIC 164, 1300544",0.04937458854509546,21.1,"U.S. AIR FORCE TECHNICAL INFORMATION SHEET
This questionnaire has been prepared so that you can give the U.S. Air Force as much
information as possible concerning the unidentified aerial phenomenon that you have observed.
Please try to answer as many questions as you possibly can. The information that you give will
be used for research purposes, and will be regarded as confidential material. Your name will
not be used in connection with any statements, conclusions, or publications without your permission.
We request this personal information so that, if it is deemed necessary, we may contact you for
further details.
1. When did you see the object?
2. Time of day: 0.00
Hour
Minutes
12th
JULY
Day
Month
Year
(Circle One):
A.M.
or
P.M.
3. Time Zone:
(Circle One): a. Eastern b. Central c. Mountain d. Pacific e. Other
(Circle One): a. Daylight Saving b. Standard
4. Where were you when you saw the object?
Nearest Postal Address
City or Town
State or Country
Florida
Additional remarks:
5. How long was object in sight?
3
Hours
Minutes
Seconds
5.1 How was time in sight determined?
a. Certain
b. Fairly certain
c. Not very sure
d. Just a guess
6. What was the condition of the sky?
DAY
a. Bright
b. Cloudy
NIGHT
a. Bright
b. Cloudy
7. If you saw the object during DAYLIGHT, where was the SUN located as you looked at the object?
(Circle One): a. In front of you b. In back of you c. To your right d. To your left e. Overhead f. Don't remember
ATIC
FORM
FEB
60
164 This form supersedes ATIC 164, 1300544",0.041474654377880185,38.76,"U.S. AIR FORCE TECHNICAL INFORMATION SHEET
This questionnaire has been prepared so that you can give the U.S. Air Force as much
information as possible concerning the unidentified aerial phenomenon that you have observed.
Please try to answer as many questions as you possibly can. The information that you give will
be used for research purposes, and will be regarded as confidential material. Your name will
not be used in connection with any statements, conclusions, or publications without your permission.
We request this personal information so that, if it is deemed necessary, we may contact you for
further details.

1. When did you see the object?

2. Time of day: 0.00
Hour
Minutes
12th
JULY
Day
Month
Year
(Circle One):
A.M.
or
P.M.

3. Time Zone:
(Circle One): a. Eastern
b. Central
c. Mountain
d. Pacific
e. Other

(Circle One): a. Daylight Saving
b. Standard

4. Where were you when you saw the object?
Florida
Nearest Postal Address
City or Town
State or Country
Additional remarks:

5. How long was object in sight?
3
Hours
Minutes
Seconds

5.1 How was time in sight determined?
a. Certain
b. Fairly certain
c. Not very sure
d. Just a guess

6. What was the condition of the sky?
DAY
a. Bright
b. Cloudy
NIGHT
a. Bright
b. Cloudy

7. If you saw the object during DAYLIGHT, where was the SUN located as you looked at the object?
(Circle One): a. In front of you
b. In back of you
c. To your right
d. To your left
e. Overhead
f. Don't remember

ATIC FORM 164
FEB 60
This form supersedes ATIC Form 164, 1300544",0.06056616194865043,20.78,"U.S. AIR FORCE TECHNICAL INFORMATION SHEET
This questionnaire has been prepared so that you can give the U.S. Air Force as much
information as possible concerning the unidentified aerial phenomenon that you have observed.
Please try to answer as many questions as you possibly can. The information that you give will
be used for research purposes, and will be regarded as confidential material. Your name will not
be used in connection with any statements, conclusions, or publications without your permission.
We request this personal information so that, if it is deemed necessary, we may contact you for
further details.
1. When did you see the object?
2. Time of day: 0.00
Hour
Minutes
12th
JULY
Day
Month
Year
(Circle One):
A.M.
or
P.M.
3. Time Zone:
(Circle One): a. Eastern
b. Central
c. Mountain
d. Pacific
e. Other
(Circle One): a. Daylight Saving
b. Standard
4. Where were you when you saw the object?
Florida
Nearest Postal Address
City or Town
State or Country
Additional remarks:
5. How long was the object in sight?
3
Hours
Minutes
Seconds
5.1 How was time in sight determined?
a. Certain
b. Fairly certain
c. Not very sure
d. Just a guess
6. What was the condition of the sky?
DAY
a. Bright
b. Cloudy
NIGHT
a. Bright
b. Cloudy
7. If you saw the object during DAYLIGHT, where was the SUN located as you looked at the object?
(Circle One): a. In front of you
b. In back of you
c. To your right
d. To your left
e. Overhead
f. Don't remember
ATIC
FORM 164
FEB 60
This form supersedes ATIC Form 164, 13 Oct 54",0.06188281764318631,48.8,"U.S. AIR FORCE TECHNICAL INFORMATION SHEET
This questionnaire has been prepared so that you can give the U.S. Air Force as much information as possible concerning the unidentified aerial phenomenon that you have observed. Please try to answer as many questions as you possibly can. The information that you give will be used for research purposes, and will be regarded as confidential material. Your name will not be used in connection with any statements, conclusions, or publications without your permission. We request this personal information so that, if it is deemed necessary, we may contact you for further details.

1. When did you see the object?

2. Time of day: 0:00
Hour
Minutes
12th
JULY
Day
Month
Year
(Circle One): A.M. or P.M.

3. Time Zone:
(Circle One): a. Eastern b. Central c. Mountain d. Pacific e. Other
(Circle One): a. Daylight Saving b. Standard

4. Where were you when you saw the object?
Florida
Nearest Postal Address
City or Town
State or Country
Additional remarks:

5. How long was object in sight?
3
Hours
Minutes
Seconds

5.1 How was time in sight determined?
a. Certain
b. Fairly certain
c. Not very sure
d. Just a guess

6. What was the condition of the sky?
DAY
a. Bright
b. Cloudy
NIGHT
a. Bright
b. Cloudy

7. IF you saw the object during DAYLIGHT, where was the SUN located as you looked at the object?
(Circle One): a. In front of you b. In back of you c. To your right d. To your left e. Overhead f. Don't remember

ATIC FORM FEB 60 164
This form supersedes ATIC 164, 1300544",0.05200789993416721,105.47,"U.S. AIR FORCE TECHNICAL INFORMATION SHEET
This questionnaire has been prepared so that you can give the U.S. Air Force as much
information as possible concerning the unidentified aerial phenomenon that you have observed.
Please try to answer as many questions as you possibly can. The information that you give will
be used for research purposes, and will be regarded as confidential material. Your name will
not be used in connection with any statements, conclusions, or publications without your permission.
We request this personal information so that, if it is deemed necessary, we may contact you for
further details.

1. When did you see the object?
12th
JULY
Day
Month
Year

2. Time of day: 0.00
Hour
Minutes
(Circle One):
A.M.
or
P.M.

3. Time Zone:
(Circle One): a. Eastern b. Central c. Mountain d. Pacific e. Other
(Circle One): a. Daylight Saving b. Standard

4. Where were you when you saw the object?
Nearest Postal Address
City or Town
State or Country
Florida
Additional remarks:

5. How long was object in sight?
3
Hours
Minutes
Seconds

5.1 How was time in sight determined?
a. Certain
b. Fairly certain
c. Not very sure
d. Just a guess

6. What was the condition of the sky?
DAY
a. Bright
b. Cloudy
NIGHT
a. Bright
b. Cloudy

7. If you saw the object during DAYLIGHT, where was the SUN located as you looked at the object?
(Circle One): a. In front of you b. In back of you c. To your right d. To your left e. Overhead f. Don't remember

ATIC
FORM
FEB
60
164 This form supersedes ATIC 164, 1300544",0.01184990125082291,39.85,"U.S. AIR FORCE TECHNICAL INFORMATION SHEET
This questionnaire has been prepared so that you can give the U.S. Air Force as much
information as possible concerning the unidentified aerial phenomenon that you have observed.
Please try to answer as many questions as you possibly can. The information that you give will
be used for research purposes, and will be regarded as confidential material. Your name will
not
be used in connection with any statements, conclusions, or publications without your permission.
We request this personal information so that, if it is deemed necessary, we may contact you for
further details.
1. When did you see the object?
Day      12th
Month    JULY
Year
2. Time of day: 0.00
Hour
Minutes
(Circle One):
A.M.
or
P.M.
3. Time Zone:
(Circle One): a. Eastern  b. Central  c. Mountain  d. Pacific  e. Other
(Circle One): a. Daylight Saving  b. Standard
4. Where were you when you saw the object?
Nearest Postal Address
City or Town
State or Country  Florida
Additional remarks:
5. How long was object in sight?
3
Hours
Minutes
Seconds
5.1 How was time in sight determined?
a. Certain
b. Fairly certain
c. Not very sure
d. Just a guess
6. What was the condition of the sky?
DAY
a. Bright
b. Cloudy
NIGHT
a. Bright
b. Cloudy
7. IF you saw the object during DAYLIGHT, where was the SUN located as you looked at the object?
(Circle One): a. In front of you
b. In back of you
c. To your right
d. To your left
e. Overhead
f. Don't remember
ATIC
FORM
FEB
60
164
This form supersedes ATIC 164, 1300544",0.02304147465437788,64.8,"U.S. AIR FORCE TECHNICAL INFORMATION SHEET
This questionnaire has been prepared so that you can give the U.S. Air Force as much
information as possible concerning the unidentified aerial phenomenon that you have observed.
Please try to answer as many questions as you possibly can. The information that you give will
be used for research purposes, and will be regarded as confidential material. Your name will
not be used in connection with any statements, conclusions, or publications without your permission.
We request this personal information so that, if it is deemed necessary, we may contact you for
further details.
1. When did you see the object?
2. Time of day: 0.00
Hour
Minutes
12th
JULY
Day
Month
Year
(Circle One): A.M. or P.M.
3. Time Zone:
(Circle One): a. Eastern b. Central c. Mountain d. Pacific e. Other
(Circle One): a. Daylight Saving b. Standard
4. Where were you when you saw the object?
Nearest Postal Address
City or Town
State or Country   Florida
Additional remarks:
5. How long was object in sight?
3
Hours
Minutes
Seconds
5.1 How was time in sight determined?
a. Certain
b. Fairly certain
c. Not very sure
d. Just a guess
6. What was the condition of the sky?
DAY
a. Bright
b. Cloudy
NIGHT
a. Bright
b. Cloudy
7. If you saw the object during DAYLIGHT, where was the SUN located as you looked at the object?
(Circle One): a. In front of you b. In back of you c. To your right d. To your left e. Overhead f. Don't remember
ATIC FORM 164 FEB 60
This form supersedes ATIC 164, 13 Oct 54.",0.05069124423963134,37.3
28950512,"WEST PACIFIC HYDROGRAPHIC Bulletin
October 9, 1952 - 1357 G.M.T., lat. 17°39' N., lon. 169°40' W., meteor, medium brilliance, long blue train. Appeared at altitude 45°, bearing north, traveled horizontally, and disappeared bearing 010°.",0.044897959183673466,38.45,"WEST PACIFIC
HYDROGRAPHIC BULLETIN
October 9, 1952-1357 G.M.T., lat. 17°39' N., lon. 169°40' W.
Meteor, medium brilliance, long blue train. Appeared at altitude 45°, bearing north, traveled horizontally, and disappeared bearing 010°.",0.05714285714285714,27.62,"WEST PACIFIC
HYDROGRAPHIC Bulletin
October 9, 1952—1357 G.M.T., lat. 17°39' N., long. 169°40' W.,
meteor, medium brilliance, long blue train. Appeared at altitude
45° bearing north, traveled horizontally, and disappeared bearing 010°.",0.053061224489795916,35.57,"Oct 52
West Pacific Hydrographic Bulletin
October 9, 1952 — 1357 GMT, lat. 17°39' N., lon. 169°40' W., meteor, medium brilliance, long blue train. Appeared at altitude 45° bearing north, traveled horizontally, and disappeared bearing 010°.",0.024489795918367346,26.22,"WEST PACIFIC
HYDROGRAPHIC BULLETIN

October 9, 1952—1357 G.M.T., lat. 17°39' N., lon. 169°40' W.,
meteor, medium brilliance, long blue train. Appeared at altitude
45° bearing north, traveled horizontally, and disappeared bearing
010°.",0.04897959183673469,16.49,"Oct 52
West Pacific Hydrographic Bulletin
October 9, 1952 - 1357 G.M.T., lat. 17°39' N., long. 169°40' W.,
meteor, medium brilliance, long blue train. Appeared at altitude
45° bearing north, traveled horizontally, and disappeared bearing 010°.",0.0163265306122449,25.5,"p. 52
(
(
WEST PACIFIC
HYDROGRAPHIC Bulletin
October 9, 1952-1357 G. M. T., lat. 17°39' N., lon. 169°40' W.,
meteor, medium brilliance, long blue train. Appeared at altitude
45° bearing north, traveled horizontally, and disappeared bear-
ing 010°.",0.06072874493927125,17.0,"at 52
(
(
WEST PACIFIC
HYDROGRAPHIC Bulletin
October 9, 1952-1357 G.M.T., lat. 17°39' N., lon. 169°40' W.,
Meteor, medium brilliance, long blue train. Appeared at altitude
45° bearing north, traveled horizontally, and disappeared bear-
ing 010°.",0.053061224489795916,50.07,"at 52
WEST PACIFIC
HYDROGRAPHIC Bulletin
October 9, 1952—1357 G.M.T., lat. 17°39' N., lon. 169°40' W.,
meteor, medium brilliance, long blue train. Appeared at altitude
45° bearing north, traveled horizontally, and disappeared bear-
ing 010°.",0.036734693877551024,24.37
28944179,Civilian: 3 officers out of four signed over.,0.6831683168316832,57.6,"Civilian
3 officers
of four signed
over",0.7029702970297029,37.94,"Civilian
3
officers
of four signed
over",0.7029702970297029,37.58,"Civilian
3
officers
of four signed
over",0.7029702970297029,24.27,"Civilian
3
officers
Signature of observer",0.7326732673267327,46.29,"Civilian
3 officers
of four sighted over",0.693069306930693,37.77,"Civilian
3
officers
of four signed
over",0.7029702970297029,13.2,"Civilian
3
officers
of four signed
over",0.7029702970297029,24.47,"Civilian
3
officers
of four signed
over",0.7029702970297029,30.86
28973402,"NATIONAL ARCHIVES MICROFILM PUBLICATIONS
Microfilm Publication T1206
PROJECT BLUE BOOK
Roll 30
Case Files of Individual Sightings
File Nos. 5170-5385
November 16-21, 1957
LITTERA
SCRIPTA
MANET
*
1934
*
THE NATIONAL ARCHIVES
NATIONAL ARCHIVES AND RECORDS SERVICE
GENERAL SERVICES ADMINISTRATION
WASHINGTON: 1976",0.022082018927444796,26.82,"NATIONAL ARCHIVES MICROFILM PUBLICATIONS
Microfilm Publication T1206
PROJECT BLUE BOOK
Roll 30
Case Files of Individual Sightings
File Nos. 5170-5385
November 16-21, 1957
LITTERA SCRIPTA MANET
*
1934
*
THE NATIONAL ARCHIVES
NATIONAL ARCHIVES AND RECORDS SERVICE
GENERAL SERVICES ADMINISTRATION
WASHINGTON: 1976",0.022082018927444796,16.39,"NATIONAL ARCHIVES MICROFILM PUBLICATIONS
Microfilm Publication T1206
PROJECT BLUE BOOK
Roll 30
Case Files of Individual Sightings
File Nos. 5170-5385
November 16-21, 1957
LITTERA SCRIPTA MANET
* 1934 *
THE NATIONAL ARCHIVES
NATIONAL ARCHIVES AND RECORDS SERVICE
GENERAL SERVICES ADMINISTRATION
WASHINGTON: 1976",0.022082018927444796,19.64,"NATIONAL ARCHIVES MICROFILM PUBLICATIONS
Microfilm Publication T1206
PROJECT BLUE BOOK
Roll 30
Case Files of Individual Sightings
File Nos. 5170-5385
November 16-21, 1957
LITTERA SCRIPTA MANET
* 1934 *
THE NATIONAL ARCHIVES
NATIONAL ARCHIVES AND RECORDS SERVICE
GENERAL SERVICES ADMINISTRATION
WASHINGTON: 1976",0.022082018927444796,26.5,"NATIONAL ARCHIVES MICROFILM PUBLICATIONS
Microfilm Publication T1206
PROJECT BLUE BOOK
Roll 30
Case Files of Individual Sightings
File Nos. 5170-5385
November 16-21, 1957
LITTERA SCRIPTA MANET
1934
THE NATIONAL ARCHIVES
NATIONAL ARCHIVES AND RECORDS SERVICE
GENERAL SERVICES ADMINISTRATION
WASHINGTON: 1976",0.03470031545741325,27.03,"NATIONAL ARCHIVES MICROFILM PUBLICATIONS
Microfilm Publication T1206
PROJECT BLUE BOOK
Roll 30
Case Files of Individual Sightings
File Nos. 5170-5385
November 16-21, 1957
LITTERA SCRIPTA MANET
1934
THE NATIONAL ARCHIVES
NATIONAL ARCHIVES AND RECORDS SERVICE
GENERAL SERVICES ADMINISTRATION
WASHINGTON: 1976",0.03470031545741325,18.79,"NATIONAL ARCHIVES MICROFILM PUBLICATIONS
Microfilm Publication T1206
PROJECT BLUE BOOK
Roll 30
Case Files of Individual Sightings
File Nos. 5170-5385
November 16-21, 1957
LITTERA
SCRIPTA
MANET
*
1934
*
THE NATIONAL ARCHIVES
NATIONAL ARCHIVES AND RECORDS SERVICE
GENERAL SERVICES ADMINISTRATION
WASHINGTON: 1976",0.022082018927444796,17.25,"NATIONAL ARCHIVES MICROFILM PUBLICATIONS
Microfilm Publication T1206
PROJECT BLUE BOOK
Roll 30
Case Files of Individual Sightings
File Nos. 5170-5385
November 16-21, 1957
LITTERA SCRIPTA MANET
*
1934
*
THE NATIONAL ARCHIVES
NATIONAL ARCHIVES AND RECORDS SERVICE
GENERAL SERVICES ADMINISTRATION
WASHINGTON: 1976",0.022082018927444796,17.82,"NATIONAL ARCHIVES MICROFILM PUBLICATIONS
Microfilm Publication T1206
PROJECT BLUE BOOK
Roll 30
Case Files of Individual Sightings
File Nos. 5170-5385
November 16-21, 1957
LITTERA SCRIPTA MANET
*
1934
*
THE NATIONAL ARCHIVES
NATIONAL ARCHIVES AND RECORDS SERVICE
GENERAL SERVICES ADMINISTRATION
WASHINGTON: 1976",0.022082018927444796,13.21
28978398,"SPUTNIK 3
EQUATORIAL CROSSINGS
17 MAY 1958
ALL TIMES GIVEN ARE ZULU TIMES

BOSTON
CHICAGO
SAN FRANCISCO
NEW YORK
WASHINGTON
NEW ORLEANS

COMPUTED BY NTPC
FOR OFFICIAL USE ONLY",0.5780346820809249,31.42,"SPUTNIK 3
EQUATORIAL CROSSINGS
17 MAY 1958
ALL TIMES GIVEN ARE ZULU TIMES

BOSTON
CHICAGO
SAN
NEW ORLEANS
WASHINGTON

COMPUTED BY NTPC
FOR OFFICIAL USE ONLY",0.525974025974026,32.26,"SPUTNIK 3
EQUATORIAL CROSSINGS
17 MAY 1958
ALL TIMES GIVEN ARE ZULU TIMES

BOSTON
CHICAGO
SAN JUAN
NEW ORLEANS
WASHINGTON

COMPUTED BY NTPC
FOR OFFICIAL USE ONLY",0.5408805031446541,44.67,"SPUTNIK 3
EQUATORIAL CROSSINGS
17 MAY 1958
ALL TIMES GIVEN ARE ZULU TIMES

BOSTON
CHICAGO
SAN
WASHINGTON
NEW ORLEANS

COMPUTED BY NTPC
FOR OFFICIAL USE ONLY",0.525974025974026,40.84,"SPUTNIK 3
EQUATORIAL CROSSINGS
17 MAY 1958
ALL TIMES GIVEN ARE ZULU TIMES

BOSTON
CHICAGO
SAN
NEW ORLEANS
WASHINGTON

COMPUTED BY NTPC
FOR OFFICIAL USE ONLY",0.525974025974026,27.43,"SPUTNIK 3
EQUATORIAL CROSSINGS
17 MAY 1958
ALL TIMES GIVEN ARE ZULU TIMES

BOSTON
CHICAGO
SAN
NEW
WASHINGTON
NEW ORLEANS

COMPUTED BY NTPC
FOR OFFICIAL USE ONLY",0.5379746835443038,33.08,"SPUTNIK 3
EQUATORIAL CROSSINGS
17 MAY 1958
ALL TIMES GIVEN ARE ZULU TIMES

BOSTON
CHICAGO
SAN
NEW ORLEANS
WASHINGTON

3/1
3/5
3/4
3/3
3/2
3
2/9
2/8
2/6
L
51

COMPUTED BY NTPC
FOR OFFICIAL USE ONLY",0.6217616580310881,69.63,"SPUTNIK 3
EQUATORIAL CROSSINGS
17 MAY 1958
ALL TIMES GIVEN ARE ZULU TIMES
)
00
N
50
BOSTON
CHICAGO
5%
SAN
NEW
WASHINGTON
ORLEANS
a
N
2
o
x
N
2
of
2
O
3/L
3/5
3/4
3/3
3R
3
219
2/8
2/C
L
51
COMPUTED BY NTPC
FOR OFFICIAL USE ONLY",0.6769911504424779,57.96,"SPUTNIK 3
EQUATORIAL CROSSINGS
17 MAY 1958
ALL TIMES GIVEN ARE ZULU TIMES

00
N
50

BOSTON
CHICAGO
SAN
WASHINGTON
NEW ORLEANS

3/L
3/5
3/4
3/3
3R
3
219
2/8
2/C
L
51

COMPUTED BY NTPC
FOR OFFICIAL USE ONLY",0.635,52.73
28961780,"AIR TECHNICAL INTELLIGENCE CENTER WRIGHT-PATTERSON AFB/ATTN ATIAA-207
INFO CNO/DNI
INFO COMNAVEAST/CONAD
212246Z
FM CMDR FLT SVC CNTR MAXWELL AFB ALA
TO COMMANDER ADC ENT AFB COLORADO SPRINGS COLO
HQ USAF CHIEF OF STAFF WASHINGTON 25 DC
INFO COMEASTSEAFRON
(CIRVIS)
2.
ANG 034
3.
PILOT OF ANG 034 SIGHTED LARGE UNIDENTIFIED OBJECT
4. STATE
COLOR SILVER RESEMBLING DELTA WING OVER THE CITY OF
NEW ORLEANS AT 1600C ESTIMATED 15000 FT
OBJECT MOTIONLESS
NONE
21/2246Z APR",0.2125237191650854,94.22,"JEDUPAAR TECHNICAL INTEL. CEN WRIGHT-PATTERSON AFB/ATTN ATIAA-207
INFO BEPU/DNI
ZEN/COMNAVEASTCONAD
Y 212246Z
FM CMDR FLT SVC CTR MAXWELL AFB ALA
TO COMMANDER ADC ENT AFB COLORADO SPRINGS COLO
HQ USAF CHIEF OF STAFF WASHINGTON 25 DC
BEPC/COMEASTSEAFRON
ATTN
(CIRVIS)
2. ANG 034
3.
PILOT OF ANG 034 SIGHTED LARGE UNIDENTIFIED OBJECT
COLOR SILVER RESEMBLING DELTA WING OVER THE CITY OF
NEW ORLEANS AT 1600, ESTIMATED 15000 FT
OBJECT MOTIONLESS
NONE
21/2246Z APR",0.17077798861480076,53.65,"HEADQUARTERS TECHNICAL INTELLIGENCE CENTER WRIGHT-PATTERSON AFB / ATTN: ATI-A-207
INFO DNI
ZEN/COMNAVEAST CONAD
212246Z APR
FM CMDR FLT SVC CNTR MAXWELL AFB ALA
TO COMMANDER ADC ENT AFB COLORADO SPRINGS COLO
INFO HQ CHIEF OF STAFF USAF WASHINGTON 25 DC
INFO COMEASTSEAFRON
CIRVIS
ANG 034
PILOT OF ANG 034 SIGHTED LARGE UNIDENTIFIED OBJECT, COLOR SILVER, RESEMBLING DELTA WING, OVER THE CITY OF NEW ORLEANS AT 1600, ESTIMATED 15000 FT. OBJECT MOTIONLESS. NONE.",0.2732447817836812,83.4,"AIR TECHNICAL INTELLIGENCE CENTER WRIGHT-PATTERSON AFB/ATTN ATIAA-207
INFO BEPU/DNI
ZEN/COMNAVEASTCONAD
Y 212246Z
FM CMDR FLT SVC CNTR MAXWELL AFB ALA
TO COMMANDER ADC ENT AFB COLORADO SPRINGS COLO
HQ CHIEF OF STAFF USAF WASHINGTON 25 DC
INFO COMEASTSEAFRON
1. ATTN (CIRVIS)
2. ANG 034
PILOT OF ANG 034 SIGHTED LARGE UNIDENTIFIED OBJECT
COLOR SILVER RESEMBLING DELTA WING OVER THE CITY OF
NEW ORLEANS AT 16,000 ESTIMATED 15,000 FT
OBJECT MOTIONLESS
NONE
21/2246Z APR",0.19165085388994307,79.01,"AIR TECHNICAL INTELL. CEN WRIGHT-PATTERSON AFB / ATTN ATIAA-207
INFO BEPU/DNI
ZEN/COMNAVEASTCONAD
Y 212246Z
FM CMDR FLT SVC CNTR MAXWELL AFB ALA
TO COMMANDER ADC ENT AFB COLORADO SPRINGS COLO
INFO HQ CHIEF OF STAFF USAF WASHINGTON 25 DC
INFO COMEASTSEAFRON
(CIRVIS)
ANG 034
PILOT OF ANG 034 SIGHTED LARGE UNIDENTIFIED OBJECT
COLOR SILVER RESEMBLING DELTA WING OVER THE CITY OF
NEW ORLEANS AT 16000 ESTIMATED 15000 FT
OBJECT MOTIONLESS
NONE
21/2246Z APR JESYQ",0.18026565464895636,77.24,"HEADQUARTERS, AIR TECHNICAL INTELLIGENCE CENTER, WRIGHT-PATTERSON AFB / ATTN ATIAA-207
INFO CNO/DNI
INFO COMNAVEAST
INFO CONAD
212246Z
FM CMDR FLT SVC CNTR MAXWELL AFB ALA
TO COMMANDER ADC ENT AFB COLORADO SPRINGS COLO
HQ USAF CHIEF OF STAFF WASHINGTON 25 DC
INFO COMEASTSEAFRON
CIRVIS
2.
ANG 034
3.
PILOT OF ANG 034 SIGHTED LARGE UNIDENTIFIED OBJECT
4.
COLOR SILVER RESEMBLING DELTA WING OVER THE CITY OF NEW ORLEANS AT 1600, ESTIMATED 15000 FT
OBJECT MOTIONLESS
NONE
212246Z APR",0.2523719165085389,60.08,"JEDUPAAR TECHNICAL INTEL. CEN WRIGHT-PATTERSON AFB /ATTN ATIAA-207
INFO BEPU/DNI
ZEN/COMNAVEASTCONAD
Y 212246Z
FM CMDR FLT SVC CNTR MAXWELL AFB ALA
TO JEDEN COMMANDER ADC ENT AFB COLORADO SPRINGS COLO
JEPHQ. CHIEF OF STAFF USAF WASHINGTON 25 DC
BEPC/COMEASTSEAFRON
11 atta
(CIRVIS)
2.
ANG 034
3. atemaz
PILOT OF ANG 034 SIGHTED LARGE UNIDENTIFIED OBJECT
4. state
COLOR SILVER RESEMBLING DELTA WING OVER THE CITY OF
NEW ORLEANS AT 16000 ESTIMATED 15000 FT
OBJECT MOTIONLESS
NONE
21/2246Z APR JESYQ
OT in
INNING
NI",0.056925996204933584,66.76,"JEDUPAAR TECHNICAL INTEL. CEN WRIGHT-PATTERSON AFB /ATTN ATIAA-207
INFO BEPU/DNI
ZEN/COMNAVEASTCONAD
Y 212246Z
FM CMDR FLT SVC CNTR MAXWELL AFB ALA
TO JEDEN COMMANDER ADC ENT AFB COLORADO SPRINGS COLO
JEPHQ CHIEF OF STAFF USAF WASHINGTON 25 DC
BEPC/COMEASTSEAFRON
11 atta
(CIRVIS/
2.
ANG 034
3. atemaz
PILOT OF ANG 034 SIGHTED LARGE UNIDENTIFIED OBJECT 4. state
COLOR SILVER RESEMBLING DELTA WING OVER THE CITY OF
NEW ORLEANS AT 16000 ESTIMATED 15000 FT
OBJECT MOTIONLESS
NONE
212246Z APR JESYQ
OT in
INNING
NI",0.056925996204933584,103.63,"JEDUPAAR TECHNICAL INTEL. CEN WRIGHT-PATTERSON AFB / ATTN ATIAA-207
INFO BEPU/DNI
ZEN/COMNAVEASTCONAD
Y 212246Z
FY CMDR FLT SVC CNTR MAXWELL AFB ALA
TO JEDEN COMMANDER ADC ENT AFB COLORADO SPRINGS COLO
JEPHQ. CHIEF OF STAFF USAF WASHINGTON 25 DC
BEPC/COMEASTSEAFRON
11 atta
(CIRVIS)
2.
ANG 034
3. atemaz
PILOT OF ANG 034 SIGHTED LARGE UNIDENTIFIED OBJECT
4. state
COLOR SILVER RESEMBLING DELTA WING OVER THE CITY OF
NEW ORLEANS AT 16000 ESTIMATED 15000 FT
OBJECT MOTIONLESS
NONE
21/2246Z APR JESYQ
OT in
INNING
NI",0.06072106261859583,69.94
28944035,"Chanute Air Force Base
Rantoul, Illinois
12 July 1952
Copy of -

At approximately 2045 hours, one radiosonde balloon with lantern attached was observed traveling towards NNE at an altitude of 1,500-2,000 feet. At approximately 2100 hours, I observed a rocket-like ball of fire (with a short orange or red tail of flame) traveling at a high rate of speed towards the NE. No noise was heard and after about seven (7) seconds, this flare disappeared. There were no other objects noted in the sky at this time.

This observation was made at the rear of building P-103A, at Chanute AFB, Ill.

PAUL T. HANLON
Major, USAF
AO 492045
Chanute AFB, Ill.

COPY
UNCLASSIFIED",0.07272727272727272,33.07,"Chanute Air Force Base
Rantoul, Illinois
12 July 1952
Copy of -

At approximately 2045 hours, one radiosonde balloon with lantern attached was observed traveling towards NNE at an altitude of 1500-2000 feet. At approximately 2100 hours, I observed a rocket-like ball of fire (with a short orange or red tail of flame) traveling at a high rate of speed towards the NE; no noise was heard and after about seven (7) seconds, this flare disappeared. There were no other objects noted in the sky at this time.

This observation was made at the rear of building P-103A, at CHANUTE AFB, Ill.

PAUL T. HANLON
Major, USAF
AO 492045
Chanute AFB, Ill.

COPY
UNCLASSIFIED",0.07121212121212121,30.82,"Force Base
Rantoul, Illinois
12 July 1952
Copy of:
At approximately 2045 hours one radiosonde balloon with lantern attached was observed traveling towards NNE at altitude of 1,500–2,000 feet. At approximately 2100 hours, I observed a rocket-like ball of fire (with a short orange or red tail of flame) traveling at a high rate of speed towards the NE. No noise was heard and after about seven (7) seconds, this flare disappeared. There were no other objects noted in the sky at this time.
This observation was made at the rear of building P-103A, at Chanute AFB, Ill.
PAUL T. HANLON
Major, USAF
AO 492045
Chanute AFB, Ill.
COPY
UNCLASSIFIED",0.05,35.63,"Chanute Air Force Base
Rantoul, Illinois
12 July 1952
Copy of:

At approximately 2045 hours, one radiosonde balloon with lantern attached was observed traveling towards NNE at an altitude of 1,500–2,000 feet. At approximately 2100 hours, I observed a rocket-like ball of fire (with a short orange or red tail of flame) traveling at a high rate of speed towards the NE. No noise was heard and, after about seven (7) seconds, this flare disappeared. There were no other objects noted in the sky at this time.

This observation was made at the rear of building P-103A, at CHANUTE AFB, Ill.

PAUL T. HANLON
Major, USAF
AO 492045
Chanute AFB, Ill.
COPY
UNCLASSIFIED",0.07575757575757576,22.94,"Chanute Air Force Base
Rantoul, Illinois
12 July 1952
Copy of:

At approximately 2045 hours one radiosonde balloon with lantern attached was observed traveling toward NNE at altitude of 1,500-2,000 feet. At approximately 2100 hours, I observed a rocket-like ball of fire (with a short orange or red tail of flame) traveling at a high rate of speed toward the NE. No noise was heard and after about seven (7) seconds, this flare disappeared. There were no other objects noted in the sky at this time.

This observation was made at the rear of building P-103A, at CHANUTE AFB, Ill.

PAUL T. HANLON
Major, USAF
AO 492045
Chanute AFB, Ill.
COPY
UNCLASSIFIED",0.07121212121212121,51.21,"Source Page
Rantoul, Illinois
12 July 1952
Copy of -
At approximately 2045 hours, one radiosonde balloon with lantern attached was observed traveling toward NNE at an altitude of 1,500-2,000 feet. At approximately 2100 hours, I observed a rocket-like ball of fire (with a short orange or red tail of flame) traveling at a high rate of speed toward the NE. No noise was heard and, after about seven (7) seconds, this flare disappeared. There were no other objects noted in the sky at this time.
This observation was made at the rear of building P-103A, at CHANUTE AFB, Ill.
PAUL T. HANLON
Major, USAF
AO 492045
Chanute AFB, Ill.
COPY
UNCLASSIFIED",0.06515151515151515,41.15,"Force Base
Rantoul, Illinois
12 July 1952
Copy of -

At approximately 2045 hours one radiosonde balloon with lantern attached was observed traveling towards NNE at altitude of 1500-2000 feet. At approximately 2100 hours, I observed a rocket-like ball of fire (with a short orange or red tail of flame) traveling at a high rate of speed towards the NE. No noise was heard and after about seven (7) seconds, this flare disappeared. There were no other objects noted in the sky at this time.

This observation was made at the rear of building P-103A,
at CHANUTE AFB, Ill.

PAUL T. HANLON
Major, USAF
AO 492045
Chanute AFB, Ill.

COPY
UNCLASSIFIED",0.045454545454545456,33.73,"Air Force Base
Rantoul, Illinois
12 July 1952
Copy of -

At approximately 2045 hours one radiosonde balloon with lantern attached was observed traveling towards NNE at altitude of 1500-2000 feet. At approximately 2100 hours, I observed a rocket-like ball of fire (with a short orange or red tail of flame) traveling at a high rate of speed towards the NE; no noise was heard and after about seven (7) seconds, this flare disappeared. There were no other objects noted in the sky at this time.
This observation was made at the rear of building P-103A,
at CHANUTE AFB, Ill.
PAUL T. HANLON
Major, USAF
AO 492045
Chanute AFB, Ill.
COPY
UNCLASSIFIED",0.05303030303030303,22.99,"Face Page
Rantoul, Illinois
12 July 1952
Copy of -

At approximately 2045 hours one radiosonde balloon with lantern attached was observed traveling towards NNE at altitude of 1500-2000 feet. At approximately 2100 hours, I observed a rocket-like ball of fire (with a short orange or red tail of flame) traveling at a high rate of speed towards the NE. No noise was heard and after about seven (7) seconds, this flare disappeared. There were no other objects noted in the sky at this time.

This observation was made at the rear of building P-103A,
at CHANUTE AFB, Ill.

PAUL T. HANLON
Major, USAF
AO 492045
Chanute AFB, Ill.
COPY
UNCLASSIFIED",0.051515151515151514,42.2
28998146,"Page 9
U.S. AIR FORCE TECHNICAL INFORMATION SHEET
(SUMMARY DATA)

In order that your information may be filed and coded as accurately as possible, please use
the following space to write out a short description of the event that you observed. You may repeat
information that you have already given in the questionnaire, and add any further comments,
statements, or sketches that you believe are important. Try to present the details of the observation
in the order in which they occurred. Additional pages of the same size paper may be attached
if they are needed.

NAME
CODE: (Do Not Write in This Space)
SIGNATURE
DATE
5/19/62",0.04792332268370607,11.54,"Page 9
U.S. AIR FORCE TECHNICAL INFORMATION SHEET
(SUMMARY DATA)

In order that your information may be filed and coded as accurately as possible, please use
the following space to write out a short description of the event that you observed. You may
repeat information that you have already given in the questionnaire, and add any further comments,
statements, or sketches that you believe are important. Try to present the details of the observation
in the order in which they occurred. Additional pages of the same size paper may be attached
if they are needed.

NAME
(Do Not Write in This Space)
CODE:
SIGNATURE
DATE
5/19/62",0.051118210862619806,13.42,"Page 9
U.S. AIR FORCE TECHNICAL INFORMATION SHEET
(SUMMARY DATA)
In order that your information may be filed and coded as accurately as possible, please use the following space to write out a short description of the event that you observed. You may repeat information that you have already given in the questionnaire, and add any further comments, statements, or sketches that you believe are important. Try to present the details of the observation in the order in which they occurred. Additional pages of the same size paper may be attached if they are needed.
NAME
(Do Not Write in This Space)
CODE:
SIGNATURE
DATE
5/19/62",0.051118210862619806,16.89,"Page 9
U.S. AIR FORCE TECHNICAL INFORMATION SHEET
(SUMMARY DATA)

In order that your information may be filed and coded as accurately as possible, please use the following space to write out a short description of the event that you observed. You may repeat information that you have already given in the questionnaire, and add any further comments, statements, or sketches that you believe are important. Try to present the details of the observation in the order in which they occurred. Additional pages of the same size paper may be attached if they are needed.

NAME
(Do Not Write in This Space)
CODE:
SIGNATURE
DATE
5/19/62",0.051118210862619806,16.51,"Page 9
U.S. AIR FORCE TECHNICAL INFORMATION SHEET
(SUMMARY DATA)

In order that your information may be filed and coded as accurately as possible, please use the following space to write out a short description of the event that you observed. You may repeat information that you have already given in the questionnaire, and add any further comments, statements, or sketches that you believe are important. Try to present the details of the observation in the order in which they occurred. Additional pages of the same size paper may be attached if they are needed.

NAME

(Do Not Write in This Space)

CODE:

SIGNATURE

DATE

5/19/62",0.051118210862619806,11.34,"Page 9
U.S. AIR FORCE TECHNICAL INFORMATION SHEET
(SUMMARY DATA)
In order that your information may be filed and coded as accurately as possible, please use the following space to write out a short description of the event that you observed. You may repeat information that you have already given in the questionnaire, and add any further comments, statements, or sketches that you believe are important. Try to present the details of the observation in the order in which they occurred. Additional pages of the same size paper may be attached if they are needed.
NAME
(Do Not Write in This Space)
CODE:
SIGNATURE
DATE
5/19/62",0.051118210862619806,13.62,"Page 9
U.S. AIR FORCE TECHNICAL INFORMATION SHEET
(SUMMARY DATA)
In order that your information may be filed and coded as accurately as possible, please use
the following space to write out a short description of the event that you observed. You may re-
peat information that you have already given in the questionnaire, and add any further comments,
statements, or sketches that you believe are important. Try to present the details of the observa-
tion in the order in which they occurred. Additional pages of the same size paper may be attached
if they are needed.
NAME
SIGNATURE
DATE
5/19/62
(Do Not Write in This Space)
CODE:",0.02857142857142857,36.43,"Page 9
U.S. AIR FORCE TECHNICAL INFORMATION SHEET
(SUMMARY DATA)
In order that your information may be filed and coded as accurately as possible, please use
the following space to write out a short description of the event that you observed. You may re-
peat information that you have already given in the questionnaire, and add any further comments,
statements, or sketches that you believe are important. Try to present the details of the observa-
tion in the order in which they occurred. Additional pages of the same size paper may be attached
if they are needed.
NAME
SIGNATURE
DATE 5/19/62
(Do Not Write in This Space)
CODE:",0.02857142857142857,29.51,"Page 9
U.S. AIR FORCE TECHNICAL INFORMATION SHEET
(SUMMARY DATA)
In order that your information may be filed and coded as accurately as possible, please use
the following space to write out a short description of the event that you observed. You may re-
peat information that you have already given in the questionnaire, and add any further comments,
statements, or sketches that you believe are important. Try to present the details of the observa-
tion in the order in which they occurred. Additional pages of the same size paper may be attached
if they are needed.
NAME
CODE: (Do Not Write in This Space)
SIGNATURE
DATE  5/19/62",0.04126984126984127,34.25
28934472,"UNCLASSIFIED
4
3. Local flight schedules of commercial, private and military aircraft
flying in the vicinity at the time:
(Check Canadian activity if close to border)
None
4. Possible releases of testing devices in vicinity sent aloft by
Ordnance, Navy, Air Force, Army, Weather Units (for release and
tracking of lighted synoptic balloons and other information), Research
Organizations or any other:
None
5. If object contacted earth, obtain soil samples within and without
depression or spot where object landed for purposes of making
comparison of soils.
Point of contact with earth not determined.
6. Obtain photographs (or original negatives) where available; if not,
secure sketches of:
None obtained
a. Object
b. Surrounding terrain where object was observed
c. Place where object contacted earth (if this happened)
d. Maneuvers
e. Formation (if more than two)
7. Secure signed statements.
None obtained.
8. Obtain fragments or physical evidence where possible.
None obtained.
Interviewed by:
T. COOPER
Capt, FA, DIO
DOWNGRADED AT 3 YEAR INTERVALS
DECLASSIFIED AFTER 18 YEARS.
UNCLASSIFIED
DOD DIR 5200.10
42375",0.018783542039355994,39.29,"UNCLASSIFIED
4
3. Local flight schedules of commercial, private and military aircraft flying in vicinity at the time:
(Check Canadian activity if close to border)
None
4. Possible releases of testing devices in vicinity sent aloft by Ordnance, Navy, Air Force, Army, Weather Units (for release and track of lighted synoptic balloon and other information), Research Organizations or any other:
None
5. If object contacted earth, obtain soil samples within and without depression or spot where object landed for purposes of making comparison of soils.
Point of contact with earth not determined.
6. Obtain photographs (or original negatives) where available; if not, secure sketches of:
None obtained
a. Object
b. Surrounding terrain where object was observed
c. Place where object contacted earth (if this happened)
d. Maneuvers
e. Formation (if more than two)
7. Secure signed statements.
None obtained.
8. Obtain fragments or physical evidence where possible.
None obtained.
Interviewed by:
T. COOPER
Capt, FA, DIO
DOWNGRADED AT 3 YEAR INTERVALS
DECLASSIFIED AFTER 18 YEARS.
UNCLASSIFIED
DOD DIR 5200.10
42375",0.011627906976744186,20.68,"UNCLASSIFIED
4
3. Local flight schedules of commercial, private and military aircraft flying in vicinity at the time:
(Check Canadian activity if close to border)
None
4. Possible releases of testing devices in vicinity sent aloft by Ordnance, Navy, Air Force, Army, Weather Units (for release and track of lighted synoptic balloon and other information), Research Organizations or any other:
None
5. If object contacted earth, obtain soil samples within and without depression or spot where object landed for purposes of making comparison of soils.
Point of contact with earth not determined.
6. Obtain photographs (or original negatives) where available; if not, secure sketches of:
None obtained
a. Object
b. Surrounding terrain where object was observed
c. Place where object contacted earth (if this happened)
d. Maneuvers
e. Formation (if more than two)
7. Secure signed statements.
Obtained.
8. Obtain fragments or physical evidence where possible.
None obtained.
Interviewed by:
T. Cooper
Capt, FA, DIO
DOWNGRADED AT 3 YEAR INTERVALS
DECLASSIFIED AFTER 18 YEARS.
UNCLASSIFIED
DOD DIR 5200.10
42375",0.016100178890876567,35.02,"UNCLASSIFIED
4
3. Local flight schedules of commercial, private and military aircraft flying in the vicinity at the time:
(Check Canadian activity if close to border)
None
4. Possible releases of testing devices in vicinity sent aloft by Ordnance, Navy, Air Force, Army, Weather Units (for release and tracking of lighted synoptic balloons and other information), Research Organizations or any other:
None
5. If object contacted earth, obtain soil samples within and without depression or spot where object landed for purposes of making comparison of soils.
Point of contact with earth not determined.
6. Obtain photographs (or original negatives) where available; if not, secure sketches of:
None obtained.
a. Object
b. Surrounding terrain where object was observed
c. Place where object contacted earth (if this happened)
d. Maneuvers
e. Formation (if more than two)
7. Secure signed statements.
None obtained.
8. Obtain fragments or physical evidence where possible.
None obtained.
Interviewed by:
T. COOPER
Capt, FA, DIO
DOWNGRADED AT 3 YEAR INTERVALS
DECLASSIFIED AFTER 18 YEARS.
UNCLASSIFIED
DOD DIR 5200.10
42375",0.01966041108132261,39.73,"UNCLASSIFIED
4
3. Local flight schedules of commercial, private and military aircraft flying in vicinity at the time:
(Check Canadian activity if close to border)
None
4. Possible releases of testing devices in vicinity sent aloft by Ordnance, Navy, Air Force, Army, Weather Units (for release and track of lighted synoptic balloon and other information), Research Organizations or any other:
None
5. If object contacted earth, obtain soil samples within and without depression or spot where object landed for purposes of making comparison of soils.
Point of contact with earth not determined.
6. Obtain photographs (or original negatives) where available; if not, secure sketches of:
None obtained
a. Object
b. Surrounding terrain where object was observed
c. Place where object contacted earth (if this happened)
d. Maneuvers
e. Formation (if more than two)
7. Secure signed statements.
None obtained.
8. Obtain fragments or physical evidence where possible.
None obtained.
Interviewed by:
T. COOPER
Capt, FA, DIO
DOWNGRADED AT 3 YEAR INTERVALS
DECLASSIFIED AFTER 18 YEARS.
UNCLASSIFIED
DOD DIR 5200.10
42375",0.011627906976744186,89.5,"UNCLASSIFIED
4
3. Local flight schedules of commercial, private and military aircraft flying in vicinity at the time:
(Check Canadian activity if close to border)
None.
4. Possible releases of testing devices in vicinity sent aloft by Ordnance, Navy, Air Force, Army, Weather Units (for release and track of lighted synoptic balloon and other information), Research Organizations or any other:
None.
5. If object contacted earth, obtain soil samples within and without depression or spot where object landed for purposes of making comparison of soils.
Point of contact with earth not determined.
6. Obtain photographs (or original negatives) where available; if not, secure sketches of:
None obtained.
a. Object
b. Surrounding terrain where object was observed
c. Place where object contacted earth (if this happened)
d. Maneuvers
e. Formation (if more than two)
7. Secure signed statements.
None obtained.
8. Obtain fragments or physical evidence where possible.
None obtained.
Interviewed by:
T. COOPER
Capt, FA, DIO
DOWNGRADED AT 3-YEAR INTERVALS
DECLASSIFIED AFTER 18 YEARS.
UNCLASSIFIED
DOD DIR 5200.10
42375",0.01520572450805009,35.63,"UNCLASSIFIED
4
3. Local flight schedules of commercial, private and military aircraft flying in vicinity at the time:
(Check Canadian activity if close to border)
None
4. Possible releases of testing devices in vicinity sent aloft by Ordnance, Navy, Air Force, Army, Weather Units (for release and track of lighted synoptic balloon and other information), Research Organizations or any other:
None
5. If object contacted earth, obtain soil samples within and without depression or spot where object landed for purposes of making comparison of soils.
Point of contact with earth not determined.
6. Obtain photographs (or original negatives) where available; if not, secure sketches of:
None obtained
a. Object
b. Surrounding terrain where object was observed
c. Place where object contacted earth (if this happened)
d. Maneuvers
e. Formation (if more than two)
7. Secure signed statements.
None obtained.
8. Obtain fragments or physical evidence where possible.
None obtained.
Interviewed by:
T. COOPER
Capt, FA, DIO
DOWNGRADED AT 3 YEAR INTERVALS
DECLASSIFIED AFTER 18 YEARS.
UNCLASSIFIED
DOD DIR 5200.10
42375",0.011627906976744186,35.78,"UNCLASSIFIED
4
3. Local flight schedules of commercial, private and military aircraft
flying in the vicinity at the time:
(Check Canadian activity if close to border)
None
4. Possible releases of testing devices in the vicinity sent aloft by
Ordnance, Navy, Air Force, Army, Weather Units, (for release and
tracking of lighted synoptic balloon and other information), Research
Organizations or any other:
None
5. If object contacted earth, obtain soil samples within and without
depression or spot where object landed for purposes of making
comparison of soils.
Point of contact with earth not determined.
6. Obtain photographs (or original negatives) where available; if not,
secure sketches of:
None obtained
a. Object
b. Surrounding terrain where object was observed
c. Place where object contacted earth (if this happened)
d. Maneuvers
e. Formation (if more than two)
7. Secure signed statements.
None obtained.
8. Obtain fragments or physical evidence where possible.
None obtained.
Interviewed by:
T. COOPER
Capt, FA, DIO
DOWNGRADED AT 3 YEAR INTERVALS
DECLASSIFIED AFTER 18 YEARS.
UNCLASSIFIED
DOD DIR 5200.10
42375",0.020499108734402853,65.6,"UNCLASSIFIED
4
3. Local flight schedules of commercial, private and military aircraft flying in vicinity at the time:
(Check Canadian activity if close to border)
None
4. Possible releases of testing devices in vicinity sent aloft by Ordnance, Navy, Air Force, Army, Weather Units (for release and track of lighted synoptic balloon and other information), Research Organizations or any other:
None
5. If object contacted earth, obtain soil samples within and without depression or spot where object landed for purposes of making comparison of soils.
Point of contact with earth not determined.
6. Obtain photographs (or original negatives) where available; if not, secure sketches of:
None obtained
a. Object
b. Surrounding terrain where object was observed
c. Place where object contacted earth (if this happened)
d. Maneuvers
e. Formation (if more than two)
7. Secure/signed statements.
None obtained.
8. Obtain fragments or physical evidence where possible.
None obtained.
Interviewed by:
T. COOPER
Capt, FA, DIO
DOWNGRADED AT 3 YEAR INTERVALS
DECLASSIFIED AFTER 18 YEARS.
UNCLASSIFIED
DOD DIR 5200.10
42375",0.01073345259391771,37.5
28936287,"UNCLASSIFIED
350.09
15 August 1949
SUBJECT: Report of Sighting of ""Flying Discs""

3. No definite conclusions as to the identity or nature of the objects were reached by this Detachment, since accurate observations could not be made. Therefore, the foregoing information is essentially that furnished by Mr.

FOR THE COMMANDING OFFICER:
PAUL O. McGINNIS
1st Lt, USAF

CC:
HQ USAF
S-2
HQ AACS
1800th AACS Wg
1801st AACS Gp

DOWNGRADED AT 3 YEAR INTERVALS:
DECLASSIFIED AFTER 12 YEARS
DOD DIR

UNCLASSIFIED
2",0.023952095808383235,15.44,"UNCLASSIFIED
350.09
15 August 1949
SUBJECT: Report of Sighting of ""Flying Discs""
3. ""No definite conclusions as to the identity or nature of the objects were reached by this Detachment, since accurate observations could not be made. Therefore, the foregoing information is essentially that furnished by Mr.""
FOR THE COMMANDING OFFICER:
PAUL O. MCGINNIS
1st Lt, USAF
CC:
Hq USAF
S-2
Hq AACS
1800th AACS Wg
1801st AACS Gp
DOWNGRADED AT 3 YEAR INTERVALS:
DECLASSIFIED AFTER 12 YEARS
DOD DIR
UNCLASSIFIED
2",0.02390438247011952,42.99,"UNCLASSIFIED
350.09
15 August 1949
SUBJECT: Report of Sighting of ""Flying Discs""
3. ""No definite conclusions as to the identity or nature of the objects were reached by this Detachment, since accurate observations could not be made. Therefore, the foregoing information is essentially that furnished by Mr.""
FOR THE COMMANDING OFFICER:
PAUL O. MCGINNIS
1st Lt, USAF
CC:
Hq USAF
S-2
Hq AACS
1800th AACS Wg
1801st AACS Gp
DOWNGRADED AT 3 YEAR INTERVALS:
DECLASSIFIED AFTER 12 YEARS
DOD DIR
UNCLASSIFIED
2",0.02390438247011952,42.99,"UNCLASSIFIED
350.09
15 August 1949
SUBJECT: Report of Sighting of ""Flying Discs""

3. No definite conclusions as to the identity or nature of the objects were reached by this Detachment, since accurate observations could not be made. Therefore, the foregoing information is essentially that furnished by Mr.

FOR THE COMMANDING OFFICER:
PAUL O. McGINNIS
1st Lt, USAF

CC:
Hq USAF
S-2
Hq AACS
1800th AACS Wg
1801st AACS Gp

DOWNGRADED AT 3 YEAR INTERVALS:
DECLASSIFIED AFTER 12 YEARS
DOD DIR

UNCLASSIFIED
2",0.023952095808383235,26.66,"UNCLASSIFIED
350.09
15 August 1949
SUBJECT: Report of Sighting of ""Flying Discs""
3. ""No definite conclusions as to the identity or nature of the
objects were reached by this Detachment, since accurate observations
could not be made. Therefore, the foregoing information is essentially
that furnished by Mr.
FOR THE COMMANDING OFFICER:
PAUL O. MCGINNIS
1st Lt, USAF
CC:
HQ USAF
S-2
HQ AACS
1800th AACS Wg
1801st AACS Gp
DOWNGRADED AT 3 YEAR INTERVALS:
DECLASSIFIED AFTER 12 YEARS
DOD DIR
UNCLASSIFIED
2",0.021956087824351298,36.46,"UNCLASSIFIED
350.09
15 August 1949
SUBJECT: Report of Sighting of ""Flying Discs""
3. ""No definite conclusions as to the identity or nature of the objects were reached by this Detachment, since accurate observations could not be made. Therefore, the foregoing information is essentially that furnished by Mr.
FOR THE COMMANDING OFFICER:
PAUL O. MCGINNIS
1st Lt, USAF
CC:
HQ USAF
S-2
HQ AACS
1800th AACS Wg
1801st AACS Gp
DOWNGRADED AT 3-YEAR INTERVALS:
DECLASSIFIED AFTER 12 YEARS
DOD DIR
UNCLASSIFIED
2",0.023952095808383235,60.92,"UNCLASSIFIED
350.09
15 August 1949
SUBJECT: Report of Sighting of ""Flying Discs""
3. No definite conclusions as to the identity or nature of the ob-
jects were reached by this Detachment, since accurate observations could
not be made. Therefore, the foregoing information is essentially that
furnished by Mr.
FOR THE COMMANDING OFFICER:
PAUL O. MCGINNIS
1st Lt, USAF
CC:
Hq USAF
S-2
Hq AACS
1800th AACS Wg
1801st AACS Gp
DOWNGRADED AT 3 YEAR INTERVALS:
DECLASSIFIED AFTER 12 YEARS
DOD DIR
UNCLASSIFIED
2",0.02390438247011952,27.44,"UNCLASSIFIED
350.09
15 August 1949
SUBJECT: Report of Sighting of ""Flying Discs""
3. ""No definite conclusions as to the identity or nature of the ob-
jects were reached by this Detachment, since accurate observations could
not be made. Therefore, the foregoing information is essentially that
furnished by Mr.
FOR THE COMMANDING OFFICER:
PAUL O MCGINNIS
1st Lt, USAF
CC:
Hq USAF
S-2
Hq AACS
1800th AACS Wg
1801st AACS Gp
DOWNGRADED AT 3 YEAR INTERVALS:
DECLASSIFIED AFTER 12 YEARS
DOD DIR
UNCLASSIFIED
2",0.0199203187250996,45.78,"UNCLASSIFIED
350.09
15 August 1949
SUBJECT: Report of Sighting of ""Flying Discs""
3. ""No definite conclusions as to the identity or nature of the ob-
jects were reached by this Detachment, since accurate observations could
not be made. Therefore, the foregoing information is essentially that
furnished by Mr.
FOR THE COMMANDING OFFICER:
PAUL O. MCGINNIS
1st Lt, USAF
CC:
Hq USAF
S-2
Hq AACS
1800th AACS Wg
1801st AACS Gp
DOWNGRADED AT 3 YEAR INTERVALS:
DECLASSIFIED AFTER 12 YEARS
DOD DIR
UNCLASSIFIED
2",0.02186878727634195,24.98
28939248,"NO CASE INFORMATION
29 May 51
SOURCE: MENZEL - WORLD OF FLYING SAUCERS
DOWNEY, CALIFORNIA

Other Winged UFOs
During the era of the saucers, winged creatures were responsible for many UFO stories. But winged creatures do not stay put, and in flying away they usually take with them the evidence that the alleged spaceships were actually only birds or insects.

One such incident occurred at Downey, California, on May 29, 1951. Late in the afternoon three technical writers for North American Aviation were standing outdoors chatting and looking at the sky when suddenly they noticed about thirty glowing, meteorlike objects moving in the east, about 45 degrees above the horizon. They made no sound and left no trail. Emitting an intense electric-blue light, the objects made fantastic right-angled turns and swept across the sky in an undulating vertical formation, apparently covering about 90 degrees of sky in about 25 seconds. The diameters of the objects were estimated at 30 feet and the speed at 1700 miles an hour [11].

Many persons concluded that the unknowns must be interplanetary in origin because, as Life magazine commented, no natural object hurtling at such a speed could execute a right-angled turn, and no known machine could fly so fast without making a sound or leaving a trail. No one could quarrel with this statement, but it has no obvious relation to the incident in question. Technical writers are not necessarily trained observers, and these witnesses had no way to make a reliable estimate of the height of the objects. Without an accurate estimate of at least one quantity—true altitude, true size, or true speed—the others are meaningless. The unknowns were probably birds, but they could equally well have been butterflies, bits of paper, or merely ashes blowing over the two-story building.",0.006007646095030038,38.4,"NO CASE (INFORMATION)
29 May 51
SOURCE: MENZEL - WORLD OF FLYING SAUCERS
DOWNEY, CALIFORNIA

Other Winged UFOs

During the era of the saucers, winged creatures were responsible for many UFO stories. But winged creatures do not stay put, and in flying away they usually take with them the evidence that the alleged spaceships were actually only birds or insects.

One such incident occurred at Downey, California, on May 29, 1951. Late in the afternoon three technical writers for North American Aviation were standing outdoors chatting and looking at the sky when suddenly they noticed about thirty glowing, meteorlike objects moving in the east, about 45 degrees above the horizon. They made no sound and left no trail. Emitting an intense electric-blue light, the objects made fantastic right-angled turns and swept across the sky in an undulating vertical formation, apparently covering about 90 degrees of sky in about 25 seconds. The diameters of the objects were estimated at 30 feet and the speed at 1700 miles an hour [11].

Many persons concluded that the unknowns must be interplanetary in origin because, as Life magazine commented, no natural object hurtling at such a speed could execute a right-angled turn, and no known machine could fly so fast without making a sound or leaving a trail. No one could quarrel with this statement, but it has no obvious relation to the incident in question. Technical writers are not necessarily trained observers, and these witnesses had no way to make a reliable estimate of the height of the objects. Without an accurate estimate of at least one quantity—true altitude, true size, or true speed—the others are meaningless. The unknowns were probably birds, but they could equally well have been butterflies, bits of paper, or merely ashes blowing over the two-story building.",0.004915346805024577,32.87,"NO CASE (INFORMATION)

29 May 51

SOURCE: MENZEL - WORLD OF FLYING SAUCERS
DOWNEY, CALIFORNIA

Other Winged UFOs

During the era of the saucers, winged creatures were responsible for many UFO stories. But winged creatures do not stay put, and in flying away they usually take with them the evidence that the alleged spaceships were actually only birds or insects.

One such incident occurred at Downey, California, on May 29, 1951. Late in the afternoon three technical writers for North American Aviation were standing outdoors chatting and looking at the sky when suddenly they noticed about thirty glowing, meteorlike objects moving in the east, about 45 degrees above the horizon. They made no sound and left no trail. Emitting an intense electric-blue light, the objects made fantastic right-angled turns and swept across the sky in an undulating vertical formation, apparently covering about 90 degrees of sky in about 25 seconds. The diameters of the objects were estimated at 30 feet and the speed at 1700 miles an hour [11].

Many persons concluded that the unknowns must be interplanetary in origin because, as Life magazine commented, no natural object hurtling at such a speed could execute a right-angled turn, and no known machine could fly so fast without making a sound or leaving a trail. No one could quarrel with this statement, but it has no obvious relation to the incident in question. Technical writers are not necessarily trained observers, and these witnesses had no way to make a reliable estimate of the height of the objects. Without an accurate estimate of at least one quantity—true altitude, true size, or true speed—the others are meaningless. The unknowns were probably birds, but they could equally well have been butterflies, bits of paper, or merely ashes blowing over the two-story building.",0.004915346805024577,43.27,"NO CASE (INFORMATION)
( )
29 May 51
SOURCE: MENZEL - WORLD OF FLYING SAUCERS
DOWNEY, CALIFORNIA
Other Winged UFOs
During the era of the saucers, winged creatures were responsible for many UFO stories. But winged creatures do not stay put, and in flying away they usually take with them the evidence that the alleged spaceships were actually only birds or insects.
One such incident occurred at Downey, California, on May 29, 1951. Late in the afternoon three technical writers for North American Aviation were standing outdoors chatting and looking at the sky when suddenly they noticed about thirty glowing, meteorlike objects moving in the east, about 45 degrees above the horizon. They made no sound and left no trail. Emitting an intense electric-blue light, the objects made fantastic right-angled turns and swept across the sky in an undulating vertical formation, apparently covering about 90 degrees of sky in about 25 seconds. The diameters of the objects were estimated at 30 feet and the speed at 1700 miles an hour [11].
Many persons concluded that the unknowns must be interplanetary in origin because, as Life magazine commented, no natural object hurtling at such a speed could execute a right-angled turn, and no known machine could fly so fast without making a sound or leaving a trail. No one could quarrel with this statement, but it has no obvious relation to the incident in question. Technical writers are not necessarily trained observers, and these witnesses had no way to make a reliable estimate of the height of the objects. Without an accurate estimate of at least one quantity—true altitude, true size, or true speed—the others are meaningless. The unknowns were probably birds, but they could equally well have been butterflies, bits of paper, or merely ashes blowing over the two-story building.",0.004915346805024577,40.37,"NO CASE (INFORMATION ONLY)
29 May 51
SOURCE: Menzel — The World of Flying Saucers
DOWNEY, CALIFORNIA

Other Winged UFOs
During the era of the saucers, winged creatures were responsible for many UFO stories. But winged creatures do not stay put, and in flying away they usually take with them the evidence that the alleged spaceships were actually only birds or insects.

One such incident occurred at Downey, California, on May 29, 1951. Late in the afternoon three technical writers for North American Aviation were standing outdoors chatting and looking at the sky when suddenly they noticed about thirty glowing, meteorlike objects moving in the east, about 45 degrees above the horizon. They made no sound and left no trail. Emitting an intense electric-blue light, the objects made fantastic right-angled turns and swept across the sky in an undulating vertical formation, apparently covering about 90 degrees of sky in about 25 seconds. The diameters of the objects were estimated at 30 feet and the speed at 1,700 miles an hour [11].

Many persons concluded that the unknowns must be interplanetary in origin because, as Life magazine commented, no natural object hurtling at such a speed could execute a right-angled turn, and no known machine could fly so fast without making a sound or leaving a trail. No one could quarrel with this statement, but it has no obvious relation to the incident in question. Technical writers are not necessarily trained observers, and these witnesses had no way to make a reliable estimate of the height of the objects. Without an accurate estimate of at least one quantity—true altitude, true size, or true speed—the others are meaningless. The unknowns were probably birds, but they could equally well have been butterflies, bits of paper, or merely ashes blowing over the two-story building.",0.0049126637554585155,29.55,"NO CASE (INFORMATION)
29 May 51
SOURCE: MENZEL - WORLD OF FLYING SAUCERS
DOWNEY, CALIFORNIA
Other Winged UFOs

During the era of the saucers, winged creatures were responsible for many UFO stories. But winged creatures do not stay put, and in flying away they usually take with them the evidence that the alleged spaceships were actually only birds or insects.

One such incident occurred at Downey, California, on May 29, 1951. Late in the afternoon three technical writers for North American Aviation were standing outdoors chatting and looking at the sky when suddenly they noticed about thirty glowing, meteorlike objects moving in the east, about 45 degrees above the horizon. They made no sound and left no trail. Emitting an intense electric-blue light, the objects made fantastic right-angled turns and swept across the sky in an undulating vertical formation, apparently covering about 90 degrees of sky in about 25 seconds. The diameters of the objects were estimated at 30 feet and the speed at 1700 miles an hour [11].

Many persons concluded that the unknowns must be interplanetary in origin because, as Life magazine commented, no natural object hurtling at such a speed could execute a right-angled turn, and no known machine could fly so fast without making a sound or leaving a trail. No one could quarrel with this statement, but it has no obvious relation to the incident in question. Technical writers are not necessarily trained observers, and these witnesses had no way to make a reliable estimate of the height of the objects. Without an accurate estimate of at least one quantity - true altitude, true size, or true speed - the others are meaningless. The unknowns were probably birds, but they could equally well have been butterflies, bits of paper, or merely ashes blowing over the two-story building.",0.0070999453850355,25.87,"NO CASE INFORMATION
( )
29 May 51
SOURCE: MENZEL - WORLD OF FLYING SAUCERS
DOWNEY, CALIFORNIA
Other Winged UFOs
During the era of the saucers, winged creatures were responsible
for many UFO stories. But winged creatures do not stay put, and
in flying away they usually take with them the evidence that the
alleged spaceships were actually only birds or insects.
One such incident occurred at Downey, California, on May 29,
1951. Late in the afternoon three technical writers for North Ameri-
can Aviation were standing outdoors chatting and looking at the
sky when suddenly they noticed about thirty glowing, meteorlike
objects moving in the east, about 45 degrees above the horizon. They
made no sound and left no trail. Emitting an intense electric-blue
light, the objects made fantastic right-angled turns and swept across
the sky in an undulating vertical formation, apparently covering
about 90 degrees of sky in about 25 seconds. The diameters of the
objects were estimated at 30 feet and the speed at 1700 miles an
hour [11].
Many persons concluded that the unknowns must be inter-
planetary in origin because, as Life magazine commented, no
natural object hurtling at such a speed could execute a right-angled
turn, and no known machine could fly so fast without making a
sound or leaving a trail. No one could quarrel with this statement,
but it has no obvious relation to the incident in question. Technical
writers are not necessarily trained observers, and these witnesses
had no way to make a reliable estimate of the height of the objects.
Without an accurate estimate of at least one quantity-true altitude,
true size, or true speed-the others are meaningless. The unknowns
were probably birds, but they could equally well have been butter-
flies, bits of paper, or merely ashes blowing over the two-story
building.",0.004915346805024577,31.19,"NO CASE INFORMATION
( )
29 May 51
SOURCE: MENZEL - WORLD OF FLYING SAUCERS
DOWNEY, CALIFORNIA
Other Winged UFOs
During the era of the saucers, winged creatures were responsible
for many UFO stories. But winged creatures do not stay put, and
in flying away they usually take with them the evidence that the
alleged spaceships were actually only birds or insects.
One such incident occurred at Downey, California, on May 29,
1951. Late in the afternoon three technical writers for North Ameri-
can Aviation were standing outdoors chatting and looking at the
sky when suddenly they noticed about thirty glowing, meteorlike
objects moving in the east, about 45 degrees above the horizon. They
made no sound and left no trail. Emitting an intense electric-blue
light, the objects made fantastic right-angled turns and swept across
the sky in an undulating vertical formation, apparently covering
about 90 degrees of sky in about 25 seconds. The diameters of the
objects were estimated at 30 feet and the speed at 1700 miles an
hour [11].
Many persons concluded that the unknowns must be inter-
planetary in origin because, as Life magazine commented, no
natural object hurtling at such a speed could execute a right-angled
turn, and no known machine could fly so fast without making a
sound or leaving a trail. No one could quarrel with this statement,
but it has no obvious relation to the incident in question. Technical
writers are not necessarily trained observers, and these witnesses
had no way to make a reliable estimate of the height of the objects.
Without an accurate estimate of at least one quantity-true altitude,
true size, or true speed-the others are meaningless. The unknowns
were probably birds, but they could equally well have been butter-
flies, bits of paper, or merely ashes blowing over the two-story
building.",0.004915346805024577,32.91,"NICAP CASE INFORMATION
( )
29 May 51
SOURCE: MENZEL - WORLD OF FLYING SAUCERS
DOWNEY, CALIFORNIA
Other Winged UFOs
During the era of the saucers, winged creatures were responsible
for many UFO stories. But winged creatures do not stay put, and
in flying away they usually take with them the evidence that the
alleged spaceships were actually only birds or insects.
One such incident occurred at Downey, California, on May 29,
1951. Late in the afternoon three technical writers for North Ameri-
can Aviation were standing outdoors chatting and looking at the
sky when suddenly they noticed about thirty glowing, meteorlike
objects moving in the east, about 45 degrees above the horizon. They
made no sound and left no trail. Emitting an intense electric-blue
light, the objects made fantastic right-angled turns and swept across
the sky in an undulating vertical formation, apparently covering
about 90 degrees of sky in about 25 seconds. The diameters of the
objects were estimated at 30 feet and the speed at 1700 miles an
hour [11].
Many persons concluded that the unknowns must be inter-
planetary in origin because, as Life magazine commented, no
natural object hurtling at such a speed could execute a right-angled
turn, and no known machine could fly so fast without making a
sound or leaving a trail. No one could quarrel with this statement,
but it has no obvious relation to the incident in question. Technical
writers are not necessarily trained observers, and these witnesses
had no way to make a reliable estimate of the height of the objects.
Without an accurate estimate of at least one quantity-true altitude,
true size, or true speed-the others are meaningless. The unknowns
were probably birds, but they could equally well have been butter-
flies, bits of paper, or merely ashes blowing over the two-story
building.",0.0070921985815602835,28.16
28940961,"EXTRACT FROM STATUS REPORT 11
6
DATE: 22 or 29 Mar 52
TIME (Local): Unknown
LOCATION: Colmar Manor, Md.
LENGTH OF TIME OBSERVED: Unknown
SOUND: Unknown
SPEED: High
ALTITUDE: High
HEADING: Unknown
SOURCE: Civilian
ACTION OR CONCLUSIONS: No conclusions. No investigation.
DESCRIPTION OF INCIDENT: Source reports observing formation of lights arranged similar to letter ""C"". Objects oval in shape and grey in color.
UNCLASSIFIED",0.023255813953488372,31.23,"EXTRACT FROM STATUS REPORT 11
6
DATE: 22 or 29 Mar 52
TIME (Local) Unknown
LOCATION: Colmar Manor, Md.
LENGTH OF TIME OBSERVED: Unknown
SOUND: Unknown
SPEED: High
ALTITUDE: High
HEADING: Unknown
SOURCE: Civilian
ACTION OR CONCLUSIONS: No conclusions. No investigation.
DESCRIPTION OF INCIDENT: Source reports observing formation of lights arranged
similar to the letter ""C"". Objects oval in shape and
grey in color.
UNCLASSIFIED",0.01627906976744186,17.61,"EXTRACT FROM STATUS REPORT 11
6
DATE: 22 or 29 Mar 52
TIME (Local): Unknown
LOCATION: Colmar Manor, Md.
LENGTH OF TIME OBSERVED: Unknown
SOUND: Unknown
SPEED: High
ALTITUDE: High
HEADING: Unknown
SOURCE: Civilian
ACTION OR CONCLUSIONS: No conclusions. No investigation.
DESCRIPTION OF INCIDENT: Source reports observing formation of lights arranged similar to letter ""C"". Objects oval in shape and grey in color.
UNCLASSIFIED",0.023255813953488372,24.45,"EXTRACT FROM STATUS REPORT II
6
DATE: 22 or 29 Mar 52
TIME (Local): Unknown
LOCATION: Colmar Manor, Md.
LENGTH OF TIME OBSERVED: Unknown
SOUND: Unknown
SPEED: High
ALTITUDE: High
HEADING: Unknown
SOURCE: Civilian
ACTION OR CONCLUSIONS: No conclusions. No investigation.
DESCRIPTION OF INCIDENT: Source reports observing a formation of lights arranged similar to the letter ""C"". Objects oval in shape and grey in color.
UNCLASSIFIED",0.009280742459396751,21.71,"EXTRACT FROM STATUS REPORT 11
6
DATE: 22 or 29 Mar 52
TIME (Local): Unknown
LOCATION: Colmar Manor, Md.
LENGTH OF TIME OBSERVED: Unknown
SOUND: Unknown
SPEED: High
ALTITUDE: High
HEADING: Unknown
SOURCE: Civilian
ACTION OR CONCLUSIONS: No conclusions. No investigation.
DESCRIPTION OF INCIDENT: Source reports observing formation of lights arranged similar to letter ""C"". Objects oval in shape and grey in color.
UNCLASSIFIED",0.023255813953488372,19.58,"EXTRACT FROM STATUS REPORT II
6
DATE: 22 or 29 Mar 52
TIME (Local): Unknown
LOCATION: Colmar Manor, Md.
LENGTH OF TIME OBSERVED: Unknown
SOUND: Unknown
SPEED: High
ALTITUDE: High
HEADING: Unknown
SOURCE: Civilian
ACTION OR CONCLUSIONS: No conclusions. No investigation.
DESCRIPTION OF INCIDENT: Source reports observing formation of lights arranged similar to letter ""C"". Objects oval in shape and grey in color.
UNCLASSIFIED",0.023255813953488372,52.95,"EXTRACT FROM STATUS REPORT II
6
DATE: 22 or 29 Mar 52
TIME (Local) Unknown
LOCATION: Colmar Manor, Md.
LENGTH OF TIME OBSERVED: Unknown
SOUND: Unknown
SPEED: High
ALTITUDE: High
HEADING: Unknown
SOURCE: Civilian
ACTION OR CONCLUSIONS: No conclusions. No investigation.
DESCRIPTION OF INCIDENT: Source reports observing formation of lights arranged
similar to letter ""C"". Objects oval in shape and
grey in color.
UNCLASSIFIED",0.02558139534883721,20.68,"EXTRACT FROM STATUS REPORT 11
6
DATE: 22 or 29 Mar 52
TIME (Local): Unknown
LOCATION: Colmar Manor, Md.
LENGTH OF TIME OBSERVED: Unknown
SOUND: Unknown
SPEED: High
ALTITUDE: High
HEADING: Unknown
SOURCE: Civilian
ACTION OR: No conclusions. No investigation.
DESCRIPTION OF INCIDENT: Source reports observing formation of lights arranged
similar to letter ""C"". Objects oval in shape and
grey in color.
UNCLASSIFIED",0.05116279069767442,45.1,"EXTRACT FROM STATUS REPORT II
6
DATE: 22 or 29 Mar 52
TIME (Local): Unknown
LOCATION: Colmar Manor, Md.
LENGTH OF TIME OBSERVED: Unknown
SOUND: Unknown
SPEED: High
ALTITUDE: High
HEADING: Unknown
SOURCE: Civilian
ACTION OR CONCLUSIONS: No conclusions. No investigation.
DESCRIPTION OF INCIDENT: Source reports observing formation of lights arranged
similar to letter ""C"". Objects oval in shape and
grey in color.
UNCLASSIFIED",0.023255813953488372,16.75
28977130,"UNCLASSIFIED
31ST ADIV (DEF) SNELLING AFS ST. PAUL, MINN.

4. TIME AND DATE OF SIGHTING (A) 23/0215Z FEB (B) NIGHT.
5. LOCATION OF OBSERVERS
(A) ROBBINSDALE, MINN.
(B) LAKE PEPIN, WISCONSIN.
6. INFORMATION ON OBSERVERS. (A) CIVILIAN
X
MINNEAPOLIS, MINNESOTA, UNK, PRESIDENT, JUNIOR ASTRONOMY CLUB. (B) CIVILIAN (SEE COMMENT #11) LAKE PEPIN, WISCONSIN, MEMBER OF ASTRONOMY CLUB, AGE 65.
7. WEATHER.
(A) CLEAR WITH A QUARTER MOON PRESENT.
(B) SURFACE WIND UP TO 16 KNOTS OUT OF THE SOUTH-SOUTHWEST.
ALTITUDE  DIRECTION  VELOCITY
6,000     300         25
10,000    300         35
16,000    320         45
20,000    320         45
30,000    330         45
50,000    330         55
80,000    340         15
(C) NONE.
(D) 10 MILES.
(E) SCATTERED HIGH THIN CIRRUS.
(F) N/A.
8. N/A.
9. N/A.
10. N/A.
11. ASSISTANT DIRECTOR OF INTELLIGENCE, 31ST AIR DIVISION, MR. WAS CONTACTED AND AFTER OBTAINING ABOVE INFORMATION ON 27 FEB, I CONCLUDED THAT SOME OBJECT WAS SEEN TO FALL IN LAKE PEPIN, WISCONSIN. WHAT THIS OBJECT IS OR WAS CAN ONLY BE DETERMINED.
UNCLASSIFIED",0.033950617283950615,34.24,"UNCLASSIFIED
31ST ADIV (DEF) SNELLING AFS, ST. PAUL, MINN.

4. TIME AND DATE OF SIGHTING. (A) 23/0215Z FEB. (B) NIGHT.
5. LOCATION OF OBSERVERS. (A) ROBBINSDALE, MINN. (B) LAKE PEPIN, WISCONSIN.
6. INFORMATION ON OBSERVERS. (A) CIVILIAN, MINNEAPOLIS, MINNESOTA, UNK, PRESIDENT, JUNIOR ASTRONOMY CLUB. (B) CIVILIAN (SEE COMMENT #11), LAKE PEPIN, WISCONSIN, MEMBER OF ASTRONOMY CLUB, AGE 65.
7. WEATHER.
(A) CLEAR WITH A QUARTER MOON PRESENT.
(B) SURFACE WIND UP TO 16 KNOTS OUT OF THE SOUTH-SOUTHWEST.
ALTITUDE  DIRECTION  VELOCITY
6,000        300         25
10,000       300         35
16,000       320         45
20,000       320         45
30,000       330         45
50,000       330         55
80,000       340         15
(C) NONE.
(D) 10 MILES.
(E) SCATTERED HIGH THIN CIRRUS.
(F) N/A.
8. N/A.
9. N/A.
10. N/A.
11. ASSISTANT DIRECTOR OF INTELLIGENCE, 31ST AIR DIVISION, WAS CONTACTED AND, AFTER OBTAINING THE ABOVE INFORMATION ON 27 FEB, I CONCLUDED THAT SOME OBJECT WAS SEEN TO FALL IN LAKE PEPIN, WISCONSIN. WHAT THIS OBJECT IS OR WAS CAN ONLY BE DETERMINED.

UNCLASSIFIED",0.04503582395087001,30.55,"UNCLASSIFIED
31ST ADIV (DEF) SNELLING AFS, ST PAUL, MINN.

4. TIME AND DATE OF SIGHTING. (A) 23/0215Z FEB. (B) NIGHT.

5. LOCATION OF OBSERVERS.
(A) ROBBINSDALE, MINN.
(B) LAKE PEPIN, WISCONSIN.

6. INFORMATION ON OBSERVERS.
(A) CIVILIAN, MINNEAPOLIS, MINNESOTA, AGE UNKNOWN, PRESIDENT, JUNIOR ASTRONOMY CLUB.
(B) CIVILIAN (SEE COMMENT #11), LAKE PEPIN, WISCONSIN, MEMBER OF ASTRONOMY CLUB, AGE 65.

7. WEATHER.
(A) CLEAR WITH A QUARTER MOON PRESENT.
(B) SURFACE WIND UP TO 16 KNOTS OUT OF THE SOUTH-SOUTHWEST.

ALTITUDE   DIRECTION   VELOCITY
6,000      300         25
10,000     300         35
16,000     320         45
20,000     320         45
30,000     330         45
50,000     330         55
8,000      340         15

(C) NONE.
(D) 10 MILES.
(E) SCATTERED HIGH THIN CIRRUS.
(F) N/A.

8. N/A.
9. N/A.
10. N/A.

11. ASSISTANT DIRECTOR OF INTELLIGENCE, 31ST AIR DIVISION, MR. WAS CONTACTED AND AFTER OBTAINING ABOVE INFORMATION ON 27 FEB, I CONCLUDED THAT SOME OBJECT WAS SEEN TO FALL IN LAKE PEPIN, WISCONSIN. WHAT THIS OBJECT IS OR WAS CAN ONLY BE DETERMINED.

UNCLASSIFIED",0.045824847250509164,44.68,"UNCLASSIFIED
31st Air Division (Defense), Snelling AFS, St. Paul, Minn.

4. Time and date of sighting: (A) 23/0215Z Feb (B) Night.
5. Location of observers: (A) Robbinsdale, Minn. (B) Lake Pepin, Wisconsin.
6. Information on observers: (A) Civilian, Minneapolis, Minnesota; unknown; President, Junior Astronomy Club. (B) Civilian (see Comment #11), Lake Pepin, Wisconsin; member of astronomy club; age 65.
7. Weather.
(A) Clear with a quarter moon present.
(B) Surface wind up to 16 knots out of the south-southwest.
ALTITUDE  DIRECTION  VELOCITY
6,000     300        25
10,000    300        35
16,000    320        45
20,000    320        45
30,000    330        45
50,000    330        55
80,000    340        15
(C) None.
(D) 10 miles.
(E) Scattered high thin cirrus.
(F) N/A.
8. N/A.
9. N/A.
10. N/A.
11. Assistant Director of Intelligence, 31st Air Division, was contacted and after obtaining the above information on 27 Feb, I concluded that some object was seen to fall in Lake Pepin, Wisconsin. What this object is or was can only be determined.

UNCLASSIFIED",0.0625,39.11,"UNCLASSIFIED
31ST ADIV (DEF), SNELLING AFS, ST. PAUL, MINN.

4. TIME AND DATE OF SIGHTING. (A) 23/0215Z FEB (B) NIGHT.
5. LOCATION OF OBSERVERS. (A) ROBBINSDALE, MINN. (B) LAKE PEPIN, WISCONSIN.
6. INFORMATION ON OBSERVERS. (A) CIVILIAN X, MINNEAPOLIS, MINNESOTA, UNK, PRESIDENT, JUNIOR ASTRONOMY CLUB. (B) CIVILIAN (SEE COMMENT #11), LAKE PEPIN, WISCONSIN, MEMBER OF ASTRONOMY CLUB, AGE 65.
7. WEATHER. (A) CLEAR WITH A QUARTER MOON PRESENT. (B) SURFACE WIND UP TO 16 KNOTS OUT OF THE SOUTH-SOUTHWEST.

ALTITUDE  DIRECTION  VELOCITY
6,000     300        25
10,000    300        35
16,000    320        45
20,000    320        45
30,000    330        45
50,000    330        55
80,000    340        15

(C) NONE. (D) 10 MILES. (E) SCATTERED HIGH THIN CIRRUS. (F) N/A.
8. N/A.
9. N/A.
10. N/A.
11. ASSISTANT DIRECTOR OF INTELLIGENCE, 31ST AIR DIVISION, WAS CONTACTED AND, AFTER OBTAINING ABOVE INFORMATION ON 27 FEB, I CONCLUDED THAT SOME OBJECT WAS SEEN TO FALL IN LAKE PEPIN, WISCONSIN. WHAT THIS OBJECT IS OR WAS CAN ONLY BE DETERMINED.

UNCLASSIFIED",0.043076923076923075,75.83,"UNCLASSIFIED
31ST AIR DIV (DEF) SNELLING AFS, ST. PAUL, MINN.

4. TIME AND DATE OF SIGHTING: (A) 230215Z FEB (B) NIGHT.
5. LOCATION OF OBSERVERS: (A) ROBBINSDALE, MINN. (B) LAKE PEPIN, WISCONSIN.
6. INFORMATION ON OBSERVERS: (A) CIVILIAN, MINNEAPOLIS, MINNESOTA, UNK, PRESIDENT, JUNIOR ASTRONOMY CLUB. (B) CIVILIAN (SEE COMMENT #11), LAKE PEPIN, WISCONSIN, MEMBER OF ASTRONOMY CLUB, AGE 65.
7. WEATHER:
(A) CLEAR WITH A QUARTER MOON PRESENT.
(B) SURFACE WIND UP TO 16 KNOTS OUT OF THE SOUTH-SOUTHWEST.
ALTITUDE  DIRECTION  VELOCITY
6,000     300        25
10,000    300        35
16,000    320        45
20,000    320        45
30,000    330        45
50,000    330        55
80,000    340        15
(C) NONE.
(D) 10 MILES.
(E) SCATTERED HIGH THIN CIRRUS.
(F) N/A.
8. N/A.
9. N/A.
10. N/A.
11. ASSISTANT DIRECTOR OF INTELLIGENCE, 31ST AIR DIVISION, MR WAS CONTACTED AND, AFTER OBTAINING ABOVE INFORMATION ON 27 FEB, I CONCLUDED THAT SOME OBJECT WAS SEEN TO FALL IN LAKE PEPIN, WISCONSIN. WHAT THIS OBJECT IS OR WAS CAN ONLY BE DETERMINED.

UNCLASSIFIED",0.042988741044012284,65.18,"UNCLASSIFIED
31ST ADIV (DEF) SNELLING AFS ST. PAUL, MINN

4. TIME AND DATE OF SIGHTING (A) 23/0215Z FEB (B) NIGHT.

5. LOCATION OF OBSERVERS
(A) ROBBINSDALE, MINN.
(B) LAKE PEPIN, WISCONSIN.

6. INFORMATION ON OBSERVERS.
(A) ʘCIVILIANʘ  X  MINNEAPOLIS, MINNESOTA, UNK, PRESIDENT, JUNIOR ASTRONOMY CLUB.
(B) CIVILIAN (SEE COMMENT #11), LAKE PEPIN, WISCONSIN, MEMBER OF ASTRONOMY CLUB, AGE 65.

7. WEATHER.
(A) CLEAR WITH A QUARTER MOON PRESENT.
(B) SURFACE WIND UP TO 16 KNOTS OUT OF THE SOUTH-SOUTH-WEST.

ALTITUDE
DIRECTION
VELOCITY
6,000
300
25
10,000
300
35
16,000
320
45
20,000
320
45
30,000
330
45
50,000
330
55
80,000
340
15

(C) NONE.
(D) 10 MILES.
(E) SCATTERED HIGH THIN CIRRUS
(F) N/A

8. N/A.
9. N/A.
10. N/A.

11. ASSISTANT DIRECTOR OF INTELLIGENCE, 31ST AIR DIVISION, MR. WAS CONTACTED AND AFTER OBTAINING ABOVE INFORMATION ON 27 FEB, I CONCLUDED THAT SOME OBJECT WAS SEEN TO FALL IN LAKE PEPIN, WISCONSIN. WHAT THIS OBJECT IS OR WAS CAN ONLY BE DETERMINED.

2 3
UNCLASSIFIED",0.027692307692307693,50.27,"UNCLASSIFIED
31ST AD (DEF) SNELLING AFS ST PAUL MINN
4. TIME AND DATE OF SIGHTING (A) 23/0215Z FEB (B) NIGHT.
5. LOCATION OF OBSERVERS
(A) ROBBINSDALE, MINN.
(B) LAKE PEPIN, WISCONSIN.
6. INFORMATION ON OBSERVERS. (A) CIVILIAN
X
MINNEAPOLIS, MINNESOTA, UNK, PRESIDENT, JUNIOR ASTRONOMY CLUB. CIVILIAN (SEE COMMENT #11) LAKE PEPIN, WISCONSIN, MEMBER OF ASTRONOMY CLUB, AGE 65.
7. WEATHER.
(A) CLEAR WITH A QUARTER MOON PRESENT.
(B) SURFACE WIND UP TO 16 KNOTS OUT OF THE SOUTH-SOUTHWEST.
ALTITUDE
DIRECTION
VELOCITY
6,000
300
25
10,000
300
35
16,000
320
45
20,000
320
45
30,000
330
45
50,000
330
55
80,000
340
15
(C) NONE.
(D) 10 MILES.
(E) SCATTERED HIGH THIN CIRRUS
(F) N/A.
8. N/A.
9. N/A.
10. N/A.
11. ASSISTANT DIRECTOR OF INTELLIGENCE, 31ST AIR DIVISION, MR WAS CONTACTED AND AFTER OBTAINING ABOVE INFORMATION ON 27 FEB, I CONCLUDED THAT SOME OBJECT WAS SEEN TO FALL IN LAKE PEPIN, WISCONSIN. WHAT THIS OBJECT IS OR WAS CAN ONLY BE DETERMINED.
2 3
UNCLASSIFIED",0.022797927461139896,64.2,"UNCLASSIFIED
31ST ADIV (DEF) SNELLING AFS ST. PAUL, MINN.

4. TIME AND DATE OF SIGHTING (A) 23/0215Z FEB (B) NIGHT.
5. LOCATION OF OBSERVERS
(A) ROBBINSDALE, MINN.
(B) LAKE PEPIN, WISCONSIN.
6. INFORMATION ON OBSERVERS. (A) ʘCIVILIANʘ X, MINNEAPOLIS, MINNESOTA, UNK, PRESIDENT, JUNIOR ASTRONOMY CLUB. (B) CIVILIAN (SEE COMMENT #11), LAKE PEPIN, WISCONSIN, MEMBER OF ASTRONOMY CLUB, AGE 65.
7. WEATHER.
(A) CLEAR WITH A QUARTER MOON PRESENT.
(B) SURFACE WIND UP TO 16 KNOTS OUT OF THE SOUTH-SOUTH-WEST.

ALTITUDE
DIRECTION
VELOCITY
6,000
300
25
10,000
300
35
16,000
320
45
20,000
320
45
30,000
330
45
50,000
330
55
80,000
340
15

(C) NONE.
(D) 10 MILES.
(E) SCATTERED HIGH THIN CIRRUS.
(F) N/A.
(G) N/A.
8. N/A.
9. N/A.
10. N/A.
11. ASSISTANT DIRECTOR OF INTELLIGENCE, 31ST AIR DIVISION, MR
WAS CONTACTED AND AFTER OBTAINING ABOVE INFORMATION
ON 27 FEB, I CONCLUDED THAT SOME OBJECT WAS SEEN TO FALL IN LAKE
PEPIN, WISCONSIN. WHAT THIS OBJECT IS OR WAS CAN ONLY BE DETERMINED
ON
2 3
UNCLASSIFIED",0.032355915065722954,62.96
28973982,"03202
7 Nov 57
ATIC
Artina ny
3
3
7 Nov 57 0735
7 Nov 57 0728
WPC076 YDD059 WYC052 WDD072 DNA021 DNF002
4-4X2A
RR RJEDDN RJEDWP RJEPHQ
DE RJWFDN 2F
R 070435Z
FM COMDR 685TH ACWRON
TO RJEDDN/COMDR ADC ENT
RJWFDN/COMDR 34TH AD
RJEDWP/COMDR AIR TECHNICAL INTELLIGENCE CENTER
RJEPHQ/DIR OF INTELLIGENCE HQ USAF
BT
UNCLAS FROM OPS 800 UFOB IN ACCORDANCE WITH AFR 200-2, 12
AUG 1954, AND ADCR 200-7, 29 JAN 1955, THE FOLLOWING IS SUBMITTED.
(1) (A) ROUND LIKE A BALL
(B) AIRCRAFT-SIZE
(C) BRIGHT RED
(D) ONE (1)
(E) N/A
(F) NEGATIVE
(G) NEGATIVE
PAGE TWO RJWFDN 2F
(H) NEGATIVE",0.0777027027027027,57.03,"03202
7 Nov 57
ATIC
3
3
7 Nov 57 0735
7 Nov 57 0728
WPC076 YDD059 WYCO52 WDDO72DNA021DNFO02
4-4X2A
RR RJEDDN RJEDWP RJEPHQ
other
H
DE RJWFDN 2F
R 070435Z
FM COMDR 685TH ACWRON
TO RJEDDN/COMDR ADC ENT
RJWFDN/COMDR 34TH AD
RJEDWP/COMDR AIR TECHNICAL INTELLIGENCE CENTER
RJEPHQ/DIR OF INTELLIGENCE HQ USAF
BT
UNCLAS FROM OPS 800 UFOB IN ACCORDANCE WITH AFR 200-2, 12
AUG 1954, AND ADCR 200-7, 29 JAN 1955, THE FOLLOWING IS SUBMITTED.
(1) (A) ROUND LIKE A BALL
(B) AIRCRAFT-SIZE
(C) BRIGHT RED
(D) ONE (1)
(E) N/A
(F) NEGATIVE
(G) NEGATIVE
PAGE TWO RJWFDN 2F
(H) NEGATIVE",0.10135135135135136,72.4,"03202
7 Nov 57
ATIC
Artina ny
3
3
7 Nov 57 07 35
Nov 7 07 28 57
WPC076 YDD059 WYCO52 WDDO72DNA021DNFO02
4-4X2A
RR RJEDDN RJEDWP RJEPHQ
OTHER
H
DE RJWFDN 2F
R 070435Z
FM COMDR 685TH ACWRON
TO RJEDDN/COMDR ADC ENT
RJWFDN/COMDR 34TH AD
RJEDWP/COMDR AIR TECHNICAL INTELLIGENCE CEN
RJEPHQ/DIR OF INTELLIGENCE HQ USAF
BT
UNCLAS FROM OPS 800 UFOB IN ACCORDANCE WITH AFR 200-2, 12
AUG 1954, AND ADCR 200-7, 29 JAN 1955, THE FOLLOWING IS SUBMITTED.
(1) (A) ROUND LIKE A BALL
(B) AIRCRAFT SIZE
(C) BRIGHT RED
(D) ONE (1)
(E) N/A
(F) NEGATIVE
(G) NEGATIVE
PAGE TWO RJWFDN 2F
(H) NEGATIVE",0.06756756756756757,91.23,"03202
7 Nov 57
ATIC
Arlington, VA
3
3
7 Nov 57 0735
7 Nov 57 0728
WPC076 YDD059 WYCO52 WDD072 DNA021 DNF002
4-4X2A
RR RJEDDN RJEDWP RJEPHQ
OTHER
H
DE RJWFDN 2F
R 070435Z
FM COMDR 685TH ACWRON
TO RJEDDN/COMDR ADC ENT
RJWFDN/COMDR 34TH AD
RJEDWP/COMDR AIR TECHNICAL INTELLIGENCE CENTER
RJEPHQ/DIR OF INTELLIGENCE HQ USAF
BT
UNCLAS FROM OPS 800 UFOB IN ACCORDANCE WITH AFR 200-2, 12
AUG 1954, AND ADCR 200-7, 29 JAN 1955, THE FOLLOWING IS SUBMITTED.
(1) (A) ROUND LIKE A BALL
(B) AIRCRAFT-SIZE
(C) BRIGHT RED
(D) ONE (1)
(E) N/A
(F) NEGATIVE
(G) NEGATIVE
PAGE TWO RJWFDN 2F
(H) NEGATIVE",0.09966216216216216,37.07,"03202
7 Nov 57
ATIC
3
3
7 Nov 57 0735
7 Nov 57 0728
WPC076 YDD059 WYCO52 WDD072 DNA021 DNFO02
4-4X2A
RR RJEDDN RJEDWP RJEPHQ
DE RJWFDN 2F
R 070435Z
FM COMDR 685TH ACWRON
TO RJEDDN/COMDR ADC ENT
RJWFDN/COMDR 34TH AD
RJEDWP/COMDR AIR TECHNICAL INTELLIGENCE CENTER
RJEPHQ/DIR OF INTELLIGENCE HQ USAF
BT
UNCLAS FROM OPS 800 UFOB, IN ACCORDANCE WITH AFR 200-2, 12 AUG 1954, AND ADCR 200-7, 29 JAN 1955, THE FOLLOWING IS SUBMITTED.
(1) (A) ROUND LIKE A BALL
(B) AIRCRAFT-SIZE
(C) BRIGHT RED
(D) ONE (1)
(E) N/A
(F) NEGATIVE
(G) NEGATIVE
PAGE TWO RJWFDN 2F
(H) NEGATIVE",0.0945945945945946,75.81,"03202
7 Nov 57
ATIC
3
3
7 Nov 57 0735
7 Nov 57 0728
WPC076 YDD059 WYC052 WDD072 DNA021 DNF002
4-4X2A
RR RJEDDN RJEDWP RJEPHQ
DE RJWFDN 2F
R 070435Z
FM COMDR 685TH ACWRON
TO RJEDDN/COMDR ADC ENT
RJWFDN/COMDR 34TH AD
RJEDWP/COMDR AIR TECHNICAL INTELLIGENCE CENTER
RJEPHQ/DIR OF INTELLIGENCE HQ USAF
BT
UNCLAS. FROM OPS 800, UFOB, IN ACCORDANCE WITH AFR 200-2, 12
AUG 1954, AND ADCR 200-7, 29 JAN 1955, THE FOLLOWING IS SUBMITTED.
(1) (A) ROUND LIKE A BALL
(B) AIRCRAFT SIZE
(C) BRIGHT RED
(D) ONE (1)
(E) N/A
(F) NEGATIVE
(G) NEGATIVE
PAGE TWO RJWFDN 2F
(H) NEGATIVE",0.09797297297297297,45.94,"03202
7 Nov 57
ATIC
Artina ny
3
3
7 Nov 57 07 35
Nov 7 07 28 57
WPC076 YDD059 WYCO52 WDDO72 DNA021 DNFO02
4-4X2A
RR RJEDDN RJEDWP RJEPHQ
other
H
DE RJWFDN 2F
R 070435Z
FM COMDR 685TH ACWRON
TO RJEDDN/COMDR ADC ENT
RJWFDN/COMDR 34TH ADD
RJEDWP/COMDR AIR TECHNICAL INTELLIGENCE CEN
RJEPHQ/DIR OF INTELLIGENCE HQ USAF
BT
UNCLAS FROM OPS 800 UFOB IN ACCORDANCE WITH AFR 200-2, 12
AUG 1954, AND ADCR 200-7, 29 JAN 1955, THE FOLLOWING IS SUBMITTED.
(1) (A) ROUND LIKE A BALL
(B) AIRCRAFT-SIZE
(C) BRIGHT RED
(D) ONE (1)
(E) N/A
(F) NEGATIVE
(G) NEGATIVE
PAGE TWO RJWFDN 2F
(H) NEGATIVE",0.06925675675675676,63.08,"03202
7 Nov 57
ATIC
Artina ny
3
3
7 Nov 57 07 35
Nov 7 07 28 57
WPC076 YDD059 WYCO52 WDDO72DNA021DNFO02
4-4X2a
RR RJEDDN RJEDWP RJEPHQ
other
H
DE RJWFDN 2F
R 070435Z
FM COMDR 685TH ACWRON
TO RJEDDN/COMDR ADC ENT
RJWFDN/COMDR 34TH AD
RJEDWP/COMDR AIR TECHNICAL INTELLIGENCE CEN
RJEPHQ/DIR OF INTELLIGENCE HQ USAF
BT
UNCLAS FROM OPS 800 UFOB IN ACCORDANCE WITH AFR 200-2, 12
AUG 1954, AND ADCR 200-7, 29 JAN 1955, THE FOLLOWING IS SUBMITTED.
(1) (A) ROUND LIKE A BALL
(B) AIRCRAFT -SIZE
(C) BRIGHT RED
(D) ONE (1)
(E) N/A
(F) NEGATIVE
(G) NEGATIVE
PAGE TWO RJWFDN 2F
(H) NEGATIVE",0.06587837837837837,57.86,"03202
7 Nov 57
ATIC
Artina ny
3
3
7 Nov 57 07 35
Nov 7 07 28 57
WPC076 YDD059 WYCO52 WDDO72DNA021DNFO02
4-4X2a
RR RJEDDN RJEDWP RJEPHQ
OTHER
H
DE RJWFDN 2F
R 070435Z
FM COMDR 685TH ACWRON
TO RJEDDN/COMDR ADC ENT
RJWFDN/COMDR 34TH AD
RJEDWP/COMDR AIR TECHNICAL INTELLIGENCE CEN
RJEPHQ/DIR OF INTELLIGENCE HQ USAF
BT
UNCLAS FROM OPS 800 UFOB IN ACCORDANCE WITH AFR 200-2, 12
AUG 1954, AND ADCR 200-7, 29 JAN 1955, THE FOLLOWING IS SUBMITTED.
(1) (A) ROUND LIKE A BALL
(B) AIRCRAFT-SIZE
(C) BRIGHT RED
(D) ONE (1)
(E) N/A
(F) NEGATIVE
(G) NEGATIVE
PAGE TWO RJWFDN 2F
(H) NEGATIVE",0.06756756756756757,44.65
28932295,"POSTING THE GUARD
Those Discs Again
Lt. George Gorman of the 178th Ftr. Sq. at Fargo, N.D., won't forget the night of 1 Oct. That was the night he flew into a story that hit the front pages of newspapers all over the country and brought back last year's tales of flying discs.

Gorman took off into a clear night and flew two hours with little more to do than watch the northern lights play tag. But when he brought his F-51 back over Fargo, to his left and below he saw a strange light. And here is Lieutenant Gorman's own story:

""At first it seemed like just another running light on an airplane. But it wasn't. For when seen over the lights of the town it had no wings. It was just a light. It seemed to be about eight inches in diameter.

""I watched it for a time, then followed as it circled over the town to make sure it wasn't just another airplane. Then I called the tower.

""According to them, there were no other ships reported in the area—just mine and a Cub. I asked them to check National Guard operations and their report was the same.

""I reported the position of the object and went after it in a diving turn to the left. It was flying at about 4,500 feet and, as I approached, the light blinked on and off several times, then brightened and picked up speed.

""The Mustang was wide open but the light pulled away, keeping in a tight left turn. It turned twice around me as I made a single circle,"" the lieutenant reported. ""It must have been pushing 600 miles an hour.""

The tower had seen the light, too, and was checking it through binoculars. The glasses showed the fighter pilot making a head-on shot at the light. The rate of closure was terrific.

The lieutenant said he ""ducked as the object passed over and made a climbing turn to the left. I pulled around again, trying to cut it off. No luck.

""We went through another head-on pass with the object taking the initiative. At 7,000 feet we both pulled up but the object did the better job. It climbed to 17,000 feet. I pulled up so quickly the F-51 hit a high-speed stall but got to 14,000 anyway. I leveled out but didn't try to get above that point. No oxygen.""

Then the light came back to Lieutenant Gorman's altitude. He turned, dropping to 11,000 feet, where the light made a quick turn and tried another head-on pass. Then, in a final burst of speed, it went straight up and out of sight.

Said the lieutenant, ""I don't mind saying I split-S'd out.""

Ohio has had some nasty floods in its time, and the 112th Engr. (C) Bn. is getting itself ready for duty when the next comes along. Personnel volunteered for additional training in use of DUKWs, over and above the time they spend in complying with their NGTP, and here's one crew cruising on Lake Erie. —Ray Matjasic, Cleveland Plain Dealer

CONGRESSMAN JOSEPH MARTIN JR., center, Speaker of the House, at an air-control intercept field telephone at Otis Field, Mass., with the Fighter Wing, Air National Guard, during the week. Also shown is Congressman Wigglesworth, extreme right, who was among the important Federal officials who conducted a tour of inspection of the officers and men at the camp.

25
THE NATIONAL GUARDSMAN",0.4291463064098879,40.04,"POSTING THE GUARD
Those Discs Again

Lt. George Gorman of the 173rd Ftr. Sq. at Fargo, N.D., won't forget the night of 1 Oct. That was the night he flew into a story that hit the front pages of newspapers all over the country and brought back last year's tales of flying discs.

Gorman took off into a clear night and flew two hours with little more to do than watch the northern lights play tag. But when he brought his F-51 back over Fargo, to his left and below he saw a strange light. And here is Lieutenant Gorman's own story:

""At first it seemed like just another running light on an airplane. But it wasn't. For when seen over the lights of the town it had no wings. It was just a light. It seemed to be about eight inches in diameter.

""I watched it for a time, then followed as it circled over the town to make sure it wasn't just another airplane. Then I called the tower.

""According to them, there were no other ships reported in the area—just mine and a Cub. I asked them to check National Guard operations and their report was the same.

""I reported the position of the object and went after it in a diving turn to the left. It was flying at about 4,500 feet and, as I approached, the light blinked on and off several times, then brightened and picked up speed.

""The Mustang was wide open but the light pulled away, keeping in a tight left turn. It turned twice around me as I made a single circle,"" the lieutenant reported. ""It must have been pushing 600 miles an hour.""

Lieutenant Gorman said he resisted an impulse then and there to go home and count fingers and toes. ""It is hard,"" he said, ""to believe your own eyes when something with no wings walks off and leaves you standing still.""

The tower had seen the light, too, and was checking it through binoculars. The glasses showed the fighter pilot making a head-on shot at the light. The rate of closure was terrific.

The lieutenant said he ""ducked as the object passed over and made a climbing turn to the left. I pulled around again, trying to cut it off. No luck.

""We went through another head-on pass with the object taking the initiative. At 7,000 feet we both pulled up but the object did the better job. It climbed to 17,000 feet. I pulled up so quickly the F-51 hit a high-speed stall but got to 14,000 anyway. I leveled out but didn't try to get above that point. No oxygen.""

Then the light came back to Lieutenant Gorman's altitude. He turned, dropping to 11,000 feet, where the light made a quick turn and tried another head-on pass. Then, in a final burst of speed, it went straight up and out of sight.

Said the lieutenant, ""I don't mind admitting, I split-S'd out.""

—Ray Matjasic, Cleveland Plain Dealer
Ohio has had some nasty floods in its time, and the 112th Engr. (C) Bn. is getting itself ready for duty when the next comes along. Personnel volunteered for additional training in use of DUKWs, over and above the time they spend in complying with their NGTP, and here's one crew cruising on Lake Erie.

CONGRESSMAN JOSEPH MARTIN JR., center, Speaker of the House, plugs in on an air-control intercept field telephone at a camp in Mass., by the Fighter Wing, Air National Guard, during the week's operations. Also, Wigglesworth, extreme right, who was among the important federal officials who conducted a tour of inspection of the officers and men at the camp.",0.3641851106639839,55.8,"POSTING THE GUARD
Those Discs Again

Lt. George Gorman of the 178th Ftr. Sq. at Fargo, N.D., won't forget the night of 1 Oct. That was the night he flew into a story that hit the front pages of newspapers all over the country and brought back last year's tales of flying discs.

Gorman took off into a clear night and flew two hours with little more to do than watch the northern lights play tag. But when he brought his F-51 back over Fargo, to his left and below he saw a strange light. And here is Lieutenant Gorman's own story:

""At first it seemed like just another running light on an airplane. But it wasn't. For when seen over the lights of the town it had no wings. It was just a light. It seemed to be about eight inches in diameter. I watched it for a time, then followed as it circled over the town to make sure it wasn't just another airplane. Then I called the tower.

""According to them, there were no other ships reported in the area—just mine and a cub. I asked them to check National Guard operations and their report was the same.

""I reported the position of the object and went after it in a diving turn to the left. It was flying at about 4,500 feet and, as I approached, the light blinked on and off several times, then brightened and picked up speed.

""The Mustang was wide open but the light pulled away, keeping in a tight left turn. It turned twice around me as I made a single circle,"" the lieutenant reported. ""It must have been pushing 600 miles an hour.""

Lieutenant Gorman said he resisted an impulse then and there to go home and count fingers and toes. ""It is hard,"" he said, ""to believe your own eyes when something with no wings walks off and leaves you standing still.""

The tower had seen the light, too, and was checking it through binoculars. The glasses showed the fighter pilot making a head-on shot at the light. The rate of closure was terrific.

The lieutenant said he ""ducked as the object passed over and made a climbing turn to the left. I pulled around again, trying to cut it off. No luck.

""We went through another head-on pass with the object taking the initiative. At 7,000 feet we both pulled up but the object did the better job. It climbed to 17,000 feet. I pulled up so quickly the F-51 hit a high-speed stall but got to 14,000 anyway. I leveled out but didn't try to get above that point. No oxygen.""

Then the light came back to Lieutenant Gorman's altitude. He turned, dropping to 11,000 feet, where the light made a quick turn and tried another head-on pass. Then, in a final burst of speed, it went straight up and out of sight.

Said the lieutenant: ""I don't mind... I split-S'd out...""

Ohio has had some nasty floods in its time, and the 112th Engr. (C) Bn. is getting itself ready for duty when the next comes along. Personnel volunteered for additional training in use of DUKWs, over and above the time they spend in complying with their NGTP, and here's one crew cruising on Lake Erie.
—Ray Matjasic, Cleveland Plain Dealer

CONGRESSMAN JOSEPH MARTIN JR., center, Speaker of the House, at the air-control intercept field telephone during operations conducted at a camp in Mass. by the Fighter Wing, Air National Guard, during the week. Also, Representative Wigglesworth, extreme right, who was among the important Federal officials who conducted a tour of inspection of the officers and men at the camp.

25
THE NATIONAL GUARDSMAN",0.37165852256395515,76.95,"POSTING THE GUARD
Those Discs Again

Lt. George Gorman of the 178th Ftr. Sq. at Fargo, N.D., won't forget the night of 1 Oct. That was the night he flew into a story that hit the front pages of newspapers all over the country and brought back last year's tales of flying discs.

Gorman took off into a clear night and flew two hours with little more to do than watch the northern lights play tag. But when he brought his F-51 back over Fargo, to his left and below he saw a strange light. And here is Lieutenant Gorman's own story:

""At first it seemed like just another running light on an airplane. But it wasn't. For when seen over the lights of the town it had no wings. It was just a light. It seemed to be about eight inches in diameter.

""I watched it for a time, then followed as it circled over the town to make sure it wasn't just another airplane. Then I called the tower.

""According to them, there were no other ships reported in the area—just mine and a Cub. I asked them to check National Guard operations and their report was the same.

""I reported the position of the object and went after it in a diving turn to the left. It was flying at about 4,500 feet and, as I approached, the light blinked on and off several times, then brightened and picked up speed.

""The Mustang was wide open but the light pulled away, keeping in a tight left turn. It turned twice around me as I made a single circle,"" the lieutenant reported. ""It must have been pushing 600 miles an hour.""

The tower had seen the light, too, and was checking it through binoculars. The glasses showed the fighter pilot making a head-on shot at the light. The rate of closure was terrific.

The lieutenant said he ""ducked as the object passed over and made a climbing turn to the left. I pulled around again, trying to cut it off. No luck.

""We went through another head-on pass with the object taking the initiative. At 7,000 feet we both pulled up but the object did the better job. It climbed to 17,000 feet. I pulled up so quickly the F-51 hit a high-speed stall but got to 14,000 anyway. I leveled out but didn't try to get above that point. No oxygen.

""Then the light came back to my altitude. I turned, dropping to 11,000 feet, where the light made a quick turn and tried another head-on pass. Then, in a final burst of speed, it went straight up and out of sight.

""I don't mind admitting—I split-S'd out.""

Ohio has had some nasty floods in its time, and the 112th Engr. (C) Bn. is getting itself ready for duty when the next comes along. Personnel volunteered for additional training in use of DUKWs, over and above the time they spend in complying with their NGTP, and here's one crew cruising on Lake Erie.
—Ray Matjasic, Cleveland Plain Dealer

CONGRESSMAN JOSEPH MARTIN JR., center, Speaker of the House, listens in on an air control intercept field telephone conducted at Camp Edwards, Mass., by the Fighter Wing, Air National Guard, during the week's operation. Also shown is Congressman Richard B. Wigglesworth, extreme right, who was among the important Federal officials who conducted a tour of inspection of the officers and men at the camp.

25 THE NATIONAL GUARDSMAN",0.44581776372520837,69.08,"POSTING THE GUARD

Those Discs Again

Lt. George Gorman of the 178th Ftr. Sq. at Fargo, N.D., won't forget the night of 1 Oct. That was the night he flew into a story that hit the front pages of newspapers all over the country and brought back last year's tales of flying discs. Gorman took off into a clear night and flew two hours with little more to do than watch the northern lights play tag. But when he brought his F-51 back over Fargo, to his left and below he saw a strange light. And here is Lieutenant Gorman's own story:

""At first it seemed like just another running light on an airplane. But it wasn't. For when seen over the lights of the town it had no wings. It was just a light. It seemed to be about eight inches in diameter. I watched it for a time, then followed as it circled over the town to make sure it wasn't just another airplane. Then I called the tower.

""According to them, there were no other ships reported in the area—just mine and a Cub. I asked them to check National Guard operations and their report was the same.

""I reported the position of the object and went after it in a diving turn to the left. It was flying at about 4,500 feet and, as I approached, the light blinked on and off several times, then brightened and picked up speed.

""The Mustang was wide open but the light pulled away, keeping in a tight left turn. It turned twice around me as I made a single circle,"" the lieutenant reported. ""It must have been pushing 600 miles an hour.""

The tower had seen the light, too, and was checking it through binoculars. The glasses showed the fighter pilot making a head-on shot at the light. The rate of closure was terrific.

The lieutenant said he ""ducked as the object passed over and made a climbing turn to the left. I pulled around again, trying to cut it off. No luck.

""We went through another head-on pass with the object taking the initiative. At 7,000 feet we both pulled up but the object did the better job. It climbed to 17,000 feet. I pulled up so quickly the F-51 hit a high-speed stall but got to 14,000 anyway. I leveled out but didn't try to get above that point. No oxygen.""

Then the light came back to Lieutenant Gorman's altitude. He turned, dropping to 11,000 feet, where the light made a quick turn and tried another head-on pass. Then, in a final burst of speed, it went straight up and out of sight.

Said the lieutenant, ""I don't mind reporting; I split-S'd out—""

—Ray Matjasic, Cleveland Plain Dealer

Ohio has had some nasty floods in its time, and the 112th Engr. (C) Bn. is getting itself ready for duty when the next comes along. Personnel volunteered for additional training in use of DUKWs, over and above the time they spend in complying with their NGTP, and here's one crew cruising on Lake Erie.

CONGRESSMAN JOSEPH MARTIN JR., center, Speaker of the House, uses an air control-intercept field telephone at Camp Edwards, Mass., with the Fighter Wing, Air National Guard, during the week's operations. Also, Wigglesworth, extreme right, who was among the important Federal officials who conducted a tour of inspection of the officers and men at the camp.

25
THE NATIONAL GUARDSMAN",0.43115837884449554,180.56,"POSTING THE GUARD
Those Discs Again

Lt. George Gorman of the 178th Ftr. Sq., at Fargo, N.D., won't forget the night of 1 Oct. That was the night he flew into a story that hit the front pages of newspapers all over the country and brought back last year's tales of flying discs.

Gorman took off into a clear night and flew two hours with little more to do than watch the northern lights play tag. But when he brought his F-51 back over Fargo, to his left and below he saw a strange light. And here is Lieutenant Gorman's own story:

""At first it seemed like just another running light on an airplane. But it wasn't. For when seen over the lights of the town it had no wings. It was just a light. It seemed to be about eight inches in diameter.

""I watched it for a time, then followed as it circled over the town to make sure it wasn't just another airplane. Then I called the tower.

""According to them, there were no other ships reported in the area—just mine and a Cub. I asked them to check National Guard operations and their report was the same.

""I reported the position of the object and went after it in a diving turn to the left. It was flying at about 4,500 feet and, as I approached, the light blinked on and off several times, then brightened and picked up speed.

""The Mustang was wide open, but the light pulled away, keeping in a tight left turn. It turned twice around me as I made a single circle. It must have been pushing 600 miles an hour.""

The tower had seen the light, too, and was checking it through binoculars. The glasses showed the fighter pilot making a head-on shot at the light. The rate of closure was terrific.

""The object passed over and I ducked, then made a climbing turn to the left. I pulled around again, trying to cut it off. No luck.

""We went through another head-on pass with the object taking the initiative. At 7,000 feet we both pulled up, but the object did the better job. It climbed to 17,000 feet. I pulled up so quickly the F-51 hit a high-speed stall, but got to 14,000 anyway. I leveled out but didn't try to get above that point. No oxygen.

""Then the light came back to my altitude. I turned, dropping to 11,000 feet, where the light made a quick turn and tried another head-on pass. Then, in a final burst of speed, it went straight up and out of sight.

""I don't mind saying I split-S'd out.""

Lieutenant Gorman said he resisted an impulse then and there to go home and count fingers and toes. ""It is hard,"" he said, ""to believe your own eyes when something with no wings walks off and leaves you standing still.""

Ohio has had some nasty floods in its time, and the 112th Engr. (C) Bn. is getting itself ready for duty when the next comes along. Personnel volunteered for additional training in use of DUKWs, over and above the time they spend in complying with their NGTP, and here's one crew cruising on Lake Erie.
—Ray Matjasic, Cleveland Plain Dealer

CONGRESSMAN JOSEPH MARTIN JR., center, Speaker of the House, at an air-control intercept field telephone conducted at a camp in Mass. by the Fighter Wing, Air National Guard, during operations. Also, Wigglesworth, extreme right, who was among the important Federal officials who conducted a tour of inspection of the officers and men at the camp.

THE NATIONAL GUARDSMAN",0.48720896809428,88.33,"POSTING THE GUARD
Those Discs Again
Lt. George Gorman of the 178th
Ftr. Sq. at Fargo, N. D., won't for-
get the night of 1 Oct. That was
the night he flew into a story that
hit the front pages of newspapers
all over the country and brought
back last year's tales of flying discs.
Gorman took off into a clear night
and flew two hours with little more
to do than watch the northern
lights play tag. But when he
brought his F-51 back over Fargo,

- Ray Matjasic, Cleveland Plain Dealer
Ohio has had some nasty floods in its time, and the 112th Engr. (C) Bn. is getting itself
ready for duty when the next comes along. Personnel volunteered for additional training
in the use of DUKWs, over and above the time they spend in complying with their NGTP,
and here's one crew cruising on Lake Erie.

GUARD

to his left and below he saw a
strange light. And here is Lieu-
tenant Gorman's own story:
""At first it seemed like just an-
other running light on an airplane.
But it wasn't. For when seen over
the lights of the town it had no
wings. It was just a light. It seemed
to be about eight inches in diameter.
""I watched it for a time, then
followed as it circled over the town
to make sure it wasn't just another
airplane. Then I called the tower.
""According to them, there were
no other ships reported in the area
—just mine and a Cub. I asked them
to check National Guard operations
and their report was the same.
""I reported the position of the
object and went after it in a diving
turn to the left. It was flying at
about 4,500 feet and, as I ap-
proached, the light blinked on and
off several times, then brightened
and picked up speed.
""The Mustang was wide open but
the light pulled away, keeping in
a tight left turn. It turned twice
around me as I made a single cir-
cle,"" the lieutenant reported. ""It
must have been pushing 600 miles
an hour.""

The tower had seen the light, too,
and was checking it through binoc-
ulars. The glasses showed the
fighter pilot making a head-on shot
at the light. The rate of closure
was terrific.

The lieutenant said he ""ducked
as the object passed over and made
a climbing turn to the left. I
pulled around again, trying to cut
it off. No luck.
""We went through another head-
on pass with the object taking the
initiative. At 7,000 feet we both
pulled up but the object did the
better job. It climbed to 17,000
feet. I pulled up so quickly the
F-51 hit a high-speed stall but got
to 14,000 anyway. I leveled out but
didn't try to get above that point.
No oxygen.
""Then the light came back to Lieu-
tenant Gorman's altitude. He turned,
dropping to 11,000 feet, where the
light made a quick turn and tried
another head-on pass. Then, in a
final burst of speed, it went straight
up and out of sight.
Said the lieutenant, 'I don't mind
admitting I split-S'd out.'""
Lieutenant Gorman said he re-
sisted an impulse then and there
to go home and count fingers and
toes. ""It is hard,"" he said, ""to be-
lieve your own eyes when some-
thing with no wings walks off and
leaves you standing still.""

CONGRESSMAN JOSEPH MARTIN JR., center, Speaker of the
House, listens to an air-control intercept field telephone
conversation conducted at Camp, Mass., by the Fighter
Wing, Air National Guard, during this week of operations, to
Speaker Martin. Also, Wigglesworth, extreme right, who was
among the important Federal Officials who conducted a tour of
inspection of the Officers and Men at the Camp.

25
THE NATIONAL GUARDSMAN",0.48950847944811726,198.52,"POSTING THE GUARD
Those Discs Again
Lt. George Gorman of the 178th
Ftr. Sq. at Fargo, N. D., won't for-
get the night of 1 Oct. That was
the night he flew into a story that
hit the front pages of newspapers
all over the country and brought
back last year's tales of flying discs.
Gorman took off into a clear night
and flew two hours with little more
to do than watch the northern
lights play tag. But when he
brought his F-51 back over Fargo,
to his left and below he saw a
strange light. And here is Lieu-
tenant Gorman's own story:
""At first it seemed like just an-
other running light on an airplane.
But it wasn't. For when seen over
the lights of the town it had no
wings. It was just a light. It seemed
to be about eight inches in diameter.
""I watched it for a time, then
followed as it circled over the town
to make sure it wasn't just another
airplane. Then I called the tower.
""According to them, there were
no other ships reported in the area
—just mine and a cub. I asked them
to check National Guard operations
and their report was the same.
""I reported the position of the
object and went after it in a diving
turn to the left. It was flying at
about 4,500 feet and, as I ap-
proached, the light blinked on and
off several times, then brightened
and picked up speed.
""The Mustang was wide open but
the light pulled away, keeping in
a tight left turn. It turned twice
around me as I made a single cir-
cle,"" the lieutenant reported. ""It
must have been pushing 600 miles
an hour.""
The tower had seen the light, too,
and was checking it through binoc-
ulars. The glasses showed the
fighter pilot making a head-on shot
at the light. The rate of closure
was terrific.
The lieutenant said he ""ducked
as the object passed over and made
a climbing turn to the left. I
pulled around again, trying to cut
it off. No luck.
""We went through another head-
on pass with the object taking the
initiative. At 7,000 feet we both
pulled up but the object did the
better job. It climbed to 17,000
feet. I pulled up so quickly the
F-51 hit a high-speed stall but got
to 14,000 anyway. I leveled out but
didn't try to get above that point.
No oxygen.""
Then the light came back to Lieu-
tenant Gorman's altitude. He turned,
dropping to 11,000 feet, where the
light made a quick turn and tried
another head-on pass. Then, in a
final burst of speed, it went straight
up and out of sight.
Lieutenant Gorman said he re-
sisted an impulse then and there
to go home and count fingers and
toes. ""It is hard,"" he said, ""to be-
lieve your own eyes when some-
thing with no wings walks off and
leaves you standing still.""
Said the lieutenant: ""I don't mind
parting. I split-S'd out ...""

Ohio has had some nasty floods in its time, and the 112th Engr. (C) Bn. is getting itself
ready for duty when the next comes along. Personnel volunteered for additional training
in use of DUKWs, over and above the time they spend in complying with their NGTP,
and here's one crew cruising on Lake Erie.
—Ray Matjasic, Cleveland Plain Dealer

CONGRESSMAN JOSEPH MARTIN JR., center, Speaker of the House, listens in on an
air control intercept field telephone conducted at Camp Otis, Mass., by the Fighter Wing,
Air National Guard, during the operation this week. Also Wigglesworth, extreme right,
who was among the important Federal officials who conducted a tour of inspection of
the officers and men at the camp.

25
THE NATIONAL GUARDSMAN",0.49037079620580626,167.09,"POSTING THE GUARD
Those Discs Again
Lt. George Gorman of the 178th
Ftr. Sq. at Fargo, N. D., won't for-
get the night of 1 Oct. That was
the night he flew into a story that
hit the front pages of newspapers
all over the country and brought
back last year's tales of flying discs.
Gorman took off into a clear night
and flew two hours with little more
to do than watch the northern
lights play tag. But when he
brought his F-51 back over Fargo,
to his left and below he saw a
strange light. And here is Lieu-
tenant Gorman's own story:
""At first it seemed like just an-
other running light on an airplane.
But it wasn't. For when seen over
the lights of the town it had no
wings. It was just a light. It seemed
to be about eight inches in diameter.
""I watched it for a time, then
followed as it circled over the town
to make sure it wasn't just another
airplane. Then I called the tower.
""According to them, there were
no other ships reported in the area
—just mine and a cub. I asked them
to check National Guard operations
and their report was the same.
""I reported the position of the
object and went after it in a diving
turn to the left. It was flying at
about 4,500 feet and, as I ap-
proached, the light blinked on and
off several times, then brightened
and picked up speed.
""The Mustang was wide open but
the light pulled away, keeping in
a tight left turn. It turned twice
around me as I made a single cir-
cle,"" the lieutenant reported. ""It
must have been pushing 600 miles
an hour.""
Lieutenant Gorman said he re-
sisted an impulse then and there
to go home and count fingers and
toes. ""It is hard,"" he said, ""to be-
lieve your own eyes when some-
thing with no wings walks off and
leaves you standing still.""
The tower had seen the light, too,
and was checking it through binoc-
ulars. The glasses showed the
fighter pilot making a head-on shot
at the light. The rate of closure
was terrific.
The lieutenant said he ""ducked
as the object passed over and made
a climbing turn to the left. I
pulled around again, trying to cut
it off. No luck.
""We went through another head-
on pass with the object taking the
initiative. At 7,000 feet we both
pulled up but the object did the
better job. It climbed to 17,000
feet. I pulled up so quickly the
F-51 hit a high speed stall but got
to 14,000 anyway. I leveled out but
didn't try to get above that point.
No oxygen.""
Then the light came back to Lieu-
tenant Gorman's altitude. He turned,
dropping to 11,000 feet, where the
light made a quick turn and tried
another head-on pass. Then, in a
final burst of speed, it went straight
up and out of sight.
Said the lieutenant, ""I don't mind
admitting, I split-S'd out.""

—Ray Matjasic, Cleveland Plain Dealer
Ohio has had some nasty floods in its time, and the 112th Engr. (C) Bn. is getting itself
ready for duty when the next comes along. Personnel volunteered for additional training
in use of DUKWs, over and above the time they spend in complying with their NGTP,
and here's one crew cruising on Lake Erie.

CONGRESSMAN JOSEPH MARTIN JR., center, Speaker of the House, tries the
air-control intercept field telephone conducted at Camp in Mass. by the Fighter Wing,
Air National Guard during the operation. Also Wigglesworth, extreme right, who was
among the important Federal officials who conducted a tour of inspection of the officers
and men at the camp.

25
THE NATIONAL GUARDSMAN",0.36619718309859156,170.4
28997081,"Page 3
16. Tell in a few words the following things about the object.
a. Sound
b. Color
17. Draw a picture that will show the shape of the object or objects. Label and include in your sketch any details
of the object that you saw such as wings, protrusions, etc., and especially exhaust trails or vapor trails.
Place an arrow beside the drawing to show the direction the object was moving.
18. The edges of the object were:
(Circle One): a. Fuzzy or blurred
b. Like a bright star
c. Sharply outlined
d. Don't remember
e. Other
19. IF there was MORE THAN ONE object, then how many were there?
Draw a picture of how they were arranged, and put an arrow to show the direction that they were traveling.",0.0,16.86,"Page 3
16. Tell in a few words the following things about the object.
a. Sound
b. Color
17. Draw a picture that will show the shape of the object or objects. Label and include in your sketch any details of the object that you saw such as wings, protrusions, etc., and especially exhaust trails or vapor trails. Place an arrow beside the drawing to show the direction the object was moving.
18. The edges of the object were:
(Circle One): a. Fuzzy or blurred
b. Like a bright star
c. Sharply outlined
d. Don't remember
e. Other
19. IF there was MORE THAN ONE object, then how many were there?
Draw a picture of how they were arranged, and put an arrow to show the direction that they were traveling.",0.0,30.95,"Page 3
16. Tell in a few words the following things about the object.
a. Sound
b. Color
17. Draw a picture that will show the shape of the object or objects. Label, and include in your sketch any details
of the object that you saw such as wings, protrusions, etc., and especially exhaust trails or vapor trails.
Place an arrow beside the drawing to show the direction the object was moving.
18. The edges of the object were:
(Circle One): a. Fuzzy or blurred
b. Like a bright star
c. Sharply outlined
d. Don't remember
e. Other
19. IF there was MORE THAN ONE object, then how many were there?
Draw a picture of how they were arranged, and put an arrow to show the direction that they were traveling.",0.001430615164520744,20.79,"Page 3
16. Tell in a few words the following things about the object:
a. Sound
b. Color
17. Draw a picture that will show the shape of the object or objects. Label and include in your sketch any details of the object that you saw such as wings, protrusions, etc., and especially exhaust trails or vapor trails. Place an arrow beside the drawing to show the direction the object was moving.
18. The edges of the object were:
(Circle one): a. Fuzzy or blurred
b. Like a bright star
c. Sharply outlined
d. Don't remember
e. Other
19. IF there was MORE THAN ONE object, then how many were there?
Draw a picture of how they were arranged, and put an arrow to show the direction that they were traveling.",0.0014326647564469914,12.71,"Page 3
16. Tell in a few words the following things about the object:
a. Sound
b. Color
17. Draw a picture that will show the shape of the object or objects. Label and include in your sketch any details of the object that you saw, such as wings, protrusions, etc., and especially exhaust trails or vapor trails. Place an arrow beside the drawing to show the direction the object was moving.
18. The edges of the object were:
(Circle one):
a. Fuzzy or blurred
b. Like a bright star
c. Sharply outlined
d. Don't remember
e. Other
19. IF there was MORE THAN ONE object, then how many were there? Draw a picture of how they were arranged, and put an arrow to show the direction that they were traveling.",0.002861230329041488,12.88,"Page 3
16. Tell in a few words the following things about the object.
a. Sound
b. Color
17. Draw a picture that will show the shape of the object or objects. Label and include in your sketch any details of the object that you saw such as wings, protrusions, etc., and especially exhaust trails or vapor trails. Place an arrow beside the drawing to show the direction the object was moving.
18. The edges of the object were:
(Circle One): a. Fuzzy or blurred
b. Like a bright star
c. Sharply outlined
d. Don't remember
e. Other
19. IF there was MORE THAN ONE object, then how many were there? Draw a picture of how they were arranged, and put an arrow to show the direction that they were traveling.",0.0,11.06,"Page 3
16. Tell in a few words the following things about the object.
a. Sound
b. Color
17. Draw a picture that will show the shape of the object or objects. Label and include in your sketch any details
of the object that you saw such as wings, protrusions, etc., and especially exhaust trails or vapor trails.
Place an arrow beside the drawing to show the direction the object was moving.
18. The edges of the object were:
(Circle One):
a. Fuzzy or blurred
b. Like a bright star
c. Sharply outlined
d. Don't remember
e. Other
19. IF there was MORE THAN ONE object, then how many were there?
Draw a picture of how they were arranged, and put an arrow to show the direction that they were traveling.",0.0,21.4,"Page 3
16. Tell in a few words the following things about the object.
a. Sound
b. Color
17. Draw a picture that will show the shape of the object or objects. Label and include in your sketch any details
of the object that you saw such as wings, protrusions, etc., and especially exhaust trails or vapor trails.
Place an arrow beside the drawing to show the direction the object was moving.
18. The edges of the object were:
(Circle one):
a. Fuzzy or blurred
b. Like a bright star
c. Sharply outlined
d. Don't remember
e. Other
19. IF there was MORE THAN ONE object, then how many were there?
Draw a picture of how they were arranged, and put an arrow to show the direction that they were traveling.",0.0,22.02,"Page 3
16. Tell in a few words the following things about the object.
a. Sound
b. Color
17. Draw a picture that will show the shape of the object or objects. Label and include in your sketch any details
of the object that you saw such as wings, protrusions, etc., and especially exhaust trails or vapor trails.
Place an arrow beside the drawing to show the direction the object was moving.
18. The edges of the object were:
(Circle One):
a. Fuzzy or blurred
b. Like a bright star
c. Sharply outlined
d. Don't remember
e. Other
19. IF there was MORE THAN ONE object, then how many were there?
Draw a picture of how they were arranged, and put an arrow to show the direction that they were traveling.",0.0,16.59
28984028,65th Assembly,0.9310344827586207,36.25,Seat: Albany,0.8620689655172413,92.31,SECT. Assembly,0.896551724137931,50.95,SECT. SUMMARY,0.8620689655172413,39.78,SSGT. 7smBny,0.8275862068965517,87.2,Sect. 7 Summary,0.8620689655172413,13.11,656T. 7smBny,0.8620689655172413,27.86,656T. 7smBny,0.8620689655172413,22.33,656T. 7smBny,0.8620689655172413,16.48
28984612,"DEPARTMENT OF THE AIR FORCE
21 SEP 59
STAFF MESSAGE DIVISION
UNCLASSIFIED MESSAGE
INCOMING
AF IN: 54036 (24 Sep 59) B/A/ncm
FOR
ACTION: CIN
INFO: OOP SAFS
DE RJAOKH 40
P 240630Z SEP 59
FM 51 FIW/NAHA AB OKI
TO RJWFAL/ADC-ENT AFB COLO
RJEDSO/ATIC WPAFB OHIO
RJEZHO/ACSI HQ USAF WASH DC
RJEZHO/OSI HQ USAF WASH DC
RJHPKM/PACAF HICKAM AFB TH
INFO RJAOKC/ADIV OEQE KADENA AB OKI
RJAPAA/5AF FUCHU AS JAP
BT
UNCLAS/EFTO/51WIC 51-9-59. SUBJ IS UFO REPORT. DATA REQD BY AFR 200-2 FOLLOWS: ITEM ALPHA: DESCRIPTION: (1) ROUND; (2) PEA SIZE AT ARM'S LENGTH; (3) WHITE TO BURNING RED; (4) ONE; (5) NONE; (6) BRIGHT FLASH WITH FLAMING TAIL; (7) TRAIL SIMILAR TO ONE FOLLOWING A METEOR; (8) NONE; (9) BALL OF FIRE. THERE WAS LIGHTNING IN AREA PRIOR TO AND FOLLOWING THE INITIAL SIGHTING. ITEM BRAVO: DESCRIPTION OF COURSE OF OBJECT: (1) FLASH OF LIGHT SEEN BY OBSERVERS; (2) 070 DEGREES AZIMUTH; ABOVE 40,000 FEET ALT; (3) AZIMUTH THE SAME AS ITEM BRAVO (2), OBJECT SEEMED TO BURST APART AND THEN DISAPPEARED FROM SIGHT AS A METEOR WOULD AFTER HITTING THE EARTH'S ATMOSPHERE; (4)",0.046948356807511735,56.29,"DEPARTMENT OF THE AIR FORCE
21 SEP 59
STAFF MESSAGE DIVISION
UNCLASSIFIED MESSAGE
INCOMING
AF IN: 54036 (24 Sep 59) B/A/NCM
FOR: 3
ACTION: CIN
INFO: OOP SAFS
DE RJAOKH 40
P 240630Z SEP 59
FM 51 FIW/NAHA AB OKI
TO RJWFAL/ADC-ENT AFB COLO
RJEDSO/ATIC WPAFB OHIO
RJEZHO/ACSI HQ USAF WASH DC
RJEZHO/OIS HQ USAF WASH DC
RJHPKM/PACAF HICKAM AFB TH
INFO RJAOKC/ADIV OEQE KADENA AB OKI
RJAPAA/AFSS FUCHU AS JAP
BT
UNCLAS/EFTO 51WIC 51-9-51. SUBJ IS UFO REPORT. DATA REQD BY AFR
200-2 FOLLOWS: ITEM ALPHA: DESCRIPTION: (1) ROUND; (2) PEA SIZE AT
ARM'S LENGTH; (3) WHITE TO BURNING RED; (4) ONE; (5) NONE; (6) BRIGHT
FLASH WITH FLAMING TAIL; (7) TRAIL SIMILAR TO ONE FOLLOWING A
METEOR; (8) NONE; (9) BALL OF FIRE; THERE WAS LIGHTNING IN AREA
PRIOR TO AND FOLLOWING THE INITIAL SIGHTING. ITEM BRAVO: DESCRIPTION
OF COURSE OF OBJECT: (1) FLASH OF LIGHT SEEN BY OBSERVERS; (2)
070 DEGREES AZIMUTH; ABOVE 40M FEET ALT.; (3) AZIMUTH THE SAME AS ITEM
BRAVO (2). OBJECT SEEMED TO BURST APART AND THEN DISAPPEARED FROM
SIGHT AS A METEOR WOULD AFTER HITTING THE EARTH'S ATMOSPHERE; (4)",0.04311152764761012,56.52,"DEPARTMENT OF THE AIR FORCE
21 SEP 59
STAFF MESSAGE DIVISION
UNCLASSIFIED MESSAGE
INCOMING
AF IN: 54036 (24 SEP 59) B/A/ncm
FOR: 3
ACTION: CIN
INFO: OOP SAFS
DE RJAOKH 40
P 240630Z SEP 59
FM 51 FIW/NAHA AB OKI
TO RJWFAL/ADC-ENT AFB COLO
RJEDSO/ATIC WPAFB OHIO
RJEZHO/ACSI HQ USAF WASH DC
RJEZHO/OIS HQ USAF WASH DC
RJHPKM/PACAF HICKAM AFB TH
INFO RJAOKC/ADIV OEQE KADENA AB OKI
RJAPAA/AFSS FUCHU AS JAP
BT
UNCLAS/EFTO 51 FIW 51-9-51. SUBJ IS UFO REPORT. DATA REQD BY AFR 200-2 FOLLOWS: ITEM ALPHA: DESCRIPTION: (1) ROUND; (2) PEA SIZE AT ARM'S LENGTH; (3) WHITE TO BURNING RED; (4) ONE; (5) NONE; (6) BRIGHT FLASH WITH FLAMING TAIL; (7) TRAIL SIMILAR TO ONE FOLLOWING A METEOR; (8) NONE; (9) BALL OF FIRE. THERE WAS LIGHTNING IN AREA PRIOR TO AND FOLLOWING THE INITIAL SIGHTING. ITEM BRAVO: DESCRIPTION OF COURSE OF OBJECT: (1) FLASH OF LIGHT SEEN BY OBSERVERS; (2) 070 DEGREES AZIMUTH; ABOVE 40,000 FEET ALT.; (3) AZIMUTH THE SAME AS ITEM BRAVO (2), OBJECT SEEMED TO BURST APART AND THEN DISAPPEARED FROM SIGHT AS A METEOR WOULD AFTER HITTING THE EARTH'S ATMOSPHERE; (4)",0.04948646125116713,64.0,"DEPARTMENT OF THE AIR FORCE
21 SEP 59
STAFF MESSAGE DIVISION
UNCLASSIFIED MESSAGE
INCOMING
AFIN: 54036 (24 Sep 59) B/A/ncm
FOR: 3
ACTION: CIN
INFO: OOP SAFS
DE RJAOKH 40
P 240630Z SEP 59
FM 51 FIW/NAHA AB OKI
TO RJWFAL/ADC-ENT AFB COLO
RJEDSO/ATIC WPAFB OHIO
RJEZHO/ACSI HQ USAF WASH DC
RJEZHO/OSI HQ USAF WASH DC
RJHPKM/PACAF HICKAM AFB TH
INFO RJAOKC/ADIV OEQE KADENA AB OKI
RJAPAA/AFSS FUCHU AS JAP
BT
UNCLAS/EFTO 51WIC 51-9-59. SUBJ IS UFO REPORT. DATA REQD BY AFR 200-2 FOLLOWS: ITEM ALPHA: DESCRIPTION: (1) ROUND; (2) PEA SIZE AT ARM'S LENGTH; (3) WHITE TO BURNING RED; (4) ONE; (5) NONE; (6) BRIGHT FLASH WITH FLAMING TAIL; (7) TRAIL SIMILAR TO ONE FOLLOWING A METEOR; (8) NONE; (9) BALL OF FIRE; THERE WAS LIGHTNING IN AREA PRIOR TO AND FOLLOWING THE INITIAL SIGHTING. ITEM BRAVO: DESCRIPTION OF COURSE OF OBJECT: (1) FLASH OF LIGHT SEEN BY OBSERVERS; (2) 070 DEGREES AZIMUTH; ABOVE 40,000 FEET ALT; (3) AZIMUTH THE SAME AS ITEM BRAVO (2); OBJECT SEEMED TO BURST APART AND THEN DISAPPEARED FROM SIGHT AS A METEOR WOULD AFTER HITTING THE EARTH'S ATMOSPHERE; (4)",0.04962546816479401,78.64,"DEPARTMENT OF THE AIR FORCE
21 SEP 59
STAFF MESSAGE DIVISION
UNCLASSIFIED MESSAGE
INCOMING
AF IN: 54036 (24 Sep 59) B/A/ncm
FOR
3
ACTION: CIN
INFO: OOP SAFS
DE RJAOKH 40
P 240630Z SEP 59
FM 51 FIW/NAHA AB OKI
TO RJWFAL/ADC-ENT AFB COLO
RJEDSO/ATIC WPAFB OHIO
RJEZHO/ACSI HQ USAF WASH DC
RJEZHO/OIS HQ USAF WASH DC
RJHPKM/PACAF HICKAM AFB TH
INFO RJAOKC/ADIV OEQE KADENA AB OKI
RJAPAA/AFS FUCHU AS JAP
BT
UNCLAS/EFTO/51 FIW/IC 51-9-51. SUBJ IS UFO REPORT. DATA REQD BY AFR
200-2 FOLLOWS: ITEM ALPHA: DESCRIPTION: (1) ROUND; (2) PEA SIZE AT
ARM'S LENGTH; (3) WHITE TO BURNING RED; (4) ONE; (5) NONE; (6) BRIGHT
FLASH WITH FLAMING TAIL; (7) TRAIL SIMILAR TO ONE FOLLOWING A
METEOR; (8) NONE; (9) BALL OF FIRE. THERE WAS LIGHTNING IN AREA
PRIOR TO AND FOLLOWING THE INITIAL SIGHTING. ITEM BRAVO: DESCRIPTION
OF COURSE OF OBJECT: (1) FLASH OF LIGHT SEEN BY OBSERVERS; (2)
070 DEGREES AZIMUTH; ABOVE 40,000 FEET ALT; (3) AZIMUTH THE SAME AS ITEM
BRAVO (2), OBJECT SEEMED TO BURST APART AND THEN DISAPPEARED FROM
SIGHT AS A METEOR WOULD AFTER HITTING THE EARTH'S ATMOSPHERE; (4)",0.04855275443510738,102.62,"DEPARTMENT OF THE AIR FORCE
21 SEP 59
STAFF MESSAGE DIVISION
UNCLASSIFIED MESSAGE
INCOMING
AF IN: 54036 (24 Sep 59) B/A/ncm
FOR
3
ACTION: CIN
INFO: OOP SAFS
DE RJAOKH 40
P 240630Z ZEX ZNJ
FM 51 FIW/NAHA AB OKI
TO RJWFAL/ADC-ENT AFB COLO
RJEDSO/ATIC WPAFB OHIO
RJEZHO/ACSI HQ USAF WASH DC
RJEZHO/OIS HQ USAF WASH DC
RJHPKM/PACAF HICKAM AFB TH
INFO RJAOKC/ADIV OEQE KADENA AB OKI
RJAPAA/AFS FUCHU AS JAP
BT
UNCLAS/EFTO 51WIC 51-9-51. SUBJ: UFO REPORT. DATA REQD BY AFR 200-2 FOLLOWS: ITEM ALPHA: DESCRIPTION: (1) ROUND. (2) PEA SIZE AT ARM'S LENGTH. (3) WHITE TO BURNING RED. (4) ONE. (5) NONE. (6) BRIGHT FLASH WITH FLAMING TAIL. (7) TRAIL SIMILAR TO ONE FOLLOWING A METEOR. (8) NONE. (9) BALL OF FIRE. THERE WAS LIGHTNING IN AREA PRIOR TO AND FOLLOWING THE INITIAL SIGHTING. ITEM BRAVO: DESCRIPTION OF COURSE OF OBJECT: FLASH OF LIGHT SEEN BY OBSERVERS. (2) 070 DEGREES AZIMUTH; ABOVE 40,000 FEET ALT. (3) AZIMUTH THE SAME AS ITEM BRAVO (2). OBJECT SEEMED TO BURST APART AND THEN DISAPPEARED FROM SIGHT AS A METEOR WOULD AFTER HITTING THE EARTH'S ATMOSPHERE. (4)",0.05084745762711865,64.2,"DEPARTMENT OF THE AIR FORCE
21 SEP 59
STAFF MESSAGE DIVISION
UNCLASSIFIED MESSAGE
I N C O M I N G
AF IN: 54036 (24 Sep 59) B/A/ncm
for
3
ACTION: CIN
INFO: OOP SAFS
,
DE RJAOKH 40
P 240630Z SEP 59
FM 51 FIW/NAHA AB OKI
TO RJWFAL/ADC-ENT AFB COLO
RJEDSO/ATIC WPAFB OHIO
RJEZHO/ACSI HQ USAF WASH DC
RJEZHO/OIS HQ USAF WASH DC
RJHPKM/PACAF HICKAM AFB TH
INFO RJAOKC/ADIV OEQE KADENA AB OKI
RJAPAA/AF: 5 FUCHU AS JAP
BT
UNCLAS/EFTO 51WIC 51-9-51. SUBJ IS UFO REPORT. DATA REQD BY AFR
200-2 FOLLOWS: ITEM ALPHA: DESCRIPTION: (1) ROUND (2) PEA SIZE AT
ARM'S LENGTH (3) WHITE TO BURNING RED (4) ONE (5) NONE (6) BRIGHT
FLASH WITH FLAMING TAIL; (7) TRAIL SIMILAR TO ONE FOLLOWING A
METEOR; (8) NONE; (9) BALL OF FIRE; THERE WAS LIGHTNING IN AREA
PRIOR TO AND FOLLOWING THE INITIAL SIGHTING. ITEM BRAVO: DESCRIPTION
OF COURSE OF OBJECT: (1) FLASH OF LIGHT SEEN BY OBSERVERS. (2)
070 DEGREES AZIMUTH; ABOVE 40M FEET ALT. (3) AZIMUTH THE SAME AS ITEM
BRAVO (2), OBJECT SEEMED TO BURST APART AND THEN DISAPPEARED FROM
SIGHT AS A METEOR WOULD AFTER HITTING THE EARTH'S ATMOSPHERE; (4)",0.04205607476635514,96.87,"DEPARTMENT OF THE AIR FORCE
21 SEP 59
STAFF MESSAGE DIVISION
UNCLASSIFIED MESSAGE
I N C O M I N G
AF IN: 54036 (24 Sep 59) B/A/ncm
FOR 3
ACTION: CIN
INFO: OOP SAFS
DE RJAOKH 40
P 240630Z SEP 59
FM 51 FIW/NAHA AB OKI
TO RJWFAL/ADC-ENT AFB COLO
RJEDSO/ATIC WPAFB OHIO
RJEZHO/ACS/I HQUSAF WASH DC
RJEZHO/OSI HQUSAF WASH DC
RJHPKM/PACAF HICKAM AFB TH
INFO RJAOKC/ADIV OEQE KADENA AB OKI
RJAPAA/AFSS FUCHU AS JAP
BT
UNCLAS/EFTO 51WIC 51-9-51. SUBJ IS UFO REPORT. DATA REQD BY AFR 200-2 FOLLOWS: ITEM ALPHA: DESCRIPTION: (1) ROUND (2) PEA SIZE AT ARM'S LENGTH (3) WHITE TO BURNING RED (4) ONE (5) NONE (6) BRIGHT FLASH WITH FLAMING TAIL; (7) TRAIL SIMILAR TO ONE FOLLOWING A METEOR; (8) NONE; (9) BALL OF FIRE; THERE WAS LIGHTNING IN AREA PRIOR TO AND FOLLOWING THE INITIAL SIGHTING. ITEM BRAVO: DESCRIPTION OF COURSE OF OBJECT: (1) FLASH OF LIGHT SEEN BY OBSERVERS. (2) 070 DEGREES AZIMUTH; ABOVE 40M FEET ALT. (3) AZIMUTH THE SAME AS ITEM BRAVO(2), OBJECT SEEMED TO BURST APART AND THEN DISAPPEARED FROM SIGHT AS A METEOR WOULD AFTER HITTING THE EARTH'S ATMOSPHERE; (4)",0.04131455399061033,66.57,"DEPARTMENT OF THE AIR FORCE
21 SEP 59
STAFF MESSAGE DIVISION
UNCLASSIFIED MESSAGE
INCOMING
AF IN: 54036 (24 Sep 59) B/A/ncm
FOR
3
ACTION: CIN
INFO: OOP SAFS

DE RJAOKH 40
P 240630Z SEP 59
FM 51 FIW/NAHA AB OKI
TO RJWFAL/ADC-ENT AFB COLO
RJEDSO/ATIC WPAFB OHIO
RJEZHO/ACSI HQ USAF WASH DC
RJEZHO/OIS HQ USAF WASH DC
RJHPKM/PACAF HICKAM AFB TH
INFO RJAOKC/ADIV OEQE KADENA AB OKI
RJAPAA/5 AF FUCHU AS JAP
BT
UNCLAS/EFTO. SUBJ IS UFO REPORT. DATA REQD BY AFR
200-2 FOLLOWS: ITEM ALPHA: DESCRIPTION: (1) ROUND (2) PEA SIZE AT
ARM'S LENGTH; (3) WHITE TO BURNING RED (4) ONE (5) NONE (6) BRIGHT
FLASH WITH FLAMING TAIL; (7) TRAIL SIMILAR TO ONE FOLLOWING A
METEOR; (8) NONE; (9) BALL OF FIRE; THERE WAS LIGHTNING IN AREA
PRIOR TO AND FOLLOWING THE INITIAL SIGHTING. ITEM BRAVO: DESCRIPTION
OF COURSE OF OBJECT: (1) FLASH OF LIGHT SEEN BY OBSERVERS. (2)
070 DEGREES AZIMUTH; ABOVE 40M FEET ALT. (3) AZIMUTH THE SAME AS ITEM
BRAVO (2), OBJECT SEEMED TO BURST APART AND THEN DISAPPEARED FROM
SIGHT AS A METEOR WOULD AFTER HITTING THE EARTH'S ATMOSPHERE; (4)",0.05004721435316336,56.62
28933052,"UNCLASSIFIED
in 1949 was heard by two men. An aerial and ground search conducted in the vicinity of Lamesa, Texas, for physical evidence was negative. A report from a ten-year-old boy in Amherst, Texas, reporting a sound accompanying the aerial phenomena, was obtained.
DETAILS:
1. A telephone call from Mr. CHARLES NAFFZIGER, Administrative Supervisor, DO #17, Kirtland AFB, Kirtland Field, New Mexico, on the morning of 31 January 1949, instructed this office to ascertain the azimuth, elevation, and direction of a peculiar light observed near Walker AFB at 1755 hours, 30 January 1949, by Sgt EDWARD P. McCRARY.
2. This is a joint report of Special Agents JACK B. WILLIAMS, LEWIS S. RICKETT, and the writer.
AT ROSWELL, NEW MEXICO
3. The Municipal Airport, Sheriff's Office, and Police Department of Roswell, New Mexico, were contacted on 31 January 1949 and advised that no report had been received in their agencies of an aerial phenomena the preceding day. The Continental, Pioneer, and Charter Service Air Lines stated on this date that no flares had been utilized by any of their personnel in or near Roswell.
AT WALKER AFB, ROSWELL, NEW MEXICO
4. Sgt RAYMOND D. PLATT, AF 12252077 (MOS 766); Sgt EDWARD P. McCRARY, AF 18141615 (MOS 552); Sgt DONALD J. McKENNA, AF 19214055 (MOS 561); Cpl WILLIAM J. BRYANT, AF 11268902 (MOS 552); and Pvt ROGER M. JOHNSON, AF 31271834 (MOS 552), all of the 1900-4 AACS Detachment, Walker AFB; Sgt DANIEL SULLIVAN, AF 11108867 (MOS 213); and JAN MODIT, Special Agent of the Office of Special Investigations, Walker AFB, Roswell, New Mexico, were interviewed on 31 January 1949 and the following facts obtained:
On 30 January 1949 at 1755 hours, a blue-green light resembling a flare was observed traveling on a horizontal line. This light came out of the north headed south at an estimated altitude of 2,000 feet, moving slowly, and disappeared in the vicinity of SE of Walker Air Force Base. To some observers, this phenomena disappeared in its entirety while other statements mentioned a disappearance as a disintegration into a shower of smaller lighted fragments such as a shower of sparks. The only sound accompanying this object was heard by Sgt McCRARY, who described it as a high-pitched whining noise similar to that of a blowtorch. All of these observers sighted this light from a position west of it while facing east.
5. Obtaining the services of an engineer's transit, the following information was secured by making a reading from points of observation:
First observed at 52° (magnetic).
Last observed at 37° 30' (magnetic).
Elevation of 22°.
-2- UNCLASSIFIED
246",0.017563955708285606,53.76,"UNCLASSIFIED
In 1944 was heard by two men. An aerial and ground search conducted in the vicinity of Lamesa, Texas, for physical evidence was negative. A report from a ten-year-old boy in Amherst, Texas, reporting a sound accompaniment with the aerial phenomenon, was obtained.
DETAILS:
1. A telephone call from Mr. CHARLES NAFFZIGER, Administrative Supervisor, DO #17, Kirtland AFB, Kirtland Field, New Mexico, on the morning of 31 January 1949, instructed this office to ascertain the azimuth, elevation, and direction of a peculiar light observed near Walker AFB at 1755 hours, 30 January 1949, by Sgt EDWARD P. McCRARY.
2. This is a joint report of Special Agents JACK B. WILLIAMS, LEWIS S. RICKETT, and the writer.
AT ROSWELL, NEW MEXICO
3. The Municipal Airport, Sheriff's Office, and Police Department of Roswell, New Mexico, were contacted on 31 January 1949 and advised that no report had been received in their agencies of an aerial phenomenon the preceding day. The Continental, Pioneer, and Charter Service Air Lines stated on this date that no flares had been utilized by any of their personnel in or near Roswell.
AT WALKER AFB, ROSWELL, NEW MEXICO
4. Sgt RAYMOND D. PLATT, AF 12252077 (MOS 766); Sgt EDWARD P. McCRARY, AF 18141615 (MOS 552); Sgt DONALD J. McKENNA, AF 19214055 (MOS 561); Cpl WILLIAM J. BRYANT, AF 11268902 (MOS 552); and Pvt ROGER M. JOHNSON, AF 31271834 (MOS 552), all of 1900-4 AACS Detachment, Walker AFB; Sgt DANIEL SULLIVAN, AF 11108867 (MOS 213); and JAN MODIT, Special Agent, Office of Special Investigations, Walker AFB, Roswell, New Mexico, were interviewed on 31 January 1949 and the following facts obtained:
On 30 January 1949 at 1755 hours, a blue-green light resembling a flare was observed travelling on a horizontal line. This light came out of the North headed South at an estimated altitude of 2,000 feet, moving slowly, and disappeared in the vicinity of SE Walker Air Force Base. To some observers, this phenomenon disappeared in its entirety while other statements mentioned a disappearance as a disintegration into a shower of smaller lighted fragments such as a shower of sparks. The only sound accompanying this object was heard by Sgt McCRARY, who described it as a high-pitched whining noise similar to that of a blowtorch. All of these observers sighted this light from a position West of it while facing East.
5. Obtaining the services of an engineer's transit, the following information was secured by making a reading from points of observation:
First observed at 52° (magnetic).
Last observed at 37°30' (magnetic).
Elevation of 22°.
-2- UNCLASSIFIED
246",0.01606118546845124,78.32,"UNCLASSIFIED
in 1944 was heard by two men. An aerial and ground search conducted in
the vicinity of Lamesa, Texas, for physical evidence was negative. A
report from a ten-year-old boy in Amherst, Texas, reporting a sound
accompanying the aerial phenomenon, was obtained.
DETAILS:
1. A telephone call from Mr. CHARLES NAFFZIGER, Administrative
Supervisor, DO #17, Kirtland AFB, Kirtland Field, New Mexico, on the
morning of 31 January 1949, instructed this office to ascertain the azimuth,
elevation, and direction of a peculiar light observed near Walker
AFB at 1755 hours, 30 January 1949, by Sgt EDWARD P. McCRARY.
2. This is a joint report of Special Agents JACK B. WILLIAMS,
LEWIS S. RICKETT, and the writer.
AT ROSWELL, NEW MEXICO
3. The Municipal Airport, Sheriff's Office, and Police Department
of Roswell, New Mexico, were contacted on 31 January 1949 and advised
that no report had been received in their agencies of an aerial
phenomenon the preceding day. The Continental, Pioneer, and Charter
Service Air Lines stated on this date that no flares had been utilized
by any of their personnel in or near Roswell.
AT WALKER AFB, ROSWELL, NEW MEXICO
4. Sgt RAYMOND D. PLATT, AF 12252077 (MOS 766); Sgt EDWARD P.
McCRARY, AF 18141615 (MOS 552); S/Sgt DONALD J. McKENNA, AF 19214055
(MOS 561); Cpl WILLIAM J. BRYANT, AF 11268902 (MOS 552); and Pvt ROGER
M. JOHNSON, AF 31271834 (MOS 552), all of 1900-4 AACS Detachment, Walker
AFB; Sgt DANIEL SULLIVAN, AF 11108867 (MOS 213); and JAN MODIT, Special
Agent of the Office of Special Investigations, Walker AFB, Roswell, New Mexico,
were interviewed on 31 January 1949 and the following facts obtained:
On 30 January 1949 at 1755 hours, a blue-green light resembling a flare
was observed traveling on a horizontal line. This light came out of the
North headed South at an estimated altitude of 2,000 feet, moving slowly,
and disappeared in the vicinity of SE Walker Air Force Base. To some
observers, this phenomenon disappeared in its entirety while other statements
mentioned a disappearance as a disintegration into a shower of
smaller lighted fragments such as a shower of sparks. The only sound
accompanying this object was heard by Sgt McCRARY, who described it as
a high-pitched whining noise similar to that of a blowtorch. All of
these observers sighted this light from a position West of it while
facing East.
5. Obtaining the services of an engineer's transit, the following
information was secured by making a reading from points of observation:
First observed at 52° (magnetic).
Last observed at 37° 30' (magnetic).
Elevation of 22°.
-2- UNCLASSIFIED
246",0.016431027894535728,77.72,"UNCLASSIFIED
A sound in 1949 was heard by two men. An aerial and ground search conducted in
the vicinity of Lamesa, Texas, for physical evidence was negative. A
report from a ten-year-old boy in Amherst, Texas, reporting a sound ac-
companied with the aerial phenomena, was obtained.
DETAILS:
1. A telephone call from Mr. CHARLES NAFFZIGER, Administrative
Supervisor, DO #17, Kirtland AFB, Kirtland Field, New Mexico, on the
morning of 31 January 1949, instructed this office to ascertain the azi-
muth, elevation, and direction of a peculiar light observed near Walker
AFB at 1755 hours, 30 January 1949, by Sgt EDWARD P. McCRARY.
2. This is a joint report of Special Agents JACK B. WILLIAMS,
LEWIS S. RICKETT, and the writer.
AT ROSWELL, NEW MEXICO
3. The Municipal Airport, Sheriff's Office, and Police Depart-
ment of Roswell, New Mexico, were contacted on 31 January 1949 and ad-
vised that no report had been received in their agencies of an aerial
phenomena the preceding day. The Continental, Pioneer, and Charter
Service Air Lines stated on this date that no flares had been utilized
by any of their personnel in or near Roswell.
AT WALKER AFB, ROSWELL, NEW MEXICO
4. Sgt RAYMOND D. PLATT, AF 12252077 (MOS 766); Sgt EDWARD P.
McCRARY, AF 18141615 (MOS 552); Sgt DONALD J. McKENNA, AF 19214055
(MOS 561); Cpl WILLIAM J. BRYANT, AF 11268902 (MOS 552); and Pvt ROGER
M. JOHNSON, AF 31271834 (MOS 552), all of 1900-4 AACS Detachment, Walker
AFB; Sgt DANIEL SULLIVAN, AF 11108867 (MOS 213); and JAN MODIT, Special
Agent of Office of Special Investigations, Walker AFB, Roswell, New Mexico,
were interviewed on 31 January 1949 and the following facts obtained:
On 30 January 1949 at 1755 hours, a blue-green light resembling a flare
was observed traveling on a horizontal line. This light came out of the
North headed South at an estimated altitude of 2,000 feet, moving slowly,
and disappeared in the vicinity of SE of Walker Air Force Base. To some
observers, this phenomena disappeared in its entirety while other state-
ments mentioned a disappearance as a disintegration into a shower of
smaller lighted fragments such as a shower of sparks. The only sound
accompanying this object was heard by Sgt McCRARY, who described it as
a high pitched whining noise similar to that of a blowtorch. All of
these observers sighted this light from a position West of it while
facing East.
5. Obtaining the services of an engineer's transit, the follow-
ing information was secured by making a reading from points of observa-
tion:
First observed at 52° magnetic.
Last observed at 37°30' magnetic.
Elevation of 22°.
-2- UNCLASSIFIED
246",0.016717325227963525,57.61,"UNCLASSIFIED
in 1949 was heard by two men. An aerial and ground search conducted in
the vicinity of Lamesa, Texas, for physical evidence was negative. A
report from a ten year old boy in Amherst, Texas, reporting a sound
accompaniment with the aerial phenomena, was obtained.
DETAILS:
1. A telephone call from Mr. CHARLES NAFFZIGER, Administrative
Supervisor, DO #17, Kirtland AFB, Kirtland Field, New Mexico, on the
morning of 31 January 1949, instructed this office to ascertain the azimuth,
elevation, and direction of a peculiar light observed near Walker
AFB at 1755 hours, 30 January 1949, by Sgt EDWARD P. McCRARY.
2. This is a joint report of Special Agents JACK B. WILLIAMS,
LEWIS S. RICKETT, and the writer.
AT ROSWELL, NEW MEXICO
3. The Municipal Airport, Sheriff's Office, and Police Department
of Roswell, New Mexico, were contacted on 31 January 1949 and advised
that no report had been received in their agencies of an aerial
phenomena the preceding day. The Continental, Pioneer, and Charter
Service Air Lines stated on this date that no flares had been utilized
by any of their personnel in or near Roswell.
AT WALKER AFB, ROSWELL, NEW MEXICO
4. Sgt RAYMOND D. PLATT, AF 12252077 (MOS 766); Sgt EDWARD P.
McCRARY, AF 18141615 (MOS 552); S/Sgt DONALD J. McKENNA, AF 19214055
(MOS 561); Cpl WILLIAM J. BRYANT, AF 11268902 (MOS 552); and Pvt ROGER
M. JOHNSON, AF 31271834 (MOS 552), all of 1900-4 AACS Detachment, Walker
AFB; Sgt DANIEL SULLIVAN, AF 11108867 (MOS 213); and JAN MODIT, Special
Agent of Office of Special Investigations, Walker AFB, Roswell, New Mexico,
were interviewed on 31 January 1949 and the following facts obtained:
On 30 January 1949 at 1755 hours, a blue-green light resembling a flare
was observed travelling on a horizontal line. This light came out of the
North headed South at an estimated altitude of 2,000 feet, moving slowly,
and disappeared in the vicinity of SE of Walker Air Force Base. To some
observers, this phenomena disappeared in its entirety while other statements
mentioned a disappearance as a disintegration into a shower of
smaller lighted fragments such as a shower of sparks. The only sound
accompanying this object was heard by Sgt McCRARY, who described it as
a high pitched whining noise similar to that of a blowtorch. All of
these observers sighted this light from a position West of it while
facing East.
5. Obtaining the services of an engineer's transit, the following
information was secured by making a reading from points of observation:
First observed at 52° magnetic.
Last observed at 37° 30' magnetic.
Elevation of 22°.
-2- UNCLASSIFIED
246",0.012996941896024464,56.58,"UNCLASSIFIED
A sound in Lamesa was heard by two men. An aerial and ground search conducted in the vicinity of Lamesa, Texas, for physical evidence was negative. A report from a ten-year-old boy in Amherst, Texas, reporting a sound accompanying the aerial phenomenon, was obtained.
DETAILS:
1. A telephone call from Mr. CHARLES NAFFZIGER, Administrative Supervisor, DO #17, Kirtland AFB, Kirtland Field, New Mexico, on the morning of 31 January 1949, instructed this office to ascertain the azimuth, elevation, and direction of a peculiar light observed near Walker AFB at 1755 hours, 30 January 1949, by Sgt EDWARD P. McCRARY.
2. This is a joint report of Special Agents JACK B. WILLIAMS, LEWIS S. RICKETT, and the writer.
AT ROSWELL, NEW MEXICO
3. The Municipal Airport, Sheriff's Office, and Police Department of Roswell, New Mexico, were contacted on 31 January 1949 and advised that no report had been received in their agencies of an aerial phenomenon the preceding day. The Continental, Pioneer, and Charter Service Air Lines stated on this date that no flares had been utilized by any of their personnel in or near Roswell.
AT WALKER AFB, ROSWELL, NEW MEXICO
4. Sgt RAYMOND D. PLATT, AF 12252077 (MOS 766); Sgt EDWARD P. McCRARY, AF 18141615 (MOS 552); S/Sgt DONALD J. McKENNA, AF 19214055 (MOS 561); Cpl WILLIAM J. BRYANT, AF 11268902 (MOS 552); and Pvt ROGER M. JOHNSON, AF 31271834 (MOS 552), all of 1900-4 AACS Detachment, Walker AFB; Sgt DANIEL SULLIVAN, AF 11108867 (MOS 213); and JAN MODIT, Special Agent of Office of Special Investigations, Walker AFB, Roswell, New Mexico, were interviewed on 31 January 1949 and the following facts obtained: On 30 January 1949 at 1755 hours, a blue-green light resembling a flare was observed traveling on a horizontal line. This light came out of the North headed South at an estimated altitude of 2,000 feet, moving slowly, and disappeared in the vicinity of SE Walker Air Force Base. To some observers, this phenomenon disappeared in its entirety while other statements mentioned a disappearance as a disintegration into a shower of smaller lighted fragments such as a shower of sparks. The only sound accompanying this object was heard by Sgt McCRARY, who described it as a high-pitched whining noise similar to that of a blowtorch. All of these observers sighted this light from a position west of it while facing east.
5. Obtaining the services of an engineer's transit, the following information was secured by making a reading from points of observation:
First observed at 52° (magnetic).
Last observed at 37° 30' (magnetic).
Elevation of 22°.
-2- UNCLASSIFIED
246",0.019824628288219594,112.65,"UNCLASSIFIED
in 1944 was heard by two men. An aerial and ground search conducted in
the vicinity of Lamesa, Texas, for physical evidence was negative. A
report from a ten year old boy in Amherst, Texas, reporting a sound ac-
companiment with the aerial phenomena, was obtained.
DETAILS:
1. A telephone call from Mr. CHARLES NAFFZIGER, Administrative
Supervisor, DO #17, Kirtland AFB, Kirtland Field, New Mexico, on the
morning of 31 January 1949, instructed this office to ascertain the azi-
muth, elevation, and direction of a peculiar light observed near Walker
AFB at 1755 hours, 30 January 1949, by Sgt EDWARD P. McCRARY.
2. This is a joint report of Special Agents JACK B. WILLIAMS,
LEWIS S. RICKETT, and the writer.
AT ROSWELL, NEW MEXICO
3. The Municipal Airport, Sheriff's Office, and Police Depart-
ment of Roswell, New Mexico, were contacted on 31 January 1949 and ad-
vised that no report had been received in their agencies of an aerial
phenomena the preceding day. The Continental, Pioneer, and Charter
Service Air Lines stated on this date that no flares had been utilized
by any of their personnel in or near Roswell.
AT WALKER AFB, ROSWELL, NEW MEXICO
4. Sgt RAYMOND D. PLATT, AF 12252077 (MOS 766); Sgt EDWARD P.
McCRARY, AF 18141615 (MOS 552); S/Sgt DONALD J. McKENNA, AF 19214055
(MOS 561); Cpl WILLIAM J. BRYANT, AF 11268902 (MOS 552); and Pvt ROGER
M. JOHNSON, AF 31271834 (MOS 552) all of 1900-4 AACS Detachment, Walker
AFB; Sgt DANIEL SULLIVAN, AF 11108867 (MOS 213); and JAN MODIT, Special
Agent of Office of Special Investigations, Walker AFB, Roswell, New Mex-
ico, were interviewed on 31 January 1949 and the following facts obtained:
On 30 January 1949 at 1755 hours, a blue-green light resembling a flare
was observed travelling on a horizontal line. This light came out of the
North headed South at an estimated altitude of 2,000 feet, moving slowly,
and disappeared in the vicinity of SE Walker Air Force Base. To some
observers, this phenomena disappeared in its entirety while other state-
ments mentioned a disappearance as a disintegration into a shower of
smaller lighted fragments such as a shower of sparks. The only sound
accompanying this object was heard by Sgt McCRARY, who described it as
a high pitched whining noise similar to that of a blowtorch. All of
these observers sighted this light from a position West of it while
facing East.
5. Obtaining the services of an engineer's transit, the follow-
ing information was secured by making a reading from points of observa-
tion:
First observed at 52° (magnetic).
Last observed at 37° 30' magnetic.
Elevation of 22°.
-2- UNCLASSIFIED
246",0.0155893536121673,59.18,"UNCLASSIFIED
in 1944 was heard by two men. An aerial and ground search conducted in
the vicinity of Lamesa, Texas, for physical evidence was negative. A
report from a ten year old boy in Amherst, Texas, reporting a sound ac-
companied with the aerial phenomena, was obtained.
DETAILS:
1. A telephone call from Mr. CHARLES NAFFZIGER, Administrative
Supervisor, DO #17, Kirtland AFB, Kirtland Field, New Mexico, on the
morning of 31 January 1949, instructed this office to ascertain the azi-
muth, elevation, and direction of a peculiar light observed near Walker
AFB at 1755 hours, 30 January 1949, by Sgt EDWARD P. McCRARY.
2. This is a joint report of Special Agents JACK B. WILLIAMS,
LEWIS S. RICKETT, and the writer.
AT ROSWELL, NEW MEXICO
3. The Municipal Airport, Sheriff's Office, and Police Depart-
ment of Roswell, New Mexico, were contacted on 31 January 1949 and ad-
vised that no report had been received in their agencies of an aerial
phenomena the preceding day. The Continental, Pioneer, and Charter
Service Air Lines stated on this date that no flares had been utilized
by any of their personnel in or near Roswell.
AT WALKER AFB, ROSWELL, NEW MEXICO
4. Sgt RAYMOND D. PLATT, AF 12252077 (MOS 766); Sgt EDWARD P.
McCRARY, AF 18141615 (MOS 552); S/Sgt DONALD J. McKENNA, AF 1921/4055
(MOS 561); Cpl WILLIAM J. BRYANT, AF 11268902 (MOS 552); and Pvt ROGER
M. JOHNSON, AF 31271834 (MOS 552) all of 1900-4 AACS Detachment, Walker
AFB; Sgt DANIEL SULLIVAN, AF 11108867 (MOS 213); and JAN MODIT, Special
Agent of Office of Special Investigations, Walker AFB, Roswell, New Mex-
ico, were interviewed on 31 January 1949 and the following facts obtained:
On 30 January 1949 at 1755 hours, a blue-green light resembling a flare
was observed travelling on a horizontal line. This light came out of the
North headed South at an estimated altitude of 2,000 feet, moving slowly,
and disappeared in the vicinity of SE Walker Air Force Base. To some
observers, this phenomena disappeared in its entirety while other state-
ments mentioned a disappearance as a disintegration into a shower of
smaller lighted fragments such as a shower of sparks. The only sound
accompanying this object was heard by Sgt McCRARY, who described it as
a high pitched whining noise similar to that of a blowtorch. All of
these observers sighted this light from a position West of it while
facing East.
5. Obtaining the services of an engineer's transit, the follow-
ing information was secured by making a reading from points of observa-
tion:
First observed at 52° (magnetic).
Last observed at 37°30' magnetic.
Elevation of 22°.
-2- UNCLASSIFIED
246",0.01445966514459665,75.16,"UNCLASSIFIED
in 1944 was heard by two men. An aerial and ground search conducted in
the vicinity of Lamesa, Texas, for physical evidence was negative. A
report from a ten year old boy in Amherst, Texas, reporting a sound ac-
companiment with the aerial phenomena, was obtained.
DETAILS:
1. A telephone call from Mr. CHARLES NAFFZIGER, Administrative
Supervisor, DO #17, Kirtland AFB, Kirtland Field, New Mexico, on the
morning of 31 January 1949, instructed this office to ascertain the azi-
muth, elevation, and direction of a peculiar light observed near Walker
AFB at 1755 hours, 30 January 1949, by Sgt EDWARD P. McCRARY.
2. This is a joint report of Special Agents JACK B. WILLIAMS,
LEWIS S. RICKETT, and the writer.
AT ROSWELL, NEW MEXICO
3. The Municipal Airport, Sheriff's Office, and Police Depart-
ment of Roswell, New Mexico, were contacted on 31 January 1949 and ad-
vised that no report had been received in their agencies of an aerial
phenomena the preceding day. The Continental, Pioneer, and Charter
Service Air Lines stated on this date that no flares had been utilized
by any of their personnel in or near Roswell.
AT WALKER AFB, ROSWELL, NEW MEXICO
4. Sgt RAYMOND D. PLATT, AF 12252077 (MOS 766); Sgt EDWARD P.
McCRARY, AF 18141615 (MOS 552); Sgt DONALD J. McKENNA, AF 19214055
(MOS 561); Cpl WILLIAM J. BRYANT, AF 11268902 (MOS 552); and Pvt ROGER
M. JOHNSON, AF 31271834 (MOS 552), all of 1900-4 AACS Detachment, Walker
AFB; Sgt DANIEL SULLIVAN, AF 11108867 (MOS 213); and JAN MODIT, Special
Agent of Office of Special Investigations, Walker AFB, Roswell, New Mex-
ico, were interviewed on 31 January 1949 and the following facts obtained:
On 30 January 1949 at 1755 hours, a blue-green light resembling a flare
was observed travelling on a horizontal line. This light came out of the
North headed South at an estimated altitude of 2,000 feet, moving slowly,
and disappeared in the vicinity SE of Walker Air Force Base. To some
observers, this phenomena disappeared in its entirety while other state-
ments mentioned a disappearance as a disintegration into a shower of
smaller lighted fragments such as a shower of sparks. The only sound
accompanying this object was heard by Sgt McCRARY, who described it as
a high pitched whining noise similar to that of a blowtorch. All of
these observers sighted this light from a position West of it while
facing East.
5. Obtaining the services of an engineer's transit, the follow-
ing information was secured by making a reading from points of observa-
tion:
First observed at 52° (magnetic).
Last observed at 37°30' (magnetic).
Elevation of 22°.
-2- UNCLASSIFIED
246",0.01749049429657795,52.09
28992561,"OR
PRIORITY
ZNR
13272
FM JAMES CONNALLY AFB TX
OR 1/2 4E
ENT AFB COLO
N
CITY AFS OKLA
AJEDSO/ATIO
OHIO
USA
HQ USAF WASH
DC
DTG
UNCLAS
FOR
AFCIN).
SAFOI).
PARA 15A, AFR 200-2. (1) ROUND. (7) PINK/RED. (3)
(4) ONE. (5) . (6) NONE. (1) (8) NONE.
PARA 15B
(1)
OBSERVER
NOT
LOCATION OF
(7)
3.0
(3) 10 DEG
(1)
ERRATIC,
FOUR
AND
COURSE
(5)
FADED,
T
6
8
TO
PARA
(1)
EYE.
3
N/A.
(1)
153715Z.
(7)
NIGHT.
DEG
FIR",,91.8,"PRIORITY
ZNR
13272
FM JAMES CONNALLY AFB TX
OPR 1/2 4E
ENT AFB COLO
N
CITY AFB OKLA
AJEDSO/ATIO
OHIO
USA
RJEZHO/OSAF WASH
DC
DTG
UNCLAS
FOR
AFCIN).
SAF/OT).
PARA 15A, AFR 200-2. (1) ROUND. (2) PINK-RED. (3)
(4)
ONE. (5) . (6) NONE. (7) (8) NONE.
PARA 15B
(1)
OBSERVER
NOT
LOCATION OF
(7)
3.0
(3) 310 DEG
(1)
ERRATIC,
FOUR
AND
COURSE
(5)
FADED,
T
6
8
TO
PARA
(1)
EYE.
3
N/A.
(1)
1537157.
(7)
NIGHT.
DEG
FIR",,125.7,"OR
PRIORITY
ZNR
13272
FM JAMES CONNALLY AFB TEX
OR 1524Z
ENT AFB COLO
N
CITY AFB OKLA
AJEDSO/ATIO
OHIO
USA
HQ USAF WASH
DC
DTG
UNCLAS
FOR
AFCIN.
SAF/OSI.
PARA 15A, AFR 200-2. (1) ROUND. (7) PINHEAD. (3)
(4)
ONE. (5) . (6) NONE. (8) NONE.
PARA 15B
(1)
OBSERVER
NOT
LOCATION OF
(7)
3.0
(3) 310 DEG
(4)
ERRATIC,
FOUR
AND
COURSE
(5)
FADED,
TO
(6)
8
TO
PARA
(1)
EYE.
(3)
N/A.
(1)
153715Z.
(7)
NIGHT.
DEG
DIR",,93.82,"PRIORITY
ZNR
13272
FM JAMES CONNALLY AFB TX
TO ENT AFB COLO
OKLA CITY AFB OKLA
WPAFB DAYTON OHIO U.S.A.
HQ USAF WASH DC
DTG UNCLAS
FOR AFCIN-4E, SAFOI
PARA 15A, AFR 200-2. (1) ROUND. (3) PINHEAD. (4) ONE. (6) NONE. (8) NONE.
PARA 15B
(1) OBSERVER
NOT
LOCATION OF
(3) 10 DEG
(1) ERRATIC, ON COURSE
(5) FADED
(3) N/A
153715Z
(7) NIGHT",,111.91,"PRIORITY
ZNR 13272
FM JAMES CONNALLY AFB TX
ENT AFB COLO
CITY AFB OKLA
ATIC WPAFB OHIO USA
HQ USAF WASH DC
UNCLAS
FOR AFCIN, SAF/OT.
PARA 15A, AFR 200-2. (1) ROUND. (2) PINK-RED. (3) ONE. (4) NONE. (5) NONE. (6) NONE. (7) NONE. (8) NONE.
PARA 15B
(1) OBSERVER
LOCATION OF
(2) 3.0
(3) 310 DEG
(4) ERRATIC, ON COURSE
(5) FADED
(1) EYE
N/A
(1) 153715Z
(7) NIGHT",,49.44,"PRIORITY
ZNR
13272
FM JAMES CONNALLY AFB TX
ENT AFB COLO
OKLA CITY AFS OKLA
HQ USAF WASH DC
UNCLAS
FOR
AFCIN.
SAF/OT.
PARA 15A, AFR 200-2. (1) ROUND. (7) PINHEAD. (4) ONE. (6) NONE. (8) NONE.
PARA 15B
(1) OBSERVER
(2) LOCATION OF
(7) 3.0
(3) 10 DEG
(4) ERRATIC, FOUR CHANGES IN COURSE
(5) FADED
(1) EYE.
(3) N/A.
(1) 153715Z.
(7) NIGHT.
DEG DIR",,57.38,"OR
PRIORITY
ZNR
13272
FM JAMES CONNALLY AFB TX
OR 1/2 4E
ENT AFB COLO
N
CITY AF: OKLA
AJEDSO/ATIO
OHIO
U.S.A.
HQ USAF WASH
DC
DTG
UNCLAS
FOR
AFCIN.
SAFOT.
PARA 15A, AFR 200-2. ʘROUNDʘ. (7) PIN-HEAD. (3)
(4) ONE. (5) . (6) NONE. (1) (8) NONE.
PARA 15B
(1)
OBSERVER
NOT
LOCATION OF
(7)
3.0
(3) 10 DEG
(1)
ERRATIC,
FOUR
AND
COURSE
(5)
FADED,
TO
6
8
TO
PARA
(1)
EYE.
3
N/A.
(1)
1537157.
(7)
NIGHT.
DEG
FIR",,75.36,"OR
PRIORITY
ZNR
13272
FM JAMES CONNALLY AFB TX
OR 1/2 4E
EUT AFE COLO
N CITY AFB OKLA
AJEDSO/ATIO OHIO U.S.A.
RJEZHO/OSAF WASH
DC
DT
UNCLAS:
FOR
AFCIN).
SAF/OT).
PARA 15A, AFR 200-2. (1) ROUND. (7) PINK-RED. (3)
(4) ONE. (5). (6) NONE. (1) (8) NONE.
PARA 15B
(1)
OBSERVER
NOT
LOCATION OF
(7)
3.0
(3) 10 DEG
(1)
ERRATIC,
FOUR
IN
COURSE
(5)
FADED,
T
6
8
TO
PARA
(1)
EYE.
3
N/A.
(1)
153715Z.
(7)
NIGHT.
DEG
FIR",,64.51,"PRIORITY
ZNR
13272
FM JAMES CONNALLY AFB TX
OR 1/2 4E
EUT AFE COLO
N
CITY AFB OKLA
AJEDSO/ATIO
OHIO
USA
RJEZHO/USAF WASH
DC
DT
UNCLAS
FOR
AFCIN,
SAFOT.
PARA 15A, AFR 200-2. (+) ROUND. (7) PINK-RED. (3)
(4)
ONE. (5). (6) NONE. (1) (8) NONE.
PARA 15B
(1)
OBSERVER
NOT
LOCATION OF
7)
3.0
(3) 310 DEG
(1)
ERRATIC,
FOUR
ON
COURSE
(5)
FADED,
T
6
8
TO
PARA
(1)
EYE.
3
N/A.
(1)
153715Z.
(7)
NIGHT.
DEG
FIR",,85.09
28997278,"NAVAL MESSAGE
UNCLASSIFIED
25
NAVY DEPARTMENT
PRECEDENCE
(ACTION)
RELEASED BY
DRAFTED BY
EXT. NO.
PRIORITY
AUTHORITY
(INFO)
AFIN: 28368 (14 May 62) S/cgd
AF DIST: CIN-14
P 140815Z MAY 62
OP--2
FM USS FORSTER
OOP-CP-1
SAFS-3
TO USAF PAC
DIA-7
INFO CNO (27)
CINCPACFLT
COMHAWSEAFRON
CTF 8
CTG 8.3
CTU 8.3.7
COMDESFLOT FIVE
COMCORTRON FIVE
UNCLAS
A. CINCPACFLT INST 03561.34 NOTAL
B. CINCPACFLT INST 3820.3 NOTAL
1. UFO. IN ACCORDANCE ENCL (1) REF B, FOLLOWING REPORTED.
A. ROUND.
B. PEA SIZE; SIZE OF FIRST MAGNITUDE STAR; SOLID GLOW, NO TAIL.
C. ORANGISH WHITE WITH YELLOW CAST.
D. ONE.
2. A. FIRST CALLED TO ATTENTION BY MOVEMENT IN RELATION TO STARS.
B. 50 DEGREES, BEARING 010T.
C. 52 DEGREES, BEARING 070T.
D. COURSE SOUTH-SOUTHEAST.
E. DISAPPEARED BEHIND CLOUDS.
F. IN VIEW FULL MINUTE.
3. A. SIGHTED VISUALLY.
B. NO OPTICAL AIDS.
4. A. SIGHTED 140710Z.
B. MOONLIGHT NIGHT SKY, SIX-TENTHS CLOUD COVERAGE.
C. BRIDGE OF SHIP 05-21N 157-28W.
D. SIGHTED BY OOD, BMOW, LOOKOUT AND ENTIRE BRIDGE WATCH. OOD AND SEVERAL WATCH STANDERS HAVE PREVIOUSLY SIGHTED CONFIRMED SATELLITES, COMPLETELY RELIABLE. NO AIRCRAFT CONTACTS ON RADAR AT TIME OF SIGHTING.
SECNAV UNSECNAV ASSTSECNAV (R&D) 00 09 093 09M 09D 03 33 34 35 05 05 07 72 76 94 IP NAVAIDE FLAGPLOT BFR CMC JCS CSA CSAF CIA NIC COGARD
CONTROL NO. 56582/JF/LT/3
CIRCUIT NO. B043
PAGE 1 OF 1 PAGES
TIME OF RECEIPT 1206Z 14 MAY
DATE TIME GROUP 140815Z MAY 62
UNCLASSIFIED",0.10548523206751055,75.77,"NAVAL MESSAGE
UNCLASSIFIED
25
NAVY DEPARTMENT
PRECEDENCE
(ACTION)
RELEASED BY
DRAFTED BY
EXT. NO.
PRIORITY
AUTHORITY
(INFO)
AF IN: 28368 (14 May 62) S/cgd
AF DIST: CIN-14
P 140815Z MAY 62
OOP--2
FM USS FORSTER
OOP-CP-1
SAFS-3
TO USAF PAC
DIA-7
INFO CNO
(27)
CINCPACFLT
COMHAWSEAFRON
CTF 8
CTG 8.3
CTU 8.3.7
COMDESFLOT FIVE
COMCORTRON FIVE
UNCLAS
A. CINCPACFLT INST 03561.34 NOTAL
B. CINCPACFLT INST 3820.3 NOTAL
1. UFO. IN ACCORDANCE ENC (1) REF B FOLLOWING REPORTED.
A. ROUND. B. APPARENT SIZE OF FIRST MAGNITUDE STAR; SOLID GLOW, NO TAIL. C. ORANGISH WHITE WITH YELLOW CAST. D. ONE.
2. A. FIRST CALLED TO ATTENTION BY MOVEMENT IN RELATION TO STARS. B. 50 DEGREES BEARING 010T. C. 52 DEGREES BEARING 070T. D. COURSE SOUTH-SOUTHEAST. E. DISAPPEARED BEHIND CLOUDS. F. IN VIEW FULL MINUTE.
3. A. SIGHTED VISUALLY. B. NO OPTICAL AIDS.
4. A. SIGHTED 140710Z. B. MOONLIT NIGHT SKY, SIX-TENTHS CLOUD COVERAGE. C. BRIDGE OF SHIP; 05-21N 157-28W. 5. SIGHTED BY OOD, BOATSWAIN OF WATCH, LOOKOUT AND ENTIRE BRIDGE WATCH. OOD AND SEVERAL WATCH STANDERS HAVE PREVIOUSLY SIGHTED CONFIRMED SATELLITES, COMPLETELY RELIABLE. NO AIRCRAFT CONTACTS ON RADAR AT TIME OF SIGHTING.
SECNAV UNSECNAV ASTSECNAV (R&D) 00 09 093 09M 09D 03 33 34 35 05 05 07 72 76 94 IP NAVAIDE FLAGPLOT BFR CMC JCS CSA CSAF CIA NIC COGARD
CONTROL NO.
CIRCUIT NO. PAGE OF PAGES TIME OF RECEIPT
DATE TIME GROUP
56582/JF/LT/3
B043
1
1
1206Z 14 MAY
140815Z MAY 62
UNCLASSIFIED",0.04551820728291316,80.88,"NAVAL MESSAGE
UNCLASSIFIED
25
NAVY DEPARTMENT
PRECEDENCE
(ACTION)
RELEASED BY
DRAFTED BY
EXT. NO.
PRIORITY
AUTHORITY
(INFO)
AF IN: 28368 (14 May 62) S/cgd
AF DIST: CIN-14
P 140815Z
OP-02
FM USS FORSTER
OP-CP-1
SAFS-3
TO USAF PAC
DIA-7
INFO CNO
(27)
CINCPACFLT
COMHAWSEAFRON
CTF 8
CTG 8.3
CTU 8.3.7
COMDESFLOT FIVE
COMCORTRON FIVE
UNCLAS
A. CINCPACFLT INST 03561.34 NOTAL
B. CINCPACFLT INST 3820.3 NOTAL
1. UFO. IN ACCORDANCE ENCL (1) REF B, FOLLOWING REPORTED.
A. ROUND. B. PEA SIZE; SIZE OF FIRST MAGNITUDE STAR. SOLID GLOW, NO TAIL.
C. ORANGISH WHITE WITH YELLOW CAST. D. ONE.
2. A. FIRST CALLED TO ATTENTION BY MOVEMENT IN RELATION TO STARS.
B. 50 DEGREES, BEARING 010T. C. 52 DEGREES, BEARING 070T.
D. COURSE SOUTH-SOUTHEAST. E. DISAPPEARED BEHIND CLOUDS.
F. IN VIEW FULL MINUTE.
3. A. SIGHTED VISUALLY. B. NO OPTICAL AIDS.
4. A. SIGHTED 140710Z. B. MOONLIT NIGHT; SKY SIX-TENTHS CLOUD COVERAGE.
C. BRIDGE OF SHIP 05-21N 157-28W. D. SIGHTED BY OOD, BOATSWAIN OF WATCH,
LOOKOUT, AND ENTIRE BRIDGE WATCH. OOD AND SEVERAL WATCH STANDERS
HAVE PREVIOUSLY SIGHTED CONFIRMED SATELLITES, COMPLETELY RELIABLE.
NO AIRCRAFT CONTACTS ON RADAR AT TIME OF SIGHTING.
SECNAV UNSECNAV ASTSECNAV (R&D) 00 09 093 09M 09D 03 33 34 35 05 05
07 72 76 94 IP NAVAIDE FLAGPLOT BFR CMC JCS CSA CSAF CIA NIC COGARD
CONTROL NO.
CIRCUIT NO. PAGE OF PAGES TIME OF RECEIPT
DATE TIME GROUP
56582/JF/LT/3
B043
1
1
1206Z 14 MAY
140815Z MAY 62
UNCLASSIFIED",0.04491228070175438,73.37,"NAVAL MESSAGE
UNCLASSIFIED
NAVY DEPARTMENT
PRECEDENCE
(ACTION)
RELEASED BY
DRAFTED BY
EXT. NO.
PRIORITY
AUTHORITY
(INFO)
AF IN: 28368 (14 May 62) S/cgd
AF DIST: CIN-14
P 140815Z
FM USS FORSTER
TO USAF PAC
INFO CNO
(27)
CINCPACFLT
COMHAWSEAFRON
CTF 8
CTG 8.3
CTU 8.3.7
COMDESFLOT FIVE
COMCORTRON FIVE
UNCLAS
A. CINCPACFLT INST 03561.34 NOTAL
B. CINCPACFLT INST 3820.3 NOTAL
1. UFO. IN ACCORDANCE ENCL 1, REF B, FOLLOWING REPORTED.
A. ROUND.
B. APPARENT SIZE OF FIRST MAGNITUDE STAR. SOLID GLOW, NO TAIL.
C. ORANGISH WHITE WITH YELLOW CAST.
D. ONE.
2. A. FIRST CALLED TO ATTENTION BY MOVEMENT IN RELATION TO STARS.
B. 50 DEGREES ELEVATION, BEARING 010T.
C. 52 DEGREES ELEVATION, BEARING 070T.
D. COURSE SOUTH-SOUTHEAST.
E. DISAPPEARED BEHIND CLOUDS.
F. IN VIEW FULL MINUTE.
3. A. SIGHTED VISUALLY.
B. NO OPTICAL AIDS.
4. A. SIGHTED 140710Z.
B. MOONLIGHT NIGHT SKY, SIX-TENTHS CLOUD COVERAGE.
C. BRIDGE OF SHIP 05-21N 157-28W.
5. SIGHTED BY OOD, BOATSWAIN OF WATCH, LOOKOUT AND ENTIRE BRIDGE WATCH. OOD AND SEVERAL WATCH STANDERS HAVE PREVIOUSLY SIGHTED CONFIRMED SATELLITES, COMPLETELY RELIABLE. NO AIRCRAFT CONTACTS ON RADAR AT TIME OF SIGHTING.

SECNAV UNSECNAV ASTSECNAV (R&D) 00 09 093 09M 09D 03 33 34 35 05 05 07 72 76 94 IP NAVAIDE FLAGPLOT BFR CMC JCS CSA CSAF CIA NIC COGARD

CONTROL NO.
56582/JF/LT/3
CIRCUIT NO.
B043
PAGE
1
OF PAGES
1
TIME OF RECEIPT
1206Z 14 MAY
DATE TIME GROUP
140815Z MAY 62
UNCLASSIFIED",0.11884669479606189,63.85,"NAVAL MESSAGE
UNCLASSIFIED
25
NAVY DEPARTMENT
PRECEDENCE
(ACTION)
RELEASED BY
DRAFTED BY
EXT. NO.
PRIORITY
AUTHORITY
(INFO)
AF IN: 28368 (14 May 62) S/cgd
AF DIST: CIN-14
P 140815Z
OP-02
FM USS FORSTER
OP-CP-1
SAFS-3
TO USAF PAC
DIA-7
INFO CNO
(27)
CINCPACFLT
COMHAWSEAFRON
CTF 8
CTG 8.3
CTU 8.3.7
COMDESFLOT FIVE
COMCORTRON FIVE
UNCLAS
A. CINCPACFLT INST 03561.34 NOTAL
B. CINCPACFLT INST 3820.3 NOTAL
1. UFO. IN ACCORDANCE ENCL (1) REF B, FOLLOWING REPORTED.
A. ROUND. B. APP. SIZE OF FIRST MAGNITUDE STAR. SOLID GLOW, NO TAIL. C. ORANGISH WHITE WITH YELLOW CAST. D. ONE.
2. A. FIRST CALLED TO ATTENTION BY MOVEMENT IN RELATION TO STARS.
B. 50 DEGREES, BEARING 010T. C. 52 DEGREES, BEARING 070T. D. COURSE SOUTH-SOUTHEAST. E. DISAPPEARED BEHIND CLOUDS. F. IN VIEW FULL MINUTE.
3. A. SIGHTED VISUALLY. B. NO OPTICAL AIDS.
4. A. SIGHTED 140710Z. B. MOONLIGHT NIGHT, SKY SIX-TENTHS CLOUD COVERAGE.
C. BRIDGE OF SHIP 05-21N 157-28W. D. SIGHTED BY OOD, BOATSWAIN OF WATCH, LOOKOUT AND ENTIRE BRIDGE WATCH. OOD AND SEVERAL WATCH STANDERS HAVE PREVIOUSLY SIGHTED CONFIRMED SATELLITES, COMPLETELY RELIABLE. NO AIRCRAFT CONTACTS ON RADAR AT TIME OF SIGHTING.
SECNAV UNSECNAV ASTSECNAV (R&D) 00 09 093 09M 09D 03 33 34 35 05 05
07 72 76 94 IP NAVAIDE FLAGPLOT BFR CMC JCS CSA CSAF CIA NIC COGARD
CONTROL NO.
CIRCUIT NO. PAGE OF PAGES TIME OF RECEIPT
DATE TIME GROUP
56582/JF/LT/3
B043
1
1
1206Z 14 MAY
140815Z MAY 62
UNCLASSIFIED",0.03938115330520394,98.82,"NAVAL MESSAGE
UNCLASSIFIED

NAVY DEPARTMENT
PRECEDENCE (ACTION) PRIORITY
RELEASED BY
DRAFTED BY
EXT. NO.
AUTHORITY (INFO)

AF IN: 28368 (14 MAY 62) S/CGD
AF DIST: CIN-14
P 140815Z MAY 62

FM USS FORSTER
TO USAF PAC
INFO CNO
CINCPACFLT
COMHAWSEAFRON
CTF 8
CTG 8.3
CTU 8.3.7
COMDESFLOT FIVE
COMCORTRON FIVE
DIA-7

UNCLAS

A. CINCPACFLT INST 03561.34 NOTAL
B. CINCPACFLT INST 3820.3 NOTAL

1. UFO. IN ACCORDANCE ENCL (1) REF (B) FOLLOWING REPORTED.
A. ROUND. B. SIZE OF FIRST-MAGNITUDE STAR; SOLID GLOW, NO TAIL. C. ORANGISH WHITE WITH YELLOW CAST. D. ONE.

2. A. FIRST CALLED TO ATTENTION BY MOVEMENT IN RELATION TO STARS.
B. 50 DEGREES, BEARING 010T.
C. 52 DEGREES, BEARING 070T.
D. COURSE SOUTH-SOUTHEAST.
E. DISAPPEARED BEHIND CLOUDS.
F. IN VIEW FULL MINUTE.

3. A. SIGHTED VISUALLY. B. NO OPTICAL AIDS.

4. A. SIGHTED 140710Z. B. MOONLIT NIGHT; SKY SIX-TENTHS CLOUD COVERAGE.
C. BRIDGE OF SHIP 05-21N 157-28W.
D. SIGHTED BY OOD, BOATSWAIN OF WATCH, LOOKOUT, AND ENTIRE BRIDGE WATCH. OOD AND SEVERAL WATCHSTANDERS HAVE PREVIOUSLY SIGHTED CONFIRMED SATELLITES; COMPLETELY RELIABLE. NO AIRCRAFT CONTACTS ON RADAR AT TIME OF SIGHTING.

SECNAV UNSECNAV ASTSECNAV (R&D) 00 09 093 09M 09D 03 33, 34, 35 05 05 07 72 76 94 IP NAVAIDE FLAGPLOT BFR CMC JCS CSA CSAF CIA NIC COGARD

CONTROL NO. 56582/JF/LT/3
CIRCUIT NO. B043
PAGE 1 OF 1 PAGES
TIME OF RECEIPT 1206Z 14 MAY
DATE TIME GROUP 140815Z MAY 62

UNCLASSIFIED",0.12517580872011252,90.52,"NAVAL MESSAGE
UNCLASSIFIED
25
NAVY DEPARTMENT
PRECEDENCE
(ACTION)
RELEASED BY
DRAFTED BY
EXT. NO.
PRIORITY
AUTHORITY
(INFO)
AFIN: 28368 (14 May 62) s/cgd
AF DIST: CIN-14
P 140815Z
OP-02
OP-CP-1
SAFS-3
DIA-7
FM USS FORSTER
TO USAF PAC
INFO CNO
(27)
CINCPACFLT
COMHAWSEAFRON
CTF 8
CTG 8.3
CTU 8.3.7
COMDESFLOT FIVE
COMCORTRON FIVE
UNCLAS
A. CINCPACFLT INST 03561.34 NOTAL
B. CINCPACFLT INST 3820.3 NOTAL
1. UFO. IN ACCORDANCE ENCL 1 REF B FOLLOWING REPORTED.
A. ROUND
B. SIZE OF FIRST MAGNITUDE STAR. SOLID GLOW NO TAIL.
C. ORANGISH WHITE WITH YELLOW CAST
D. ONE
2.
A. FIRST CALLED TO ATTENTION BY MOVEMENT IN RELATION TO STARS.
B. 50 DEGREES BEARING 010T.
C. 52 DEGREES BEARING 070T.
D. COURSE SOUTH SOUTHEAST.
E. DISAPPEARED BEHIND CLOUDS.
F. IN VIEW FULL MINUTE.
3.
A. SIGHTED VISUALLY.
B. NO OPTICAL AIDS.
4.
A. SIGHTED 140710Z.
B. MOONLIGHT NIGHT SKY SIX TENTHS CLOUD COVERAGE.
C. BRIDGE OF SHIP 05-21N 157-28W.
D. SIGHTED BY OOD, BOATSWAIN OF WATCH, LOOKOUT AND ENTIRE BRIDGE WATCH. OOD AND SEVERAL WATCH STANDERS HAVE PREVIOUSLY SIGHTED CONFIRMED SATELLITES, COMPLETELY RELIABLE. NO AIRCRAFT CONTACTS ON RADAR AT TIME OF SIGHTING.
92......000
In-
SECNAV UNSECNAV ASTSECNAV (R&D) 00 09 093 09M 09D 03 33.34.35 05 05
07 72 76 94 IP NAVAIDE FLAGPLOT BFR CMC JCS CSA CSAF CIA NIC COGARD
CONTROL NO.
CIRCUIT NO. PAGE OF PAGES TIME OF RECEIPT
DATE TIME GROUP
56582/JF/LT/3
B043
1
1
1206Z 14 MAY
140815Z MAY 62
UNCLASSIFIED",0.05063291139240506,58.47,"NAVAL MESSAGE
UNCLASSIFIED
25
NAVY DEPARTMENT
PRECEDENCE
(ACTION)
RELEASED BY
DRAFTED BY
EXT. NO.
PRIORITY
AUTHORITY
(INFO)
AFIN: 28368 (14 May 62) S/cgd
AF DIST: CIN-14
P 140815Z
OOP--2
FM USS FORSTER
OOP-CP-1
SAFS-3
TO USAF PAC
DIA-7
INFO CNO
(27)
CINCPACFLT
COMHAWSEAFRON
CTF 8
CTG 8.3
CTU 8.3.7
COMDESFLOT FIVE
COMCORTRON FIVE
UNCLAS
A. CINCPACFLT INST 03561.34 NOTAL
B. CINCPACFLT INST 3820.3 NOTAL
1. UFO. IN ACCORDANCE ENCL 1 REF B FOLLOWING REPORTED.
A. ROUND B. PEA SIZE OF FIRST MAGNITUDE STAR. SOLID GLOW, NO
TAIL. C. ORANGISH WHITE WITH YELLOW CAST D. ONE
2. A. FIRST CALLED TO ATTENTION BY MOVEMENT IN RELATION TO STARS.
B. 50 DEGREES BEARING 010T. C. 52 DEGREES BEARING 070T. D. COURSE SOUTH-
SOUTHEAST. E. DISAPPEARED BEHIND CLOUDS. F. IN VIEW FULL MINUTE.
3. A. SIGHTED VISUALLY B. NO OPTICAL AIDS
4. A. SIGHTED 140710Z B. MOONLIGHT NIGHT SKY SIX-TENTHS CLOUD COVERAGE.
C. BRIDGE OF SHIP 05-21N 157-28W
5. SIGHTED BY OOD, BOATSWAIN OF WATCH, LOOKOUT AND ENTIRE BRIDGE WATCH. OOD AND SEVERAL WATCH STANDERS
HAVE PREVIOUSLY SIGHTED CONFIRMED SATELLITES, COMPLETELY RELIABLE.
NO AIRCRAFT CONTACTS ON RADAR AT TIME OF SIGHTING.
-
92......000
In-
SECNAV UNSECNAV ASTSECNAV (R&D) 00 09 093 09M 09D 03 33.34.35 05 05
07 72 76 94 IP NAVAIDE FLAGPLOT BFR CMC JCS CSA CSAF CIA NIC COGARD
-
CONTROL NO.
CIRCUIT NO. PAGE OF PAGES TIME OF RECEIPT
DATE TIME GROUP
56582/JF/LT/3
B043
1
1
1206Z 14 MAY
140815Z MAY 62
UNCLASSIFIED",0.025210084033613446,70.56,"NAVAL MESSAGE
UNCLASSIFIED
25
NAVY DEPARTMENT
PRECEDENCE
(ACTION)
RELEASED BY
DRAFTED BY
EXT. NO.
PRIORITY
AUTHORITY
(INFO)
AF IND: 28368 (14 May 62) S/cgd
AF DIST: CIN-14
P 140815Z
OOP--2
FM USS FORSTER
OOP-CP-1
SAFS-3
TO USAF PAC
DIA-7
INFO CNO
(27)
CINCPACFLT
COMHAWSEAFRON
CTF 8
CTG 8.3
CTU 8.3.7
COMDESFLOT FIVE
- COMCORTRON FIVE
UNCLAS
A. CINCPACFLT INST 03561.34 NOTAL
B. CINCPACFLT INST 3820.3 NOTAL
1. UFO. IN ACCORDANCE ENCL 1 REF B FOLLOWING REPORTED.
A. ROUND B. PEA SIZE OF FIRST MAGNITUDE STAR. SOLID GLOW NO
TAIL. C. ORANGISH WHITE WITH YELLOW CAST D. ONE
2. A. FIRST CALLED TO ATTENTION BY MOVEMENT IN RELATION TO STARS.
B. 50 DEGREES BEARING 010T. C. 52 DEGREES BEARING 070T. D. COURSE SOUTH
SOUTH EAST. E. DISAPPEARED BEHIND CLOUDS. F. IN VIEW FULL MINUTE.
3. A. SIGHTED VISUALLY B. NO OPTICAL AIDS
4. A. SIGHTED 140710Z B. MOONLIGHT NIGHT SKY SIX TENTHS CLOUD COVERAGE.
C. BRIDGE OF SHIP 05-21N 157-28W D. SIGHTED BY OOD, BOATSWAIN, OF WATCH,
LOOKOUT AND ENTIRE BRIDGE WATCH. OOD AND SEVERAL WATCH STANDERS
HAVE PREVIOUSLY SIGHTED CONFIRMED SATELLITES, COMPLETELY RELIABLE.
NO AIRCRAFT CONTACTS ON RADAR AT TIME OF SIGHTING.
-
92......000
In-
SECNAV UNSECNAV ASTSECNAV (R&D) 00 09 093 09M 09D 03 33.34.35 05 05
07 72 76 94 IP NAVAIDE FLAGPLOT BFR CMC JCS CSA CSAF CIA NIC COGARD
-
CONTROL NO.
CIRCUIT NO. PAGE OF PAGES TIME OF RECEIPT
DATE TIME GROUP
56582/JF/LT/3
B043
1
1
1206Z 14 MAY
140815Z MAY 62
UNCLASSIFIED",0.025139664804469275,89.81
29000562,"July 6, 1964
Dear Mr.
This is in reply to your recent inquiry concerning an Unidentified Flying Object you observed in April 1963. As a matter of general policy, the Air Force does not send evaluations of sightings unless specifically requested at the time the report is forwarded.
The information in the form you furnished was not comprehensive enough to enable our project office to evaluate the sighting. Portions of the data requested were missing, such as the direction and duration of the sighting. Also, the speed estimated at 500 mph is inconsistent with motion ascribed to the object.
Your report is now carried in our files as ""Conflicting Data."" No indication is presented in the form that this was not a misinterpreted conventional object or a natural phenomenon.
Sincerely,
MASTON M. JACKS
Major, USAF
Public Information Division
Office of Information
Street
Joliet, Illinois",0.0011261261261261261,27.48,"July 6, 1964
Dear Mr.

This is in reply to your recent inquiry concerning an Unidentified Flying Object you observed in April 1963. As a matter of general policy, the Air Force does not send evaluations of sightings unless specifically requested at the time the report is forwarded.

The information in the form you furnished was not comprehensive enough to enable our project office to evaluate the sighting. Portions of the data requested were missing, such as the direction and duration of the sighting. Also, the speed, estimated at 500 mph, is inconsistent with the motion ascribed to the object.

Your report is now carried in our files as ""Conflicting Data."" There is no indication in the form that this was other than a misinterpreted conventional object or a natural phenomenon.

Sincerely,

MASTON M. JACKS
Major, USAF
Public Information Division
Office of Information

Street
Joliet, Illinois",0.042363433667781496,25.96,"July 6, 1964
Dear Mr.:
This is in reply to your recent inquiry concerning an Unidentified Flying Object you observed in April 1963. As a matter of general policy, the Air Force does not send evaluations of sightings unless specifically requested at the time the report is forwarded.
The information in the form you furnished was not comprehensive enough to enable our project office to evaluate the sighting. Portions of the data requested were missing, such as the direction and duration of the sighting. Also, the speed estimated at 500 mph is inconsistent with the motion ascribed to the object.
Your report is now carried in our files as ""Conflicting Data."" No indication is presented in the form that this was not a misinterpreted conventional object or a natural phenomenon.
Sincerely,
MASTON M. JACKS
Major, USAF
Public Information Division
Office of Information
Street
Joliet, Illinois",0.006718924972004479,41.98,"July 6, 1964
Dear Mr.:
This is in reply to your recent inquiry concerning an Unidentified Flying Object you observed in April 1963. As a matter of general policy, the Air Force does not send evaluations of sightings unless specifically requested at the time the report is forwarded.
The information in the form you furnished was not comprehensive enough to enable our project office to evaluate the sighting. Portions of the data requested were missing, such as the direction and duration of the sighting. Also, the speed estimated at 500 mph is inconsistent with the motion ascribed to the object.
Your report is now carried in our files as ""Insufficient Data."" No indication is presented in the form that this was not a misinterpreted conventional object or a natural phenomenon.
Sincerely,
MASTON M. JACKS
Major, USAF
Public Information Division
Office of Information
Street
Joliet, Illinois",0.015659955257270694,33.99,"July 6, 1964

Dear Mr.:

This is in reply to your recent inquiry concerning an unidentified flying object you observed in April 1963. As a matter of general policy, the Air Force does not send evaluations of sightings unless specifically requested at the time the report is forwarded.

The information in the form you furnished was not comprehensive enough to enable our project office to evaluate the sighting. Portions of the data requested were missing, such as the direction and duration of the sighting. Also, the speed estimated at 500 mph is inconsistent with the motion ascribed to the object.

Your report is now carried in our files as ""Conflicting Data."" No indication is presented in the form that this was not a misinterpreted conventional object or a natural phenomenon.

Sincerely,

Maston M. Jacks
Major, USAF
Public Information Division
Office of Information

Street, Joliet, Illinois",0.007829977628635347,20.97,"July 6, 1964
Dear Mr.
This is in reply to your recent inquiry concerning an Unidentified Flying Object you observed in April 1963. As a matter of general policy, the Air Force does not send evaluations of sightings unless specifically requested at the time the report is forwarded.
The information in the form you furnished was not comprehensive enough to enable our project office to evaluate the sighting. Portions of the data requested were missing, such as the direction and duration of the sighting. Also, the speed estimated at 500 mph is inconsistent with the motion ascribed to the object.
Your report is now carried in our files as ""Conflicting Data."" No indication is presented in the form that this was not a misinterpreted conventional object or a natural phenomenon.
Sincerely,
MASTON M. JACKS
Major, USAF
Public Information Division, Office of Information
Street
Joliet, Illinois",0.006718924972004479,27.44,"July 6, 1964
Street
Joliet, Illinois

Dear Mr.

This is in reply to your recent inquiry concerning an Unidentified Flying Object you observed in April 1963. As a matter of general policy, the Air Force does not send evaluations of sightings unless specifically requested at the time the report is forwarded.

The information in the form you furnished was not comprehensive enough to enable our project office to evaluate the sighting. Portions of the data requested were missing, such as the direction and duration of the sighting. Also, the speed estimated at 500 mph is inconsistent with motion ascribed to the object.

Your report is now carried in our files as ""Conflicting Data."" No indication is presented in the form that this was not a misinterpreted con-ventional object or a natural phenomenon.

Sincerely,

MASTON M. JACKS
Major, USAF
Public Information Division
Office of Information",0.0562429696287964,33.18,"July 6, 1964
Dear Mr.
This is in reply to your recent inquiry
concerning an Unidentified Flying Object you
observed in April 1963. As a matter of general
policy, the Air Force does not send evaluations
of sightings unless specifically requested at the
time the report is forwarded.
The information in the form you furnished was
not comprehensive enough to enable our project
office to evaluate the sighting. Portions of the
data requested were missing such as the direction
and duration of the sighting. Also, the speed
estimated at 500 mph is inconsistent with motion
ascribed to the object.
Your report is now carried in our files as
""Insufficient Data."" No indication is presented in
the form that this was not a misinterpreted con-
ventional object or a natural phenomenon.
Sincerely,
MASTON M. JACKS
Major, USAF
Public Information Division
Office of Information
Street
Joliet, Illinois",0.011235955056179775,31.95,"July 6, 1964
Dear Mr.
This is in reply to your recent inquiry concerning an Unidentified Flying Object you observed in April 1963. As a matter of general policy, the Air Force does not send evaluations of sightings unless specifically requested at the time the report is forwarded.
The information in the form you furnished was not comprehensive enough to enable our project office to evaluate the sighting. Portions of the data requested were missing, such as the direction and duration of the sighting. Also, the speed estimated at 500 mph is inconsistent with motion ascribed to the object.
Your report is now carried in our files as ""Conflicting Data."" No indication is presented in the form that this was not a misinterpreted con-ventional object or a natural phenomenon.
Sincerely,
MASTON M. JACKS
Major, USAF
Public Information Division
Office of Information
Street
Joliet, Illinois",0.0022497187851518562,39.84
28992462,"U.S. AIR FORCE TECHNICAL INFORMATION SHEET
This questionnaire has been prepared so that you can give the U.S. Air Force as much information as possible concerning the unidentified aerial phenomenon that you have observed. Please try to answer as many questions as you possibly can. The information that you give will be used for research purposes, and will be regarded as confidential material. Your name will not be used in connection with any statements, conclusions, or publications without your permission. We request this personal information so that, if it is deemed necessary, we may contact you for further details.

1. When did you see the object?

2. Time of day: 01 Hour 15 Minutes (Circle One): A.M. or P.M.
   Day: 15   Month: May   Year: 61

3. Time Zone (Circle One):
   a. Eastern
   b. Central
   c. Mountain
   d. Pacific
   e. Other

   (Circle One):
   a. Daylight Saving
   b. Standard

4. Where were you when you saw the object?
   Nearest Postal Address:
   City or Town: Centerville
   State or Country: Ohio
   Additional remarks:

5. How long was object in sight?
   Hours
   Minutes
   Seconds

5.1 How was time in sight determined?
   a. Certain
   b. Fairly certain
   c. Not very sure
   d. Just a guess

6. What was the condition of the sky?
   DAY
   a. Bright
   b. Cloudy

   NIGHT
   a. Bright
   b. Cloudy

7. If you saw the object during DAYLIGHT, where was the SUN located as you looked at the object?
   (Circle One):
   a. In front of you
   b. In back of you
   c. To your right
   d. To your left
   e. Overhead
   f. Don't remember

ATIC FORM 164
FEB 60

This form supersedes ATIC 164, 13 Oct 54.",0.07278688524590164,53.03,"U.S. AIR FORCE TECHNICAL INFORMATION SHEET
This questionnaire has been prepared so that you can give the U.S. Air Force as much
information as possible concerning the unidentified aerial phenomenon that you have observed.
Please try to answer as many questions as you possibly can. The information that you give will
be used for research purposes, and will be regarded as confidential material. Your name will not
be used in connection with any statements, conclusions, or publications without your permission.
We request this personal information so that, if it is deemed necessary, we may contact you for
further details.

1. When did you see the object?
Day
Month
Year

2. Time of day:
Hour
Minutes
(Circle One): A.M. or P.M.

3. Time Zone:
(Circle One):
a. Eastern
b. Central
c. Mountain
d. Pacific
e. Other
(Circle One):
a. Daylight Saving
b. Standard

4. Where were you when you saw the object?
Nearest Postal Address
City or Town: Centerville
State or Country: Ohio
Additional remarks:

5. How long was object in sight?
Hours
Minutes
Seconds

5.1 How was time in sight determined?
a. Certain
b. Fairly certain
c. Not very sure
d. Just a guess

6. What was the condition of the sky?
DAY
a. Bright
b. Cloudy
NIGHT
a. Bright
b. Cloudy

7. If you saw the object during DAYLIGHT, where was the SUN located as you looked at the object?
(Circle One):
a. In front of you
b. In back of you
c. To your right
d. To your left
e. Overhead
f. Don't remember

ATIC FORM 164 FEB 60
This form supersedes ATIC 164, 13 Oct 54.",0.043278688524590166,28.23,"U.S. AIR FORCE TECHNICAL INFORMATION SHEET
This questionnaire has been prepared so that you can give the U.S. Air Force as much
information as possible concerning the unidentified aerial phenomenon that you have observed.
Please try to answer as many questions as you possibly can. The information that you give will
be used for research purposes, and will be regarded as confidential material. Your name will not
be used in connection with any statements, conclusions, or publications without your permission.
We request this personal information so that, if it is deemed necessary, we may contact you for
further details.
1. When did you see the object?
2. Time of day:
01
Hour
15
Minutes
15
Day
May
Month
61
Year
(Circle One): A.M. or P.M.
3. Time Zone:
(Circle One): a. Eastern
b. Central
c. Mountain
d. Pacific
e. Other
(Circle One): a. Daylight Saving
b. Standard
4. Where were you when you saw the object?
Centerville
Ohio
Nearest Postal Address
City or Town
State or Country
Additional remarks:
5. How long was the object in sight?
Hours
Minutes
Seconds
5.1 How was the time in sight determined?
a. Certain
b. Fairly certain
c. Not very sure
d. Just a guess
6. What was the condition of the sky?
DAY
a. Bright
b. Cloudy
NIGHT
a. Bright
b. Cloudy
7. If you saw the object during DAYLIGHT, where was the SUN located as you looked at the object?
(Circle One): a. In front of you
b. In back of you
c. To your right
d. To your left
e. Overhead
f. Don't remember
ATIC FORM 164
FEB 60
This form supersedes ATIC 164, 13 Oct 54.",0.03732809430255403,62.19,"U.S. AIR FORCE TECHNICAL INFORMATION SHEET
This questionnaire has been prepared so that you can give the U.S. Air Force as much information as possible concerning the unidentified aerial phenomenon that you have observed. Please try to answer as many questions as you possibly can. The information that you give will be used for research purposes, and will be regarded as confidential material. Your name will not be used in connection with any statements, conclusions, or publications without your permission. We request this personal information so that, if it is deemed necessary, we may contact you for further details.

1. When did you see the object?

2. Time of day:
Hour: 01    Minutes: 15
Day: 17     Month: May     Year: 61
(Circle One): A.M. or P.M.

3. Time Zone:
(Circle One): a. Eastern b. Central c. Mountain d. Pacific e. Other
(Circle One): a. Daylight Saving b. Standard

4. Where were you when you saw the object?
Centerville
Ohio
Nearest Postal Address
City or Town
State or Country
Additional remarks:

5. How long was the object in sight?
Hours
Minutes
Seconds

5.1 How was time in sight determined?
a. Certain
b. Fairly certain
c. Not very sure
d. Just a guess

6. What was the condition of the sky?
DAY
a. Bright
b. Cloudy
NIGHT
a. Bright
b. Cloudy

7. If you saw the object during DAYLIGHT, where was the SUN located as you looked at the object?
(Circle One): a. In front of you b. In back of you c. To your right d. To your left e. Overhead f. Don't remember

ATIC FORM 164 FEB 60
This form supersedes ATIC 164, 13 Oct 54.",0.03534031413612566,52.73,"U.S. AIR FORCE TECHNICAL INFORMATION SHEET
This questionnaire has been prepared so that you can give the U.S. Air Force as much
information as possible concerning the unidentified aerial phenomenon that you have observed.
Please try to answer as many questions as you possibly can. The information that you give will
be used for research purposes, and will be regarded as confidential material. Your name will not
be used in connection with any statements, conclusions, or publications without your permission.
We request this personal information so that, if it is deemed necessary, we may contact you for
further details.

1. When did you see the object?
15
May
61
Day
Month
Year

2. Time of day:
01
15
Hour
Minutes
(Circle One): A.M. or P.M.

3. Time Zone:
(Circle One):
a. Eastern
b. Central
c. Mountain
d. Pacific
e. Other
(Circle One): a. Daylight Saving b. Standard

4. Where were you when you saw the object?
Nearest Postal Address
Centerville
City or Town
Ohio
State or Country
Additional remarks:

5. How long was the object in sight?
Hours
Minutes
Seconds

5.1 How was time in sight determined?
a. Certain
b. Fairly certain
c. Not very sure
d. Just a guess

6. What was the condition of the sky?
DAY
a. Bright
b. Cloudy
NIGHT
a. Bright
b. Cloudy

7. If you saw the object during DAYLIGHT, where was the SUN located as you looked at the object?
(Circle One): a. In front of you
b. In back of you
c. To your right
d. To your left
e. Overhead
f. Don't remember

ATIC Form 164
FEB 60
This form supersedes ATIC Form 164, 13 Oct 54.",0.032722513089005235,54.08,"U.S. AIR FORCE TECHNICAL INFORMATION SHEET
This questionnaire has been prepared so that you can give the U.S. Air Force as much information as possible concerning the unidentified aerial phenomenon that you have observed. Please try to answer as many questions as you possibly can. The information that you give will be used for research purposes, and will be regarded as confidential material. Your name will not be used in connection with any statements, conclusions, or publications without your permission. We request this personal information so that, if it is deemed necessary, we may contact you for further details.

1. When did you see the object?

2. Time of day: 01 15
Hour Minutes
(Circle One): A.M. or P.M.
16 May 61
Day Month Year

3. Time Zone:
(Circle One): a. Eastern b. Central c. Mountain d. Pacific e. Other
(Circle One): a. Daylight Saving b. Standard

4. Where were you when you saw the object?
Nearest Postal Address:
City or Town: Centerville
State or Country: Ohio
Additional remarks:

5. How long was the object in sight?
Hours
Minutes
Seconds

5.1 How was time in sight determined?
a. Certain
b. Fairly certain
c. Not very sure
d. Just a guess

6. What was the condition of the sky?
DAY
a. Bright
b. Cloudy
NIGHT
a. Bright
b. Cloudy

7. If you saw the object during daylight, where was the sun located as you looked at the object?
(Circle One): a. In front of you b. In back of you c. To your right d. To your left e. Overhead f. Don't remember

ATIC FORM 164 FEB 60
This form supersedes ATIC Form 164, 13 Oct 54.",0.06662312214239059,36.45,"U.S. AIR FORCE TECHNICAL INFORMATION SHEET
This questionnaire has been prepared so that you can give the U.S. Air Force as much
information as possible concerning the unidentified aerial phenomenon that you have observed.
Please try to answer as many questions as you possibly can. The information that you give will
be used for research purposes, and will be regarded as confidential material. Your name will not
be used in connection with any statements, conclusions, or publications without your permission.
We request this personal information so that, if it is deemed necessary, we may contact you for
further details.

1. When did you see the object?
1 May 61

2. Time of day:
01
15
Hour
Minutes
(Circle One): A.M. or P.M.

3. Time Zone:
(Circle One): a. Eastern  b. Central  c. Mountain  d. Pacific  e. Other
(Circle One): a. Daylight Saving  b. Standard

4. Where were you when you saw the object?
Nearest Postal Address
City or Town   Centerville
State or Country   Ohio
Additional remarks:

5. How long was object in sight?
Hours
Minutes
Seconds

5.1 How was time in sight determined?
a. Certain
b. Fairly certain
c. Not very sure
d. Just a guess

6. What was the condition of the sky?
DAY
a. Bright
b. Cloudy
NIGHT
a. Bright
b. Cloudy

7. If you saw the object during DAYLIGHT, where was the SUN located as you looked at the object?
(Circle One): a. In front of you  b. In back of you  c. To your right  d. To your left  e. Overhead  f. Don't remember

ATIC
FORM
FEB 60
164
This form supersedes ATIC 164, 13 Oct 54.",0.036721311475409836,41.05,"U.S. AIR FORCE TECHNICAL INFORMATION SHEET
This questionnaire has been prepared so that you can give the U.S. Air Force as much
information as possible concerning the unidentified aerial phenomenon that you have observed.
Please try to answer as many questions as you possibly can. The information that you give will
be used for research purposes, and will be regarded as confidential material. Your name will not
be used in connection with any statements, conclusions, or publications without your permission.
We request this personal information so that, if it is deemed necessary, we may contact you for
further details.

1. When did you see the object?
Day 11
Month May
Year 61

2. Time of day:
Hour 01
Minutes 15
(Circle One): A.M. or P.M.

3. Time Zone:
(Circle One): a. Eastern b. Central c. Mountain d. Pacific e. Other
(Circle One): a. Daylight Saving b. Standard

4. Where were you when you saw the object?
Nearest Postal Address
City or Town
Centerville
State or Country
Ohio
Additional remarks:

5. How long was the object in sight?
Hours
Minutes
Seconds

5.1 How was the time in sight determined?
a. Certain
b. Fairly certain
c. Not very sure
d. Just a guess

6. What was the condition of the sky?
DAY
a. Bright
b. Cloudy
NIGHT
a. Bright
b. Cloudy

7. If you saw the object during DAYLIGHT, where was the SUN located as you looked at the object?
(Circle One): a. In front of you b. In back of you c. To your right d. To your left e. Overhead f. Don't remember

ATIC FORM 164
FEB 60
This form supersedes ATIC 164, 13 Oct 54.",0.04977079240340537,122.1,"U.S. AIR FORCE TECHNICAL INFORMATION SHEET
This questionnaire has been prepared so that you can give the U.S. Air Force as much
information as possible concerning the unidentified aerial phenomenon that you have observed.
Please try to answer as many questions as you possibly can. The information that you give will
be used for research purposes, and will be regarded as confidential material. Your name will not
be used in connection with any statements, conclusions, or publications without your permission.
We request this personal information so that, if it is deemed necessary, we may contact you for
further details.

1. When did you see the object?
Day 15
Month May
Year 61

2. Time of day:
Hour 01
Minutes 15
(Circle One): A.M. or P.M.

3. Time Zone:
(Circle One): a. Eastern b. Central c. Mountain d. Pacific e. Other
(Circle One): a. Daylight Saving b. Standard

4. Where were you when you saw the object?
Nearest Postal Address
City or Town: Centerville
State or Country: Ohio
Additional remarks:

5. How long was object in sight?
Hours
Minutes
Seconds

5.1 How was time in sight determined?
a. Certain
b. Fairly certain
c. Not very sure
d. Just a guess

6. What was the condition of the sky?
DAY
a. Bright
b. Cloudy
NIGHT
a. Bright
b. Cloudy

7. If you saw the object during DAYLIGHT, where was the SUN located as you looked at the object?
(Circle One): a. In front of you
b. In back of you
c. To your right
d. To your left
e. Overhead
f. Don't remember

ATIC FORM 164 FEB 60
This form supersedes ATIC 164, 13 Oct 54.",0.051147540983606556,44.3
28987698,"Page 5
25. Where were you located when you saw the object?
26. Were you (Circle One):
a. In the business section of a city?
b. In the residential section of a city?
c. In open countryside?
d. Near an airfield?
e. Flying over a city?
f. Flying over open country?
g. Other

(Circle One):
a. Inside a building
b. In a car
c. Outdoors
d. In an airplane (type)
e. At sea
f. Other
27. What were you doing at the time you saw the object, and how did you happen to notice it?
28. IF you were MOVING IN AN AUTOMOBILE or other vehicle at the time, then complete the following questions:
28.1 What direction were you moving? (Circle One)
a. North
b. Northeast
c. East
d. Southeast
e. South
f. Southwest
g. West
h. Northwest
28.2 How fast were you moving?
miles per hour.
28.3 Did you stop at any time while you were looking at the object?
(Circle One)
Yes
No
29. What direction were you looking when you first saw the object? (Circle One)
a. North
b. Northeast
c. East
d. Southeast
e. South
f. Southwest
g. West
h. Northwest
i. Overhead
30. What direction were you looking when you last saw the object? (Circle One)
a. North
b. Northeast
c. East
d. Southeast
e. South
f. Southwest
g. West
h. Northwest
i. Overhead
31. If you are familiar with bearing terms (angular direction), try to estimate the number of degrees the object was
from true North (through east) and also the number of degrees it was upward from the horizon (elevation).
31.1 When it first appeared:
a. From true North 250 degrees.
b. From horizon 70-20 degrees.
31.2 When it disappeared:
a. From true North
degrees.
b. From horizon
degrees.",0.13166144200626959,42.26,"Page 5
25. Where were you located when you saw the object? (Circle One)
a. In the business section of a city
b. In the residential section of a city
c. In open countryside
d. Near an airfield
e. Flying over a city
f. Flying over open country
g. Other

26. Were you (Circle One):
a. Inside a building
b. In a car
c. Outdoors
d. In an airplane (type)
e. At sea
f. Other

27. What were you doing at the time you saw the object, and how did you happen to notice it?

28. If you were moving in an automobile or other vehicle at the time, then complete the following questions:
28.1 What direction were you moving? (Circle One)
a. North
b. Northeast
c. East
d. Southeast
e. South
f. Southwest
g. West
h. Northwest
28.2 How fast were you moving? ____ miles per hour.
28.3 Did you stop at any time while you were looking at the object? (Circle One)
Yes
No

29. What direction were you looking when you first saw the object? (Circle One)
a. North
b. Northeast
c. East
d. Southeast
e. South
f. Southwest
g. West
h. Northwest
i. Overhead

30. What direction were you looking when you last saw the object? (Circle One)
a. North
b. Northeast
c. East
d. Southeast
e. South
f. Southwest
g. West
h. Northwest
i. Overhead

31. If you are familiar with bearing terms (angular direction), try to estimate the number of degrees the object was from true north (through east) and also the number of degrees it was upward from the horizon (elevation).
31.1 When it first appeared:
a. From true north 250 degrees.
b. From horizon 70-20 degrees.
31.2 When it disappeared:
a. From true north ____ degrees.
b. From horizon ____ degrees.",0.14660012476606363,40.14,"Page 5
25. Where were you located when you saw the object?
26. Were you (Circle One):
a. Inside a building
b. In a car
c. Outdoors
d. In an airplane (type)
e. At sea
f. Other
(Circle One):
a. In the business section of a city?
b. In the residential section of a city?
c. In open countryside?
d. Near an airfield?
e. Flying over a city?
f. Flying over open country?
g. Other
27. What were you doing at the time you saw the object, and how did you happen to notice it?
28. If you were MOVING IN AN AUTOMOBILE or other vehicle at the time, then complete the following questions:
28.1 What direction were you moving? (Circle One)
a. North
b. Northeast
c. East
d. Southeast
e. South
f. Southwest
g. West
h. Northwest
28.2 How fast were you moving? _____ miles per hour.
28.3 Did you stop at any time while you were looking at the object? (Circle One)
Yes
No
29. What direction were you looking when you first saw the object? (Circle One)
a. North
b. Northeast
c. East
d. Southeast
e. South
f. Southwest
g. West
h. Northwest
i. Overhead
30. What direction were you looking when you last saw the object? (Circle One)
a. North
b. Northeast
c. East
d. Southeast
e. South
f. Southwest
g. West
h. Northwest
i. Overhead
31. If you are familiar with bearing terms (angular direction), try to estimate the number of degrees the object was from true North (through east) and also the number of degrees it was upward from the horizon (elevation).
31.1 When it first appeared:
a. From true North 250 degrees.
b. From horizon 70-20 degrees.
31.2 When it disappeared:
a. From true North _____ degrees.
b. From horizon _____ degrees.",0.030998140111593304,48.64,"Page 5
25. Where were you located when you saw the object? (Circle One)
a. In the business section of a city
b. In the residential section of a city
c. In open countryside
d. Near an airfield
e. Flying over a city
f. Flying over open country
g. Other

26. Were you (Circle One):
a. Inside a building
b. In a car
c. Outdoors
d. In an airplane (type)
e. At sea
f. Other

27. What were you doing at the time you saw the object, and how did you happen to notice it?

28. If you were moving in an automobile or other vehicle at the time, then complete the following questions:
28.1 What direction were you moving? (Circle One)
a. North
b. Northeast
c. East
d. Southeast
e. South
f. Southwest
g. West
h. Northwest
28.2 How fast were you moving? _____ miles per hour.
28.3 Did you stop at any time while you were looking at the object? (Circle One)
Yes
No

29. What direction were you looking when you first saw the object? (Circle One)
a. North
b. Northeast
c. East
d. Southeast
e. South
f. Southwest
g. West
h. Northwest
i. Overhead

30. What direction were you looking when you last saw the object? (Circle One)
a. North
b. Northeast
c. East
d. Southeast
e. South
f. Southwest
g. West
h. Northwest
i. Overhead

31. If you are familiar with bearing terms (angular direction), try to estimate the number of degrees the object was from true North (through east) and also the number of degrees it was upward from the horizon (elevation).
31.1 When it first appeared:
a. From true North _____ degrees.
b. From horizon _____ degrees.
31.2 When it disappeared:
a. From true North _____ degrees.
b. From horizon _____ degrees.",0.15360696517412936,29.8,"Page 5
25. Where were you located when you saw the object?
26. Were you (Circle One):
a. In the business section of a city?
b. In the residential section of a city?
c. In open countryside?
d. Near an airfield?
e. Flying over a city?
f. Flying over open country?
g. Other
26. Were you (Circle One):
a. Inside a building
b. In a car
c. Outdoors
d. In an airplane (type)
e. At sea
f. Other
27. What were you doing at the time you saw the object, and how did you happen to notice it?
28. If you were moving in an automobile or other vehicle at the time, then complete the following questions:
28.1 What direction were you moving? (Circle One)
a. North
b. Northeast
c. East
d. Southeast
e. South
f. Southwest
g. West
h. Northwest
28.2 How fast were you moving? ____ miles per hour.
28.3 Did you stop at any time while you were looking at the object? (Circle One)
Yes
No
29. What direction were you looking when you first saw the object? (Circle One)
a. North
b. Northeast
c. East
d. Southeast
e. South
f. Southwest
g. West
h. Northwest
i. Overhead
30. What direction were you looking when you last saw the object? (Circle One)
a. North
b. Northeast
c. East
d. Southeast
e. South
f. Southwest
g. West
h. Northwest
i. Overhead
31. If you are familiar with bearing terms (angular direction), try to estimate the number of degrees the object was from true North (through East) and also the number of degrees it was upward from the horizon (elevation).
31.1 When it first appeared:
a. From true North ____ degrees.
b. From horizon ____ degrees.
31.2 When it disappeared:
a. From true North ____ degrees.
b. From horizon ____ degrees.",0.15157116451016636,24.05,"Page 5
25. Where were you located when you saw the object? (Circle One)
a. In the business section of a city
b. In the residential section of a city
c. In open countryside
d. Near an airfield
e. Flying over a city
f. Flying over open country
g. Other

26. Were you (Circle One):
a. Inside a building
b. In a car
c. Outdoors
d. In an airplane (type)
e. At sea
f. Other

27. What were you doing at the time you saw the object, and how did you happen to notice it?

28. If you were moving in an automobile or other vehicle at the time, then complete the following questions:
28.1 What direction were you moving? (Circle One)
a. North
b. Northeast
c. East
d. Southeast
e. South
f. Southwest
g. West
h. Northwest
28.2 How fast were you moving?
miles per hour.
28.3 Did you stop at any time while you were looking at the object? (Circle One)
Yes
No

29. What direction were you looking when you first saw the object? (Circle One)
a. North
b. Northeast
c. East
d. Southeast
e. South
f. Southwest
g. West
h. Northwest
i. Overhead

30. What direction were you looking when you last saw the object? (Circle One)
a. North
b. Northeast
c. East
d. Southeast
e. South
f. Southwest
g. West
h. Northwest
i. Overhead

31. If you are familiar with bearing terms (angular direction), try to estimate the number of degrees the object was from true North (thru east) and also the number of degrees it was upward from the horizon (elevation).
31.1 When it first appeared:
a. From true North 250 degrees.
b. From horizon 70-20 degrees.
31.2 When it disappeared:
a. From true North
degrees.
b. From horizon
degrees.",0.13647798742138365,52.96,"Page 5
25. Where were you located when you saw the object?
26. Were you (Circle One):
a. Inside a building
b. In a car
c. Outdoors
d. In an airplane (type)
e. At sea
f. Other
(Circle One):
a. In the business section of a city?
b. In the residential section of a city?
c. In open countryside?
d. Near an airfield?
e. Flying over a city?
f. Flying over open country?
g. Other
27. What were you doing at the time you saw the object, and how did you happen to notice it?
28. IF you were MOVING IN AN AUTOMOBILE or other vehicle at the time, then complete the following questions:
28.1 What direction were you moving? (Circle One)
a. North
b. Northeast
c. East
d. Southeast
e. South
f. Southwest
g. West
h. Northwest
28.2 How fast were you moving?
miles per hour.
28.3 Did you stop at any time while you were looking at the object?
(Circle One)
Yes
No
29. What direction were you looking when you first saw the object? (Circle One)
a. North
b. Northeast
c. East
d. Southeast
e. South
f. Southwest
g. West
h. Northwest
i. Overhead
30. What direction were you looking when you last saw the object? (Circle One)
a. North
b. Northeast
c. East
d. Southeast
e. South
f. Southwest
g. West
h. Northwest
i. Overhead
31. If you are familiar with bearing terms (angular direction), try to estimate the number of degrees the object was
from true North (thru east) and also the number of degrees it was upward from the horizon (elevation).
31.1 When it first appeared:
a. From true North 250 degrees.
b. From horizon 70-20 degrees.
31.2 When it disappeared:
a. From true North
degrees.
b. From horizon
degrees.",0.01821608040201005,43.21,"Page 5
25. Where were you located when you saw the object? (Circle One)
a. In the business section of a city?
b. In the residential section of a city?
c. In open countryside?
d. Near an airfield?
e. Flying over a city?
f. Flying over open country?
g. Other

26. Were you (Circle One):
a. Inside a building
b. In a car
c. Outdoors
d. In an airplane (type)
e. At sea
f. Other

27. What were you doing at the time you saw the object, and how did you happen to notice it?

28. IF you were MOVING IN AN AUTOMOBILE or other vehicle at the time, then complete the following questions:
28.1 What direction were you moving? (Circle One)
a. North
b. Northeast
c. East
d. Southeast
e. South
f. Southwest
g. West
h. Northwest
28.2 How fast were you moving?
miles per hour.
28.3 Did you stop at any time while you were looking at the object? (Circle One)
Yes
No

29. What direction were you looking when you first saw the object? (Circle One)
a. North
b. Northeast
c. East
d. Southeast
e. South
f. Southwest
g. West
h. Northwest
i. Overhead

30. What direction were you looking when you last saw the object? (Circle One)
a. North
b. Northeast
c. East
d. Southeast
e. South
f. Southwest
g. West
h. Northwest
i. Overhead

31. If you are familiar with bearing terms (angular direction), try to estimate the number of degrees the object was from true North (thru East) and also the number of degrees it was upward from the horizon (elevation).
31.1 When it first appeared:
a. From true North 250 degrees.
b. From horizon 10-20 degrees.
31.2 When it disappeared:
a. From true North
degrees.
b. From horizon
degrees.",0.13827781269641734,50.79,"Page 5
25. Where were you located when you saw the object?
26. Were you
(Circle One):
a. In the business section of a city?
b. In the residential section of a city?
c. In open countryside?
d. Near an airfield?
e. Flying over a city?
f. Flying over open country?
g. Other

(Circle One):
a. Inside a building
b. In a car
c. Outdoors
d. In an airplane (type)
e. At sea
f. Other
27. What were you doing at the time you saw the object, and how did you happen to notice it?
28. If you were moving in an automobile or other vehicle at the time, then complete the following questions:
28.1 What direction were you moving? (Circle One)
a. North
b. Northeast
c. East
d. Southeast
e. South
f. Southwest
g. West
h. Northwest
28.2 How fast were you moving?
miles per hour.
28.3 Did you stop at any time while you were looking at the object?
(Circle One)
Yes
No
29. What direction were you looking when you first saw the object? (Circle One)
a. North
b. Northeast
c. East
d. Southeast
e. South
f. Southwest
g. West
h. Northwest
i. Overhead
30. What direction were you looking when you last saw the object? (Circle One)
a. North
b. Northeast
c. East
d. Southeast
e. South
f. Southwest
g. West
h. Northwest
i. Overhead
31. If you are familiar with bearing terms (angular direction), try to estimate the number of degrees the object was from true North (through east) and also the number of degrees it was upward from the horizon (elevation).
31.1 When it first appeared:
a. From true North 250 degrees.
b. From horizon 70-20 degrees.
31.2 When it disappeared:
a. From true North
degrees.
b. From horizon
degrees.",0.13166144200626959,43.04
28969412,"DE 2E
- Memo 2.
DATED 29/04/55 59117
357
FM COMDR 686TH ACWRON WALKER AFB NM
23MAR77 8740 Capt
will pick up later
TO RESED/COMDR ADC ENT AFB COLO
RJWFDN/COMDR 34TH AD KIRTLAND AFB NMEX 270357
-
/
PJEDND/COMDR AIR TECH INTEL CEN WRIGHT-PATTERSON AFB OHIO
RJEPHO/DIRECTOR OF INTEL HEADQUARTERS USAF WASH DC
4E4
BT.
3
4.4x20
UNCLAS ACW-86-205. THE FOLLOWING IS AN UNIDENTIFIED FLYING OBJECT
REPORT RECEIVED BY LT SONTHEIMER FROM A BASE FLIGHT PILOT.
(1) DESCRIPTION OF THE OBJECT(S)
(A) 3 VERY BRILLIANT WHITE LIGHTS CIRCULAR IN SHAPE
(B) ABOUT THE SIZE OF 3 LANDING LIGHTS
(C) BRILLIANT WHITE
(D) 3
(E) FLYING A TIGHT FORMATION
(F) NONE, NOTHING NOTICEABLE
PAGE TWO RJWFDN 2E
(H) NONE
(I) NONE
(2) DESCRIPTION OF COURSE OF OBJECT(S)
(A) WHILE LOOKING OUT THE LEFT WINDOW ON A C-45 THE PILOT NOTICED
3 BRIGHT LIGHTS ON A COLLISION COURSE PERPENDICULAR TO HIS LINE OF
FLIGHT HEADING TOWARDS HIM.
(B) OBJECTS WERE OBSERVED AT THE SAME ALTITUDE AS THE C-45 ABOUT",0.054979253112033194,119.35,"DE 2E
- Method 2.
DATED 29/04/55 59117
357
D 7
TN COMDR 686TH ACWRON WALKER AFB NM
23 MAR 77 8740 CAPH
will pick up later
TO RESED/COMDR ADC ENT AFB COLO
RJWFDN/COMDR 34TH AD KIRTLAND AFB NMEX 270357
-
/
PJEDND/COMDR AIR TECH INTEL CEN WRIGHT-PATTERSON AFB OHIO
RJEPHO/DIRECTOR OF INTEL HEADQUARTERS USAF WASH DC
4E4
BT.
3
4.4x20
UNCLAS ACW-86-205. THE FOLLOWING IS AN UNIDENTIFIED FLYING OBJECT
REPORT RECEIVED BY LT SONTHEIMER FROM A BASE FLIGHT PILOT.
(1) DESCRIPTION OF THE OBJECT(S)
(A) 3 VERY BRILLIANT WHITE LIGHTS CIRCULAR IN SHAPE
(B) ABOUT THE SIZE OF 3 LANDING LIGHTS
(C) BRILLIANT WHITE
(D) 3 SEEN FLYING A TIGHT FORMATION
NO NOISE, NOTHING NOTICEABLE
PAGE TWO RJWFDN 2E
(H) NONE
(I) NONE
(2) DESCRIPTION OF COURSE OF OBJECT(S)
(A) WHILE LOOKING OUT THE LEFT WINDOW ON A C-45 THE PILOT NOTICED
3 BRIGHT LIGHTS ON A COLLISION COURSE PERPENDICULAR TO HIS LINE OF
FLIGHT HEADING TOWARDS HIM.
(B) OBJECTS WERE OBSERVED AT THE SAME ALTITUDE AS THE C-45 ABOUT",0.06321243523316063,70.75,"DE 2E
METHOD 2.
DATED 29/04/55 59117
357
D 7
FM COMDR 686TH ACWRON WALKER AFB NM
23 MAR 57 1740Z
TO COMDR ADC ENT AFB COLO
INFO COMDR 34TH AD KIRTLAND AFB NMEX 270357
INFO COMDR AIR TECH INTEL CEN WRIGHT-PATTERSON AFB OHIO
INFO DIRECTOR OF INTELLIGENCE HEADQUARTERS USAF WASH DC
BT
UNCLAS ACW-86-205. THE FOLLOWING IS AN UNIDENTIFIED FLYING OBJECT
REPORT RECEIVED BY LT SONTHEIMER FROM A BASE FLIGHT PILOT.
(1) DESCRIPTION OF THE OBJECT(S)
(A) 3 VERY BRILLIANT WHITE LIGHTS, CIRCULAR IN SHAPE
(B) ABOUT THE SIZE OF 3 LANDING LIGHTS
(C) BRILLIANT WHITE
(D) OBSERVED FLYING A TIGHT FORMATION
(E) NOTHING NOTICEABLE
(H) NONE
(I) NONE
(2) DESCRIPTION OF COURSE OF OBJECT(S)
(A) WHILE LOOKING OUT THE LEFT WINDOW ON A C-45 THE PILOT NOTICED
3 BRIGHT LIGHTS ON A COLLISION COURSE PERPENDICULAR TO HIS LINE OF
FLIGHT HEADING TOWARDS HIM.
(B) OBJECTS WERE OBSERVED AT THE SAME ALTITUDE AS THE C-45 ABOUT",0.13692946058091288,46.59,"DE 2E
- Method 2.
Dated 29/04/55 59117
357
D 7
TN COMDR 686TH ACWRON WALKER AFB NM
23 MAR 57 8740 Capt
will pick up later
TO RESED/COMDR ADC ENT AFB COLO
RJWFDN/COMDR 34TH AD KIRTLAND AFB NMEX 270357
PJEDND/COMDR AIR TECH INTEL CEN WRIGHT-PATTERSON AFB OHIO
RJEPHO/DIRECTOR OF INTEL HEADQUARTERS USAF WASHDC
BT.
UNCLAS ACW-86-205. THE FOLLOWING IS AN UNIDENTIFIED FLYING OBJECT
REPORT RECEIVED BY LT SONTHEIMER FROM A BASE FLIGHT PILOT.
(1) DESCRIPTION OF THE OBJECT(S)
(A) 3 VERY BRILLIANT WHITE LIGHTS, CIRCULAR IN SHAPE
(B) ABOUT THE SIZE OF 3 LANDING LIGHTS
(C) BRILLIANT WHITE
(D) FLYING A TIGHT FORMATION
(E) NOTHING NOTICEABLE
PAGE TWO RJWFDN 2E
(H) NONE
(I) NONE
(2) DESCRIPTION OF COURSE OF OBJECT(S)
(A) WHILE LOOKING OUT THE LEFT WINDOW OF A C-45 THE PILOT NOTICED
3 BRIGHT LIGHTS ON A COLLISION COURSE PERPENDICULAR TO HIS LINE OF
FLIGHT HEADING TOWARDS HIM.
(B) OBJECTS WERE OBSERVED AT THE SAME ALTITUDE AS THE C-45 ABOUT",0.07572614107883817,59.4,"FM COMDR 686TH ACWRON WALKER AFB NM
TO COMDR ADC ENT AFB COLO
INFO COMDR 34TH AD KIRTLAND AFB NMEX 270357
COMDR AIR TECH INTELLIGENCE CENTER WRIGHT-PATTERSON AFB OHIO
DIRECTOR OF INTELLIGENCE HEADQUARTERS USAF WASH DC
BT
UNCLAS ACW-86-205. THE FOLLOWING IS AN UNIDENTIFIED FLYING OBJECT
REPORT RECEIVED BY LT SONTHEIMER FROM A BASE FLIGHT PILOT.
(1) DESCRIPTION OF THE OBJECT(S)
(A) 3 VERY BRILLIANT WHITE LIGHTS CIRCULAR IN SHAPE
(B) ABOUT THE SIZE OF 3 LANDING LIGHTS
(C) BRILLIANT WHITE
(D) 3
(E) OBSERVED FLYING IN TIGHT FORMATION
(F) NOTHING NOTICEABLE
(H) NONE
(I) NONE
(2) DESCRIPTION OF COURSE OF OBJECT(S)
(A) WHILE LOOKING OUT THE LEFT WINDOW ON A C-45 THE PILOT NOTICED
3 BRIGHT LIGHTS ON A COLLISION COURSE PERPENDICULAR TO HIS LINE OF
FLIGHT HEADING TOWARDS HIM.
(B) OBJECTS WERE OBSERVED AT THE SAME ALTITUDE AS THE C-45 ABOUT",0.19605809128630705,73.31,"DE 2E
- Method 2.
DATED 29/04/55 59117
357
D 7
FM COMDR 686TH ACWRON WALKER AFB NM
23 MAR 57 8740 Capt will pick up later
TO CG/ADC ENT AFB COLO
INFO/COMDR 34TH AD KIRTLAND AFB NMEX 270357
INFO/COMDR AIR TECH INTEL CEN WRIGHT-PATTERSON AFB OHIO
INFO/DIRECTOR OF INTEL HEADQUARTERS USAF WASH DC
BT
3
4-4x20
UNCLAS ACW-86-205. THE FOLLOWING IS AN UNIDENTIFIED FLYING OBJECT
REPORT RECEIVED BY LT SONTHEIMER FROM A BASE FLIGHT PILOT.
(1) DESCRIPTION OF THE OBJECT(S)
(A) 3 VERY BRILLIANT WHITE LIGHTS, CIRCULAR IN SHAPE
(B) ABOUT THE SIZE OF 3 LANDING LIGHTS
(C) BRILLIANT WHITE
(D) 3
(E) FLYING IN TIGHT FORMATION
(F) NO NOISE
(G) NOTHING NOTICEABLE
PAGE TWO RJWFDN 2E
(H) NONE
(I) NONE
(2) DESCRIPTION OF COURSE OF OBJECT(S)
(A) WHILE LOOKING OUT THE LEFT WINDOW ON A C-45 THE PILOT NOTICED
3 BRIGHT LIGHTS ON A COLLISION COURSE PERPENDICULAR TO HIS LINE OF
FLIGHT HEADING TOWARDS HIM.
(B) OBJECTS WERE OBSERVED AT THE SAME ALTITUDE AS THE C-45 ABOUT",0.07780082987551867,33.69,"DE 2E
- Memo 2.
DATED 29/04/55 59117
357
D 7
FM COMDR 686TH ACWRON WALKER AFB NM
23 MAR 57 0740 CAPH
will pick up later
TO RESED/COMDR ADC ENT AFB COLO
RJWFDN/COMDR 34TH AD KIRTLAND AFB NMEX 270357
-
/
PJEDND/COMDR AIR TECH INTEL CEN WRIGHT PATTERSON AFB OHIO
RJEPHO/DIRECTOR OF INTEL HEADQUARTERS USAF WASH DC
4E4
BT.
3
4.4x20
UNCLAS ACW-86-205. THE FOLLOWING IS AN UNIDENTIFIED FLYING OBJECT
REPORT RECEIVED BY LT SONTHEIMER FROM A BASE FLIGHT PILOT.
(1) DESCRIPTION OF THE OBJECT(S)
(A) 3 VERY BRILLIANT WHITE LIGHTS CIRCULAR IN SHAPE
(B) ABOUT THE SIZE OF 3 LANDING LIGHTS
(C) BRILLIANT WHITE
(D) OBSERVED FLYING A TIGHT FORMATION
MY NOM
NOTHING NOTICEABLE
PAGE TWO RJWFDN 2E
(H) NONE
(I) NONE
(2) DESCRIPTION OF COURSE OF OBJECT(S)
(A) WHILE LOOKING OUT THE LEFT WINDOW ON A C-45 THE PILOT NOTICED
3 BRIGHT LIGHTS ON A COLLISION COURSE PERPENDICULAR TO HIS LINE OF
FLIGHT HEADING TOWARDS HIM.
(B) OBJECTS WERE OBSERVED AT THE SAME ALTITUDE AS THE C-45 ABOUT",0.061203319502074686,110.08,"DE 2E
- Memo 2.
DATED 29/04/55 59117
357
D 7
FM COMDR 686TH ACWRON WALKER AFB NM
23 MAR. 77 8740 Capt
will pick up later
TO RESED/COMDE ADC ENT AFB COLO
RJWFDN/COMDR 34TH AD KIRTLAND AFB NMEX 270357
-
/
PJEDND/COMDR AIR TECH INTEL CEN WRIGHT-PATTERSON AFB OHIO
RJEPHO/DIRECTOR OF INTEL HEADQUARTERS USAF WASHDC
4E4
BT.
3
4.4x20
UNCLAS ACW-86-205. THE FOLLOWING IS AN UNIDENTIFIED FLYING OBJECT
REPORT RECEIVED BY LT SONTHEIMER FROM A BASE FLIGHT PILOT.
(1) DESCRIPTION OF THE OBJECT(S)
(A) 3 VERY BRILLIANT WHITE LIGHTS CIRCULAR IN SHAPE
(B) ABOUT THE SIZE OF 3 LANDING LIGHTS
(C) BRILLIANT WHITE
(D) 3 OBSERVED FLYING A TIGHT FORMATION
(E) NOTHING NOTICEABLE
PAGE TWO RJWFDN 2E
(H) NONE
(I) NONE
(2) DESCRIPTION OF COURSE OF OBJECT(S)
(A) WHILE LOOKING OUT THE LEFT WINDOW ON A C-45 THE PILOT NOTICED
3 BRIGHT LIGHTS ON A COLLISION COURSE PERPENDICULAR TO HIS LINE OF
FLIGHT HEADING TOWARDS HIM.
(B) OBJECTS WERE OBSERVED AT THE SAME ALTITUDE AS THE C-45 ABOUT",0.06327800829875518,54.69,"DE 2E
- Method 2.
LIGHTED 29/04/55 59117
357
D 7
FM COMDR 686TH ACWRON WALKER AFB NM
23MAP.77 8740 Caph
will pick up later
TO RESED/COMD ADC ENT AFB COLO
RJWFDN/COMDR 34TH AD KIRTLAND AFB NMEX 270357
-
/
PJEDND/COMDR AIR TECH INTEL CEN WRIGHT-PATTERSON AFB OHIO
RJEPHO/DIRECTOR OF INTEL HEADQUARTERS USAF WASH DC
4E4
BT.
3
4.4x20
UNCLAS ACW-86-205. THE FOLLOWING IS AN UNIDENTIFIED FLYING OBJECT
REPORT RECEIVED BY LT SONTHEIMER FROM A BASE FLIGHT PILOT.
(1) DESCRIPTION OF THE OBJECT(S)
(A) 3 VERY BRILLIANT WHITE LIGHTS CIRCULAR IN SHAPE
(B) ABOUT THE SIZE OF 3 LANDING LIGHTS
(C) BRILLIANT WHITE
(D) 3
(E) FLYING A TIGHT FORMATION
(F) NO NOISE
(G) NOTHING NOTICEABLE
PAGE TWO RJWFDN 2E
(H) NONE
(I) NONE
(2) DESCRIPTION OF COURSE OF OBJECT(S)
(A) WHILE LOOKING OUT THE LEFT WINDOW ON A C-45 THE PILOT NOTICED
3 BRIGHT LIGHTS ON A COLLISION COURSE PERPENDICULAR TO HIS LINE OF
FLIGHT HEADING TOWARDS HIM.
(B) OBJECTS WERE OBSERVED AT THE SAME ALTITUDE AS THE C-45 ABOUT",0.05046343975283213,47.6
28941795,"EXTRACT FROM STATUS REPORT #7
DATE: 3 May 52
TIME (Local): 2300
LOCATION: Phoenix
LENGTH OF TIME OBSERVED: 4 seconds
SOUND: Unknown
SPEED: 500 mph
ALTITUDE: Unknown
HEADING: W
SOURCE: Civilians
ACTION OR COMMENTS: Meteor or fireball
DESCRIPTION OF INCIDENT: Two couples in convertible with top down observed cigar-shaped, glowing object descending silently.
UNCLASSIFIED",0.1956043956043956,18.58,"EXTRACT FROM STATUS REPORT #7
DATE: 3 May 52
TIME (Local): 2300
LOCATION: Phoenix, Ariz.
LENGTH OF TIME OBSERVED: 4 seconds
SOUND: Unknown
SPEED: 500 mph
ALTITUDE: Unknown
HEADING: W
SOURCE: Civilians
ACTION OR COMMENTS: Meteor or fireball
DESCRIPTION OF INCIDENT: Two couples in a convertible with the top down observed a cigar-shaped, glowing object descending silently.
UNCLASSIFIED",0.2021978021978022,25.07,"EXTRACT FROM STATUS REPORT #7
DATE: 3 May 52
TIME (Local): 2300
LOCATION: Phoenix, AZ
LENGTH OF TIME OBSERVED: 4 seconds
SOUND: Unknown
SPEED: 500 mph
ALTITUDE: Unknown
HEADING: W
SOURCE: Civilians
ACTION OR COMMENTS: Meteor or fireball
DESCRIPTION OF INCIDENT: Two couples in a convertible with the top down observed a cigar-shaped, glowing object descending silently.

UNCLASSIFIED",0.2043956043956044,23.39,"EXTRACT FROM STATUS REPORT #7
DATE: 3 May 52
TIME (Local): 2300
LOCATION: Phoenix, Arizona
LENGTH OF TIME OBSERVED: 4 seconds
SOUND: Unknown
SPEED: 500 mph
ALTITUDE: Unknown
HEADING: W
SOURCE: Civilians
ACTION OR COMMENTS: Meteor or fireball
DESCRIPTION OF INCIDENT: Two couples in convertible with top down observed cigar-shaped, glowing object descending silently.
UNCLASSIFIED
DOWNGRADED AT 3 YEAR INTERVALS",0.12527472527472527,26.41,"EXTRACT FROM STATUS REPORT #7
DATE: 3 May 52
TIME (Local): 2300
LOCATION: Phoenix, Arizona
LENGTH OF TIME OBSERVED: 4 seconds
SOUND: Unknown
SPEED: 500 mph
ALTITUDE: Unknown
HEADING: W
SOURCE: Civilians
ACTION OR COMMENTS: Meteor or fireball
DESCRIPTION OF INCIDENT: Two couples in convertible with top down observed cigar-shaped, glowing object descending silently.
UNCLASSIFIED",0.1912087912087912,31.23,"EXTRACT FROM STATUS REPORT #7
DATE: 3 May 52
TIME (Local): 2300
LOCATION: Phoenix, Arizona
LENGTH OF TIME OBSERVED: 4 seconds
SOUND: Unknown
SPEED: 500 mph
ALTITUDE: Unknown
HEADING: W
SOURCE: Civilians
ACTION OR COMMENTS: Meteor or fireball
DESCRIPTION OF INCIDENT: Two couples in convertible with top down observed cigar-shaped, glowing object descending silently.
UNCLASSIFIED
DOWNGRADED AT 3 YEAR INTERVALS; AUTHORITY: DOD DIR 5200.10",0.08131868131868132,46.69,"EXTRACT FROM STATUS REPORT #
7
DATE: 3 May 52
TIME (Local): 2300
LOCATION: Phoenix,
LENGTH OF TIME OBSERVED: 4 Seconds
SOUND: Unknown
SPEED: 500 mph
ALTITUDE: Unknown
HEADING: W
SOURCE: Civilians
ACTION OR COMMENTS: Meteor or fireball
DESCRIPTION OF INCIDENT: Two couples in convertible with top down observed cigar-
shaped, glowing object descending silently.
(-
UNCLASSIFIED
DOWNGRADED DOD AT 3",0.16043956043956045,107.42,"EXTRACT FROM STATUS REPORT #7
DATE: 3 May 52
TIME (Local): 2300
LOCATION: Phoenix,
LENGTH OF TIME OBSERVED: 4 Seconds
SOUND: Unknown
SPEED: 500 mph
ALTITUDE: Unknown
HEADING: W
SOURCE: Civilians
ACTION OR COMMENTS: Meteor or fireball
DESCRIPTION OF INCIDENT: Two couples in convertible with top down observed cigar-
shaped, glowing object descending silently.
(-
UNCLASSIFIED
DOWNOR
ADED DOD As 3
i",0.16263736263736264,58.43,"EXTRACT FROM STATUS REPORT # 7
DATE: 3 May 52
TIME (Local): 2300
LOCATION: Phoenix,
LENGTH OF TIME OBSERVED: 4 Seconds
SOUND: Unknown
SPEED: 500 mph
ALTITUDE: Unknown
HEADING: W
SOURCE: Civilians
ACTION OR COMMENTS: Meteor or fireball
DESCRIPTION OF INCIDENT: Two couples in convertible with top down observed cigar-shaped, glowing object descending silently.
(-
UNCLASSIFIED
DOWNOR
ADED DOD As 3
i",0.16043956043956045,44.68
28960409,"Please paste the OCR text you want corrected (and any context like language or subject), and I’ll fix it.",1.0,4.33,"Please paste the OCR-extracted text you want corrected. If possible, also share:
- The document’s language and any domain-specific terms or names
- Whether I should preserve original line breaks, paragraphing, and capitalization
- Any sections that were especially illegible",1.0,4.1,"Please provide the OCR text you want corrected. If there’s any context (e.g., subject, names, dates, or original language) that could help disambiguate unclear words, include that too.",1.0,3.37,Please provide the OCR-extracted text you want corrected.,1.0,4.61,Please provide the OCR text you’d like me to correct.,1.0,2.77,Please provide the OCR text you’d like me to correct.,1.0,5.73,Please paste the OCR-extracted text you want corrected.,1.0,5.73,Please provide the OCR-extracted text you’d like corrected.,1.0,2.16,Please provide the OCR-extracted text you want corrected. Include all columns/fields/headers as they appear so I can fix errors and preserve layout.,1.0,3.77
28938572,"UNCLASSIFIED
B/Ltr fr HQS, USAF, 30 November 1950, Subj: (Restricted) Aerial
Phenomena, NE United States, 2 November 50, SPECIAL INQUIRY
AFOIN-C/CC-11
2d Ind
2 FEB 1951
Dept of the Air Force, Hq, USAF, Washington 25, D.C.
TO: Commanding General, Air Materiel Command, Wright-Patterson Air
Force Base, Dayton, Ohio
1. No further action is required as the phenomenon of 2 November
1950 has been confirmed as a meteor by several sources.
2. It is requested that the 5th District, Office of Special Investigations,
Wright-Patterson Air Force Base be notified of the above information.
BY COMMAND OF THE CHIEF OF STAFF:
JAMES G. EARNEST, JR.
Lt. Colonel, USAF
Executive, Collection Control Branch
Collection Division
Directorate of Intelligence
DOWNGRADED AT 3 YEAR INTERVALS;
DECLASSIFIED AFTER 12 YEARS.
DOD DIR 5200.10
UNCLASSIFIED
3",0.02045728038507822,29.77,"UNCLASSIFIED
B/Ltr fr HQ USAF, 30 November 1950, Subj: (Restricted) Aerial
Phenomena, NE United States, 2 November 50, SPECIAL INQUIRY
AFOIN-C/CC-11
2d Ind
2 FEB 1951
Department of the Air Force, HQ USAF, Washington 25, D.C.
TO: Commanding General, Air Materiel Command, Wright-Patterson Air
Force Base, Dayton, Ohio
1. No further action is required as the phenomenon of 2 November
1950 has been confirmed as a meteor by several sources.
2. It is requested that the 5th District, Office of Special Investigations,
Wright-Patterson Air Force Base be notified of the above information.
BY COMMAND OF THE CHIEF OF STAFF:
JAMES G. EARNEST, JR.
Lt. Colonel, USAF
Executive, Collection Control Branch
Collection Division
Directorate of Intelligence
DOWNGRADED AT 3 YEAR INTERVALS;
DECLASSIFIED AFTER 12 YEARS.
DOD DIR 5200.10
UNCLASSIFIED",0.03365384615384615,47.1,"UNCLASSIFIED
B/Ltr fr Hq USAF, 30 November 1950, Subj: (Restricted) Aerial
Phenomena, NE United States, 2 November 50, SPECIAL INQUIRY
AFOIN-C/CC-11
2d Ind
2 FEB 1951
Dept of the Air Force, Hq USAF, Washington 25, D.C.
TO: Commanding General, Air Materiel Command, Wright-Patterson Air
Force Base, Dayton, Ohio
1. No further action is required as the phenomenon of 2 November
1950 has been confirmed as a meteor by several sources.
2. It is requested that the 5th District Office of Special Investigations,
Wright-Patterson Air Force Base be notified of the above information.
BY COMMAND OF THE CHIEF OF STAFF:
JAMES G. EARNEST, JR.
Lt. Colonel, USAF
Executive, Collection Control Branch
Collection Division
Directorate of Intelligence
DOWNGRADED AT 3 YEAR INTERVALS;
DECLASSIFIED AFTER 12 YEARS.
DOD DIR 5200.10
UNCLASSIFIED
3",0.022974607013301087,27.95,"UNCLASSIFIED
B/Ltr fr Hq USAF, 30 November 1950, Subj: (Restricted) Aerial
Phenomena, NE United States, 2 November 50, SPECIAL INQUIRY
AFOIN-C/CC-11
2d Ind
2 FEB 1951
Dept of the Air Force, Hq USAF, Washington 25, D.C.
TO: Commanding General, Air Materiel Command, Wright-Patterson Air
Force Base, Dayton, Ohio
1. No further action is required, as the phenomenon of 2 November
1950 has been confirmed as a meteor by several sources.
2. It is requested that the 5th District, Office of Special Investigations,
Wright-Patterson Air Force Base, be notified of the above information.
BY COMMAND OF THE CHIEF OF STAFF:
JAMES G. EARNEST, JR.
Lt Colonel, USAF
Executive, Collection Control Branch
Collection Division
Directorate of Intelligence
DOWNGRADED AT 3 YEAR INTERVALS;
DECLASSIFIED AFTER 12 YEARS;
DOD DIR 5200.10
UNCLASSIFIED
3",0.028950542822677925,39.33,"UNCLASSIFIED
B/Ltr fr HQ USAF, 30 November 1950, Subj: (Restricted) Aerial
Phenomena, NE United States, 2 November 50, SPECIAL INQUIRY
AFOIN-C/CC-11
2d Ind
2 FEB 1951
Dept of the Air Force, HQ USAF, Washington 25, D.C.
TO: Commanding General, Air Materiel Command, Wright-Patterson Air
Force Base, Dayton, Ohio
1. No further action is required as the phenomenon of 2 November
1950 has been confirmed as a meteor by several sources.
2. It is requested that the 5th District of Special Investigations,
Wright-Patterson Air Force Base be notified of the above information.
BY COMMAND OF THE CHIEF OF STAFF:
JAMES G. EARNEST, JR.
Lt. Colonel, USAF
Executive, Collection Control Branch
Collection Division
Directorate of Intelligence
DOWNGRADED AT 3 YEAR INTERVALS:
DECLASSIFIED AFTER 12 YEARS.
DOD DIR 5200.10
UNCLASSIFIED
3",0.013317191283292978,33.89,"UNCLASSIFIED
B/Ltr fr Hq, USAF, 30 November 1950, Subj: (Restricted) Aerial
Phenomena, NE United States, 2 November 50, SPECIAL INQUIRY
AFOIN-C/CC-11
2d Ind
2 FEB 1951
Department of the Air Force, Hq, USAF, Washington 25, D.C.
TO: Commanding General, Air Materiel Command, Wright-Patterson Air
Force Base, Dayton, Ohio
1. No further action is required as the phenomenon of 2 November
1950 has been confirmed as a meteor by several sources.
2. It is requested that the 5th District Office of Special Investigations,
Wright-Patterson Air Force Base be notified of the above information.
BY COMMAND OF THE CHIEF OF STAFF:
JAMES G. EARNEST, JR.
Lt. Colonel, USAF
Executive, Collection Control Branch
Collection Division
Directorate of Intelligence
DOWNGRADED AT 3 YEAR INTERVALS;
DECLASSIFIED AFTER 12 YEARS.
DOD DIR 5200.10
UNCLASSIFIED
3",0.027544910179640718,36.04,"UNCLASSIFIED
B/Ltr fr Hq, USAF, 30 November 1950, Subj: (Restricted) Aerial
Phenomena, NE United States, 2 November 50, SPECIAL INQUIRY
AFOIN-C/CC-11
2d Ind
2 FEB 1951
Dept of the Air Force, Hq, USAF, Washington 25, D.C.
TO: Commanding General, Air Materiel Command, Wright-Patterson Air
Force Base, Dayton, Ohio
1. No further action is required as phenomenon of 2 November
1950 has been confirmed as a meteor by several sources.
2. It is requested that the 5th District of Special Investigations,
Wright-Patterson Air Force Base be notified of the above information.
BY COMMAND OF THE CHIEF OF STAFF:
JAMES G. EARNEST, JR.
Lt. Colonel, USAF
Executive, Collection Control Branch
Collection Division
Directorate of Intelligence
DOWNGRADED AT 3 YEAR INTERVAL;
DECLASSIFIED AFTER 12 YEARS.
DOD DIR 5200.10
UNCLASSIFIED
3",0.015738498789346248,34.2,"UNCLASSIFIED
B/Ltr fr Hq, USAF, 30 November 1950, Subj: (Restricted) Aerial
Phenomena, NE United States, 2 November 50, SPECIAL INQUIRY
AFOIN-C/CC-11
2d Ind
2 FEB 1951
Dept of the Air Force, Hq, USAF, Washington 25, D.C.
TO: Commanding General, Air Materiel Command, Wright-Patterson Air
Force Base, Dayton, Ohio
1. No further action is required as the phenomenon of 2 November
1950 has been confirmed as a meteor by several sources.
2. It is requested that the 5th District of Special Investigations,
Wright-Patterson Air Force Base be notified of the above information.
BY COMMAND OF THE CHIEF OF STAFF:
JAMES G. EARNEST, JR.
Lt. Colonel, USAF
Executive, Collection Control Branch
Collection Division
Directorate of Intelligence
DOWNGRADED AT 3 YEAR INTERVALS;
DECLASSIFIED AFTER 12 YEARS.
DOD DIR 5200.10
UNCLASSIFIED
3",0.012106537530266344,93.7,"UNCLASSIFIED
B/Ltr fr Hq, USAF, 30 November 1950, Subj: (Restricted) Aerial
Phenomena, NE United States, 2 November 50, SPECIAL INQUIRY
AFOIN-C/CC-11
2d Ind
2 FEB 1951
Dept of the Air Force, Hq, USAF, Washington 25, D.C.
TO: Commanding General, Air Materiel Command, Wright-Patterson Air
Force Base, Dayton, Ohio
1. No further action is required as phenomenon of 2 November
1950 has been confirmed as a meteor by several sources.
2. It is requested that the 5th District of Special Investigations,
Wright-Patterson Air Force Base be notified of the above information.
BY COMMAND OF THE CHIEF OF STAFF:
JAMES G. EARNEST, JR.
Lt. Colonel, USAF
Executive, Collection Control Branch
Collection Division
Directorate of Intelligence
DOWNGRADED AT 3 YEAR INTERVALS;
DECLASSIFIED AFTER 12 YEARS.
DOD DIR 5200.10
UNCLASSIFIED
3",0.01694915254237288,24.21
28930793,"To: Chief, Air Weather Service, Washington 25, D.C.
Subj: Project ""SIGN""

4. The form used in interrogating witnesses to sightings is enclosed as a matter of interest. Comment as to possible improvements of the ""Essential Elements of Information"" in regard to routine synoptic balloon flights is invited.

5. It is requested that correspondence be forwarded to the Commanding General, Headquarters, Air Materiel Command, Attention MCIAXO-3.

FOR THE COMMANDING GENERAL:
/s/ W. R. Clingerman, Col, USAF
for H. M. McCoy
Colonel, USAF
Chief, Intelligence Dept

2 Incls:
Summaries 1-172 incl
""EEI""

Copies furnished:
AFOIR, Hq USAF
Capt Trakowski, Geophysics Lab
Major Kodis, CHEEP
Colonel Neal",0.12875536480686695,36.92,"HQ Chief, Air Weather Service, Washington 25, D. C.
Subj: Project ""SIGN""

4. The form used in interrogating witnesses to sightings is enclosed as a matter of interest. Comment as to possible improvement of the ""Essential Elements of Information"" in regard to routine synoptic balloon flights is invited.

5. It is requested that correspondence be forwarded to the Commanding General, Headquarters, Air Materiel Command, attention MCIAXO-3.

FOR THE GENERAL:
/s/ W. R. Clingerman, Col, USAF

2 Incls:
for H. M. McCoy
Summaries 1-172 incl
Colonel, USAF
""EEI""
Chief, Intelligence Dept

Copies furnished:
AFOIR, Hq. USAF
Capt Trakowski, Geophysics Lab
Major Kodis, CHEEP
Colonel Neal,",0.03862660944206009,69.26,"CG, Air Weather Service, Washington 25, D.C.
Subj: Project ""SIGN""

4. The form used in interrogating witnesses to sightings is enclosed as a matter of interest. Comments as to possible improvements of the ""Essential Elements of Information"" in regard to routine synoptic balloon flights are invited.

5. It is requested that correspondence be forwarded to the Commanding General, Headquarters, Air Materiel Command, attention MCIAAO-3.

FOR THE GENERAL:
/s/ W. R. Clingerman, Col, USAF
for H. M. McCoy
Colonel, USAF
Chief, Intelligence Dept

2 Incls:
Summaries 1-172 incl
""EEI""

Copies furnished:
AFOIR, Hq. USAF
Capt Trakowski, Geophysics Lab
Major Kodis, ICHEEP
Colonel Neal",0.15736766809728184,66.63,"HQ, Chief, Air Weather Service, Washington 25, D.C.
Subj: Project ""SIGN""

4. The form used in interrogating witnesses to sightings is inclosed as a matter of interest. Comment as to possible improvement of the ""Essential Elements of Information"" in regard to routine synoptic balloon flights is invited.

5. It is requested that correspondence be forwarded to the Commanding General, Headquarters, Air Materiel Command, attention MCIAXO-3.

FOR THE GENERAL:
/s/ W. R. Clingerman, Col, USAF
for H. M. McCoy
Colonel, USAF
Chief, Intelligence Dept

2 Incls:
Summaries 1-172 incl
""EEI""

Copies furnished:
AFOIR, Hq. USAF
Capt Trakowski, Geophysics Lab
Major Kodis, CHEEP
Colonel Neal",0.13733905579399142,64.01,"Chief, Air Weather Service, Washington 25, D.C.
Subj: Project ""SIGN""

4. The form used in interrogating witnesses to sightings is inclosed as a matter of interest. Comment as to possible improvement of the ""Essential Elements of Information"" in regard to routine synoptic balloon flights is invited.

5. It is requested that correspondence be forwarded to the Commanding General, Headquarters, Air Materiel Command, Attention: MCIAXO-3.

FOR THE COMMANDING GENERAL:
/s/ W. R. Clingerman, Col, USAF
for H. M. McCoy
Colonel, USAF
Chief, Intelligence Dept.

2 Incls:
Summaries 1-172 incl
""EEI""

Copies furnished:
AFOIN, Hq USAF
Capt Trakowski, Geophysics Lab
Major Kodis, C/EEP
Colonel Neal",0.13161659513590845,106.79,"Chief, Air Weather Service, Washington 25, D.C.
Subj: Project ""SIGN""

4. The form used in interrogating witnesses to sightings is enclosed as a matter of interest. Comment as to possible improvements of the ""Essential Elements of Information"" in regard to routine synoptic balloon flights is invited.

5. It is requested that correspondence be forwarded to the Commanding General, Headquarters, Air Materiel Command, attention MCIAAO-3.

FOR THE GENERAL:
s/ W. R. Clingerman, Col, USAF

2 Incls:
Summaries 1-172 incl
""EEI""

for H. M. McCoy
Colonel, USAF
Chief, Intelligence Dept

Copies furnished:
AFOIN, Hq USAF
Capt Trakowski, Geophysics Lab
Major Kodis, CHEEP
Colonel Neal",0.11015736766809728,59.39,"Chief, Air Weather Service, Washington 25, D. C.
Subj: Project ""SIGN""

4. The form used in interrogating witnesses to sighting is
inclosed as a matter of interest. Comment as to possible improvement
of the ""Essential Elements of Information"" in regard to routine
synoptic balloon flights is invited.

5. It is requested that correspondence be forwarded to the
Commanding General, Headquarters, Air Materiel Command, attention
MCIAXO-3.

FOR THE GENERAL:
/s/ W. R. Clingerman, Col, USAF
for H. M. McCOY
Colonel, USAF
Chief, Intelligence Dept

2 Incls:
Summaries 1-172 incl
""EEI""

Copies furnished:
AFOIR, Hq. USAF
Capt Trakowski, Geophysics Lab
Major Kodis, ICHEEP
Colonel Neal,",0.1402002861230329,60.62,"CG, Air Weather Service, Washington 25, D. C.
Subj: Project ""SIGN""

4. The form used in interrogating witnesses to sightings is
enclosed as a matter of interest. Comment as to possible improvement
of the ""Essential Elements of Information"" in regard to routing
synoptic balloon flights is invited.
5. It is requested that correspondence be forwarded to the
Commanding General, Headquarters, Air Materiel Command, attention
MCIAXO-3.

FOR THE GENERAL:
/s/ W. R. Clingerman, Col, USAF
for H. M. McCOY
Colonel, USAF
Chief, Intelligence Dept

2 Incls:
Summaries 1-172 incl
""EEI""

Copies furnished,
AFOIR, Hq. USAF
Capt Trakowski, Geophysics Lab
Major Kodis, ICHEEP
Colonel Neal,",0.14878397711015737,47.59,"To: Chief, Air Weather Service, Washington 25, D. C.
Subj: Project ""SIGN""

4. The form used in interrogating witnesses to sightings is enclosed as a matter of interest. Comment as to possible improvement of the ""Essential Elements of Information"" in regard to routine synoptic balloon flights is invited.
5. It is requested that correspondence be forwarded to the Commanding General, Headquarters, Air Materiel Command, attention MCIAXO-3.

FOR THE GENERAL:
/s/ W. R. Clingerman, Col, USAF
for H. M. McCOY
Colonel, USAF
Chief, Intelligence Dept

2 Incls:
Summaries 1-172 incl
""EEI""

Copies furnished:
AFOIR, Hq. USAF
Capt Trakowski, Geophysics Lab
Major Kodis, !CHEEP
Colonel Neal,",0.13876967095851217,43.95
28997563,"MARCH, 1963
THE A.P.R.O. BULLETIN
PAGE 3

Above are shown 3 of 4 UFOs photographed in Argentina. See page 1 for story, page 4 for photo No. 4.",0.0547945205479452,14.09,"MARCH, 1963
THE A.P.R.O. BULLETIN
PAGE 3

Above are shown 3 of 4 UFOs photographed in Argentina. See page 1 for story,
page 4 for photo No. 4.",0.0547945205479452,13.96,"MARCH, 1963
THE A.P.R.O. BULLETIN
PAGE 3

Above are shown 3 of the 4 UFO photographs taken in Argentina. See page 1 for story, page 4 for photo No. 4.",0.11409395973154363,22.63,"MARCH, 1963
THE A.P.R.O. BULLETIN
PAGE 3

Above are shown 3 of 4 UFOs photographed in Argentina. See page 1 for story, page 4 for photo No. 4.",0.0547945205479452,7.0,"MARCH, 1963
THE A.P.R.O. BULLETIN
PAGE 3

Above are shown 3 of the 4 UFOs photographed in Argentina. See page 1 for story, page 4 for photo No. 4.",0.0821917808219178,8.56,"MARCH, 1963
THE A.P.R.O. BULLETIN
PAGE 3

Above are shown 3 of the 4 UFOs photographed in Argentina. See page 1 for story, page 4 for photo No. 4.",0.0821917808219178,12.8,"MARCH, 1963
THE A. P. R. O. BULLETIN
PAGE 3

Above are shown 3 of 4 UFOs photographed in Argentina. See page 1 for story,
page four for photo No. 4.",0.006802721088435374,19.35,"MARCH, 1963
THE A.P.R.O. BULLETIN
PAGE 3

Above are shown 3 of 4 UFOs photographed in Argentina. See page 1 for story, page 4 for photo No. 4.",0.0547945205479452,11.26,"MARCH, 1963
THE A. P. R. O. BULLETIN
PAGE 3

Above are shown 3 of 4 UFOs photographed in Argentina. See page 1 for story,
page 4 for photo No. 4.",0.03424657534246575,13.57
28952995,"UNCLASSIFIED
Answers to questions contained in:
U.S. AIR FORCE TECHNICAL INFORMATION SHEET
1.
28 January 1953
2.
2235 hours
3.
Eastern Standard Time
4.
Mitchel Air Force Base, New York
5.
two seconds
5.1 Fairly certain
6.
No trace of daylight
7.
Not Applicable
8.
8.1 A for
8.2 Don't remember
9. Yes, very
10. Several yards away
11. a through e - No
12. No
13. Don't recall
14. Solid
15.
a. No
b. No
c. Yes
d. No
16.
a. None
b. Bright green
17.
DOWNGRADED AT 3 YEAR INTERVALS
DECLASSIFIED AFTER 12 YEARS
DOD DIR 5200.10
UNCLASSIFIED
/
Page 3",0.03867403314917127,35.58,"UNCLASSIFIED
Answers to questions contained in:
Brand
U. S. AIR FORCE TECHNICAL INFORMATION SHEET
1.
28 January 1953
2. 2235 hours
3.
Eastern Standard Time
4.
Mitchel Air Force Base, New York
5.
two seconds
5.1 Fairly certain
6.
No trace of daylight
7.
Not Applicable
8.
8.1 A for
8.2 Don't remember
9. Yes, very
10. Several yards away
11. a. through e. - No
12. No
13. Don't recall
14.
Solid
15.
a. No
b. No
c. Yes
d. No
16.
a. None
b. Bright green
17.
DOWNGRADED AT 3 YEAR INTERVALS
DECLASSIFIED AFTER 12 YEARS
DOD DIR 5200.10
UNCLASSIFIED
Page 3",0.01824817518248175,42.91,"UNCLASSIFIED
Answers to questions contained in:
Brand
U.S. AIR FORCE TECHNICAL INFORMATION SHEET
1.
28 January 1953
2. 2235 hours
3.
Eastern Standard Time
4.
Mitchel Air Force Base, New York
5.
two seconds
5.1 Fairly certain
6.
No trace of daylight
7.
Not Applicable
8. a. A few
8. b. Don't remember
9. Yes, very
10. Several yards away
11. a. through e. - No
12. No
13. Don't recall
14.
Solid
15.
a. No
b. No
c. Yes
d.
No
16.
a. None
b. Bright green
17.
DOWNGRADED AT 3 YEAR INTERVALS
DECLASSIFIED AFTER 12 YEARS
DOD DIR 5200.10
UNCLASSIFIED
Page 3",0.025547445255474453,78.13,"UNCLASSIFIED
Answers to questions contained in:
U.S. AIR FORCE TECHNICAL INFORMATION SHEET
1. 28 January 1953
2. 2235 hours
3. Eastern Standard Time
4. Mitchel Air Force Base, New York
5. Two seconds
5.1 Fairly certain
6. No trace of daylight
7. Not applicable
8.1 A for
8.2 Don't remember
9. Yes, very
10. Several yards away
11. a. through e. - No
12. No
13. Don't recall
14. Solid
15. a. No
b. No
c. Yes
d. No
16. a. None
b. Bright green
DOWNGRADED AT 3 YEAR INTERVALS
DECLASSIFIED AFTER 12 YEARS
DOD DIR 5200.10
UNCLASSIFIED
Incl 3",0.04419889502762431,52.03,"UNCLASSIFIED
Answers to questions contained in:
U. S. AIR FORCE TECHNICAL INFORMATION SHEET
1. 28 January 1953
2. 2235 hours
3. Eastern Standard Time
4. Mitchel Air Force Base, New York
5. Two seconds
5.1 Fairly certain
6. No trace of daylight
7. Not applicable
8.1 A few
8.2 Don't remember
9. Yes, very
10. Several yards away
11. a. through e. - No
12. No
13. Don't recall
14. Solid
15. a. No
b. No
c. Yes
d. No
16. a. None
b. Bright green
17. DOWNGRADED AT 3-YEAR INTERVALS
DECLASSIFIED AFTER 12 YEARS
DOD DIR 5200.10
UNCLASSIFIED
Page 3",0.03314917127071823,42.4,"UNCLASSIFIED
Answers to questions contained in:
U. S. AIR FORCE TECHNICAL INFORMATION SHEET
1. 28 January 1953
2. 2235 hours
3. Eastern Standard Time
4. Mitchel Air Force Base, New York
5. Two seconds
5.a. Fairly certain
6. No trace of daylight
7. Not Applicable
8.a. A few
8.b. Don't remember
9. Yes, very
10. Several yards away
11. a. through e. — No
12. No
13. Don't recall
14. Solid
15.a. No
15.b. No
15.c. Yes
15.d. No
16.a. None
16.b. Bright green
DOWNGRADED AT 3 YEAR INTERVALS
DECLASSIFIED AFTER 12 YEARS
DOD DIR 5200.10
UNCLASSIFIED
Page 3",0.07116788321167883,60.12,"UNCLASSIFIED
Answers to questions contained in:
Brand
U. S. AIR FORCE TECHNICAL INFORMATION SHEET
1.
28 January 1953
2. 2235 hours
3.
Eastern Standard Time
4.
Mitchel Air Force Base, New York
5.
two seconds
5.1 Fairly certain
6.
No trace of daylight
7.
Not applicable
8. 8.1 A few
8.2 Don't remember
9. Yes, very
10. Several yards away
11. a. through E. - No
12. No
13. Don't recall
14.
Solid
15.
a. No
b. No
c. Yes
d.
No
16.
a. None
b. Bright green
17.
DOWNGRADED AT 3 YEAR INTERVALS
DECLASSIFIED AFTER 12 YEARS
DOD DIR 5200.10
UNCLASSIFIED
/
Incl 3",0.01818181818181818,33.1,"UNCLASSIFIED
Answers to questions contained in:
Brand
U. S. AIR FORCE TECHNICAL INFORMATION SHEET
1.
28 January 1953
2. 2235 hours
3.
Eastern Standard Time
4.
Mitchel Air Force Base, New York
5.
two seconds
5.1 Fairly certain
6.
No trace of daylight
7.
Not Applicable
8. 8.1 A few
8.2 Don't remember
9. Yes, very
10. Several yards away
11. a. through e. - No
12. No
13. Don't recall
14.
Solid
15.
a. No
b. No
c. Yes
d.
No
16.
a. None
b. Bright green
17.
DOWNGRADED AT 3 YEAR INTERVALS
DECLASSIFIED AFTER 12 YEARS
DOD DIR 5200.10
UNCLASSIFIED
/
Incl 3",0.01818181818181818,103.05,"UNCLASSIFIED
Answers to questions contained in:
Brand
U. S. AIR FORCE TECHNICAL INTERROGATION SHEET
1.
28 January 1953
2. 2235 hours
3. Eastern Standard Time
4. Mitchel Air Force Base, New York
5. two seconds
5.1 Fairly certain
6. No trace of daylight
7. Not Applicable
8.
8.1 A for
8.2 Don't remember
9. Yes, very
10. Several yards away
11. a. through e. - No
12. No
13. Don't recall
14. Solid
15.
a. No
b. No
c. Yes
d. No
16.
a. None
b. Bright green
17.
DOWNGRADED AT 3 YEAR INTERVALS
DECLASSIFIED AFTER 12 YEARS
DOD DIR 5200.10
UNCLASSIFIED
Page 3",0.02727272727272727,49.46
28952481,"Passive balloon: as follows
when heated by sun's rays
near noon, and when
white, or plain
plastic, etc. — see p. 16
spectral reflectance, and can
take on many shapes.
Nomenclature: mass,
volume, etc.
also balloon banding
styles.
Has speed of 280 mph
Error: using both of
his contradictory statements (347
number) plus the data as
a basis for computation.",0.3137755102040816,134.55,"Possibly balloon: follows
when his system's rays — 29/2020
new moon — and when
white, or plain
paths extend — see 16
special reference time and can
take on many shapes.
Nomenclature: mass,
volume, etc.
also balloon branding
styles.
Its speed of 280 mph
error when using both of
his contradicting statements (347-
member) plans, then data as
a basis for computation.",0.32653061224489793,185.64,"Passive balloon: follows
when the sun’s rays — 29/2020
new moon — and when
white, or pale.
Plates extend — see 16
special reference to time and can
take on different shapes.
Nomenclature: mass,
volume, etc.
Also balloon branding
sizes.
Its speed of 280 MPH
after weighing both of
his contradicting statements (347-
member) plans, then data as
a basis for computation.",0.3647959183673469,88.16,"Possibly balloon: follows
when hazy; by sun’s rays — 20–30°
new moon — and when
white, or plain
paths extend — see 16
special refraction at times and can
take on weird shapes.
Numerous bases:
Muroc, Kirtland, etc.;
also balloon launching
sites.
His speed of 280 mph
error using both of
his contradicting statements (remember)
plus the data as
a basis for computation.",0.27040816326530615,72.4,"Possibly balloon: follows
when the sun’s rays, near noon, strike white or plain
plastic, specular reflection occurs and it can
take on weird shapes.
Numerous cases:
Muroc, Victorville, etc.;
also balloon launching
sites.
His speed of 280 mph
was an error, based on both of
his contradicting statements,
used as the basis for computation.",0.33163265306122447,53.56,"Possible balloon: as follows—when struck by the sun’s rays (near noon), and when white or plain plastic, special refraction can make it take on odd shapes. Numerous cases: mirage, virtual, etc.; also balloon sounding sites. His speed of 280 mph—error, weighing both of his contradicting statements (observer memory) plus the data as a basis for computation.",0.336734693877551,128.01,"Possibly Balloon: follows
when hit by sun's rays - 2/9/2020
new moon - and when
white, or plain
plastic extend - see 16
special reference: time and can
take on many shapes.
Nomenclature:
Mirror, Virtual, etc.
also balloon branding
sites.
His speed of 280 MPH
error using both of
his contradicting statements (347
member) plans the data as
a basis for computation.",0.28061224489795916,35.55,"Possibly Balloon: follows
when his bysim's rays -29/2020
new moon - and when
white, or plain
plathi extend - que 16
special refer time and can
take on weird shapes.
Numanone bass
Murre, Virtmale, etc.
also balloon branding
siles.
His speed of 280 MPH
error was in both of
his contradicting statements (347
member) plans then data as
a basis for computation.",0.2780612244897959,65.62,"Possibly Balloon: follows
when hit by sun's rays — 29/2020
new moon — and when
white, or plain
plastic extend — to 16
special ref. time and can
take on weird shapes.
Numerous bases:
Murre, Virtmale, etc.
also balloon branding
styles.
His speed of 280 MPH
error using both of
his contradicting statements (347
member) plans and data as
a basis for computation.",0.24744897959183673,53.7
28955301,"HEADQUARTERS
520TH AIR DEFENSE GROUP
TRUAX FIELD
Madison, Wisconsin

14 JUL 1953

DGAG

SUBJECT: Report of Unidentified Objects

TO:
Commander
Air Technical Intelligence Center
Wright-Patterson AFB, Ohio

Reference to Inclosure #1, Report of Sighting of Unidentified Objects, for your information.

FOR THE COMMANDER:

Allen

1 Incl:
Report of Sighting of Unidentified Objects

DON A. AMOS
2nd Lt, USAF
Adjutant",0.12686567164179105,24.51,"HEADQUARTERS
520TH AIR DEFENSE GROUP
TRUAX FIELD
Madison, Wisconsin
14 JUL 1953

DGAG

SUBJECT: Report of Unidentified Objects

TO:
Commander
Air Technical Intelligence Center
Wright-Patterson AFB, Ohio

Reference to Inclosure #1, Report of Sighting of Unidentified Objects, for your information.

FOR THE COMMANDER:

DON A. AMOS
2nd Lt, USAF
Adjutant

1 Incl
Report of Sighting of Unidentified Objects",0.14430379746835442,31.06,"HEADQUARTERS
520TH AIR DEFENSE GROUP
TRUAX FIELD
Madison, Wisconsin
14 JUL 1953

DGAG

SUBJECT: Report of Unidentified Objects

TO:
Commander
Air Technical Intelligence Center
Wright-Patterson AFB, Ohio

Reference to Inclosure 1, Report of Sighting of Unidentified Objects, is forwarded for your information.

FOR THE COMMANDER:

DON A. AMOS
2nd Lt, USAF
Adjutant

1 Incl: Rpt of Sighting of Unidentified Objects",0.17037037037037037,44.93,"HEADQUARTERS
520TH AIR DEFENSE GROUP
TRUAX FIELD
Madison, Wisconsin
14 JUL 1953

DGAG

SUBJECT: Report of Unidentified Objects

TO:
Commander
Air Technical Intelligence Center
Wright-Patterson AFB, Ohio

Reference to Inclosure #1, Report of Sighting of Unidentified Objects, for your information.

FOR THE COMMANDER:

DON A. AMOS
2nd Lt, USAF
Adjutant

1 Incl
Report of Sighting of Unidentified Objects",0.14430379746835442,19.14,"HEADQUARTERS
520TH AIR DEFENSE GROUP
TRUAX FIELD
Madison, Wisconsin

14 JUL 1953

DGAG

SUBJECT: Report of Unidentified Objects

TO:
Commander
Air Technical Intelligence Center
Wright-Patterson AFB, Ohio

Reference to Inclosure #1, Report of Sighting of Unidentified Objects, for your information.

FOR THE COMMANDER:

DON A. AMOS
2nd Lt, USAF
Adjutant

1 Incl
Rept of Sighting of Unidentified Objects",0.13924050632911392,35.43,"HEADQUARTERS
520TH AIR DEFENSE GROUP
TRUAX FIELD
Madison, Wisconsin
14 Jul 1953

DGAG

SUBJECT: Report of Unidentified Objects

TO:
Commander
Air Technical Intelligence Center
Wright-Patterson AFB, Ohio

Reference to Inclosure 1, Report of Sighting of Unidentified Objects, for your information.

FOR THE COMMANDER:

Allen

DON A. AMOS
2nd Lt, USAF
Adjutant

1 Incl
Report of Sighting of Unidentified Objects",0.1425,23.55,"HEADQUARTERS
520TH AIR DEFENSE GROUP
TRUAX FIELD
Madison, Wisconsin
14 JUL 1953
DGAG
SUBJECT: Report of Unidentified Objects
TO:
Commander
Air Technical Intelligence Center
Wright-Patterson AFB, Ohio
Reference to inclosure #1, Report of Sighting of Unidentified Objects,
for your information.
FOR THE COMMANDER:
Allen
DON A. AMOS
2nd Lt USAF
Adjutant
1 Incl
Rept of Sighting of Uni-
dentified Objects",0.13,27.96,"HEADQUARTERS
520TH AIR DEFENSE GROUP
TRUAX FIELD
Madison, Wisconsin

14 JUL 1953

DGAG

SUBJECT: Report of Unidentified Objects

TO:
Commander
Air Technical Intelligence Center
Wright-Patterson AFB, Ohio

Reference to inclosure #1, Report of Sighting of Unidentified Objects, for your information.

FOR THE COMMANDER:
Allen

DON A. AMOS
2nd Lt, USAF
Adjutant

1 Incl
Rept of Sighting of Uni-
dentified Objects",0.13216957605985039,25.39,"HEADQUARTERS
520TH AIR DEFENSE GROUP
TRUAX FIELD
Madison, Wisconsin
14 JUL 1953

DGAG

SUBJECT: Report of Unidentified Objects

TO:
Commander
Air Technical Intelligence Center
Wright-Patterson AFB, Ohio

Reference to inclosure #1, Report of Sighting of Unidentified Objects,
for your information.

FOR THE COMMANDER:

Allen

DON A. AMOS
2nd Lt, USAF
Adjutant

1 Incl
Rept of Sighting of Uni-
dentified Objects",0.13216957605985039,30.02
28965919,"Page 4
20. Draw a picture that will show the motion that the object or objects made. Place an ""A"" at the beginning of the path, a ""B"" at the end of the path, and show any changes in direction during the course.

21. IF POSSIBLE, try to guess or estimate what the real size of the object was in its longest dimension.
_____ feet.

22. How large did the object or objects appear as compared with one of the following objects held in the hand and at about arm's length?
(Circle One):
a. Head of a pin
b. Pea
c. Dime
d. Nickel
e. Quarter
f. Half dollar
g. Silver dollar
h. Baseball
i. Grapefruit
j. Basketball
k. Other

22.1 (Circle one of the following to indicate how certain you are of your answer to Question 22.)
a. Certain
b. Fairly certain
c. Not very sure
d. Uncertain

23. How did the object or objects disappear from view?
REFLECTIVE AREA SCATTERED AND FADED

24. In order that you can give as clear a picture as possible of what you saw, we would like for you to imagine that you could construct the object that you saw. Of what type of material would you make it? How large would it be, and what shape would it have? Describe in your own words a common object or objects which, when placed up in the sky, would give the same appearance as the object which you saw.
NOT WEATHER PHENOMENON.",0.019364833462432222,29.88,"Page 4
20. Draw a picture that will show the motion that the object or objects made. Place an ""A"" at the beginning of the path, a ""B"" at the end of the path, and show any changes in direction during the course.
21. IF POSSIBLE, try to guess or estimate what the real size of the object was in its longest dimension. _____ feet.
22. How large did the object or objects appear as compared with one of the following objects held in the hand and at about arm's length?
(Circle one):
a. Head of a pin
b. Pea
c. Dime
d. Nickel
e. Quarter
f. Half dollar
g. Silver dollar
h. Baseball
i. Grapefruit
j. Basketball
k. Other
22.1 (Circle one of the following to indicate how certain you are of your answer to Question 22.)
a. Certain
b. Fairly certain
c. Not very sure
d. Uncertain
23. How did the object or objects disappear from view?
REFLECTIVE AREA SCATTERED AND FADED
24. In order that you can give as clear a picture as possible of what you saw, we would like for you to imagine that you could construct the object that you saw. Of what type of material would you make it? How large would it be, and what shape would it have? Describe in your own words a common object or objects which, when placed up in the sky, would give the same appearance as the object which you saw.
NOT WEATHER PHENOMENON.",0.019364833462432222,36.46,"Page 4
20. Draw a picture that will show the motion that the object or objects made. Place an ""A"" at the beginning of the path, ""B"" at the end of the path, and show any changes in direction during the course.
21. IF POSSIBLE, try to guess or estimate what the real size of the object was in its longest dimension. — feet.
22. How large did the object or objects appear as compared with one of the following objects held in the hand and at about arm's length?
(Circle One):
a. Head of a pin
b. Pea
c. Dime
d. Nickel
e. Quarter
f. Half dollar
g. Silver dollar
h. Baseball
i. Grapefruit
j. Basketball
k. Other
22.1 (Circle one of the following to indicate how certain you are of your answer to Question 22):
a. Certain
b. Fairly certain
c. Not very sure
d. Uncertain
23. How did the object or objects disappear from view?
REFLECTIVE AREA SCATTERED AND FADED
24. In order that you can give as clear a picture as possible of what you saw, we would like for you to imagine that you could construct the object that you saw. Of what type material would you make it? How large would it be, and what shape would it have? Describe in your own words a common object or objects which when placed up in the sky would give the same appearance as the object which you saw.
NOT WEATHER PHENOMENON.",0.013942680092951201,36.55,"Page 4
20. Draw a picture that will show the motion that the object or objects made. Place an ""A"" at the beginning of the path and ""B"" at the end of the path, and show any changes in direction during the course.
21. If possible, try to guess or estimate what the real size of the object was in its longest dimension.
_____ feet.
22. How large did the object or objects appear as compared with one of the following objects held in the hand and at about arm's length?
(Circle One):
a. Head of a pin
b. Pea
c. Dime
d. Nickel
e. Quarter
f. Half dollar
g. Silver dollar
h. Baseball
i. Grapefruit
j. Basketball
k. Other
22.1 (Circle one of the following to indicate how certain you are of your answer to Question 22.)
a. Certain
b. Fairly certain
c. Not very sure
d. Uncertain
23. How did the object or objects disappear from view?
REFLECTIVE AREA SCATTERED AND FADED
24. In order that you can give as clear a picture as possible of what you saw, we would like for you to imagine that you could construct the object that you saw. Of what type material would you make it? How large would it be, and what shape would it have? Describe in your own words a common object or objects which, when placed up in the sky, would give the same appearance as the object which you saw.
NOT WEATHER PHENOMENON.",0.019364833462432222,59.69,"Page 4
20. Draw a picture that will show the motion that the object or objects made. Place an ""A"" at the beginning of the path and a ""B"" at the end of the path, and show any changes in direction during the course.

21. IF POSSIBLE, try to guess or estimate what the real size of the object was in its longest dimension.
— feet.

22. How large did the object or objects appear as compared with one of the following objects held in the hand and at about arm's length?
(Circle One):
a. Head of a pin
b. Pea
c. Dime
d. Nickel
e. Quarter
f. Half dollar
g. Silver dollar
h. Baseball
i. Grapefruit
j. Basketball
k. Other

22.1 (Circle one of the following to indicate how certain you are of your answer to Question 22.)
a. Certain
b. Fairly certain
c. Not very sure
d. Uncertain

23. How did the object or objects disappear from view?
REFLECTIVE AREA SCATTERED AND FADED

24. In order that you can give as clear a picture as possible of what you saw, we would like for you to imagine that you could construct the object that you saw. Of what type material would you make it? How large would it be, and what shape would it have? Describe in your own words a common object or objects which, when placed up in the sky, would give the same appearance as the object which you saw.
NOT A WEATHER PHENOMENON.",0.017815646785437646,23.93,"Page 4

20. Draw a picture that will show the motion that the object or objects made. Place an ""A"" at the beginning of the path and a ""B"" at the end of the path, and show any changes in direction during the course.

21. IF POSSIBLE, try to guess or estimate what the real size of the object was in its longest dimension.
_____ feet.

22. How large did the object or objects appear as compared with one of the following objects held in the hand at about arm's length?
(Circle one):
a. Head of a pin
b. Pea
c. Dime
d. Nickel
e. Quarter
f. Half dollar
g. Silver dollar
h. Baseball
i. Grapefruit
j. Basketball
k. Other

22.1 (Circle one of the following to indicate how certain you are of your answer to Question 22.)
a. Certain
b. Fairly certain
c. Not very sure
d. Uncertain

23. How did the object or objects disappear from view?
REFLECTIVE AREA SCATTERED AND FADED

24. In order that you can give as clear a picture as possible of what you saw, we would like for you to imagine that you could construct the object that you saw. Of what type material would you make it? How large would it be, and what shape would it have? Describe in your own words a common object or objects which, when placed up in the sky, would give the same appearance as the object which you saw.
NOT A WEATHER PHENOMENON.",0.024786986831913247,29.01,"Page 4
20. Draw a picture that will show the motion that the object or objects made. Place an ""A"" at the beginning of the path, a ""B"" at the end of the path, and show any changes in direction during the course.
21. IF POSSIBLE, try to guess or estimate what the real size of the object was in its longest dimension.
— feet.
22. How large did the object or objects appear as compared with one of the following objects held in the hand and at about arm's length?
(Circle One):
a. Head of a pin
b. Pea
c. Dime
d. Nickel
e. Quarter
f. Half dollar
g. Silver dollar
h. Baseball
i. Grapefruit
j. Basketball
k. Other
22.1 (Circle one of the following to indicate how certain you are of your answer to Question 22):
a. Certain
b. Fairly certain
c. Not very sure
d. Uncertain
23. How did the object or objects disappear from view?
REFLECTIVE AREA SCATTERED AND FADED
24. In order that you can give as clear a picture as possible of what you saw, we would like for you to imagine that you could construct the object that you saw. Of what type material would you make it? How large would it be, and what shape would it have? Describe in your own words a common object or objects which, when placed up in the sky, would give the same appearance as the object which you saw.
NOT WEATHER PHENOMENON.",0.013942680092951201,34.1,"Page 4
20. Draw a picture that will show the motion that the object or objects made. Place an ""A"" at the beginning
of the path, ""B"" at the end of the path, and show any changes in direction during the course.
21. IF POSSIBLE, try to guess or estimate what the real size of the object was in its longest dimension.
— feet.
22. How large did the object or objects appear as compared with one of the following objects held in the hand
and at about arm's length?
(Circle One):
a. Head of a pin
b. Pea
c. Dime
d. Nickel
e. Quarter
f. Half dollar
g. Silver dollar
h. Baseball
i. Grapefruit
j. Basketball
k. Other
22.1 (Circle one of the following to indicate how certain you are of your answer to Question 22.)
a. Certain
b. Fairly certain
c. Not very sure
d. Uncertain
23. How did the object or objects disappear from view?
REFLECTIVE AREA SCATTERED AND FADED
24. In order that you can give as clear a picture as possible of what you saw, we would like for you to imagine that you could
construct the object that you saw. Of what type material would you make it? How large would it be, and what shape
would it have? Describe in your own words a common object or objects which when placed up in the sky would give the
same appearance as the object which you saw.
NOT WEATHER PHENOMENON.",0.013168086754453912,45.26,"Page 4
20. Draw a picture that will show the motion that the object or objects made. Place an ""A"" at the beginning of the path and a ""B"" at the end of the path, and show any changes in direction during the course.
21. IF POSSIBLE, try to guess or estimate what the real size of the object was in its longest dimension. - feet.
22. How large did the object or objects appear as compared with one of the following objects held in the hand and at about arm's length?
(Circle one):
a. Head of a pin
b. Pea
c. Dime
d. Nickel
e. Quarter
f. Half dollar
g. Silver dollar
h. Baseball
i. Grapefruit
j. Basketball
k. Other
22.1 (Circle one of the following to indicate how certain you are of your answer to Question 22.)
a. Certain
b. Fairly certain
c. Not very sure
d. Uncertain
23. How did the object or objects disappear from view?
REFLECTIVE AREA SCATTERED AND FADED
24. In order that you can give as clear a picture as possible of what you saw, we would like for you to imagine that you could construct the object that you saw. Of what type material would you make it? How large would it be, and what shape would it have? Describe in your own words a common object or objects which, when placed up in the sky, would give the same appearance as the object which you saw.
NOT WEATHER PHENOMENON.",0.016266460108443067,67.78
28978886,"11/2121 2741
1 WITNESS 12/21/19
BEFORE TAKING ACTION.
PREVIOUSLY RELEASED. CHECK
SUSPECT FOR DUPLICATE OF MESSAGE
16
TELEPHONED
TO O.D. GUARD
NO. 53131
TIME
TG863YDA295ZCJYA8362CHJA6S3
DATE
BY:
166
PP RJEDDN RJEDSQ
ZFD RJFMSX
HJB725TWA331
4E4
PP RJEDDN RJEDSQ RJEZHQ
4 4X3
A
DE RJFMHW 3A
THEN
P 131500Z
FM COMDR 49 TFW
TO RJEDDN/COMDR ADC
RJEDSQ/COMDR ATIC
RJEZHQ/ACS INTELLIGENCE HQ USAF
RJEZHQ/OIS HQ USAF
INFO RJFPLD/DCADV ATTN DIR AIR INTELL
BT
UNCLAS FROM 49WO-1 7-253. (UFO) IN COMPLIANCE WITH AFR 200-2, 5 FEB 53, THE FOLLOWING UFO REPORTS ARE SUBMITTED. A. DESCRIPTION OF OBJECT: (1) EGG SHAPE. (2) GRAPEFRUIT. (3) WHITE. (4) ONE. ILLUM. (5) N/A. (6) MOVING FAST, REGULAR INTERVAL OF LIGHT BLINKING ON AND OFF. (7) NONE. (8) NONE. (9) ALTITUDE ABOVE.
B. DESCRIPTION OF COURSE OF OBJECT: (1) WENT OUT TO TAKE A WEATHER OBSERVATION AND SAW IT MOVING. (2) ABOUT 80 DEGREES ANGLE OF ELEVATION, 133 DEGREES AZIMUTH. (3) ABOUT 40 DEGREES ANGLE OF ELEVATION, 43 DEGREES AZIMUTH. (4) STRAIGHT AND LEVEL. (5) BLINKED OUT INSTANTLY AND NEVER CAME ON AGAIN. (6) NO MORE THAN 25 SECONDS.
NOTE: FLIGHT TRAVELED GENERALLY FROM SSW TO NE
(SEE WORD DUE FAMIS X BELOW)",0.18114754098360655,55.4,"11/2121 2741
1 Witness 12/21/19
BEFORE TAKING ACTION. PREVIOUSLY RELEASED. CHECK SUSPECTED DUPLICATE OF MESSAGE 16
TELEPHONED TO O.D. GUARD
No. 53131
Time
T G863YDA295ZCJYA8362CHJA6S3
Date follows
By: 166
PP RJEDDN RJEDSQ
ZFD RJFMSX
HJB725TWA331
4E4
PP RJEDDN RJEDSQ RJEZHQ
DE RJFMHW 3A
P 131500Z
FM COMDR TFW 49
TO RJEDDN/COMDR ADC
RJEDSQ/COMDR ATIC
RJEZHQ/ACS INTELLIGENCE HQ USAF
RJEZHQ/OIS HQ USAF
INFO RJFPLD/DCADV ATTN DIR AIR INTELL
BT
UNCLAS FROM 49WO-17-253. (UFO) IN COMPLIANCE WITH AFR 200-2, 5 FEB 53, THE FOLLOWING UFO REPORTS ARE SUBMITTED. A. DESCRIPTION OF OBJECT: (1) EGG SHAPED. (2) GRAPEFRUIT. (3) WHITE. (4) ONE. (5) N/A. (6) MOVING FAST; REGULAR INTERVAL OF LIGHT BLINKING ON AND OFF. (7) NONE. (8) NONE. (9) ALTITUDE ABOVE
B. DESCRIPTION OF COURSE OF OBJECT: (1) WENT OUT TO TAKE A WEATHER OBSERVATION AND SAW IT MOVING. (2) ABOUT 80 DEGREES ANGLE OF ELEVATION, 133 DEGREES AZIMUTH. (3) ABOUT 40 DEGREES ANGLE OF ELEVATION, 43 DEGREES AZIMUTH. (4) STRAIGHT AND LEVEL. (5) BLINKED OUT AND NEVER CAME ON AGAIN. (6) NO MORE THAN 25 SECONDS.
NOTE: OBJECT TRAVELED GENERALLY FROM SSW TO NE (SEE WORD DUE FAMIS X BELOW)",0.18278688524590164,72.5,"11/21/21 2741
WITNESS 12/21/19
BEFORE TAKING ACTION, CHECK FOR DUPLICATE OF MESSAGE PREVIOUSLY RELEASED. SUSPECT DUPLICATE OF MESSAGE.
16
TELEPHONED
TO O.D. GUARD
NO. 53131
TIME
T G863YDA295ZCJYA8362CHJA6S3
DATE
BY:
166
PP RJEDDN RJEDSQ
ZFD RJFMSX
HJB725TWA331
4E4
PP RJEDDN RJEDSQ RJEZHQ
4 4X3
DE RJFMHW 3A
P 131500Z
FM COMDR 49 TFW
TO RJEDDN/COMDR ADC
RJEDSQ/COMDR ATIC
RJEZHQ/ACS INTELLIGENCE HQ USAF
RJEZHQ/OIS HQ USAF
INFO RJFPLD/DCADV ATTN DIR AIR INTELL
BT
UNCLAS FROM 49WD-17-253. (UFO) IN COMPLIANCE WITH AFR 200-2, 5 FEB 53, THE FOLLOWING UFO REPORTS ARE SUBMITTED. H. DESCRIPTION OF OBJECT: (1) EGG SHAPE. (2) GRAPEFRUIT. (3) WHITE. (4) ONE. ILLUM. (5) N/A. (6) MOVING FAST; REGULAR INTERVAL OF LIGHT BLINKING ON AND OFF. (7) NONE. (8) NONE. (9) ALTITUDE ABOVE X.
B. DESCRIPTION OF COURSE OF OBJECT: (1) WENT OUT TO TAKE A WEATHER OBSERVATION AND SAW IT MOVING. (2) ABOUT 80 DEGREES ANGLE OF ELEVATION, 133 DEGREES AZIMUTH. (3) ABOUT 40 DEGREES ANGLE OF ELEVATION, 43 DEGREES AZIMUTH. (4) STRAIGHT AND LEVEL. (5) BLINKED OUT AND NEVER CAME ON AGAIN. (6) NO MORE THAN 25 SECONDS.
NOTE: OBJECT TRAVELED GENERALLY FROM SSW TO NE (SEE WORD DUE FAMIS X BELOW).",0.1721311475409836,54.27,"11/2121 2741
1 Witness 12/21/59
BEFORE TAKING ACTION, CHECK PREVIOUSLY RELEASED. SUSPECT DUPLICATE OF MESSAGE 16.
TELEPHONED TO O.D.-GUARD
No. 53131
Time
Date
By:
166
PP RJEDDN RJEDSQ
ZFD RJFMSX
HJB725TWA331
4E4
PP RJEDDN RJEDSQ RJEZHQ
DE RJFMHW 3A
P 131500Z
FM COMDR 49 TFW
TO RJEDDN/COMDR ADC
RJEDSQ/COMDR ATIC
RJEZHQ/ACS INTELLIGENCE HQ USAF
RJEZHQ/OIS HQ USAF
INFO RJFPLD/DCADV ATTN DIR AIR INTELL
BT
UNCLAS FROM 49WO-17-253. (UFO) IN COMPLIANCE WITH AFR 200-2, 5 FEB 53, THE FOLLOWING UFO REPORTS ARE SUBMITTED.
H. DESCRIPTION OF OBJECT: (1) EGG-SHAPED; (2) GRAPEFRUIT; (3) WHITE; (4) ONE; (5) N/A; (6) MOVING FAST, REGULAR INTERVAL OF LIGHT BLINKING ON AND OFF; (7) NONE; (8) NONE; (9) N/A.
B. DESCRIPTION OF COURSE OF OBJECT: (1) WENT OUT TO TAKE A WEATHER OBSERVATION AND SAW IT MOVING. (2) ABOUT 80 DEGREES ANGLE OF ELEVATION; 133 DEGREES AZIMUTH. (3) ABOUT 40 DEGREES ANGLE OF ELEVATION; 43 DEGREES AZIMUTH. (4) STRAIGHT AND LEVEL. (5) BLINKED AND THEN NEVER CAME ON AGAIN. (6) NO MORE THAN 25 SECONDS.
Note: traveled generally from SSW to NE (see remarks below).",0.21065573770491802,70.33,"11/2121 2741
1 Witness 12/21/19
PREVIOUSLY RELEASED. CHECK BEFORE TAKING ACTION.
SUSPECTED DUPLICATE OF MESSAGE
TELEPHONED
To O.D. GUARD
No. 53131
Time
T G863YDA295ZCJYA8362CHJA6S3
Date
By:
166
PP RJEDDN RJEDSQ
ZFD RJFMSX
HJB725TWA331
4E4
PP RJEDDN RJEDSQ RJEZHQ
4 4x3
a
DE RJFMHW 3A
P 131500Z
FM COMDR 49 TFW
TO RJEDDN/COMDR ADC
RJEDSQ/COMDR ATIC
RJEZHQ/ACS INTELLIGENCE HQ USAF
RJEZHQ/OSI HQ USAF
INFO RJFPLD/DCADV ATTN DIR AIR INTELL
BT
UNCLAS FROM 49WO-1 7-253. (UFO) IN COMPLIANCE WITH AFR 200-2, 5 FEB 53, THE FOLLOWING UFO REPORTS ARE SUBMITTED.
A. DESCRIPTION OF OBJECT: (1) EGG SHAPE. (2) GRAPEFRUIT. (3) WHITE. (4) ONE. (5) N/A. (6) MOVING FAST, REGULAR INTERVAL OF LIGHT BLINKING ON AND OFF. (7) NONE. (8) NONE. (9) ALTITUDE ABOVE
B. DESCRIPTION OF COURSE OF OBJECT: (1) WENT OUT TO TAKE A WEATHER OBSERVATION AND SAW IT MOVING. (2) ABOUT 80 DEGREES ANGLE OF ELEVATION, 133 DEGREES AZIMUTH. (3) ABOUT 40 DEGREES ANGLE OF ELEVATION, 43 DEGREES AZIMUTH. (4) STRAIGHT AND LEVEL. (5) BLINKED OUT AND NEVER CAME ON AGAIN. (6) NO MORE THAN 25 SECONDS
Note: traveled generally from SSW to NE",0.21065573770491802,139.59,"11/2121 2741
1 WITNESS 12/21/19
BEFORE TAKING ACTION. PREVIOUSLY RELEASED. CHECK SUSPECTED DUPLICATE OF MESSAGE
16
TELEPHONED
TO O.D. GUARD
NO. 53131
TIME
T G863YDA295ZCJYA8362CHJA6S3
DATE FOLLOWS
BY: 166
PP RJEDDN RJEDSQ
ZFD RJFMSX
HJB725TWA331
4E4
PP RJEDDN RJEDSQ RJEZHQ
DE RJFMHW 3A
P 131500Z
FM COMDR TFW 49
TO RJEDDN/COMDR ADC
RJEDSQ/COMDR ATIC
RJEZHQ/ACS INTELLIGENCE HQ USAF
RJEZHQ/OIS HQ USAF
INFO RJFPLD/DCADV ATTN DIR AIR INTELL
BT
UNCLAS FROM 49WD-17-253. (UFO) IN COMPLIANCE WITH AFR 200-2, 5 FEB 53, THE FOLLOWING UFO REPORTS ARE SUBMITTED.
A. DESCRIPTION OF OBJECT: (1) EGG SHAPE (2) GRAPEFRUIT (3) WHITE (4) ONE (5) N/A (6) MOVING FAST, REGULAR INTERVAL OF LIGHT BLINKING ON AND OFF (7) NONE (8) NONE (9) ALTITUDE UNKNOWN
B. DESCRIPTION OF COURSE OF OBJECT: (1) WENT OUT TO TAKE A WEATHER OBSERVATION AND SAW IT MOVING (2) ABOUT 80 DEGREES ANGLE OF ELEVATION, 133 DEGREES AZIMUTH (3) ABOUT 40 DEGREES ANGLE OF ELEVATION, 43 DEGREES AZIMUTH (4) STRAIGHT AND LEVEL (5) BLINKED ONCE AND NEVER CAME ON AGAIN (6) NO MORE THAN 25 SECONDS
NOTE: OBJECT TRAVELED GENERALLY FROM SSW TO NE (SEE WORD DUE ""FAMIS X"" BELOW)",0.19754098360655736,62.25,"11/2121 2741
1 Witness 12/21/19
BEFORE TAKING ACTION.
PREVIOUSLY RELEASED. CHECK
SUSPECTED DUPLICATE OF MESSAGE
16
TELEPHONED
To O.D.-GUARD
No. 53131
Time
T G863YDA295ZCJYA8362CHJA6S3
Date follows
By:
166
PP RJEDDN RJEDSQ
ZFD RJFMSX
HJB725TWA331
4E4
PP RJEDDN RJEDSQ RJEZHQ
4 4X3
DE RJFMHW 3A
P 131500Z
FM COMDR TFW 49
TO RJEDDN/COMDR ADC
RJEDSQ/COMDR ATIC
RJEZHQ/ACS INTELLIGENCE HQ USAF
RJEZHQ/OIS HQ USAF
INFO RJFPLD/DCADV ATTN DIR AIR INTELL
BT
UNCLAS FROM 49W0-I 7-253. (UFO) IN COMPLIANCE WITH AFR 200-2, 5 FEB 53, THE FOLLOWING UFO REPORTS ARE SUBMITTED. A. DESCRIP- TION OF OBJECT: (1) EGG SHAPE (2) GRAPEFRUIT (3) WHITE, (4) ONE, LUM (5) N/A (6) MOVING FAST, REGULAR INTERVAL OF LIGHT BLINKING ON AND OFF (7) NONE. (3) NONE. (5) ALTITUDE ABOVE
B. DESCRIPTION OF COURSE OF OBJECT: (1) WENT OUT TO TAKE A WEATHER OBSERVATION AND SAW IT MOVING. (2) ABOUT 80 DEGREES ANGLE OF ELEVATION 133 DEGREES AZIMUTH. (3) ABOUT 40 DEGREES ANGLE OF ELEVATION 43 DEGREES AZIMUTH. (4) STRAIGHT AND LEVEL. (5) BLINKED OUT AND NEVER CAME ON AGAIN. (6) NO MORE THAN 25 SECONDS
NOTE: traveled generally from SSW to NE
(see word due FAMIS X below)",0.18278688524590164,92.6,"11/2121 2741
1 WITNESS 12/21/19
BEFORE TAKING ACTION.
PREVIOUSLY RELEASED. CHECK
SUSPECTED DUPLICATE OF MESSAGE
16
TELEPHONED
TO O.D. GUARD
No. 53131
Time
T G863YDA295ZCJYA8362CHJA6S3
Date
By:
166
PP RJEDDN RJEDSQ
ZFD RJFMSX
HJB725TWA331
4E4
PP RJEDDN RJEDSQ RJEZHQ
4 4X3
A
DE RJFMHW 3A
THIS
P 131500Z
FM COMDR TFW 49
TO RJEDDN/COMDR ADC
RJEDSQ/COMDR ATIC
RJEZHQ/ACS INTELLIGENCE HQ USAF
RJEZHQ/OIS HQ USAF
INFO RJFPLD/DCADV ATTN DIR AIR INTELL
BT
UNCLAS FROM 49WG-17-253. (UFO) IN COMPLIANCE WITH AFR
200-2, 5 FEB 53, THE FOLLOWING UFO REPORTS ARE SUBMITTED. A. DESCRIP-
TION OF OBJECT: (1) EGG-SHAPED (2) GRAPEFRUIT (3) WHITE (4) ONE
ILLUM
(5) N/A (6) MOVING FAST; REGULAR
INTERVAL OF LIGHT BLINKING ON AND OFF
(7) NONE (8) NONE (9) ALTITUDE ABOVE
B. DESCRIPTION OF COURSE OF OBJECT: (1) WENT OUT TO TAKE A WEATHER
OBSERVATION AND SAW IT MOVING. (2) ABOUT 80 DEGREES ANGLE OF ELEVA-
TION 133 DEGREES AZIMUTH. (3) ABOUT 40 DEGREES ANGLE OF ELEVA-
TION 43 DEGREES AZIMUTH. (4) STRAIGHT AND LEVEL. (5) BLINKED AND
NEVER CAME ON AGAIN. (6) NO MORE THAN 25 SECONDS
NOTE: FLIGHT TRAVELED GENERALLY FROM SSW TO NE
(SEE WORD DUE FAMIS X BELOW)",0.18360655737704917,106.36,"11/2121 2741
1 Witness 12/21/19
BEFORE TAKING ACTION.
PREVIOUSLY RELEASED. CHECK
SUSPECTED DUPLICATE OF MESSAGE
16
TELEPHONED
To O.D.-GUARD
No. 53131
Time
T G863YDA295ZCJYA8362CHJA6S3
Date follows
By:
166
PP RJEDDN RJEDSQ
ZFD RJFMSX
HJB725TWA331
4E4
PP RJEDDN RJEDSQ RJEZHQ
4 4x3
a
DE RJFMHW 3A
THIS
P 131500Z
FM COMDR TFW 49
TO RJEDDN/COMDR ADC
RJEDSQ/COMDR ATIC
RJEZHQ/ACS INTELLIGENCE HQ USAF
RJEZHQ/OSI HQ USAF
INFO RJFPLD/DCADV ATTN DIR AIR INTELL
BT
UNCLAS FROM 49W0-I 7-253. (UFO) IN COMPLIANCE WITH AFR This is
200-2, 5 FEB 53, THE FOLLOWING UFO REPORTS ARE SUBMITTED. A. DESCRIP-
TION OF OBJECT: (1) EGG SHAPE (2) GRAPEFRUIT, (3) WHITE, (4) ONE.
ILLUM.
(5) N/A (6) MOVING FAST, REGULAR
INTERVAL OF LIGHT BLINKING ON AND OFF
(7) NONE. (3) NONE. (5) ALTITUDE ABOVE
B. DESCRIPTION OF COURSE OF OBJECT: (1) WENT OUT TO TAKE A WEATHER
OBSERVATION AND SAW IT MOVING. (2) ABOUT 80 DEGREES ANGLE OF ELEVA-
TION 133 DEGREES AZIMUTH. (3) ABOUT 40 DEGREES ANGLE OF ELEVATION
43 DEGREES AZIMUTH (4) STRAIGHT AND LEVEL. (5) BLINKED AND IT
NEVER CAME ON AGAIN. (6) NO MORE THAN 25 SECONDS
note: object traveled generally from SSW to NE
(see word due Famis X below)",0.18114754098360655,136.81
28930330,"1-164
DEPARTMENT OF THE AIR FORCE
HEADQUARTERS UNITED STATES AIR FORCE
AFOIN-CO-5
WASHINGTON
(L-6-121)
9 July 1948

SUBJECT: Explosion in the Sky Near Norcatur, Kansas

TO:
Commanding General
Air Materiel Command
Wright-Patterson Air Force Base
Wright Field, Ohio

Forwarded as a matter pertaining to your command.

BY COMMAND OF THE CHIEF OF STAFF:

1 Incl
Cy ltr, 20 Feb 48

ROBERT TAYLOR, 3rd
Colonel, USAF
Collection Branch
Air Intelligence Requirements Division
Directorate of Intelligence",0.020242914979757085,17.93,"1-164
DEPARTMENT OF THE AIR FORCE
HEADQUARTERS UNITED STATES AIR FORCE
AFOIN-CO-5
WASHINGTON
(L-6-121)
9 July 1948
SUBJECT: Explosion in the Sky Near Norcatur, Kansas
TO:
Commanding General
Air Materiel Command
Wright-Patterson Air Force Base
Wright Field, Ohio
Forwarded as a matter pertaining to your command.
BY COMMAND OF THE CHIEF OF STAFF:
1 Incl
Cy ltr, 20 Feb 48
ROBERT TAYLOR 3rd
Colonel, USAF
Collection Branch
Air Intelligence Requirements Division
Directorate of Intelligence",0.018218623481781375,41.55,"1-164
DEPARTMENT OF THE AIR FORCE
HEADQUARTERS UNITED STATES AIR FORCE
AFOIR-CO-5
WASHINGTON
(L-6-121)
9 July 1948
SUBJECT: Explosion in the Sky Near Norcatur, Kansas
TO:
Commanding General
Air Materiel Command
Wright-Patterson Air Force Base
Wright Field, Ohio
Forwarded as a matter pertaining to your Command.
BY COMMAND OF THE CHIEF OF STAFF:
1 Incl
Cy ltr, 20 Feb 48
ROBERT TAYLOR, 3rd
Colonel, USAF
Collection Branch
Air Intelligence Requirements Division
Directorate of Intelligence",0.018218623481781375,24.31,"1-164
DEPARTMENT OF THE AIR FORCE
HEADQUARTERS UNITED STATES AIR FORCE
AFOIR-CO-5
WASHINGTON
(L-6-121)
9 July 1948

SUBJECT: Explosion in the Sky Near Norcatur, Kansas

TO:
Commanding General
Air Materiel Command
Wright-Patterson Air Force Base
Wright Field, Ohio

Forwarded as a matter pertaining to your Command.

BY COMMAND OF THE CHIEF OF STAFF:

1 Incl
Cy ltr, 20 Feb 48

ROBERT TAYLOR 3rd
Colonel, USAF
Collection Branch
Air Intelligence Requirements Division
Directorate of Intelligence",0.016194331983805668,27.13,"1-164
DEPARTMENT OF THE AIR FORCE
HEADQUARTERS UNITED STATES AIR FORCE
AFOIR-CO-5
WASHINGTON
(L-6-121)
9 July 1948

SUBJECT: Explosion in the Sky Near Norcatur, Kansas

TO:
Commanding General
Air Materiel Command
Wright-Patterson Air Force Base
Wright Field, Ohio

Forwarded as a matter pertaining to your Command.

BY COMMAND OF THE CHIEF OF STAFF:

1 Incl
Cy ltr, 20 Feb 48

ROBERT TAYLOR 3rd
Colonel, USAF
Collection Branch
Air Intelligence Requirements Division
Directorate of Intelligence",0.016194331983805668,39.69,"1-164
DEPARTMENT OF THE AIR FORCE
HEADQUARTERS UNITED STATES AIR FORCE
AFOIN-CO-5
WASHINGTON
(L-6-121)
9 July 1948
SUBJECT: Explosion in the Sky Near Norcatur, Kansas
TO:
Commanding General
Air Materiel Command
Wright-Patterson Air Force Base,
Wright Field, Ohio
Forwarded as a matter pertaining to your Command.
BY COMMAND OF THE CHIEF OF STAFF:
1 Incl
Cy ltr, 20 Feb 48
ROBERT TAYLOR, 3rd
Colonel, USAF
Collection Branch
Air Intelligence Requirements Division
Directorate of Intelligence",0.022267206477732792,24.14,"1-164
DEPARTMENT OF THE AIR FORCE
HEADQUARTERS UNITED STATES AIR FORCE
AFOIR-CO-5
WASHINGTON
(L-6-121)
9 July 1948
SUBJECT: Explosion in the Sky Near Norcatur, Kansas
TO:
Commanding General
Air Materiel Command
Wright-Patterson Air Force Base
Wright Field, Ohio
Forwarded as a matter pertaining to your Command.
BY COMMAND OF THE CHIEF OF STAFF:
1 Incl
Cy ltr, 20 Feb 48
ROBERT TAYLOR 3rd
Colonel, USAF
Collection Branch
Air Intelligence Requirements Division
Directorate of Intelligence",0.016194331983805668,32.59,"1-164
DEPARTMENT OF THE AIR FORCE
HEADQUARTERS UNITED STATES AIR FORCE
AFOIR-CO-5
WASHINGTON
(L-6-121)
9 July 1948
SUBJECT: Explosion in the Sky Near Norcatur, Kansas
TO:
Commanding General
Air Materiel Command
Wright-Patterson Air Force Base
Wright Field, Ohio
Forwarded as a matter pertaining to your Command.
BY COMMAND OF THE CHIEF OF STAFF:
1 Incl
Cy ltr, 20 Feb 48
ROBERT TAYLOR 3rd
Colonel, USAF
Collection Branch
Air Intelligence Requirements Division
Directorate of Intelligence",0.016194331983805668,30.26,"1-164
DEPARTMENT OF THE AIR FORCE
HEADQUARTERS UNITED STATES AIR FORCE
AFOIR-CO-5
WASHINGTON
(L-6-121)
9 July 1948
SUBJECT: Explosion in the Sky Near Norcatur, Kansas
TO:
Commanding General
Air Materiel Command
Wright-Patterson Air Force Base
Wright Field, Ohio
Forwarded as a matter pertaining to your Command.
BY COMMAND OF THE CHIEF OF STAFF:
1 Incl
Cy ltr, 20 Feb 48
ROBERT TAYLOR, 3rd
Colonel, USAF
Collection Branch
Air Intelligence Requirements Division
Directorate of Intelligence",0.018218623481781375,21.97
28991349,"(3) Manner of Observation:
a. Use of one or any combination of the following items: ground
electronic, air-electronic, (If electronic, specify type of
b. Statement as to optical aids (telescopic, binoculars, and so forth) used
and description thereof. None
c. If sighting is ground or airborne, give type aircraft, identification number,
altitude, heading, speed, and home station. N/A

(4) Time and Place of sighting:
a. Zulu time of sighting: 0405Z 6 FEB '61
Light conditions (use one of the following terms): Night, Day, Dawn, or Dusk.

(5) Location of observer(s) Exact latitude and longitude of each observer or
VORTAC position, or position with reference to known landmark.
Forsyth, Montana from WHEAT 250° @ 32 NM.
46.13N 106.40W

(6) Identifying data of all observers:
a. Name, Age, Mailing address, occupation, estimate of
b. Military—Name, grade, organization, duty, and estimate of reliability,

(7) Weather and winds aloft conditions at time and place of sightings:
a. Observer's account of weather conditions. Clear 15 35/29 SSE 10 29.88
b. Report of nearest AAF or Weather Bureau Office of wind direction and
velocity in degrees and knots at surface, 6,000', 10,000', 16,000', 20,000',
30,000', 50,000' and 80,000' if available. 6,000'—260° @ 5 kts 10,000'—280° @ 6 kts
16,000'—160° @ 9 kts 20,000'—@ 6 kts 30,000'—190° @ 18 kts 50,000'—350° @ 23 kts 80,000'—N/A
c. Ceiling—Clear
d. Visibility. 15 miles plus
e. Amount of cloud cover. Clear to high cirrus
f. Thunderstorms in area and quadrant in which located. None

Any other unusual activity or condition, meteorological,
otherwise, which might account for the sighting. No predicted weather refraction.

(8) Interception and action taken (such action may be taken whenever feasible, complying with existing Air Defense directives). None

(10) Location of any aircraft
839 ORD–J16–PDX—over BIL @ 0410Z Alt 31,000 assigned. KC-135 TURF24 ON TOP Report jet
DC-8 United

(11) Position, title and comments of the officer, his
analysis of the possible cause of the sighting. A1C William M. O'Rourke

(12) Presence of physical evidence, such materials and None",0.14439192092823377,79.62,"(3) Manner of Observation:
a. Use one or any combination of the following items: ground electronic, air-electronic (if electronic, specify type).
b. Statement as to optical aids (telescopic, binoculars, and so forth) used and description thereof. None.
c. If sighting is made airborne, give type aircraft, identification number, altitude, heading, speed, and home station. N/A.

(4) Time and Place of Sighting:
a. Zulu time group of sighting: 0405Z 6 FEB '61.
b. Light conditions (use one of the following terms): Night, Day, Dawn, or Dusk.

(5) Location of observer(s). Exact latitude and longitude of each observer or position with reference to known landmark.
Forsyth, Montana from WHEAT 250° @ 32 NM.
46.13N, 106.40W.

(6) Identifying data of all observers:
a. Civilian—Name, age, mailing address, occupation, estimate of reliability.
b. Military—Name, grade, organization, duty, and estimate of reliability.

(7) Weather and Winds Aloft conditions at time and place of sightings:
a. Observer's account of weather conditions: Clear; visibility 15 miles; temperature/dew point 35/29; wind SSE 10; altimeter 29.88.
b. Report of nearest AFB or Weather Bureau Office of wind direction and velocity in degrees and knots at surface, 6,000', 10,000', 16,000', 30,000', 50,000', and 80,000' if available:
6,000'—260° @ 5 kts; 10,000'—280° @ 6 kts; 16,000'—160° @ 9 kts; 30,000'—190° @ 18 kts; 50,000'—350° @ 23 kts; 80,000'—N/A.
c. Ceiling—Clear.
d. Visibility—15 miles plus.
e. Amount of cloud cover—Clear to high cirrus.
f. Thunderstorms in area and quadrant in which located—None.

(8) Any other unusual activity or condition, meteorological or otherwise, which might account for the sighting. No predicted WX refraction.

(9) Interception and action taken (such action may be taken whenever possible, complying with existing Air Defense directives). None.

(10) Location of any aircraft:
839 ORD–J16–PDX—over BIL @ 0410Z, alt 31,000 assigned.
KC-135 TURF24—ON TOP.
Reported jet: DC-8, United.

(11) Position, title and comments of the officer; his analysis of the possible cause of the sighting. A1C William M. O'Rourke.

(12) Existence of physical evidence, such materials and photographs. None.",0.1796304254404813,80.65,"(3) Manner of observation:
a. Type of observation (check one or any combination of the following items): ground-visual, ground-electronic, air-visual, air-electronic. (If electronic, specify type.)
b. Statement as to optical aids (telescopic, binoculars, and so forth) used and description thereof: None.
c. If sighting is made airborne, give type aircraft, identification number, altitude, heading, speed, and home station: N/A.

(4) Time and place of sighting:
a. Zulu time group of sighting: 0405Z 6 FEB 61.
b. Light conditions (use one of the following terms): Night, Day, Dawn, or Dusk.

(5) Location of observer(s): Exact latitude and longitude of each observer, grid position, or position with reference to known landmark.
Forsyth, Montana from Whole Wheat 250° @ 32 NM.
46.13N 106.40W

(6) Identification of all observers:
a. Name, age, mailing address, occupation, estimate of reliability.
b. Military—Name, grade, organization, duty, and estimate of reliability.

(7) Weather and Winds Aloft conditions at time and place of sighting:
a. Observer's account of weather conditions: Clear 0 15 35/29 SSE 10 29.88
b. Report of nearest AWS or Weather Bureau office of wind direction and velocity in degrees and knots at surface, 6,000', 10,000', 16,000', 20,000', 30,000', 50,000', and 80,000' if available.
6,000' — 260° @ 5 kts
10,000' — 280° @ 6 kts
16,000' — 160° @ 9 kts
20,000' — @ 6 kts
30,000' — 190° @ 18 kts
50,000' — 350° @ 23 kts
80,000' — N/A
c. Ceiling — Clear
d. Visibility — 15 miles plus
e. Amount of cloud cover — Clear to high cirrus
i. Thunderstorms in area and quadrant in which located — None

(8) Any other unusual activity or condition, meteorological or otherwise, which might account for the sighting: No predicted WX refraction.

(9) Interception and action taken (such action may be taken whenever feasible, complying with existing Air Defense directives): None

(10) Location of any air traffic:
United 839, DC-8, ORD–J16V–PDX, over BIL @ 0410Z, alt 31,000 assigned.
KC-135 TURF24, on top.

(11) Position, title and comments of the officer, his analysis of the possible cause of the sighting: A1C William M. O'Rourke

(12) Existence of physical evidence, such materials and: None",0.13536742587021916,121.71,"(3) Manner of Observation:
a. Use of any combination of the following items: ground, electronic, air-electronic. (If electronic, specify type of.)
b. Statement as to optical aids (telescopic, binoculars, and so forth) used and description thereof. None
c. If sighting is made airborne, give type aircraft, identification number, altitude, heading, speed, and home station. N/A

(4) Time and Place of sighting:
a. Zulu time of sighting: 0405Z 6 FEB '61
Light conditions (use one of the following terms): Night, Day, dawn, or dusk. Night

(5) Location of observer(s) Exact latitude and longitude of each observer or position with reference to known landmark.
Forsyth, Montana from WHEAT 250° @ 32 NM.
46.13N 106.40W

(6) Identifying data of all observers:
a. Name, age, mailing address, occupation, estimate of reliability.
b. Military—Name, grade, organization, duty, and estimate of reliability.

(7) Weather and Winds Aloft conditions at time and place of sightings:
a. Observer's account of weather conditions. Clear; 15; 35/29; SSE 10; 29.88
b. Report of nearest AFB or Weather Bureau office of wind direction and velocity in degrees and knots at surface, 6,000', 10,000', 16,000', 20,000', 30,000', 50,000' and 80,000' if available. 6,000'—260° @ 5 kts; 10,000'—280° @ 6 kts; 16,000'—160° @ 9 kts; 20,000'—200° @ 6 kts; 30,000'—190° @ 18 kts; 50,000'—350° @ 23 kts; 80,000'—N/A
c. Ceiling—Clear
d. Visibility—15 miles plus
e. Amount of cloud cover—Clear to high cirrus
f. Thunderstorms in area and quadrant in which located. None

Any other unusual activity or condition, meteorological or otherwise, which might account for the sighting. No predicted WX refraction.

(9) Interception and action taken (such action may be taken whenever feasible, complying with existing Air Defense directives). None

(10) Location of any aircraft:
UA 839 (DC-8) ORD–J16–PDX—over BIL @ 0410Z; alt 31,000 assigned. KC-135 TURF24 ON TOP. Report: jet.

(11) Position, title and comments of the officer, his analysis of the possible cause of the sighting. A1C William M. O'Rourke

(12) Existence of physical evidence, such materials and... None",0.13665663944993553,120.43,"(3) Manner of Observation:
a. Use of one or combination of the following items: ground, electronic, air-electronic (if electronic, specify type).
b. Statement as to optical aids (telescopic, binoculars, and so forth) used and description thereof: None.
c. If sighting is made airborne, give type aircraft, identification number, altitude, heading, speed, and home station: N/A.

(4) Time and Date of sighting:
a. Zulu time of sighting: 0405Z 6 Feb '61.
Light conditions: Night.

(5) Location of observer(s). Exact latitude and longitude of each observer, or position with reference to known landmark:
Forsyth, Montana from Whole Wheat 250° @ 32 NM.
46.13N 106.40W

(A) Identifying data of all observers:
Forsyth, Montana
a. Name, age, mailing address, occupation, estimate of reliability:
b. Military — Name, grade, organization, duty, and estimate of reliability:

(7) Weather and Winds Aloft conditions at time and place of sightings:
a. Observer's account of weather conditions: Clear; 35/29; SSE 10; 29.88
b. Report of nearest AFB or Weather Bureau Office of wind direction and velocity in degrees and knots at surface, 6,000', 10,000', 16,000', 20,000', 30,000', 50,000' and 80,000' if available:
6,000' — 260° @ 5 kts
10,000' — 280° @ 6 kts
16,000' — 160° @ 9 kts
20,000' — @ 6 kts
30,000' — 190° @ 18 kts
50,000' — 350° @ 23 kts
80,000' — N/A
c. Ceiling — Clear
d. Visibility — 15 miles plus
e. Amount of cloud cover — Clear to high cirrus
f. Thunderstorms in area and quadrant in which located — None

Any other unusual activity or condition, meteorological or otherwise, which might account for the sighting: No predicted WX refraction.

(9) Interception and action taken (such action may be taken whenever feasible, complying with existing Air Defense directives): None

(10) Location of any aircraft:
United 839 (DC-8), ORD–J16V–PDX, over BIL @ 0410Z; alt 31,000 assigned. KC-135 TURF24 on top. Report: jet.

(11) Position, title and comments of the officer; his analysis of the possible cause of the sighting: A1C William M. O'Rourke

(12) Presence of physical evidence: None",0.1555651052857757,69.42,"(3) Manner of observation:
a. Use of one or any combination of the following items: ground electronic, air-electronic (if electronic, specify type of
b. Statement as to optical aids (telescopic, binoculars, and so forth) used and description thereof. None
c. If sighting is made airborne, give type aircraft, identification number, altitude, heading, speed, and home station. N/A

(4) Time and place of sighting:
a. Zulu time of sighting: 0405Z 6 FEB '61
Light conditions (use one of the following terms): Night, Day, Dawn, or Dusk.

(5) Location of observer(s). Exact latitude and longitude of each observer or aircraft position, or position with reference to known landmark.
Forsyth, Montana from WHEAT 250° @ 32 NM.
46.13N 106.40W

(6) Identification of all observers:
Forsyth, Montana
a. Name, age, mailing address, occupation, estimate of reliability.
b. Military—name, grade, organization, duty, and estimate of reliability.

(7) Weather and winds aloft conditions at time and place of sightings:
a. Observer's account of weather conditions. Clear, 15, 35/29, SSE 10, 29.88
b. Report of nearest AFB or Weather Bureau Office of wind direction and velocity in degrees and knots at surface, 6,000', 10,000', 16,000', 20,000', 30,000', 50,000' and 80,000' if available. 6,000' - 260° @ 5 kts 10,000' - 280° @ 6 kts 16,000' - 160° @ 9 kts 30,000' - 190° @ 18 kts 50,000' - 350° @ 23 kts 80,000' - N/A
c. Ceiling - Clear
d. Visibility. 15 miles plus
e. Amount of cloud cover. Clear to high cirrus
f. Thunderstorms in area and quadrant in which located. None
g. Any other unusual activity or condition, meteorological or otherwise, which might account for the sighting. No predicted WX refraction.

(8) Interception and action taken (such action may be taken whenever feasible, complying with existing Air Defense directives). None

(10) Location of
839 ORD-J16V-PDX - over BIL @ 0410Z Alt 31,000 assigned. KC-135 TURF24 ON TOP. Report jet
any air
(A)
DC-8
United

(11) Position, title and comments of the officer, his analysis of the possible cause of the sighting. A1C William M. O'Rourke

(12) Existence of physical evidence, such materials: None",0.1392350666093683,99.39,"(3) Manner of observation:
a. Use of one or any combination of the following items: ground, electronic, air-electronic. (If electronic, specify type of)
b. Statement as to optical aids (telescopic, binoculars, and so forth) used and description thereof. None
c. If sighting is made airborne, give type aircraft, identification number, altitude, heading, speed, and home station. N/A

(4) Time and Place of sighting:
a. Zulu time group of sighting: 0405Z 6 FEB '61
Light conditions (use one of the following terms): Night, Day, dawn, or Dusk.

(5) Location of observer(s):
Exact latitude and longitude of each observer or VORTAC position, or position with reference to known landmark.
Forsyth, Montana from Whole Wheat 250° @ 32 NM.
46.13N 106.40W

(6) Identifying data of all observers:
a. Civilian - Name, Age, Mailing address, occupation, estimate of reliability.
b. Military - Name, grade, organization, duty, and estimate of reliability.

(7) Weather and Winds Aloft conditions at time and place of sightings:
a. Observer's account of weather conditions. Clear 15 35/29 SSE 10 29.88
b. Report of nearest Air or Weather Bureau Office of wind direction and velocity in degrees and knots at surface, 6,000', 10,000', 16,000', 20,000', 30,000', 50,000' and 80,000' if available. 6,000' - 260° @ 5 kts 10,000' - 280° @ 6 kts 16,000' - 160° @ 9 kts 20,000' - @ 6 kts 30,000' - 190° @ 18 kts 50,000' - 350° @ 23 kts 80,000' - N/A
c. Ceiling - Clear
d. Visibility - 15 Miles Plus
e. Amount of cloud cover - Clear to high cirrus
i. Thunderstorms in area and quadrant in which located. None

f. Any other unusual activity or condition, meteorological or otherwise, which might account for the sighting. No predicted WX refraction.

(9) Interception and action taken (such action may be taken whenever feasible, complying with existing Air Defense directives). None

(10) Location of any air traffic:
839 ORD-J16V-PDX- over BIL @ 0410Z Alt 31,000 assigned. KC135 TURF24 ON TOP. Report: Jet DC-8 United

(11) Position, title and comments of the officer, his analysis of the possible cause of the sighting. A1C William M. O'Rourke

(12) Presence of physical evidence, such materials and None",0.11731843575418995,78.03,"(3) Manner of Observation:
a. Type of observation, any combination of the following items: ground, electronic, air-electronic. (If electronic, specify type of.)
b. Statement as to optical aids (telescopic, binoculars, and so forth) used and description thereof. None
c. If sighting is airborne, give type aircraft, identification number, altitude, heading, speed, and home station. N/A

(4) Time and Place of sighting:
a. Zulu time/duration of sighting: 0405Z 6 FEB '61
Light conditions (use one of the following terms): ʘNightʘ, Day, dawn, or Dusk.

(5) Location of observer(s): Exact latitude and longitude of each observer or A/C position, or position with reference to known landmark.
Forsyth, Montana from Whole Wheat 250° @ 32 NM.
46.13N 106.40W

(6) Identifying of all observers:
Forsyth, Montana
a. Name, Age, Mailing address, occupation, estimate of reliability,
b. Military - Name, grade, organization, duty, and estimate of reliability,

(7) Weather and Winds Aloft conditions at time and place of sighting:
a. Observer's account of weather conditions. Clear 35/29 SSE 10 29.88
b. Report of nearest AFB or Weather Bureau Office of wind direction and velocity in degrees and knots at surface, 6,000', 10,000', 16,000', 20,000', 30,000', 50,000' and 80,000' if available. 6,000' - 260° @ 5 kts 10,000' - 280° @ 6 kts 16,000' - 160° @ 9 kts 20,000' - @ 6 kts 30,000' - 190° @ 18 kts 50,000' - 350° @ 23 kts 80,000' - N/A
c. Ceiling - Clear
d. Visibility. 15 Miles Plus
e. Amount of cloud cover. Clear to high cirrus
i. Thunder storms in area and quadrant in which located. None

(8) Any other unusual activity or condition, meteorological or otherwise, which might account for the sighting. No predicted WX refraction.

(9) Interception and action taken (such action may be taken whenever feasible, complying with existing Air Defense directives). None

(10) Location of aircraft:
839 ORD-J16V-PDX- over BIL @ 0410Z Alt 31,000 Assigned. KC-135 TURF24 ONTOP Report Jet any air
DC-8 United

(11) Position, title and comments of the officer, his analysis of the possible cause of the sighting. A1C William M. O'Rourke

(12) Existence of physical evidence, such materials and None",0.12290502793296089,85.33,"(3) Manner of observation:
a. Type of observation: any combination of the following items: ground, electronic, air-electronic (If electronic, specify type of)
b. Statement as to optical aids (telescopic, binoculars, and so forth) used and description thereof. None
c. If sighting is airborne, give type aircraft, identification number, altitude, heading, speed, and home station. N/A

(4) Time and Place of sighting:
a. Zulu time group of sighting: 0405Z 6 FEB '61
Light conditions (use one of the following terms): Night, Day, dawn, or dusk.

(5) Location of observer(s): Exact latitude and longitude of each observer or A/C position, or position with reference to known landmark.
Forsyth, Montana from Whole Wheat 250° @ 32 NM.
46.13N 106.40W

(6) Identification of all observers:
a. Name, Age, Mailing address, occupation, estimate of reliability,
b. Military - Name, grade, organization, duty, and estimate of reliability,

(7) Weather and Winds Aloft conditions at time and place of sighting:
a. Observer's account of weather conditions. Clear @ 15 35/29 SSE 10 29.88
b. Report of nearest Air or Weather Bureau Office of wind direction and velocity in degrees and knots at surface, 6,000', 10,000', 16,000', 20,000', 30,000', 50,000' and 80,000' if available. 6,000' - 260° @ 5 kts 10,000' - 280° @ 6 kts 16,000' - 160° @ 9 kts 20,000' - @ 6 kts 30,000' - 190° @ 18 kts 50,000' - 350° @ 23 kts 80,000' - N/A
c. Ceiling - Clear
Visibility. 15 Miles Plus
Amount of cloud cover. Clear to high cirrus
Thunderstorms in area and quadrant in which located, None

(R) Any other unusual activity or condition, meteorological, otherwise, which might account for the sighting. No predicted WX refraction.

(9) Interception and action taken (such action may be taken whenever feasible, complying with existing Air Defense directives). None

(10) Location of A/C:
839 ORD-J16V-PDX- over BIL @ 0410Z Alt 31,000 assigned. KC135 TURF24 ON TOP Report Jet
A/C DC-8 United

(11) Position, title and comments of the officer, his analysis of the possible cause of the sighting. A1C William M. O'Rourke

(12) Existence of physical evidence, such materials and None",0.13579716373012463,146.3
